Workbook

Sheet relic
A1: id | B1: name | E1: portrait | G1: description | J1: behaviour_script | L1: parm_int | M1: parm_string | N1: max_num | P1: unlocked_init | Q1: lock_relic | R1: unlock_relic | S1: upgrade_from | T1: rank | U1: base_value
A2: uint key | B2: string | E2: string | G2: string | J2: string | L2: int[] | M2: string[] | N2: int | P2: bool | Q2: uint[] | R2: uint[] | S2: uint | T2: int | U2: int
A3: 编号 | B3: Relic名称 | C3: name l10n key 同组复用 | D3: 备注 Relic 名称 | E3: 图标 配置address | F3: 辅助列 图集 index | G3: Relic 效果描述 | H3: 效果备注 | I3: 替代备注 (选填) | J3: Relic脚本 | K3: 备注：参数生效方式 | L3: int类型参数 作用见备注 | M3: string类型参数 | N3: Relic 数量上限 | O3: 基础数量 | P3: 默认已解锁 true：新游戏已解锁 false：新游戏未解锁 | Q3: 锁定其他relic | R3: 解锁其他relic | S3: 升级自其他relic 获取时，移除目标relic | T3: 品质等级 | U3: 基础价格 | V3: 基础价格 | W3: 等级底数
A4: 4 | B4: zoommelee | E4: relic_icons[relic_layout_100] | G4: 近战武器放大20% | H4: 近战武器放大20% | J4: ZoomMeleeRelic
A5: 6 | B5: titan | E5: relic_icons[relic_layout_100] | G5: 见鬼，它们是吃了什么? | H5: 见鬼，它们是吃了什么? | J5: TitanEnemyRelic
A6: 7 | B6: difficult | E6: relic_icons[relic_layout_100] | G6: 钟声响了，是谁敲的! | H6: 钟声响了，是谁敲的! | J6: DifficultModeRelic
A7: 8 | B7: lucky | E7: relic_icons[relic_layout_100] | G7: 如果还能不掉落就应该是人的问题了 | H7: 如果还能不掉落就应该是人的问题了 | J7: LuckyDogRelic
A9: 91 | E9: relic_icons[relic_layout_100] | G9: 加速测试 | H9: 加速测试 | J9: AccelerateRelic | K9: parm_int[0] = v.x，在代码中1:1转为 float | L9: 50 | N9: 9999 | P9: TRUE
A10: 92 | E10: relic_icons[relic_layout_100] | G10: 加速测试 | H10: 加速测试 | J10: AccelerateRelic | K10: parm_int[0] = v.x，在代码中1:1转为 float | L10: 150 | N10: 9999 | P10: TRUE
A11: 93 | E11: relic_icons[relic_layout_100] | G11: 加速测试 | H11: 加速测试 | J11: AccelerateRelic | K11: parm_int[0] = v.x，在代码中1:1转为 float | L11: 500 | N11: 9999 | P11: TRUE
H12: {=IF($I12<>"",$I12, _xlfn.LET( _xlpm.idx,MATCH(relic!$M12,'-id 配置说明'!$A:$A,0), _xlpm.desc,INDEX('-id 配置说明'!$F:$F,_xlpm.idx), _xlpm.tp,INDEX('-id 配置说明'!$B:$B,_xlpm.idx), _xlpm.expr,RIGHT(_xlpm.desc,LEN(_xlpm.desc)-FIND("=",_xlpm.desc))&" + "&_xlfn.SWITCH(_xlpm.tp,"pts",TEXT($L12/1000,"0%"),"add",$L12), IFERROR(_xlpm.expr,"") ))}
A13: 300011 | B13: =IF(A13<>"","relic_name_"&IF(C13,LEFT($A13,LEN($A13)-1),$A13),"") -> relic_name_30001 | C13: TRUE | D13: {=_xlfn.LET( _xlpm.idx,MATCH(relic!$M13,'-id 配置说明'!$A:$A,0), _xlpm.desc_1,INDEX('-id 配置说明'!$J:$J,_xlpm.idx), _xlpm.desc_2,INDEX('-id 配置说明'!$K:$K,_xlpm.idx), _xlpm.desc_array,_xlfn.TEXTSPLIT(_xlpm.desc_2,"；"), _xlpm.array_len,COLUMNS(_xlpm.desc_array), IFERROR(INDEX(_xlpm.desc_array,MIN(RIGHT($A13,1),_xlpm.array_len)),"") )} -> 阿菊 | E13: =_xlfn.LET(_xlpm._asset,"relic_layout", _xlfn.CONCAT(_xlpm._asset,"[",_xlpm._asset,"_",$F13,"]")) -> relic_layout[relic_layout_0] | F13: 0 | G13: =IF($A13<>"","relic_desc_"&$A13,"") -> relic_desc_300011 | H13: {=_xlfn.LET(_xlpm._manual_info,$I13:$I16, IF(_xlpm._manual_info<>"",_xlpm._manual_info,_xlfn.LET( _xlpm._parm_key,$M13, _xlpm._parm_value,$L13:$L16, _xlpm._desc,_xlfn.XLOOKUP(_xlpm._parm_key,'-id 配置说明'!$A:$A,'-id 配置说明'!$F:$F), _xlpm._tp,_xlfn.XLOOKUP(_xlpm._parm_key,'-id 配置说明'!$A:$A,'-id 配置说明'!$B:$B), _xlpm._expr,INDEX(_xlfn.TEXTSPLIT(_xlpm._desc," = "),2)&" + "&_xlfn.SWITCH(_xlpm._tp,"pts",TEXT(_xlpm._parm_value/1000,"0%"),"add",_xlpm._parm_value), IFERROR(_xlpm._expr,"") )) )} -> 所有设备 伤害 + 15% | J13: Relic_Modify_Variable | L13: 150 | M13: global_atk_pts | N13: =ROUND(POWER(O13,(5-T13)/5),0) -> 9 | O13: 9 | P13: TRUE | T13: 0 | U13: =ROUND(V13*POWER(W13,T13),0) -> 7 | V13: 7 | W13: 2.32
A14: 300012 | B14: =IF(A14<>"","relic_name_"&IF(C14,LEFT($A14,LEN($A14)-1),$A14),"") -> relic_name_30001 | C14: TRUE | D14: {=_xlfn.LET( _xlpm.idx,MATCH(relic!$M14,'-id 配置说明'!$A:$A,0), _xlpm.desc_1,INDEX('-id 配置说明'!$J:$J,_xlpm.idx), _xlpm.desc_2,INDEX('-id 配置说明'!$K:$K,_xlpm.idx), _xlpm.desc_array,_xlfn.TEXTSPLIT(_xlpm.desc_2,"；"), _xlpm.array_len,COLUMNS(_xlpm.desc_array), IFERROR(INDEX(_xlpm.desc_array,MIN(RIGHT($A14,1),_xlpm.array_len)),"") )} -> 阿菊 | E14: =_xlfn.LET(_xlpm._asset,"relic_layout", _xlfn.CONCAT(_xlpm._asset,"[",_xlpm._asset,"_",$F14,"]")) -> relic_layout[relic_layout_1] | F14: 1 | G14: =IF($A14<>"","relic_desc_"&$A14,"") -> relic_desc_300012 | H14: 所有设备 伤害 + 30% | J14: Relic_Modify_Variable | L14: 300 | M14: global_atk_pts | N14: =ROUND(POWER(O14,(5-T14)/5),0) -> 6 | O14: 9 | P14: TRUE | T14: 1 | U14: =ROUND(V14*POWER(W14,T14),0) -> 16 | V14: 7 | W14: 2.32
A15: 300013 | B15: =IF(A15<>"","relic_name_"&IF(C15,LEFT($A15,LEN($A15)-1),$A15),"") -> relic_name_30001 | C15: TRUE | D15: {=_xlfn.LET( _xlpm.idx,MATCH(relic!$M15,'-id 配置说明'!$A:$A,0), _xlpm.desc_1,INDEX('-id 配置说明'!$J:$J,_xlpm.idx), _xlpm.desc_2,INDEX('-id 配置说明'!$K:$K,_xlpm.idx), _xlpm.desc_array,_xlfn.TEXTSPLIT(_xlpm.desc_2,"；"), _xlpm.array_len,COLUMNS(_xlpm.desc_array), IFERROR(INDEX(_xlpm.desc_array,MIN(RIGHT($A15,1),_xlpm.array_len)),"") )} -> 阿菊 | E15: =_xlfn.LET(_xlpm._asset,"relic_layout", _xlfn.CONCAT(_xlpm._asset,"[",_xlpm._asset,"_",$F15,"]")) -> relic_layout[relic_layout_1] | F15: 1 | G15: =IF($A15<>"","relic_desc_"&$A15,"") -> relic_desc_300013 | H15: 所有设备 伤害 + 60% | J15: Relic_Modify_Variable | L15: 600 | M15: global_atk_pts | N15: =ROUND(POWER(O15,(5-T15)/5),0) -> 4 | O15: 9 | P15: TRUE | T15: 2 | U15: =ROUND(V15*POWER(W15,T15),0) -> 38 | V15: 7 | W15: 2.32
A16: 300014 | B16: =IF(A16<>"","relic_name_"&IF(C16,LEFT($A16,LEN($A16)-1),$A16),"") -> relic_name_30001 | C16: TRUE | D16: {=_xlfn.LET( _xlpm.idx,MATCH(relic!$M16,'-id 配置说明'!$A:$A,0), _xlpm.desc_1,INDEX('-id 配置说明'!$J:$J,_xlpm.idx), _xlpm.desc_2,INDEX('-id 配置说明'!$K:$K,_xlpm.idx), _xlpm.desc_array,_xlfn.TEXTSPLIT(_xlpm.desc_2,"；"), _xlpm.array_len,COLUMNS(_xlpm.desc_array), IFERROR(INDEX(_xlpm.desc_array,MIN(RIGHT($A16,1),_xlpm.array_len)),"") )} -> 阿菊 | E16: =_xlfn.LET(_xlpm._asset,"relic_layout", _xlfn.CONCAT(_xlpm._asset,"[",_xlpm._asset,"_",$F16,"]")) -> relic_layout[relic_layout_2] | F16: 2 | G16: =IF($A16<>"","relic_desc_"&$A16,"") -> relic_desc_300014 | H16: 所有设备 伤害 + 120% | J16: Relic_Modify_Variable | L16: 1200 | M16: global_atk_pts | N16: =ROUND(POWER(O16,(5-T16)/5),0) -> 2 | O16: 9 | P16: TRUE | T16: 3 | U16: =ROUND(V16*POWER(W16,T16),0) -> 87 | V16: 7 | W16: 2.32
D17: {=_xlfn.LET( _xlpm.idx,MATCH(relic!$M17,'-id 配置说明'!$A:$A,0), _xlpm.desc_1,INDEX('-id 配置说明'!$J:$J,_xlpm.idx), _xlpm.desc_2,INDEX('-id 配置说明'!$K:$K,_xlpm.idx), _xlpm.desc_array,_xlfn.TEXTSPLIT(_xlpm.desc_2,"；"), _xlpm.array_len,COLUMNS(_xlpm.desc_array), IFERROR(INDEX(_xlpm.desc_array,MIN(RIGHT($A17,1),_xlpm.array_len)),"") )} | G17: =IF($A17<>"","relic_desc_"&$A17,"")
A18: 300021 | B18: =IF(A18<>"","relic_name_"&IF(C18,LEFT($A18,LEN($A18)-1),$A18),"") -> relic_name_30002 | C18: TRUE | D18: {=_xlfn.LET( _xlpm.idx,MATCH(relic!$M18,'-id 配置说明'!$A:$A,0), _xlpm.desc_1,INDEX('-id 配置说明'!$J:$J,_xlpm.idx), _xlpm.desc_2,INDEX('-id 配置说明'!$K:$K,_xlpm.idx), _xlpm.desc_array,_xlfn.TEXTSPLIT(_xlpm.desc_2,"；"), _xlpm.array_len,COLUMNS(_xlpm.desc_array), IFERROR(INDEX(_xlpm.desc_array,MIN(RIGHT($A18,1),_xlpm.array_len)),"") )} -> 火星蝶 | E18: =_xlfn.LET(_xlpm._asset,"relic_layout", _xlfn.CONCAT(_xlpm._asset,"[",_xlpm._asset,"_",$F18,"]")) -> relic_layout[relic_layout_56] | F18: 56 | G18: =IF($A18<>"","relic_desc_"&$A18,"") -> relic_desc_300021 | H18: {=_xlfn.LET(_xlpm._manual_info,$I18:$I20, IF(_xlpm._manual_info<>"",_xlpm._manual_info,_xlfn.LET( _xlpm._parm_key,$M18, _xlpm._parm_value,$L18:$L20, _xlpm._desc,_xlfn.XLOOKUP(_xlpm._parm_key,'-id 配置说明'!$A:$A,'-id 配置说明'!$F:$F), _xlpm._tp,_xlfn.XLOOKUP(_xlpm._parm_key,'-id 配置说明'!$A:$A,'-id 配置说明'!$B:$B), _xlpm._expr,INDEX(_xlfn.TEXTSPLIT(_xlpm._desc," = "),2)&" + "&_xlfn.SWITCH(_xlpm._tp,"pts",TEXT(_xlpm._parm_value/1000,"0%"),"add",_xlpm._parm_value), IFERROR(_xlpm._expr,"") )) )} -> 所有设备 额外伤害 + 6 | J18: Relic_Modify_Variable | L18: 6 | M18: global_atk_add | N18: =ROUND(POWER(O18,(5-T18)/5),0) -> 4 | O18: 6 | P18: TRUE | T18: 1 | U18: =ROUND(V18*POWER(W18,T18),0) -> 19 | V18: 8 | W18: 2.32
A19: 300022 | B19: =IF(A19<>"","relic_name_"&IF(C19,LEFT($A19,LEN($A19)-1),$A19),"") -> relic_name_30002 | C19: TRUE | D19: {=_xlfn.LET( _xlpm.idx,MATCH(relic!$M19,'-id 配置说明'!$A:$A,0), _xlpm.desc_1,INDEX('-id 配置说明'!$J:$J,_xlpm.idx), _xlpm.desc_2,INDEX('-id 配置说明'!$K:$K,_xlpm.idx), _xlpm.desc_array,_xlfn.TEXTSPLIT(_xlpm.desc_2,"；"), _xlpm.array_len,COLUMNS(_xlpm.desc_array), IFERROR(INDEX(_xlpm.desc_array,MIN(RIGHT($A19,1),_xlpm.array_len)),"") )} -> 火星蝶 | E19: =_xlfn.LET(_xlpm._asset,"relic_layout", _xlfn.CONCAT(_xlpm._asset,"[",_xlpm._asset,"_",$F19,"]")) -> relic_layout[relic_layout_56] | F19: 56 | G19: =IF($A19<>"","relic_desc_"&$A19,"") -> relic_desc_300022 | H19: 所有设备 额外伤害 + 12 | J19: Relic_Modify_Variable | L19: 12 | M19: global_atk_add | N19: =ROUND(POWER(O19,(5-T19)/5),0) -> 3 | O19: 6 | P19: TRUE | T19: 2 | U19: =ROUND(V19*POWER(W19,T19),0) -> 43 | V19: 8 | W19: 2.32
A20: 300023 | B20: =IF(A20<>"","relic_name_"&IF(C20,LEFT($A20,LEN($A20)-1),$A20),"") -> relic_name_30002 | C20: TRUE | D20: {=_xlfn.LET( _xlpm.idx,MATCH(relic!$M20,'-id 配置说明'!$A:$A,0), _xlpm.desc_1,INDEX('-id 配置说明'!$J:$J,_xlpm.idx), _xlpm.desc_2,INDEX('-id 配置说明'!$K:$K,_xlpm.idx), _xlpm.desc_array,_xlfn.TEXTSPLIT(_xlpm.desc_2,"；"), _xlpm.array_len,COLUMNS(_xlpm.desc_array), IFERROR(INDEX(_xlpm.desc_array,MIN(RIGHT($A20,1),_xlpm.array_len)),"") )} -> 火星蝶 | E20: =_xlfn.LET(_xlpm._asset,"relic_layout", _xlfn.CONCAT(_xlpm._asset,"[",_xlpm._asset,"_",$F20,"]")) -> relic_layout[relic_layout_56] | F20: 56 | G20: =IF($A20<>"","relic_desc_"&$A20,"") -> relic_desc_300023 | H20: 所有设备 额外伤害 + 24 | J20: Relic_Modify_Variable | L20: 24 | M20: global_atk_add | N20: =ROUND(POWER(O20,(5-T20)/5),0) -> 2 | O20: 6 | P20: TRUE | T20: 3 | U20: =ROUND(V20*POWER(W20,T20),0) -> 100 | V20: 8 | W20: 2.32
D21: {=_xlfn.LET( _xlpm.idx,MATCH(relic!$M21,'-id 配置说明'!$A:$A,0), _xlpm.desc_1,INDEX('-id 配置说明'!$J:$J,_xlpm.idx), _xlpm.desc_2,INDEX('-id 配置说明'!$K:$K,_xlpm.idx), _xlpm.desc_array,_xlfn.TEXTSPLIT(_xlpm.desc_2,"；"), _xlpm.array_len,COLUMNS(_xlpm.desc_array), IFERROR(INDEX(_xlpm.desc_array,MIN(RIGHT($A21,1),_xlpm.array_len)),"") )} | G21: =IF($A21<>"","relic_desc_"&$A21,"")
A22: 300031 | B22: =IF(A22<>"","relic_name_"&IF(C22,LEFT($A22,LEN($A22)-1),$A22),"") -> relic_name_30003 | C22: TRUE | D22: {=_xlfn.LET( _xlpm.idx,MATCH(relic!$M22,'-id 配置说明'!$A:$A,0), _xlpm.desc_1,INDEX('-id 配置说明'!$J:$J,_xlpm.idx), _xlpm.desc_2,INDEX('-id 配置说明'!$K:$K,_xlpm.idx), _xlpm.desc_array,_xlfn.TEXTSPLIT(_xlpm.desc_2,"；"), _xlpm.array_len,COLUMNS(_xlpm.desc_array), IFERROR(INDEX(_xlpm.desc_array,MIN(RIGHT($A22,1),_xlpm.array_len)),"") )} -> 肌肉金轮草 | E22: =_xlfn.LET(_xlpm._asset,"relic_layout", _xlfn.CONCAT(_xlpm._asset,"[",_xlpm._asset,"_",$F22,"]")) -> relic_layout[relic_layout_57] | F22: 57 | G22: =IF($A22<>"","relic_desc_"&$A22,"") -> relic_desc_300031 | H22: {=_xlfn.LET(_xlpm._manual_info,$I22:$I25, IF(_xlpm._manual_info<>"",_xlpm._manual_info,_xlfn.LET( _xlpm._parm_key,$M22, _xlpm._parm_value,$L22:$L25, _xlpm._desc,_xlfn.XLOOKUP(_xlpm._parm_key,'-id 配置说明'!$A:$A,'-id 配置说明'!$F:$F), _xlpm._tp,_xlfn.XLOOKUP(_xlpm._parm_key,'-id 配置说明'!$A:$A,'-id 配置说明'!$B:$B), _xlpm._expr,INDEX(_xlfn.TEXTSPLIT(_xlpm._desc," = "),2)&" + "&_xlfn.SWITCH(_xlpm._tp,"pts",TEXT(_xlpm._parm_value/1000,"0%"),"add",_xlpm._parm_value), IFERROR(_xlpm._expr,"") )) )} -> 所有设备 暴击几率 + 4% | J22: Relic_Modify_Variable | K22: parm_int[0] = 暴击率增加值，千分比。 | L22: 40 | M22: global_critical_chance | N22: =ROUND(POWER(O22,(5-T22)/5),0) -> 2 | O22: 2 | P22: TRUE | T22: 0 | U22: =ROUND(V22*POWER(W22,T22),0) -> 9 | V22: 8.7 | W22: 2.32
A23: 300032 | B23: =IF(A23<>"","relic_name_"&IF(C23,LEFT($A23,LEN($A23)-1),$A23),"") -> relic_name_30003 | C23: TRUE | D23: {=_xlfn.LET( _xlpm.idx,MATCH(relic!$M23,'-id 配置说明'!$A:$A,0), _xlpm.desc_1,INDEX('-id 配置说明'!$J:$J,_xlpm.idx), _xlpm.desc_2,INDEX('-id 配置说明'!$K:$K,_xlpm.idx), _xlpm.desc_array,_xlfn.TEXTSPLIT(_xlpm.desc_2,"；"), _xlpm.array_len,COLUMNS(_xlpm.desc_array), IFERROR(INDEX(_xlpm.desc_array,MIN(RIGHT($A23,1),_xlpm.array_len)),"") )} -> 肌肉金轮草 | E23: =_xlfn.LET(_xlpm._asset,"relic_layout", _xlfn.CONCAT(_xlpm._asset,"[",_xlpm._asset,"_",$F23,"]")) -> relic_layout[relic_layout_57] | F23: 57 | G23: =IF($A23<>"","relic_desc_"&$A23,"") -> relic_desc_300032 | H23: 所有设备 暴击几率 + 6% | J23: Relic_Modify_Variable | K23: parm_int[0] = 暴击率增加值，千分比。 | L23: 60 | M23: global_critical_chance | N23: =ROUND(POWER(O23,(5-T23)/5),0) -> 2 | O23: 2 | P23: TRUE | T23: 1 | U23: =ROUND(V23*POWER(W23,T23),0) -> 20 | V23: 8.7 | W23: 2.32
A24: 300033 | B24: =IF(A24<>"","relic_name_"&IF(C24,LEFT($A24,LEN($A24)-1),$A24),"") -> relic_name_30003 | C24: TRUE | D24: {=_xlfn.LET( _xlpm.idx,MATCH(relic!$M24,'-id 配置说明'!$A:$A,0), _xlpm.desc_1,INDEX('-id 配置说明'!$J:$J,_xlpm.idx), _xlpm.desc_2,INDEX('-id 配置说明'!$K:$K,_xlpm.idx), _xlpm.desc_array,_xlfn.TEXTSPLIT(_xlpm.desc_2,"；"), _xlpm.array_len,COLUMNS(_xlpm.desc_array), IFERROR(INDEX(_xlpm.desc_array,MIN(RIGHT($A24,1),_xlpm.array_len)),"") )} -> 肌肉金轮草 | E24: =_xlfn.LET(_xlpm._asset,"relic_layout", _xlfn.CONCAT(_xlpm._asset,"[",_xlpm._asset,"_",$F24,"]")) -> relic_layout[relic_layout_57] | F24: 57 | G24: =IF($A24<>"","relic_desc_"&$A24,"") -> relic_desc_300033 | H24: 所有设备 暴击几率 + 9% | J24: Relic_Modify_Variable | K24: parm_int[0] = 暴击率增加值，千分比。 | L24: 90 | M24: global_critical_chance | N24: =ROUND(POWER(O24,(5-T24)/5),0) -> 2 | O24: 2 | P24: TRUE | T24: 2 | U24: =ROUND(V24*POWER(W24,T24),0) -> 47 | V24: 8.7 | W24: 2.32
A25: 300034 | B25: =IF(A25<>"","relic_name_"&IF(C25,LEFT($A25,LEN($A25)-1),$A25),"") -> relic_name_30003 | C25: TRUE | D25: {=_xlfn.LET( _xlpm.idx,MATCH(relic!$M25,'-id 配置说明'!$A:$A,0), _xlpm.desc_1,INDEX('-id 配置说明'!$J:$J,_xlpm.idx), _xlpm.desc_2,INDEX('-id 配置说明'!$K:$K,_xlpm.idx), _xlpm.desc_array,_xlfn.TEXTSPLIT(_xlpm.desc_2,"；"), _xlpm.array_len,COLUMNS(_xlpm.desc_array), IFERROR(INDEX(_xlpm.desc_array,MIN(RIGHT($A25,1),_xlpm.array_len)),"") )} -> 肌肉金轮草 | E25: =_xlfn.LET(_xlpm._asset,"relic_layout", _xlfn.CONCAT(_xlpm._asset,"[",_xlpm._asset,"_",$F25,"]")) -> relic_layout[relic_layout_57] | F25: 57 | G25: =IF($A25<>"","relic_desc_"&$A25,"") -> relic_desc_300034 | H25: 所有设备 暴击几率 + 13% | J25: Relic_Modify_Variable | K25: parm_int[0] = 暴击率增加值，千分比。 | L25: 130 | M25: global_critical_chance | N25: =ROUND(POWER(O25,(5-T25)/5),0) -> 1 | O25: 2 | P25: TRUE | T25: 3 | U25: =ROUND(V25*POWER(W25,T25),0) -> 109 | V25: 8.7 | W25: 2.32
D26: {=_xlfn.LET( _xlpm.idx,MATCH(relic!$M26,'-id 配置说明'!$A:$A,0), _xlpm.desc_1,INDEX('-id 配置说明'!$J:$J,_xlpm.idx), _xlpm.desc_2,INDEX('-id 配置说明'!$K:$K,_xlpm.idx), _xlpm.desc_array,_xlfn.TEXTSPLIT(_xlpm.desc_2,"；"), _xlpm.array_len,COLUMNS(_xlpm.desc_array), IFERROR(INDEX(_xlpm.desc_array,MIN(RIGHT($A26,1),_xlpm.array_len)),"") )} | G26: =IF($A26<>"","relic_desc_"&$A26,"")
A27: 300041 | B27: =IF(A27<>"","relic_name_"&IF(C27,LEFT($A27,LEN($A27)-1),$A27),"") -> relic_name_30004 | C27: TRUE | D27: {=_xlfn.LET( _xlpm.idx,MATCH(relic!$M27,'-id 配置说明'!$A:$A,0), _xlpm.desc_1,INDEX('-id 配置说明'!$J:$J,_xlpm.idx), _xlpm.desc_2,INDEX('-id 配置说明'!$K:$K,_xlpm.idx), _xlpm.desc_array,_xlfn.TEXTSPLIT(_xlpm.desc_2,"；"), _xlpm.array_len,COLUMNS(_xlpm.desc_array), IFERROR(INDEX(_xlpm.desc_array,MIN(RIGHT($A27,1),_xlpm.array_len)),"") )} -> 托利莲 | E27: =_xlfn.LET(_xlpm._asset,"relic_layout", _xlfn.CONCAT(_xlpm._asset,"[",_xlpm._asset,"_",$F27,"]")) -> relic_layout[relic_layout_58] | F27: 58 | G27: =IF($A27<>"","relic_desc_"&$A27,"") -> relic_desc_300041 | H27: {=_xlfn.LET(_xlpm._manual_info,$I27:$I30, IF(_xlpm._manual_info<>"",_xlpm._manual_info,_xlfn.LET( _xlpm._parm_key,$M27, _xlpm._parm_value,$L27:$L30, _xlpm._desc,_xlfn.XLOOKUP(_xlpm._parm_key,'-id 配置说明'!$A:$A,'-id 配置说明'!$F:$F), _xlpm._tp,_xlfn.XLOOKUP(_xlpm._parm_key,'-id 配置说明'!$A:$A,'-id 配置说明'!$B:$B), _xlpm._expr,INDEX(_xlfn.TEXTSPLIT(_xlpm._desc," = "),2)&" + "&_xlfn.SWITCH(_xlpm._tp,"pts",TEXT(_xlpm._parm_value/1000,"0%"),"add",_xlpm._parm_value), IFERROR(_xlpm._expr,"") )) )} -> 所有设备 暴击伤害 + 10% | J27: Relic_Modify_Variable | K27: parm_int[0] = 暴击伤害增加值，千分比。 | L27: 100 | M27: global_critical_dmg_rate | N27: =ROUND(POWER(O27,(5-T27)/5),0) -> 3 | O27: 3 | P27: TRUE | T27: 0 | U27: =ROUND(V27*POWER(W27,T27),0) -> 8 | V27: 8.3 | W27: 2.32
A28: 300042 | B28: =IF(A28<>"","relic_name_"&IF(C28,LEFT($A28,LEN($A28)-1),$A28),"") -> relic_name_30004 | C28: TRUE | D28: {=_xlfn.LET( _xlpm.idx,MATCH(relic!$M28,'-id 配置说明'!$A:$A,0), _xlpm.desc_1,INDEX('-id 配置说明'!$J:$J,_xlpm.idx), _xlpm.desc_2,INDEX('-id 配置说明'!$K:$K,_xlpm.idx), _xlpm.desc_array,_xlfn.TEXTSPLIT(_xlpm.desc_2,"；"), _xlpm.array_len,COLUMNS(_xlpm.desc_array), IFERROR(INDEX(_xlpm.desc_array,MIN(RIGHT($A28,1),_xlpm.array_len)),"") )} -> 托利莲 | E28: =_xlfn.LET(_xlpm._asset,"relic_layout", _xlfn.CONCAT(_xlpm._asset,"[",_xlpm._asset,"_",$F28,"]")) -> relic_layout[relic_layout_58] | F28: 58 | G28: =IF($A28<>"","relic_desc_"&$A28,"") -> relic_desc_300042 | H28: 所有设备 暴击伤害 + 20% | J28: Relic_Modify_Variable | K28: parm_int[0] = 暴击伤害增加值，千分比。 | L28: 200 | M28: global_critical_dmg_rate | N28: =ROUND(POWER(O28,(5-T28)/5),0) -> 2 | O28: 3 | P28: TRUE | T28: 1 | U28: =ROUND(V28*POWER(W28,T28),0) -> 19 | V28: 8.3 | W28: 2.32
A29: 300043 | B29: =IF(A29<>"","relic_name_"&IF(C29,LEFT($A29,LEN($A29)-1),$A29),"") -> relic_name_30004 | C29: TRUE | D29: {=_xlfn.LET( _xlpm.idx,MATCH(relic!$M29,'-id 配置说明'!$A:$A,0), _xlpm.desc_1,INDEX('-id 配置说明'!$J:$J,_xlpm.idx), _xlpm.desc_2,INDEX('-id 配置说明'!$K:$K,_xlpm.idx), _xlpm.desc_array,_xlfn.TEXTSPLIT(_xlpm.desc_2,"；"), _xlpm.array_len,COLUMNS(_xlpm.desc_array), IFERROR(INDEX(_xlpm.desc_array,MIN(RIGHT($A29,1),_xlpm.array_len)),"") )} -> 托利莲 | E29: =_xlfn.LET(_xlpm._asset,"relic_layout", _xlfn.CONCAT(_xlpm._asset,"[",_xlpm._asset,"_",$F29,"]")) -> relic_layout[relic_layout_58] | F29: 58 | G29: =IF($A29<>"","relic_desc_"&$A29,"") -> relic_desc_300043 | H29: 所有设备 暴击伤害 + 40% | J29: Relic_Modify_Variable | K29: parm_int[0] = 暴击伤害增加值，千分比。 | L29: 400 | M29: global_critical_dmg_rate | N29: =ROUND(POWER(O29,(5-T29)/5),0) -> 2 | O29: 3 | P29: TRUE | T29: 2 | U29: =ROUND(V29*POWER(W29,T29),0) -> 45 | V29: 8.3 | W29: 2.32
A30: 300044 | B30: =IF(A30<>"","relic_name_"&IF(C30,LEFT($A30,LEN($A30)-1),$A30),"") -> relic_name_30004 | C30: TRUE | D30: {=_xlfn.LET( _xlpm.idx,MATCH(relic!$M30,'-id 配置说明'!$A:$A,0), _xlpm.desc_1,INDEX('-id 配置说明'!$J:$J,_xlpm.idx), _xlpm.desc_2,INDEX('-id 配置说明'!$K:$K,_xlpm.idx), _xlpm.desc_array,_xlfn.TEXTSPLIT(_xlpm.desc_2,"；"), _xlpm.array_len,COLUMNS(_xlpm.desc_array), IFERROR(INDEX(_xlpm.desc_array,MIN(RIGHT($A30,1),_xlpm.array_len)),"") )} -> 托利莲 | E30: =_xlfn.LET(_xlpm._asset,"relic_layout", _xlfn.CONCAT(_xlpm._asset,"[",_xlpm._asset,"_",$F30,"]")) -> relic_layout[relic_layout_58] | F30: 58 | G30: =IF($A30<>"","relic_desc_"&$A30,"") -> relic_desc_300044 | H30: 所有设备 暴击伤害 + 80% | J30: Relic_Modify_Variable | K30: parm_int[0] = 暴击伤害增加值，千分比。 | L30: 800 | M30: global_critical_dmg_rate | N30: =ROUND(POWER(O30,(5-T30)/5),0) -> 2 | O30: 3 | P30: TRUE | T30: 3 | U30: =ROUND(V30*POWER(W30,T30),0) -> 104 | V30: 8.3 | W30: 2.32
B31: =IF(A31<>"","relic_name_"&$A31,"") | D31: {=_xlfn.LET( _xlpm.idx,MATCH(relic!$M31,'-id 配置说明'!$A:$A,0), _xlpm.desc_1,INDEX('-id 配置说明'!$J:$J,_xlpm.idx), _xlpm.desc_2,INDEX('-id 配置说明'!$K:$K,_xlpm.idx), _xlpm.desc_array,_xlfn.TEXTSPLIT(_xlpm.desc_2,"；"), _xlpm.array_len,COLUMNS(_xlpm.desc_array), IFERROR(INDEX(_xlpm.desc_array,MIN(RIGHT($A31,1),_xlpm.array_len)),"") )} | G31: =IF($A31<>"","relic_desc_"&$A31,"") | N31: =IF($A31>0,5,"") | P31: =IF($A31>0,TRUE,"") | U31: =IF(A31<>"",RIGHT(A31)*5,"")
A32: 300051 | B32: =IF(A32<>"","relic_name_"&$A32,"") -> relic_name_300051 | D32: {=_xlfn.LET( _xlpm.idx,MATCH(relic!$M32,'-id 配置说明'!$A:$A,0), _xlpm.desc_1,INDEX('-id 配置说明'!$J:$J,_xlpm.idx), _xlpm.desc_2,INDEX('-id 配置说明'!$K:$K,_xlpm.idx), _xlpm.desc_array,_xlfn.TEXTSPLIT(_xlpm.desc_2,"；"), _xlpm.array_len,COLUMNS(_xlpm.desc_array), IFERROR(INDEX(_xlpm.desc_array,MIN(RIGHT($A32,1),_xlpm.array_len)),"") )} -> 紫水晶 | E32: =IF($F32<>"",_xlfn.CONCAT("relic_icons[relic_layout_",$F32,"]"),"") -> relic_icons[relic_layout_12] | F32: 12 | G32: =IF($A32<>"","relic_desc_"&$A32,"") -> relic_desc_300051 | H32: {=_xlfn.LET(_xlpm._manual_info,$I32:$I34, IF(_xlpm._manual_info<>"",_xlpm._manual_info,_xlfn.LET( _xlpm._parm_key,$M32, _xlpm._parm_value,$L32:$L34, _xlpm._desc,_xlfn.XLOOKUP(_xlpm._parm_key,'-id 配置说明'!$A:$A,'-id 配置说明'!$F:$F), _xlpm._tp,_xlfn.XLOOKUP(_xlpm._parm_key,'-id 配置说明'!$A:$A,'-id 配置说明'!$B:$B), _xlpm._expr,INDEX(_xlfn.TEXTSPLIT(_xlpm._desc," = "),2)&" + "&_xlfn.SWITCH(_xlpm._tp,"pts",TEXT(_xlpm._parm_value/1000,"0%"),"add",_xlpm._parm_value), IFERROR(_xlpm._expr,"") )) )} -> 所有设备 击退 + 5% | J32: Relic_Modify_Variable | L32: 50 | M32: global_knockback | N32: =IF($A32>0,5,"") -> 5 | P32: =IF($A32>0,TRUE,"") -> TRUE | S32: =_xlfn.LET(_xlpm.end,IFERROR(VALUE(RIGHT($A32,1)),0), IF(_xlpm.end>1,$A31,"")) | T32: 0 | U32: =IF(A32<>"",RIGHT(A32)*5,"") -> 5
A33: 300052 | B33: =IF(A33<>"","relic_name_"&$A33,"") -> relic_name_300052 | D33: {=_xlfn.LET( _xlpm.idx,MATCH(relic!$M33,'-id 配置说明'!$A:$A,0), _xlpm.desc_1,INDEX('-id 配置说明'!$J:$J,_xlpm.idx), _xlpm.desc_2,INDEX('-id 配置说明'!$K:$K,_xlpm.idx), _xlpm.desc_array,_xlfn.TEXTSPLIT(_xlpm.desc_2,"；"), _xlpm.array_len,COLUMNS(_xlpm.desc_array), IFERROR(INDEX(_xlpm.desc_array,MIN(RIGHT($A33,1),_xlpm.array_len)),"") )} -> 粉水晶 | E33: =IF($F33<>"",_xlfn.CONCAT("relic_icons[relic_layout_",$F33,"]"),"") -> relic_icons[relic_layout_13] | F33: 13 | G33: =IF($A33<>"","relic_desc_"&$A33,"") -> relic_desc_300052 | H33: 所有设备 击退 + 10% | J33: Relic_Modify_Variable | L33: 100 | M33: global_knockback | N33: =IF($A33>0,5,"") -> 5 | P33: =IF($A33>0,TRUE,"") -> TRUE | S33: =_xlfn.LET(_xlpm.end,IFERROR(VALUE(RIGHT($A33,1)),0), IF(_xlpm.end>1,$A32,"")) -> 300051 | T33: 1 | U33: =IF(A33<>"",RIGHT(A33)*5,"") -> 10
A34: 300053 | B34: =IF(A34<>"","relic_name_"&$A34,"") -> relic_name_300053 | D34: {=_xlfn.LET( _xlpm.idx,MATCH(relic!$M34,'-id 配置说明'!$A:$A,0), _xlpm.desc_1,INDEX('-id 配置说明'!$J:$J,_xlpm.idx), _xlpm.desc_2,INDEX('-id 配置说明'!$K:$K,_xlpm.idx), _xlpm.desc_array,_xlfn.TEXTSPLIT(_xlpm.desc_2,"；"), _xlpm.array_len,COLUMNS(_xlpm.desc_array), IFERROR(INDEX(_xlpm.desc_array,MIN(RIGHT($A34,1),_xlpm.array_len)),"") )} -> 黄水晶 | E34: =IF($F34<>"",_xlfn.CONCAT("relic_icons[relic_layout_",$F34,"]"),"") -> relic_icons[relic_layout_14] | F34: 14 | G34: =IF($A34<>"","relic_desc_"&$A34,"") -> relic_desc_300053 | H34: 所有设备 击退 + 15% | J34: Relic_Modify_Variable | L34: 150 | M34: global_knockback | N34: =IF($A34>0,5,"") -> 5 | P34: =IF($A34>0,TRUE,"") -> TRUE | S34: =_xlfn.LET(_xlpm.end,IFERROR(VALUE(RIGHT($A34,1)),0), IF(_xlpm.end>1,$A33,"")) -> 300052 | T34: 2 | U34: =IF(A34<>"",RIGHT(A34)*5,"") -> 15
B35: =IF(A35<>"","relic_name_"&$A35,"") | D35: {=_xlfn.LET( _xlpm.idx,MATCH(relic!$M35,'-id 配置说明'!$A:$A,0), _xlpm.desc_1,INDEX('-id 配置说明'!$J:$J,_xlpm.idx), _xlpm.desc_2,INDEX('-id 配置说明'!$K:$K,_xlpm.idx), _xlpm.desc_array,_xlfn.TEXTSPLIT(_xlpm.desc_2,"；"), _xlpm.array_len,COLUMNS(_xlpm.desc_array), IFERROR(INDEX(_xlpm.desc_array,MIN(RIGHT($A35,1),_xlpm.array_len)),"") )} | G35: =IF($A35<>"","relic_desc_"&$A35,"") | N35: =IF($A35>0,5,"") | P35: =IF($A35>0,TRUE,"") | S35: =_xlfn.LET(_xlpm.end,IFERROR(VALUE(RIGHT($A35,1)),0), IF(_xlpm.end>1,$A34,"")) | U35: =IF(A35<>"",RIGHT(A35)*5,"")
A36: 300061 | B36: =IF(A36<>"","relic_name_"&$A36,"") -> relic_name_300061 | D36: {=_xlfn.LET( _xlpm.idx,MATCH(relic!$M36,'-id 配置说明'!$A:$A,0), _xlpm.desc_1,INDEX('-id 配置说明'!$J:$J,_xlpm.idx), _xlpm.desc_2,INDEX('-id 配置说明'!$K:$K,_xlpm.idx), _xlpm.desc_array,_xlfn.TEXTSPLIT(_xlpm.desc_2,"；"), _xlpm.array_len,COLUMNS(_xlpm.desc_array), IFERROR(INDEX(_xlpm.desc_array,MIN(RIGHT($A36,1),_xlpm.array_len)),"") )} -> 国王骰子 | E36: =IF($F36<>"",_xlfn.CONCAT("relic_icons[relic_layout_",$F36,"]"),"") -> relic_icons[relic_layout_15] | F36: 15 | G36: =IF($A36<>"","relic_desc_"&$A36,"") -> relic_desc_300061 | H36: {=_xlfn.LET(_xlpm._manual_info,$I36:$I38, IF(_xlpm._manual_info<>"",_xlpm._manual_info,_xlfn.LET( _xlpm._parm_key,$M36, _xlpm._parm_value,$L36:$L38, _xlpm._desc,_xlfn.XLOOKUP(_xlpm._parm_key,'-id 配置说明'!$A:$A,'-id 配置说明'!$F:$F), _xlpm._tp,_xlfn.XLOOKUP(_xlpm._parm_key,'-id 配置说明'!$A:$A,'-id 配置说明'!$B:$B), _xlpm._expr,INDEX(_xlfn.TEXTSPLIT(_xlpm._desc," = "),2)&" + "&_xlfn.SWITCH(_xlpm._tp,"pts",TEXT(_xlpm._parm_value/1000,"0%"),"add",_xlpm._parm_value), IFERROR(_xlpm._expr,"") )) )} -> 所有设备 破甲 + 10% | J36: Relic_Modify_Variable | K36: parm_int[0] = 破甲增加值，百分比的千分比。 | L36: 100 | M36: global_armor_piercing | N36: =IF($A36>0,5,"") -> 5 | P36: =IF($A36>0,TRUE,"") -> TRUE | S36: =_xlfn.LET(_xlpm.end,IFERROR(VALUE(RIGHT($A36,1)),0), IF(_xlpm.end>1,$A35,"")) | T36: 0 | U36: =IF(A36<>"",RIGHT(A36)*5,"") -> 5
A37: 300062 | B37: =IF(A37<>"","relic_name_"&$A37,"") -> relic_name_300062 | D37: {=_xlfn.LET( _xlpm.idx,MATCH(relic!$M37,'-id 配置说明'!$A:$A,0), _xlpm.desc_1,INDEX('-id 配置说明'!$J:$J,_xlpm.idx), _xlpm.desc_2,INDEX('-id 配置说明'!$K:$K,_xlpm.idx), _xlpm.desc_array,_xlfn.TEXTSPLIT(_xlpm.desc_2,"；"), _xlpm.array_len,COLUMNS(_xlpm.desc_array), IFERROR(INDEX(_xlpm.desc_array,MIN(RIGHT($A37,1),_xlpm.array_len)),"") )} -> 国王骰子 | E37: =IF($F37<>"",_xlfn.CONCAT("relic_icons[relic_layout_",$F37,"]"),"") -> relic_icons[relic_layout_16] | F37: 16 | G37: =IF($A37<>"","relic_desc_"&$A37,"") -> relic_desc_300062 | H37: 所有设备 破甲 + 20% | J37: Relic_Modify_Variable | K37: parm_int[0] = 破甲增加值，百分比的千分比。 | L37: 200 | M37: global_armor_piercing | N37: =IF($A37>0,5,"") -> 5 | P37: =IF($A37>0,TRUE,"") -> TRUE | S37: =_xlfn.LET(_xlpm.end,IFERROR(VALUE(RIGHT($A37,1)),0), IF(_xlpm.end>1,$A36,"")) -> 300061 | T37: 1 | U37: =IF(A37<>"",RIGHT(A37)*5,"") -> 10
A38: 300063 | B38: =IF(A38<>"","relic_name_"&$A38,"") -> relic_name_300063 | D38: {=_xlfn.LET( _xlpm.idx,MATCH(relic!$M38,'-id 配置说明'!$A:$A,0), _xlpm.desc_1,INDEX('-id 配置说明'!$J:$J,_xlpm.idx), _xlpm.desc_2,INDEX('-id 配置说明'!$K:$K,_xlpm.idx), _xlpm.desc_array,_xlfn.TEXTSPLIT(_xlpm.desc_2,"；"), _xlpm.array_len,COLUMNS(_xlpm.desc_array), IFERROR(INDEX(_xlpm.desc_array,MIN(RIGHT($A38,1),_xlpm.array_len)),"") )} -> 国王骰子 | E38: =IF($F38<>"",_xlfn.CONCAT("relic_icons[relic_layout_",$F38,"]"),"") -> relic_icons[relic_layout_17] | F38: 17 | G38: =IF($A38<>"","relic_desc_"&$A38,"") -> relic_desc_300063 | H38: 所有设备 破甲 + 30% | J38: Relic_Modify_Variable | K38: parm_int[0] = 破甲增加值，百分比的千分比。 | L38: 300 | M38: global_armor_piercing | N38: =IF($A38>0,5,"") -> 5 | P38: =IF($A38>0,TRUE,"") -> TRUE | S38: =_xlfn.LET(_xlpm.end,IFERROR(VALUE(RIGHT($A38,1)),0), IF(_xlpm.end>1,$A37,"")) -> 300062 | T38: 2 | U38: =IF(A38<>"",RIGHT(A38)*5,"") -> 15
B39: =IF(A39<>"","relic_name_"&$A39,"") | D39: {=_xlfn.LET( _xlpm.idx,MATCH(relic!$M39,'-id 配置说明'!$A:$A,0), _xlpm.desc_1,INDEX('-id 配置说明'!$J:$J,_xlpm.idx), _xlpm.desc_2,INDEX('-id 配置说明'!$K:$K,_xlpm.idx), _xlpm.desc_array,_xlfn.TEXTSPLIT(_xlpm.desc_2,"；"), _xlpm.array_len,COLUMNS(_xlpm.desc_array), IFERROR(INDEX(_xlpm.desc_array,MIN(RIGHT($A39,1),_xlpm.array_len)),"") )} | G39: =IF($A39<>"","relic_desc_"&$A39,"") | N39: =IF($A39>0,5,"") | P39: =IF($A39>0,TRUE,"") | S39: =_xlfn.LET(_xlpm.end,IFERROR(VALUE(RIGHT($A39,1)),0), IF(_xlpm.end>1,$A38,"")) | U39: =IF(A39<>"",RIGHT(A39)*5,"")
A40: 300071 | B40: =IF(A40<>"","relic_name_"&IF(C40,LEFT($A40,LEN($A40)-1),$A40),"") -> relic_name_30007 | C40: TRUE | D40: {=_xlfn.LET( _xlpm.idx,MATCH(relic!$M40,'-id 配置说明'!$A:$A,0), _xlpm.desc_1,INDEX('-id 配置说明'!$J:$J,_xlpm.idx), _xlpm.desc_2,INDEX('-id 配置说明'!$K:$K,_xlpm.idx), _xlpm.desc_array,_xlfn.TEXTSPLIT(_xlpm.desc_2,"；"), _xlpm.array_len,COLUMNS(_xlpm.desc_array), IFERROR(INDEX(_xlpm.desc_array,MIN(RIGHT($A40,1),_xlpm.array_len)),"") )} -> 守护符 | E40: =_xlfn.LET(_xlpm._asset,"relic_layout", _xlfn.CONCAT(_xlpm._asset,"[",_xlpm._asset,"_",$F40,"]")) -> relic_layout[relic_layout_9] | F40: 9 | G40: =IF($A40<>"","relic_desc_"&$A40,"") -> relic_desc_300071 | H40: {=_xlfn.LET(_xlpm._manual_info,$I40:$I43, IF(_xlpm._manual_info<>"",_xlpm._manual_info,_xlfn.LET( _xlpm._parm_key,$M40, _xlpm._parm_value,$L40:$L43, _xlpm._desc,_xlfn.XLOOKUP(_xlpm._parm_key,'-id 配置说明'!$A:$A,'-id 配置说明'!$F:$F), _xlpm._tp,_xlfn.XLOOKUP(_xlpm._parm_key,'-id 配置说明'!$A:$A,'-id 配置说明'!$B:$B), _xlpm._expr,INDEX(_xlfn.TEXTSPLIT(_xlpm._desc," = "),2)&" + "&_xlfn.SWITCH(_xlpm._tp,"pts",TEXT(_xlpm._parm_value/1000,"0%"),"add",_xlpm._parm_value), IFERROR(_xlpm._expr,"") )) )} -> 所有设备 护甲 + 10 | J40: Relic_Modify_Variable | K40: parm_int[0] = 护甲增加值。 | L40: 10 | M40: global_armor_add | N40: =ROUND(POWER(O40,(5-T40)/5),0) -> 5 | O40: 5 | P40: TRUE | T40: 0 | U40: =ROUND(V40*POWER(W40,T40),0) -> 7 | V40: 6.7 | W40: 2.25
A41: 300072 | B41: =IF(A41<>"","relic_name_"&IF(C41,LEFT($A41,LEN($A41)-1),$A41),"") -> relic_name_30007 | C41: TRUE | D41: {=_xlfn.LET( _xlpm.idx,MATCH(relic!$M41,'-id 配置说明'!$A:$A,0), _xlpm.desc_1,INDEX('-id 配置说明'!$J:$J,_xlpm.idx), _xlpm.desc_2,INDEX('-id 配置说明'!$K:$K,_xlpm.idx), _xlpm.desc_array,_xlfn.TEXTSPLIT(_xlpm.desc_2,"；"), _xlpm.array_len,COLUMNS(_xlpm.desc_array), IFERROR(INDEX(_xlpm.desc_array,MIN(RIGHT($A41,1),_xlpm.array_len)),"") )} -> 守护符 | E41: =_xlfn.LET(_xlpm._asset,"relic_layout", _xlfn.CONCAT(_xlpm._asset,"[",_xlpm._asset,"_",$F41,"]")) -> relic_layout[relic_layout_9] | F41: 9 | G41: =IF($A41<>"","relic_desc_"&$A41,"") -> relic_desc_300072 | H41: 所有设备 护甲 + 20 | J41: Relic_Modify_Variable | K41: parm_int[0] = 护甲增加值。 | L41: 20 | M41: global_armor_add | N41: =ROUND(POWER(O41,(5-T41)/5),0) -> 4 | O41: 5 | P41: TRUE | T41: 1 | U41: =ROUND(V41*POWER(W41,T41),0) -> 15 | V41: 6.7 | W41: 2.25
A42: 300073 | B42: =IF(A42<>"","relic_name_"&IF(C42,LEFT($A42,LEN($A42)-1),$A42),"") -> relic_name_30007 | C42: TRUE | D42: {=_xlfn.LET( _xlpm.idx,MATCH(relic!$M42,'-id 配置说明'!$A:$A,0), _xlpm.desc_1,INDEX('-id 配置说明'!$J:$J,_xlpm.idx), _xlpm.desc_2,INDEX('-id 配置说明'!$K:$K,_xlpm.idx), _xlpm.desc_array,_xlfn.TEXTSPLIT(_xlpm.desc_2,"；"), _xlpm.array_len,COLUMNS(_xlpm.desc_array), IFERROR(INDEX(_xlpm.desc_array,MIN(RIGHT($A42,1),_xlpm.array_len)),"") )} -> 守护符 | E42: =_xlfn.LET(_xlpm._asset,"relic_layout", _xlfn.CONCAT(_xlpm._asset,"[",_xlpm._asset,"_",$F42,"]")) -> relic_layout[relic_layout_9] | F42: 9 | G42: =IF($A42<>"","relic_desc_"&$A42,"") -> relic_desc_300073 | H42: 所有设备 护甲 + 40 | J42: Relic_Modify_Variable | K42: parm_int[0] = 护甲增加值。 | L42: 40 | M42: global_armor_add | N42: =ROUND(POWER(O42,(5-T42)/5),0) -> 3 | O42: 5 | P42: TRUE | T42: 2 | U42: =ROUND(V42*POWER(W42,T42),0) -> 34 | V42: 6.7 | W42: 2.25
A43: 300074 | B43: =IF(A43<>"","relic_name_"&IF(C43,LEFT($A43,LEN($A43)-1),$A43),"") -> relic_name_30007 | C43: TRUE | D43: {=_xlfn.LET( _xlpm.idx,MATCH(relic!$M43,'-id 配置说明'!$A:$A,0), _xlpm.desc_1,INDEX('-id 配置说明'!$J:$J,_xlpm.idx), _xlpm.desc_2,INDEX('-id 配置说明'!$K:$K,_xlpm.idx), _xlpm.desc_array,_xlfn.TEXTSPLIT(_xlpm.desc_2,"；"), _xlpm.array_len,COLUMNS(_xlpm.desc_array), IFERROR(INDEX(_xlpm.desc_array,MIN(RIGHT($A43,1),_xlpm.array_len)),"") )} -> 守护符 | E43: =_xlfn.LET(_xlpm._asset,"relic_layout", _xlfn.CONCAT(_xlpm._asset,"[",_xlpm._asset,"_",$F43,"]")) -> relic_layout[relic_layout_9] | F43: 9 | G43: =IF($A43<>"","relic_desc_"&$A43,"") -> relic_desc_300074 | H43: 所有设备 护甲 + 80 | J43: Relic_Modify_Variable | K43: parm_int[0] = 护甲增加值。 | L43: 80 | M43: global_armor_add | N43: =ROUND(POWER(O43,(5-T43)/5),0) -> 2 | O43: 5 | P43: TRUE | T43: 3 | U43: =ROUND(V43*POWER(W43,T43),0) -> 76 | V43: 6.7 | W43: 2.25
D44: {=_xlfn.LET( _xlpm.idx,MATCH(relic!$M44,'-id 配置说明'!$A:$A,0), _xlpm.desc_1,INDEX('-id 配置说明'!$J:$J,_xlpm.idx), _xlpm.desc_2,INDEX('-id 配置说明'!$K:$K,_xlpm.idx), _xlpm.desc_array,_xlfn.TEXTSPLIT(_xlpm.desc_2,"；"), _xlpm.array_len,COLUMNS(_xlpm.desc_array), IFERROR(INDEX(_xlpm.desc_array,MIN(RIGHT($A44,1),_xlpm.array_len)),"") )} | G44: =IF($A44<>"","relic_desc_"&$A44,"") | P44: =IF($A44>0,TRUE,"")
A45: 300081 | B45: =IF(A45<>"","relic_name_"&IF(C45,LEFT($A45,LEN($A45)-1),$A45),"") -> relic_name_30008 | C45: TRUE | D45: {=_xlfn.LET( _xlpm.idx,MATCH(relic!$M45,'-id 配置说明'!$A:$A,0), _xlpm.desc_1,INDEX('-id 配置说明'!$J:$J,_xlpm.idx), _xlpm.desc_2,INDEX('-id 配置说明'!$K:$K,_xlpm.idx), _xlpm.desc_array,_xlfn.TEXTSPLIT(_xlpm.desc_2,"；"), _xlpm.array_len,COLUMNS(_xlpm.desc_array), IFERROR(INDEX(_xlpm.desc_array,MIN(RIGHT($A45,1),_xlpm.array_len)),"") )} -> 文护符 | E45: =_xlfn.LET(_xlpm._asset,"relic_layout", _xlfn.CONCAT(_xlpm._asset,"[",_xlpm._asset,"_",$F45,"]")) -> relic_layout[relic_layout_10] | F45: 10 | G45: =IF($A45<>"","relic_desc_"&$A45,"") -> relic_desc_300081 | H45: {=_xlfn.LET(_xlpm._manual_info,$I45:$I48, IF(_xlpm._manual_info<>"",_xlpm._manual_info,_xlfn.LET( _xlpm._parm_key,$M45, _xlpm._parm_value,$L45:$L48, _xlpm._desc,_xlfn.XLOOKUP(_xlpm._parm_key,'-id 配置说明'!$A:$A,'-id 配置说明'!$F:$F), _xlpm._tp,_xlfn.XLOOKUP(_xlpm._parm_key,'-id 配置说明'!$A:$A,'-id 配置说明'!$B:$B), _xlpm._expr,INDEX(_xlfn.TEXTSPLIT(_xlpm._desc," = "),2)&" + "&_xlfn.SWITCH(_xlpm._tp,"pts",TEXT(_xlpm._parm_value/1000,"0%"),"add",_xlpm._parm_value), IFERROR(_xlpm._expr,"") )) )} -> 所有设备 耐久 + 15% | J45: Relic_Modify_Variable | K45: parm_int[0] = 耐久增加值，百分比的千分比。 | L45: 150 | M45: global_hp_pts | N45: =ROUND(POWER(O45,(5-T45)/5),0) -> 9 | O45: 9 | P45: TRUE | T45: 0 | U45: =ROUND(V45*POWER(W45,T45),0) -> 7 | V45: 6.68 | W45: 2.25
A46: 300082 | B46: =IF(A46<>"","relic_name_"&IF(C46,LEFT($A46,LEN($A46)-1),$A46),"") -> relic_name_30008 | C46: TRUE | D46: {=_xlfn.LET( _xlpm.idx,MATCH(relic!$M46,'-id 配置说明'!$A:$A,0), _xlpm.desc_1,INDEX('-id 配置说明'!$J:$J,_xlpm.idx), _xlpm.desc_2,INDEX('-id 配置说明'!$K:$K,_xlpm.idx), _xlpm.desc_array,_xlfn.TEXTSPLIT(_xlpm.desc_2,"；"), _xlpm.array_len,COLUMNS(_xlpm.desc_array), IFERROR(INDEX(_xlpm.desc_array,MIN(RIGHT($A46,1),_xlpm.array_len)),"") )} -> 文护符 | E46: =_xlfn.LET(_xlpm._asset,"relic_layout", _xlfn.CONCAT(_xlpm._asset,"[",_xlpm._asset,"_",$F46,"]")) -> relic_layout[relic_layout_10] | F46: 10 | G46: =IF($A46<>"","relic_desc_"&$A46,"") -> relic_desc_300082 | H46: 所有设备 耐久 + 25% | J46: Relic_Modify_Variable | K46: parm_int[0] = 耐久增加值，百分比的千分比。 | L46: 250 | M46: global_hp_pts | N46: =ROUND(POWER(O46,(5-T46)/5),0) -> 6 | O46: 9 | P46: TRUE | T46: 1 | U46: =ROUND(V46*POWER(W46,T46),0) -> 15 | V46: 6.68 | W46: 2.25
A47: 300083 | B47: =IF(A47<>"","relic_name_"&IF(C47,LEFT($A47,LEN($A47)-1),$A47),"") -> relic_name_30008 | C47: TRUE | D47: {=_xlfn.LET( _xlpm.idx,MATCH(relic!$M47,'-id 配置说明'!$A:$A,0), _xlpm.desc_1,INDEX('-id 配置说明'!$J:$J,_xlpm.idx), _xlpm.desc_2,INDEX('-id 配置说明'!$K:$K,_xlpm.idx), _xlpm.desc_array,_xlfn.TEXTSPLIT(_xlpm.desc_2,"；"), _xlpm.array_len,COLUMNS(_xlpm.desc_array), IFERROR(INDEX(_xlpm.desc_array,MIN(RIGHT($A47,1),_xlpm.array_len)),"") )} -> 文护符 | E47: =_xlfn.LET(_xlpm._asset,"relic_layout", _xlfn.CONCAT(_xlpm._asset,"[",_xlpm._asset,"_",$F47,"]")) -> relic_layout[relic_layout_10] | F47: 10 | G47: =IF($A47<>"","relic_desc_"&$A47,"") -> relic_desc_300083 | H47: 所有设备 耐久 + 40% | J47: Relic_Modify_Variable | K47: parm_int[0] = 耐久增加值，百分比的千分比。 | L47: 400 | M47: global_hp_pts | N47: =ROUND(POWER(O47,(5-T47)/5),0) -> 4 | O47: 9 | P47: TRUE | T47: 2 | U47: =ROUND(V47*POWER(W47,T47),0) -> 34 | V47: 6.68 | W47: 2.25
A48: 300084 | B48: =IF(A48<>"","relic_name_"&IF(C48,LEFT($A48,LEN($A48)-1),$A48),"") -> relic_name_30008 | C48: TRUE | D48: {=_xlfn.LET( _xlpm.idx,MATCH(relic!$M48,'-id 配置说明'!$A:$A,0), _xlpm.desc_1,INDEX('-id 配置说明'!$J:$J,_xlpm.idx), _xlpm.desc_2,INDEX('-id 配置说明'!$K:$K,_xlpm.idx), _xlpm.desc_array,_xlfn.TEXTSPLIT(_xlpm.desc_2,"；"), _xlpm.array_len,COLUMNS(_xlpm.desc_array), IFERROR(INDEX(_xlpm.desc_array,MIN(RIGHT($A48,1),_xlpm.array_len)),"") )} -> 文护符 | E48: =_xlfn.LET(_xlpm._asset,"relic_layout", _xlfn.CONCAT(_xlpm._asset,"[",_xlpm._asset,"_",$F48,"]")) -> relic_layout[relic_layout_10] | F48: 10 | G48: =IF($A48<>"","relic_desc_"&$A48,"") -> relic_desc_300084 | H48: 所有设备 耐久 + 70% | J48: Relic_Modify_Variable | K48: parm_int[0] = 耐久增加值，百分比的千分比。 | L48: 700 | M48: global_hp_pts | N48: =ROUND(POWER(O48,(5-T48)/5),0) -> 2 | O48: 9 | P48: TRUE | T48: 3 | U48: =ROUND(V48*POWER(W48,T48),0) -> 76 | V48: 6.68 | W48: 2.25
B49: =IF(A49<>"","relic_name_"&$A49,"") | D49: {=_xlfn.LET( _xlpm.idx,MATCH(relic!$M49,'-id 配置说明'!$A:$A,0), _xlpm.desc_1,INDEX('-id 配置说明'!$J:$J,_xlpm.idx), _xlpm.desc_2,INDEX('-id 配置说明'!$K:$K,_xlpm.idx), _xlpm.desc_array,_xlfn.TEXTSPLIT(_xlpm.desc_2,"；"), _xlpm.array_len,COLUMNS(_xlpm.desc_array), IFERROR(INDEX(_xlpm.desc_array,MIN(RIGHT($A49,1),_xlpm.array_len)),"") )} | G49: =IF($A49<>"","relic_desc_"&$A49,"") | P49: =IF($A49>0,TRUE,"") | U49: =IF(A49<>"",RIGHT(A49)*5,"")
A50: 300091 | B50: =IF(A50<>"","relic_name_"&$A50,"") -> relic_name_300091 | D50: {=_xlfn.LET( _xlpm.idx,MATCH(relic!$M50,'-id 配置说明'!$A:$A,0), _xlpm.desc_1,INDEX('-id 配置说明'!$J:$J,_xlpm.idx), _xlpm.desc_2,INDEX('-id 配置说明'!$K:$K,_xlpm.idx), _xlpm.desc_array,_xlfn.TEXTSPLIT(_xlpm.desc_2,"；"), _xlpm.array_len,COLUMNS(_xlpm.desc_array), IFERROR(INDEX(_xlpm.desc_array,MIN(RIGHT($A50,1),_xlpm.array_len)),"") )} -> 礼护符 | E50: =_xlfn.LET(_xlpm._asset,"relic_layout", _xlfn.CONCAT(_xlpm._asset,"[",_xlpm._asset,"_",$F50,"]")) -> relic_layout[relic_layout_11] | F50: 11 | G50: =IF($A50<>"","relic_desc_"&$A50,"") -> relic_desc_300091 | H50: {=_xlfn.LET(_xlpm._manual_info,$I50:$I52, IF(_xlpm._manual_info<>"",_xlpm._manual_info,_xlfn.LET( _xlpm._parm_key,$M50, _xlpm._parm_value,$L50:$L52, _xlpm._desc,_xlfn.XLOOKUP(_xlpm._parm_key,'-id 配置说明'!$A:$A,'-id 配置说明'!$F:$F), _xlpm._tp,_xlfn.XLOOKUP(_xlpm._parm_key,'-id 配置说明'!$A:$A,'-id 配置说明'!$B:$B), _xlpm._expr,INDEX(_xlfn.TEXTSPLIT(_xlpm._desc," = "),2)&" + "&_xlfn.SWITCH(_xlpm._tp,"pts",TEXT(_xlpm._parm_value/1000,"0%"),"add",_xlpm._parm_value), IFERROR(_xlpm._expr,"") )) )} -> 所有设备 耐久 + 300 | J50: Relic_Modify_Variable | L50: 300 | M50: global_hp_add | N50: =IF($A50>0,5,"") -> 5 | P50: =IF($A50>0,TRUE,"") -> TRUE | S50: =_xlfn.LET(_xlpm.end,IFERROR(VALUE(RIGHT($A50,1)),0), IF(_xlpm.end>1,$A49,"")) | T50: 0 | U50: =IF(A50<>"",RIGHT(A50)*5,"") -> 5
A51: 300092 | B51: =IF(A51<>"","relic_name_"&$A51,"") -> relic_name_300092 | D51: {=_xlfn.LET( _xlpm.idx,MATCH(relic!$M51,'-id 配置说明'!$A:$A,0), _xlpm.desc_1,INDEX('-id 配置说明'!$J:$J,_xlpm.idx), _xlpm.desc_2,INDEX('-id 配置说明'!$K:$K,_xlpm.idx), _xlpm.desc_array,_xlfn.TEXTSPLIT(_xlpm.desc_2,"；"), _xlpm.array_len,COLUMNS(_xlpm.desc_array), IFERROR(INDEX(_xlpm.desc_array,MIN(RIGHT($A51,1),_xlpm.array_len)),"") )} -> 礼护符 | E51: =_xlfn.LET(_xlpm._asset,"relic_layout", _xlfn.CONCAT(_xlpm._asset,"[",_xlpm._asset,"_",$F51,"]")) -> relic_layout[relic_layout_11] | F51: 11 | G51: =IF($A51<>"","relic_desc_"&$A51,"") -> relic_desc_300092 | H51: 所有设备 耐久 + 600 | J51: Relic_Modify_Variable | L51: 600 | M51: global_hp_add | N51: =IF($A51>0,5,"") -> 5 | P51: =IF($A51>0,TRUE,"") -> TRUE | S51: =_xlfn.LET(_xlpm.end,IFERROR(VALUE(RIGHT($A51,1)),0), IF(_xlpm.end>1,$A50,"")) -> 300091 | T51: 1 | U51: =IF(A51<>"",RIGHT(A51)*5,"") -> 10
A52: 300093 | B52: =IF(A52<>"","relic_name_"&$A52,"") -> relic_name_300093 | D52: {=_xlfn.LET( _xlpm.idx,MATCH(relic!$M52,'-id 配置说明'!$A:$A,0), _xlpm.desc_1,INDEX('-id 配置说明'!$J:$J,_xlpm.idx), _xlpm.desc_2,INDEX('-id 配置说明'!$K:$K,_xlpm.idx), _xlpm.desc_array,_xlfn.TEXTSPLIT(_xlpm.desc_2,"；"), _xlpm.array_len,COLUMNS(_xlpm.desc_array), IFERROR(INDEX(_xlpm.desc_array,MIN(RIGHT($A52,1),_xlpm.array_len)),"") )} -> 礼护符 | E52: =_xlfn.LET(_xlpm._asset,"relic_layout", _xlfn.CONCAT(_xlpm._asset,"[",_xlpm._asset,"_",$F52,"]")) -> relic_layout[relic_layout_11] | F52: 11 | G52: =IF($A52<>"","relic_desc_"&$A52,"") -> relic_desc_300093 | H52: 所有设备 耐久 + 1200 | J52: Relic_Modify_Variable | L52: 1200 | M52: global_hp_add | N52: =IF($A52>0,5,"") -> 5 | P52: =IF($A52>0,TRUE,"") -> TRUE | S52: =_xlfn.LET(_xlpm.end,IFERROR(VALUE(RIGHT($A52,1)),0), IF(_xlpm.end>1,$A51,"")) -> 300092 | T52: 2 | U52: =IF(A52<>"",RIGHT(A52)*5,"") -> 15
B53: =IF(A53<>"","relic_name_"&$A53,"") | D53: {=_xlfn.LET( _xlpm.idx,MATCH(relic!$M53,'-id 配置说明'!$A:$A,0), _xlpm.desc_1,INDEX('-id 配置说明'!$J:$J,_xlpm.idx), _xlpm.desc_2,INDEX('-id 配置说明'!$K:$K,_xlpm.idx), _xlpm.desc_array,_xlfn.TEXTSPLIT(_xlpm.desc_2,"；"), _xlpm.array_len,COLUMNS(_xlpm.desc_array), IFERROR(INDEX(_xlpm.desc_array,MIN(RIGHT($A53,1),_xlpm.array_len)),"") )} | G53: =IF($A53<>"","relic_desc_"&$A53,"") | P53: =IF($A53>0,TRUE,"") | S53: =_xlfn.LET(_xlpm.end,IFERROR(VALUE(RIGHT($A53,1)),0), IF(_xlpm.end>1,$A52,"")) | U53: =IF(A53<>"",RIGHT(A53)*5,"")
A54: 301011 | B54: =IF(A54<>"","relic_name_"&IF(C54,LEFT($A54,LEN($A54)-1),$A54),"") -> relic_name_30101 | C54: TRUE | D54: {=_xlfn.LET( _xlpm.idx,MATCH(relic!$M54,'-id 配置说明'!$A:$A,0), _xlpm.desc_1,INDEX('-id 配置说明'!$J:$J,_xlpm.idx), _xlpm.desc_2,INDEX('-id 配置说明'!$K:$K,_xlpm.idx), _xlpm.desc_array,_xlfn.TEXTSPLIT(_xlpm.desc_2,"；"), _xlpm.array_len,COLUMNS(_xlpm.desc_array), IFERROR(INDEX(_xlpm.desc_array,MIN(RIGHT($A54,1),_xlpm.array_len)),"") )} -> 镐子 | E54: =_xlfn.LET(_xlpm._asset,"relic_layout", _xlfn.CONCAT(_xlpm._asset,"[",_xlpm._asset,"_",$F54,"]")) -> relic_layout[relic_layout_40] | F54: 40 | G54: =IF($A54<>"","relic_desc_"&$A54,"") -> relic_desc_301011 | H54: {=_xlfn.LET(_xlpm._manual_info,$I54:$I57, IF(_xlpm._manual_info<>"",_xlpm._manual_info,_xlfn.LET( _xlpm._parm_key,$M54, _xlpm._parm_value,$L54:$L57, _xlpm._desc,_xlfn.XLOOKUP(_xlpm._parm_key,'-id 配置说明'!$A:$A,'-id 配置说明'!$F:$F), _xlpm._tp,_xlfn.XLOOKUP(_xlpm._parm_key,'-id 配置说明'!$A:$A,'-id 配置说明'!$B:$B), _xlpm._expr,INDEX(_xlfn.TEXTSPLIT(_xlpm._desc," = "),2)&" + "&_xlfn.SWITCH(_xlpm._tp,"pts",TEXT(_xlpm._parm_value/1000,"0%"),"add",_xlpm._parm_value), IFERROR(_xlpm._expr,"") )) )} -> 近战武器 伤害 + 20% | J54: Relic_Modify_Variable | K54: parm_int[0] = 伤害增加值，千分比。 | L54: 200 | M54: melee_atk_pts | N54: =ROUND(POWER(O54,(5-T54)/5),0) -> 15 | O54: 15 | P54: =IF($A54>0,TRUE,"") -> TRUE | T54: 0 | U54: =ROUND(V54*POWER(W54,T54),0) -> 7 | V54: 7 | W54: 2.32
A55: 301012 | B55: =IF(A55<>"","relic_name_"&IF(C55,LEFT($A55,LEN($A55)-1),$A55),"") -> relic_name_30101 | C55: TRUE | D55: {=_xlfn.LET( _xlpm.idx,MATCH(relic!$M55,'-id 配置说明'!$A:$A,0), _xlpm.desc_1,INDEX('-id 配置说明'!$J:$J,_xlpm.idx), _xlpm.desc_2,INDEX('-id 配置说明'!$K:$K,_xlpm.idx), _xlpm.desc_array,_xlfn.TEXTSPLIT(_xlpm.desc_2,"；"), _xlpm.array_len,COLUMNS(_xlpm.desc_array), IFERROR(INDEX(_xlpm.desc_array,MIN(RIGHT($A55,1),_xlpm.array_len)),"") )} -> 镐子 | E55: =_xlfn.LET(_xlpm._asset,"relic_layout", _xlfn.CONCAT(_xlpm._asset,"[",_xlpm._asset,"_",$F55,"]")) -> relic_layout[relic_layout_40] | F55: 40 | G55: =IF($A55<>"","relic_desc_"&$A55,"") -> relic_desc_301012 | H55: 近战武器 伤害 + 40% | J55: Relic_Modify_Variable | K55: parm_int[0] = 伤害增加值，千分比。 | L55: 400 | M55: melee_atk_pts | N55: =ROUND(POWER(O55,(5-T55)/5),0) -> 9 | O55: 15 | P55: =IF($A55>0,TRUE,"") -> TRUE | T55: 1 | U55: =ROUND(V55*POWER(W55,T55),0) -> 16 | V55: 7 | W55: 2.32
A56: 301013 | B56: =IF(A56<>"","relic_name_"&IF(C56,LEFT($A56,LEN($A56)-1),$A56),"") -> relic_name_30101 | C56: TRUE | D56: {=_xlfn.LET( _xlpm.idx,MATCH(relic!$M56,'-id 配置说明'!$A:$A,0), _xlpm.desc_1,INDEX('-id 配置说明'!$J:$J,_xlpm.idx), _xlpm.desc_2,INDEX('-id 配置说明'!$K:$K,_xlpm.idx), _xlpm.desc_array,_xlfn.TEXTSPLIT(_xlpm.desc_2,"；"), _xlpm.array_len,COLUMNS(_xlpm.desc_array), IFERROR(INDEX(_xlpm.desc_array,MIN(RIGHT($A56,1),_xlpm.array_len)),"") )} -> 镐子 | E56: =_xlfn.LET(_xlpm._asset,"relic_layout", _xlfn.CONCAT(_xlpm._asset,"[",_xlpm._asset,"_",$F56,"]")) -> relic_layout[relic_layout_40] | F56: 40 | G56: =IF($A56<>"","relic_desc_"&$A56,"") -> relic_desc_301013 | H56: 近战武器 伤害 + 80% | J56: Relic_Modify_Variable | K56: parm_int[0] = 伤害增加值，千分比。 | L56: 800 | M56: melee_atk_pts | N56: =ROUND(POWER(O56,(5-T56)/5),0) -> 5 | O56: 15 | P56: =IF($A56>0,TRUE,"") -> TRUE | T56: 2 | U56: =ROUND(V56*POWER(W56,T56),0) -> 38 | V56: 7 | W56: 2.32
A57: 301014 | B57: =IF(A57<>"","relic_name_"&IF(C57,LEFT($A57,LEN($A57)-1),$A57),"") -> relic_name_30101 | C57: TRUE | D57: {=_xlfn.LET( _xlpm.idx,MATCH(relic!$M57,'-id 配置说明'!$A:$A,0), _xlpm.desc_1,INDEX('-id 配置说明'!$J:$J,_xlpm.idx), _xlpm.desc_2,INDEX('-id 配置说明'!$K:$K,_xlpm.idx), _xlpm.desc_array,_xlfn.TEXTSPLIT(_xlpm.desc_2,"；"), _xlpm.array_len,COLUMNS(_xlpm.desc_array), IFERROR(INDEX(_xlpm.desc_array,MIN(RIGHT($A57,1),_xlpm.array_len)),"") )} -> 镐子 | E57: =_xlfn.LET(_xlpm._asset,"relic_layout", _xlfn.CONCAT(_xlpm._asset,"[",_xlpm._asset,"_",$F57,"]")) -> relic_layout[relic_layout_40] | F57: 40 | G57: =IF($A57<>"","relic_desc_"&$A57,"") -> relic_desc_301014 | H57: 近战武器 伤害 + 160% | J57: Relic_Modify_Variable | K57: parm_int[0] = 伤害增加值，千分比。 | L57: 1600 | M57: melee_atk_pts | N57: =ROUND(POWER(O57,(5-T57)/5),0) -> 3 | O57: 15 | P57: =IF($A57>0,TRUE,"") -> TRUE | T57: 3 | U57: =ROUND(V57*POWER(W57,T57),0) -> 87 | V57: 7 | W57: 2.32
B58: =IF(A58<>"","relic_name_"&$A58,"") | D58: {=_xlfn.LET( _xlpm.idx,MATCH(relic!$M58,'-id 配置说明'!$A:$A,0), _xlpm.desc_1,INDEX('-id 配置说明'!$J:$J,_xlpm.idx), _xlpm.desc_2,INDEX('-id 配置说明'!$K:$K,_xlpm.idx), _xlpm.desc_array,_xlfn.TEXTSPLIT(_xlpm.desc_2,"；"), _xlpm.array_len,COLUMNS(_xlpm.desc_array), IFERROR(INDEX(_xlpm.desc_array,MIN(RIGHT($A58,1),_xlpm.array_len)),"") )} | G58: =IF($A58<>"","relic_desc_"&$A58,"") | N58: =IF($A58>0,5,"") | P58: =IF($A58>0,TRUE,"") | S58: =_xlfn.LET(_xlpm.end,IFERROR(VALUE(RIGHT($A58,1)),0), IF(_xlpm.end>1,$A56,"")) | U58: =IF(A58<>"",RIGHT(A58)*5,"")
A59: 301021 | B59: =IF(A59<>"","relic_name_"&$A59,"") -> relic_name_301021 | D59: {=_xlfn.LET( _xlpm.idx,MATCH(relic!$M59,'-id 配置说明'!$A:$A,0), _xlpm.desc_1,INDEX('-id 配置说明'!$J:$J,_xlpm.idx), _xlpm.desc_2,INDEX('-id 配置说明'!$K:$K,_xlpm.idx), _xlpm.desc_array,_xlfn.TEXTSPLIT(_xlpm.desc_2,"；"), _xlpm.array_len,COLUMNS(_xlpm.desc_array), IFERROR(INDEX(_xlpm.desc_array,MIN(RIGHT($A59,1),_xlpm.array_len)),"") )} -> 锄头 | E59: =IF($F59<>"",_xlfn.CONCAT("relic_icons[relic_layout_",$F59,"]"),"") -> relic_icons[relic_layout_30] | F59: 30 | G59: =IF($A59<>"","relic_desc_"&$A59,"") -> relic_desc_301021 | H59: {=_xlfn.LET(_xlpm._manual_info,$I59:$I61, IF(_xlpm._manual_info<>"",_xlpm._manual_info,_xlfn.LET( _xlpm._parm_key,$M59, _xlpm._parm_value,$L59:$L61, _xlpm._desc,_xlfn.XLOOKUP(_xlpm._parm_key,'-id 配置说明'!$A:$A,'-id 配置说明'!$F:$F), _xlpm._tp,_xlfn.XLOOKUP(_xlpm._parm_key,'-id 配置说明'!$A:$A,'-id 配置说明'!$B:$B), _xlpm._expr,INDEX(_xlfn.TEXTSPLIT(_xlpm._desc," = "),2)&" + "&_xlfn.SWITCH(_xlpm._tp,"pts",TEXT(_xlpm._parm_value/1000,"0%"),"add",_xlpm._parm_value), IFERROR(_xlpm._expr,"") )) )} -> 近战武器 伤害 + 2 | J59: Relic_Modify_Variable | L59: 2 | M59: melee_atk_add | N59: =IF($A59>0,5,"") -> 5 | P59: =IF($A59>0,TRUE,"") -> TRUE | S59: =_xlfn.LET(_xlpm.end,IFERROR(VALUE(RIGHT($A59,1)),0), IF(_xlpm.end>1,$A58,"")) | T59: -1 | U59: =IF(A59<>"",RIGHT(A59)*5,"") -> 5
A60: 301022 | B60: =IF(A60<>"","relic_name_"&$A60,"") -> relic_name_301022 | D60: {=_xlfn.LET( _xlpm.idx,MATCH(relic!$M60,'-id 配置说明'!$A:$A,0), _xlpm.desc_1,INDEX('-id 配置说明'!$J:$J,_xlpm.idx), _xlpm.desc_2,INDEX('-id 配置说明'!$K:$K,_xlpm.idx), _xlpm.desc_array,_xlfn.TEXTSPLIT(_xlpm.desc_2,"；"), _xlpm.array_len,COLUMNS(_xlpm.desc_array), IFERROR(INDEX(_xlpm.desc_array,MIN(RIGHT($A60,1),_xlpm.array_len)),"") )} -> 锄头 | E60: =IF($F60<>"",_xlfn.CONCAT("relic_icons[relic_layout_",$F60,"]"),"") -> relic_icons[relic_layout_31] | F60: 31 | G60: =IF($A60<>"","relic_desc_"&$A60,"") -> relic_desc_301022 | H60: 近战武器 伤害 + 4 | J60: Relic_Modify_Variable | L60: 4 | M60: melee_atk_add | N60: =IF($A60>0,5,"") -> 5 | P60: =IF($A60>0,TRUE,"") -> TRUE | S60: =_xlfn.LET(_xlpm.end,IFERROR(VALUE(RIGHT($A60,1)),0), IF(_xlpm.end>1,$A59,"")) -> 301021 | T60: -1 | U60: =IF(A60<>"",RIGHT(A60)*5,"") -> 10
A61: 301023 | B61: =IF(A61<>"","relic_name_"&$A61,"") -> relic_name_301023 | D61: {=_xlfn.LET( _xlpm.idx,MATCH(relic!$M61,'-id 配置说明'!$A:$A,0), _xlpm.desc_1,INDEX('-id 配置说明'!$J:$J,_xlpm.idx), _xlpm.desc_2,INDEX('-id 配置说明'!$K:$K,_xlpm.idx), _xlpm.desc_array,_xlfn.TEXTSPLIT(_xlpm.desc_2,"；"), _xlpm.array_len,COLUMNS(_xlpm.desc_array), IFERROR(INDEX(_xlpm.desc_array,MIN(RIGHT($A61,1),_xlpm.array_len)),"") )} -> 锄头 | E61: =IF($F61<>"",_xlfn.CONCAT("relic_icons[relic_layout_",$F61,"]"),"") -> relic_icons[relic_layout_32] | F61: 32 | G61: =IF($A61<>"","relic_desc_"&$A61,"") -> relic_desc_301023 | H61: 近战武器 伤害 + 6 | J61: Relic_Modify_Variable | L61: 6 | M61: melee_atk_add | N61: =IF($A61>0,5,"") -> 5 | P61: =IF($A61>0,TRUE,"") -> TRUE | S61: =_xlfn.LET(_xlpm.end,IFERROR(VALUE(RIGHT($A61,1)),0), IF(_xlpm.end>1,$A60,"")) -> 301022 | T61: -1 | U61: =IF(A61<>"",RIGHT(A61)*5,"") -> 15
B62: =IF(A62<>"","relic_name_"&$A62,"") | D62: {=_xlfn.LET( _xlpm.idx,MATCH(relic!$M62,'-id 配置说明'!$A:$A,0), _xlpm.desc_1,INDEX('-id 配置说明'!$J:$J,_xlpm.idx), _xlpm.desc_2,INDEX('-id 配置说明'!$K:$K,_xlpm.idx), _xlpm.desc_array,_xlfn.TEXTSPLIT(_xlpm.desc_2,"；"), _xlpm.array_len,COLUMNS(_xlpm.desc_array), IFERROR(INDEX(_xlpm.desc_array,MIN(RIGHT($A62,1),_xlpm.array_len)),"") )} | G62: =IF($A62<>"","relic_desc_"&$A62,"") | N62: =IF($A62>0,5,"") | P62: =IF($A62>0,TRUE,"") | S62: =_xlfn.LET(_xlpm.end,IFERROR(VALUE(RIGHT($A62,1)),0), IF(_xlpm.end>1,$A61,"")) | U62: =IF(A62<>"",RIGHT(A62)*5,"")
A63: 301031 | B63: =IF(A63<>"","relic_name_"&IF(C63,LEFT($A63,LEN($A63)-1),$A63),"") -> relic_name_30103 | C63: TRUE | D63: {=_xlfn.LET( _xlpm.idx,MATCH(relic!$M63,'-id 配置说明'!$A:$A,0), _xlpm.desc_1,INDEX('-id 配置说明'!$J:$J,_xlpm.idx), _xlpm.desc_2,INDEX('-id 配置说明'!$K:$K,_xlpm.idx), _xlpm.desc_array,_xlfn.TEXTSPLIT(_xlpm.desc_2,"；"), _xlpm.array_len,COLUMNS(_xlpm.desc_array), IFERROR(INDEX(_xlpm.desc_array,MIN(RIGHT($A63,1),_xlpm.array_len)),"") )} -> 斧头 | E63: =_xlfn.LET(_xlpm._asset,"relic_layout", _xlfn.CONCAT(_xlpm._asset,"[",_xlpm._asset,"_",$F63,"]")) -> relic_layout[relic_layout_42] | F63: 42 | G63: =IF($A63<>"","relic_desc_"&$A63,"") -> relic_desc_301031 | H63: {=_xlfn.LET(_xlpm._manual_info,$I63:$I66, IF(_xlpm._manual_info<>"",_xlpm._manual_info,_xlfn.LET( _xlpm._parm_key,$M63, _xlpm._parm_value,$L63:$L66, _xlpm._desc,_xlfn.XLOOKUP(_xlpm._parm_key,'-id 配置说明'!$A:$A,'-id 配置说明'!$F:$F), _xlpm._tp,_xlfn.XLOOKUP(_xlpm._parm_key,'-id 配置说明'!$A:$A,'-id 配置说明'!$B:$B), _xlpm._expr,INDEX(_xlfn.TEXTSPLIT(_xlpm._desc," = "),2)&" + "&_xlfn.SWITCH(_xlpm._tp,"pts",TEXT(_xlpm._parm_value/1000,"0%"),"add",_xlpm._parm_value), IFERROR(_xlpm._expr,"") )) )} -> 近战武器 暴击几率 + 5% | J63: Relic_Modify_Variable | K63: parm_int[0] = 暴击率增加值，千分比。 | L63: 50 | M63: melee_critical_chance | N63: =ROUND(POWER(O63,(5-T63)/5),0) -> 4 | O63: 4 | P63: TRUE | T63: 0 | U63: =ROUND(V63*POWER(W63,T63),0) -> 9 | V63: 8.5 | W63: 2.32
A64: 301032 | B64: =IF(A64<>"","relic_name_"&IF(C64,LEFT($A64,LEN($A64)-1),$A64),"") -> relic_name_30103 | C64: TRUE | D64: {=_xlfn.LET( _xlpm.idx,MATCH(relic!$M64,'-id 配置说明'!$A:$A,0), _xlpm.desc_1,INDEX('-id 配置说明'!$J:$J,_xlpm.idx), _xlpm.desc_2,INDEX('-id 配置说明'!$K:$K,_xlpm.idx), _xlpm.desc_array,_xlfn.TEXTSPLIT(_xlpm.desc_2,"；"), _xlpm.array_len,COLUMNS(_xlpm.desc_array), IFERROR(INDEX(_xlpm.desc_array,MIN(RIGHT($A64,1),_xlpm.array_len)),"") )} -> 斧头 | E64: =_xlfn.LET(_xlpm._asset,"relic_layout", _xlfn.CONCAT(_xlpm._asset,"[",_xlpm._asset,"_",$F64,"]")) -> relic_layout[relic_layout_42] | F64: 42 | G64: =IF($A64<>"","relic_desc_"&$A64,"") -> relic_desc_301032 | H64: 近战武器 暴击几率 + 8% | J64: Relic_Modify_Variable | K64: parm_int[0] = 暴击率增加值，千分比。 | L64: 80 | M64: melee_critical_chance | N64: =ROUND(POWER(O64,(5-T64)/5),0) -> 3 | O64: 4 | P64: TRUE | T64: 1 | U64: =ROUND(V64*POWER(W64,T64),0) -> 20 | V64: 8.5 | W64: 2.32
A65: 301033 | B65: =IF(A65<>"","relic_name_"&IF(C65,LEFT($A65,LEN($A65)-1),$A65),"") -> relic_name_30103 | C65: TRUE | D65: {=_xlfn.LET( _xlpm.idx,MATCH(relic!$M65,'-id 配置说明'!$A:$A,0), _xlpm.desc_1,INDEX('-id 配置说明'!$J:$J,_xlpm.idx), _xlpm.desc_2,INDEX('-id 配置说明'!$K:$K,_xlpm.idx), _xlpm.desc_array,_xlfn.TEXTSPLIT(_xlpm.desc_2,"；"), _xlpm.array_len,COLUMNS(_xlpm.desc_array), IFERROR(INDEX(_xlpm.desc_array,MIN(RIGHT($A65,1),_xlpm.array_len)),"") )} -> 斧头 | E65: =_xlfn.LET(_xlpm._asset,"relic_layout", _xlfn.CONCAT(_xlpm._asset,"[",_xlpm._asset,"_",$F65,"]")) -> relic_layout[relic_layout_42] | F65: 42 | G65: =IF($A65<>"","relic_desc_"&$A65,"") -> relic_desc_301033 | H65: 近战武器 暴击几率 + 12% | J65: Relic_Modify_Variable | K65: parm_int[0] = 暴击率增加值，千分比。 | L65: 120 | M65: melee_critical_chance | N65: =ROUND(POWER(O65,(5-T65)/5),0) -> 2 | O65: 4 | P65: TRUE | T65: 2 | U65: =ROUND(V65*POWER(W65,T65),0) -> 46 | V65: 8.5 | W65: 2.32
A66: 301034 | B66: =IF(A66<>"","relic_name_"&IF(C66,LEFT($A66,LEN($A66)-1),$A66),"") -> relic_name_30103 | C66: TRUE | D66: {=_xlfn.LET( _xlpm.idx,MATCH(relic!$M66,'-id 配置说明'!$A:$A,0), _xlpm.desc_1,INDEX('-id 配置说明'!$J:$J,_xlpm.idx), _xlpm.desc_2,INDEX('-id 配置说明'!$K:$K,_xlpm.idx), _xlpm.desc_array,_xlfn.TEXTSPLIT(_xlpm.desc_2,"；"), _xlpm.array_len,COLUMNS(_xlpm.desc_array), IFERROR(INDEX(_xlpm.desc_array,MIN(RIGHT($A66,1),_xlpm.array_len)),"") )} -> 斧头 | E66: =_xlfn.LET(_xlpm._asset,"relic_layout", _xlfn.CONCAT(_xlpm._asset,"[",_xlpm._asset,"_",$F66,"]")) -> relic_layout[relic_layout_42] | F66: 42 | G66: =IF($A66<>"","relic_desc_"&$A66,"") -> relic_desc_301034 | H66: 近战武器 暴击几率 + 18% | J66: Relic_Modify_Variable | K66: parm_int[0] = 暴击率增加值，千分比。 | L66: 180 | M66: melee_critical_chance | N66: =ROUND(POWER(O66,(5-T66)/5),0) -> 2 | O66: 4 | P66: TRUE | T66: 3 | U66: =ROUND(V66*POWER(W66,T66),0) -> 106 | V66: 8.5 | W66: 2.32
D67: {=_xlfn.LET( _xlpm.idx,MATCH(relic!$M67,'-id 配置说明'!$A:$A,0), _xlpm.desc_1,INDEX('-id 配置说明'!$J:$J,_xlpm.idx), _xlpm.desc_2,INDEX('-id 配置说明'!$K:$K,_xlpm.idx), _xlpm.desc_array,_xlfn.TEXTSPLIT(_xlpm.desc_2,"；"), _xlpm.array_len,COLUMNS(_xlpm.desc_array), IFERROR(INDEX(_xlpm.desc_array,MIN(RIGHT($A67,1),_xlpm.array_len)),"") )} | G67: =IF($A67<>"","relic_desc_"&$A67,"") | P67: =IF($A67>0,TRUE,"")
A68: 301041 | B68: =IF(A68<>"","relic_name_"&IF(C68,LEFT($A68,LEN($A68)-1),$A68),"") -> relic_name_30104 | C68: TRUE | D68: {=_xlfn.LET( _xlpm.idx,MATCH(relic!$M68,'-id 配置说明'!$A:$A,0), _xlpm.desc_1,INDEX('-id 配置说明'!$J:$J,_xlpm.idx), _xlpm.desc_2,INDEX('-id 配置说明'!$K:$K,_xlpm.idx), _xlpm.desc_array,_xlfn.TEXTSPLIT(_xlpm.desc_2,"；"), _xlpm.array_len,COLUMNS(_xlpm.desc_array), IFERROR(INDEX(_xlpm.desc_array,MIN(RIGHT($A68,1),_xlpm.array_len)),"") )} -> 扳手 | E68: =_xlfn.LET(_xlpm._asset,"relic_layout", _xlfn.CONCAT(_xlpm._asset,"[",_xlpm._asset,"_",$F68,"]")) -> relic_layout[relic_layout_43] | F68: 43 | G68: =IF($A68<>"","relic_desc_"&$A68,"") -> relic_desc_301041 | H68: {=_xlfn.LET(_xlpm._manual_info,$I68:$I71, IF(_xlpm._manual_info<>"",_xlpm._manual_info,_xlfn.LET( _xlpm._parm_key,$M68, _xlpm._parm_value,$L68:$L71, _xlpm._desc,_xlfn.XLOOKUP(_xlpm._parm_key,'-id 配置说明'!$A:$A,'-id 配置说明'!$F:$F), _xlpm._tp,_xlfn.XLOOKUP(_xlpm._parm_key,'-id 配置说明'!$A:$A,'-id 配置说明'!$B:$B), _xlpm._expr,INDEX(_xlfn.TEXTSPLIT(_xlpm._desc," = "),2)&" + "&_xlfn.SWITCH(_xlpm._tp,"pts",TEXT(_xlpm._parm_value/1000,"0%"),"add",_xlpm._parm_value), IFERROR(_xlpm._expr,"") )) )} -> 近战武器 暴击伤害 + 15% | J68: Relic_Modify_Variable | K68: parm_int[0] = 暴击伤害增加值，千分比。 | L68: 150 | M68: melee_critical_dmg_rate | N68: =ROUND(POWER(O68,(5-T68)/5),0) -> 6 | O68: 6 | P68: TRUE | T68: 0 | U68: =ROUND(V68*POWER(W68,T68),0) -> 8 | V68: 8.1 | W68: 2.32
A69: 301042 | B69: =IF(A69<>"","relic_name_"&IF(C69,LEFT($A69,LEN($A69)-1),$A69),"") -> relic_name_30104 | C69: TRUE | D69: {=_xlfn.LET( _xlpm.idx,MATCH(relic!$M69,'-id 配置说明'!$A:$A,0), _xlpm.desc_1,INDEX('-id 配置说明'!$J:$J,_xlpm.idx), _xlpm.desc_2,INDEX('-id 配置说明'!$K:$K,_xlpm.idx), _xlpm.desc_array,_xlfn.TEXTSPLIT(_xlpm.desc_2,"；"), _xlpm.array_len,COLUMNS(_xlpm.desc_array), IFERROR(INDEX(_xlpm.desc_array,MIN(RIGHT($A69,1),_xlpm.array_len)),"") )} -> 扳手 | E69: =_xlfn.LET(_xlpm._asset,"relic_layout", _xlfn.CONCAT(_xlpm._asset,"[",_xlpm._asset,"_",$F69,"]")) -> relic_layout[relic_layout_43] | F69: 43 | G69: =IF($A69<>"","relic_desc_"&$A69,"") -> relic_desc_301042 | H69: 近战武器 暴击伤害 + 30% | J69: Relic_Modify_Variable | K69: parm_int[0] = 暴击伤害增加值，千分比。 | L69: 300 | M69: melee_critical_dmg_rate | N69: =ROUND(POWER(O69,(5-T69)/5),0) -> 4 | O69: 6 | P69: TRUE | T69: 1 | U69: =ROUND(V69*POWER(W69,T69),0) -> 19 | V69: 8.1 | W69: 2.32
A70: 301043 | B70: =IF(A70<>"","relic_name_"&IF(C70,LEFT($A70,LEN($A70)-1),$A70),"") -> relic_name_30104 | C70: TRUE | D70: {=_xlfn.LET( _xlpm.idx,MATCH(relic!$M70,'-id 配置说明'!$A:$A,0), _xlpm.desc_1,INDEX('-id 配置说明'!$J:$J,_xlpm.idx), _xlpm.desc_2,INDEX('-id 配置说明'!$K:$K,_xlpm.idx), _xlpm.desc_array,_xlfn.TEXTSPLIT(_xlpm.desc_2,"；"), _xlpm.array_len,COLUMNS(_xlpm.desc_array), IFERROR(INDEX(_xlpm.desc_array,MIN(RIGHT($A70,1),_xlpm.array_len)),"") )} -> 扳手 | E70: =_xlfn.LET(_xlpm._asset,"relic_layout", _xlfn.CONCAT(_xlpm._asset,"[",_xlpm._asset,"_",$F70,"]")) -> relic_layout[relic_layout_43] | F70: 43 | G70: =IF($A70<>"","relic_desc_"&$A70,"") -> relic_desc_301043 | H70: 近战武器 暴击伤害 + 60% | J70: Relic_Modify_Variable | K70: parm_int[0] = 暴击伤害增加值，千分比。 | L70: 600 | M70: melee_critical_dmg_rate | N70: =ROUND(POWER(O70,(5-T70)/5),0) -> 3 | O70: 6 | P70: TRUE | T70: 2 | U70: =ROUND(V70*POWER(W70,T70),0) -> 44 | V70: 8.1 | W70: 2.32
A71: 301044 | B71: =IF(A71<>"","relic_name_"&IF(C71,LEFT($A71,LEN($A71)-1),$A71),"") -> relic_name_30104 | C71: TRUE | D71: {=_xlfn.LET( _xlpm.idx,MATCH(relic!$M71,'-id 配置说明'!$A:$A,0), _xlpm.desc_1,INDEX('-id 配置说明'!$J:$J,_xlpm.idx), _xlpm.desc_2,INDEX('-id 配置说明'!$K:$K,_xlpm.idx), _xlpm.desc_array,_xlfn.TEXTSPLIT(_xlpm.desc_2,"；"), _xlpm.array_len,COLUMNS(_xlpm.desc_array), IFERROR(INDEX(_xlpm.desc_array,MIN(RIGHT($A71,1),_xlpm.array_len)),"") )} -> 扳手 | E71: =_xlfn.LET(_xlpm._asset,"relic_layout", _xlfn.CONCAT(_xlpm._asset,"[",_xlpm._asset,"_",$F71,"]")) -> relic_layout[relic_layout_43] | F71: 43 | G71: =IF($A71<>"","relic_desc_"&$A71,"") -> relic_desc_301044 | H71: 近战武器 暴击伤害 + 120% | J71: Relic_Modify_Variable | K71: parm_int[0] = 暴击伤害增加值，千分比。 | L71: 1200 | M71: melee_critical_dmg_rate | N71: =ROUND(POWER(O71,(5-T71)/5),0) -> 2 | O71: 6 | P71: TRUE | T71: 3 | U71: =ROUND(V71*POWER(W71,T71),0) -> 101 | V71: 8.1 | W71: 2.32
D72: {=_xlfn.LET( _xlpm.idx,MATCH(relic!$M72,'-id 配置说明'!$A:$A,0), _xlpm.desc_1,INDEX('-id 配置说明'!$J:$J,_xlpm.idx), _xlpm.desc_2,INDEX('-id 配置说明'!$K:$K,_xlpm.idx), _xlpm.desc_array,_xlfn.TEXTSPLIT(_xlpm.desc_2,"；"), _xlpm.array_len,COLUMNS(_xlpm.desc_array), IFERROR(INDEX(_xlpm.desc_array,MIN(RIGHT($A72,1),_xlpm.array_len)),"") )} | G72: =IF($A72<>"","relic_desc_"&$A72,"") | P72: =IF($A72>0,TRUE,"")
A73: 301051 | B73: =IF(A73<>"","relic_name_"&IF(C73,LEFT($A73,LEN($A73)-1),$A73),"") -> relic_name_30105 | C73: TRUE | D73: {=_xlfn.LET( _xlpm.idx,MATCH(relic!$M73,'-id 配置说明'!$A:$A,0), _xlpm.desc_1,INDEX('-id 配置说明'!$J:$J,_xlpm.idx), _xlpm.desc_2,INDEX('-id 配置说明'!$K:$K,_xlpm.idx), _xlpm.desc_array,_xlfn.TEXTSPLIT(_xlpm.desc_2,"；"), _xlpm.array_len,COLUMNS(_xlpm.desc_array), IFERROR(INDEX(_xlpm.desc_array,MIN(RIGHT($A73,1),_xlpm.array_len)),"") )} -> 起子 | E73: =_xlfn.LET(_xlpm._asset,"relic_layout", _xlfn.CONCAT(_xlpm._asset,"[",_xlpm._asset,"_",$F73,"]")) -> relic_layout[relic_layout_44] | F73: 44 | G73: =IF($A73<>"","relic_desc_"&$A73,"") -> relic_desc_301051 | H73: {=_xlfn.LET(_xlpm._manual_info,$I73:$I76, IF(_xlpm._manual_info<>"",_xlpm._manual_info,_xlfn.LET( _xlpm._parm_key,$M73, _xlpm._parm_value,$L73:$L76, _xlpm._desc,_xlfn.XLOOKUP(_xlpm._parm_key,'-id 配置说明'!$A:$A,'-id 配置说明'!$F:$F), _xlpm._tp,_xlfn.XLOOKUP(_xlpm._parm_key,'-id 配置说明'!$A:$A,'-id 配置说明'!$B:$B), _xlpm._expr,INDEX(_xlfn.TEXTSPLIT(_xlpm._desc," = "),2)&" + "&_xlfn.SWITCH(_xlpm._tp,"pts",TEXT(_xlpm._parm_value/1000,"0%"),"add",_xlpm._parm_value), IFERROR(_xlpm._expr,"") )) )} -> 近战武器 击退 + 10% | J73: Relic_Modify_Variable | K73: parm_int[0] = 击退增加值，千分比。 | L73: 100 | M73: melee_knockback | N73: =ROUND(POWER(O73,(5-T73)/5),0) -> 8 | O73: 8 | P73: TRUE | T73: 0 | U73: =ROUND(V73*POWER(W73,T73),0) -> 7 | V73: 6.6 | W73: 2.32
A74: 301052 | B74: =IF(A74<>"","relic_name_"&IF(C74,LEFT($A74,LEN($A74)-1),$A74),"") -> relic_name_30105 | C74: TRUE | D74: {=_xlfn.LET( _xlpm.idx,MATCH(relic!$M74,'-id 配置说明'!$A:$A,0), _xlpm.desc_1,INDEX('-id 配置说明'!$J:$J,_xlpm.idx), _xlpm.desc_2,INDEX('-id 配置说明'!$K:$K,_xlpm.idx), _xlpm.desc_array,_xlfn.TEXTSPLIT(_xlpm.desc_2,"；"), _xlpm.array_len,COLUMNS(_xlpm.desc_array), IFERROR(INDEX(_xlpm.desc_array,MIN(RIGHT($A74,1),_xlpm.array_len)),"") )} -> 起子 | E74: =_xlfn.LET(_xlpm._asset,"relic_layout", _xlfn.CONCAT(_xlpm._asset,"[",_xlpm._asset,"_",$F74,"]")) -> relic_layout[relic_layout_44] | F74: 44 | G74: =IF($A74<>"","relic_desc_"&$A74,"") -> relic_desc_301052 | H74: 近战武器 击退 + 20% | J74: Relic_Modify_Variable | K74: parm_int[0] = 击退增加值，千分比。 | L74: 200 | M74: melee_knockback | N74: =ROUND(POWER(O74,(5-T74)/5),0) -> 5 | O74: 8 | P74: TRUE | T74: 1 | U74: =ROUND(V74*POWER(W74,T74),0) -> 15 | V74: 6.6 | W74: 2.32
A75: 301053 | B75: =IF(A75<>"","relic_name_"&IF(C75,LEFT($A75,LEN($A75)-1),$A75),"") -> relic_name_30105 | C75: TRUE | D75: {=_xlfn.LET( _xlpm.idx,MATCH(relic!$M75,'-id 配置说明'!$A:$A,0), _xlpm.desc_1,INDEX('-id 配置说明'!$J:$J,_xlpm.idx), _xlpm.desc_2,INDEX('-id 配置说明'!$K:$K,_xlpm.idx), _xlpm.desc_array,_xlfn.TEXTSPLIT(_xlpm.desc_2,"；"), _xlpm.array_len,COLUMNS(_xlpm.desc_array), IFERROR(INDEX(_xlpm.desc_array,MIN(RIGHT($A75,1),_xlpm.array_len)),"") )} -> 起子 | E75: =_xlfn.LET(_xlpm._asset,"relic_layout", _xlfn.CONCAT(_xlpm._asset,"[",_xlpm._asset,"_",$F75,"]")) -> relic_layout[relic_layout_44] | F75: 44 | G75: =IF($A75<>"","relic_desc_"&$A75,"") -> relic_desc_301053 | H75: 近战武器 击退 + 40% | J75: Relic_Modify_Variable | K75: parm_int[0] = 击退增加值，千分比。 | L75: 400 | M75: melee_knockback | N75: =ROUND(POWER(O75,(5-T75)/5),0) -> 3 | O75: 8 | P75: TRUE | T75: 2 | U75: =ROUND(V75*POWER(W75,T75),0) -> 36 | V75: 6.6 | W75: 2.32
A76: 301054 | B76: =IF(A76<>"","relic_name_"&IF(C76,LEFT($A76,LEN($A76)-1),$A76),"") -> relic_name_30105 | C76: TRUE | D76: {=_xlfn.LET( _xlpm.idx,MATCH(relic!$M76,'-id 配置说明'!$A:$A,0), _xlpm.desc_1,INDEX('-id 配置说明'!$J:$J,_xlpm.idx), _xlpm.desc_2,INDEX('-id 配置说明'!$K:$K,_xlpm.idx), _xlpm.desc_array,_xlfn.TEXTSPLIT(_xlpm.desc_2,"；"), _xlpm.array_len,COLUMNS(_xlpm.desc_array), IFERROR(INDEX(_xlpm.desc_array,MIN(RIGHT($A76,1),_xlpm.array_len)),"") )} -> 起子 | E76: =_xlfn.LET(_xlpm._asset,"relic_layout", _xlfn.CONCAT(_xlpm._asset,"[",_xlpm._asset,"_",$F76,"]")) -> relic_layout[relic_layout_44] | F76: 44 | G76: =IF($A76<>"","relic_desc_"&$A76,"") -> relic_desc_301054 | H76: 近战武器 击退 + 80% | J76: Relic_Modify_Variable | K76: parm_int[0] = 击退增加值，千分比。 | L76: 800 | M76: melee_knockback | N76: =ROUND(POWER(O76,(5-T76)/5),0) -> 2 | O76: 8 | P76: TRUE | T76: 3 | U76: =ROUND(V76*POWER(W76,T76),0) -> 82 | V76: 6.6 | W76: 2.32
B77: =IF(A77<>"","relic_name_"&$A77,"") | D77: {=_xlfn.LET( _xlpm.idx,MATCH(relic!$M77,'-id 配置说明'!$A:$A,0), _xlpm.desc_1,INDEX('-id 配置说明'!$J:$J,_xlpm.idx), _xlpm.desc_2,INDEX('-id 配置说明'!$K:$K,_xlpm.idx), _xlpm.desc_array,_xlfn.TEXTSPLIT(_xlpm.desc_2,"；"), _xlpm.array_len,COLUMNS(_xlpm.desc_array), IFERROR(INDEX(_xlpm.desc_array,MIN(RIGHT($A77,1),_xlpm.array_len)),"") )} | G77: =IF($A77<>"","relic_desc_"&$A77,"") | N77: =IF($A77>0,5,"") | P77: =IF($A77>0,TRUE,"") | U77: =IF(A77<>"",RIGHT(A77)*5,"")
A78: 301061 | B78: =IF(A78<>"","relic_name_"&$A78,"") -> relic_name_301061 | D78: {=_xlfn.LET( _xlpm.idx,MATCH(relic!$M78,'-id 配置说明'!$A:$A,0), _xlpm.desc_1,INDEX('-id 配置说明'!$J:$J,_xlpm.idx), _xlpm.desc_2,INDEX('-id 配置说明'!$K:$K,_xlpm.idx), _xlpm.desc_array,_xlfn.TEXTSPLIT(_xlpm.desc_2,"；"), _xlpm.array_len,COLUMNS(_xlpm.desc_array), IFERROR(INDEX(_xlpm.desc_array,MIN(RIGHT($A78,1),_xlpm.array_len)),"") )} -> 钳子 | E78: =IF($F78<>"",_xlfn.CONCAT("relic_icons[relic_layout_",$F78,"]"),"") -> relic_icons[relic_layout_42] | F78: 42 | G78: =IF($A78<>"","relic_desc_"&$A78,"") -> relic_desc_301061 | H78: {=_xlfn.LET(_xlpm._manual_info,$I78:$I80, IF(_xlpm._manual_info<>"",_xlpm._manual_info,_xlfn.LET( _xlpm._parm_key,$M78, _xlpm._parm_value,$L78:$L80, _xlpm._desc,_xlfn.XLOOKUP(_xlpm._parm_key,'-id 配置说明'!$A:$A,'-id 配置说明'!$F:$F), _xlpm._tp,_xlfn.XLOOKUP(_xlpm._parm_key,'-id 配置说明'!$A:$A,'-id 配置说明'!$B:$B), _xlpm._expr,INDEX(_xlfn.TEXTSPLIT(_xlpm._desc," = "),2)&" + "&_xlfn.SWITCH(_xlpm._tp,"pts",TEXT(_xlpm._parm_value/1000,"0%"),"add",_xlpm._parm_value), IFERROR(_xlpm._expr,"") )) )} -> 近战武器 破甲附加值 + 20% | J78: Relic_Modify_Variable | K78: parm_int[0] = 破甲增加值，百分比的千分比。 | L78: 200 | M78: melee_armor_piercing | N78: =IF($A78>0,5,"") -> 5 | P78: =IF($A78>0,TRUE,"") -> TRUE | S78: =_xlfn.LET(_xlpm.end,IFERROR(VALUE(RIGHT($A78,1)),0), IF(_xlpm.end>1,$A77,"")) | T78: -1 | U78: =IF(A78<>"",RIGHT(A78)*5,"") -> 5
A79: 301062 | B79: =IF(A79<>"","relic_name_"&$A79,"") -> relic_name_301062 | D79: {=_xlfn.LET( _xlpm.idx,MATCH(relic!$M79,'-id 配置说明'!$A:$A,0), _xlpm.desc_1,INDEX('-id 配置说明'!$J:$J,_xlpm.idx), _xlpm.desc_2,INDEX('-id 配置说明'!$K:$K,_xlpm.idx), _xlpm.desc_array,_xlfn.TEXTSPLIT(_xlpm.desc_2,"；"), _xlpm.array_len,COLUMNS(_xlpm.desc_array), IFERROR(INDEX(_xlpm.desc_array,MIN(RIGHT($A79,1),_xlpm.array_len)),"") )} -> 钳子 | E79: =IF($F79<>"",_xlfn.CONCAT("relic_icons[relic_layout_",$F79,"]"),"") -> relic_icons[relic_layout_43] | F79: 43 | G79: =IF($A79<>"","relic_desc_"&$A79,"") -> relic_desc_301062 | H79: 近战武器 破甲附加值 + 40% | J79: Relic_Modify_Variable | K79: parm_int[0] = 破甲增加值，百分比的千分比。 | L79: 400 | M79: melee_armor_piercing | N79: =IF($A79>0,5,"") -> 5 | P79: =IF($A79>0,TRUE,"") -> TRUE | S79: =_xlfn.LET(_xlpm.end,IFERROR(VALUE(RIGHT($A79,1)),0), IF(_xlpm.end>1,$A78,"")) -> 301061 | T79: -1 | U79: =IF(A79<>"",RIGHT(A79)*5,"") -> 10
A80: 301063 | B80: =IF(A80<>"","relic_name_"&$A80,"") -> relic_name_301063 | D80: {=_xlfn.LET( _xlpm.idx,MATCH(relic!$M80,'-id 配置说明'!$A:$A,0), _xlpm.desc_1,INDEX('-id 配置说明'!$J:$J,_xlpm.idx), _xlpm.desc_2,INDEX('-id 配置说明'!$K:$K,_xlpm.idx), _xlpm.desc_array,_xlfn.TEXTSPLIT(_xlpm.desc_2,"；"), _xlpm.array_len,COLUMNS(_xlpm.desc_array), IFERROR(INDEX(_xlpm.desc_array,MIN(RIGHT($A80,1),_xlpm.array_len)),"") )} -> 钳子 | E80: =IF($F80<>"",_xlfn.CONCAT("relic_icons[relic_layout_",$F80,"]"),"") -> relic_icons[relic_layout_44] | F80: 44 | G80: =IF($A80<>"","relic_desc_"&$A80,"") -> relic_desc_301063 | H80: 近战武器 破甲附加值 + 60% | J80: Relic_Modify_Variable | K80: parm_int[0] = 破甲增加值，百分比的千分比。 | L80: 600 | M80: melee_armor_piercing | N80: =IF($A80>0,5,"") -> 5 | P80: =IF($A80>0,TRUE,"") -> TRUE | S80: =_xlfn.LET(_xlpm.end,IFERROR(VALUE(RIGHT($A80,1)),0), IF(_xlpm.end>1,$A79,"")) -> 301062 | T80: -1 | U80: =IF(A80<>"",RIGHT(A80)*5,"") -> 15
B81: =IF(A81<>"","relic_name_"&$A81,"") | D81: {=_xlfn.LET( _xlpm.idx,MATCH(relic!$M81,'-id 配置说明'!$A:$A,0), _xlpm.desc_1,INDEX('-id 配置说明'!$J:$J,_xlpm.idx), _xlpm.desc_2,INDEX('-id 配置说明'!$K:$K,_xlpm.idx), _xlpm.desc_array,_xlfn.TEXTSPLIT(_xlpm.desc_2,"；"), _xlpm.array_len,COLUMNS(_xlpm.desc_array), IFERROR(INDEX(_xlpm.desc_array,MIN(RIGHT($A81,1),_xlpm.array_len)),"") )} | G81: =IF($A81<>"","relic_desc_"&$A81,"") | N81: =IF($A81>0,5,"") | P81: =IF($A81>0,TRUE,"") | S81: =_xlfn.LET(_xlpm.end,IFERROR(VALUE(RIGHT($A81,1)),0), IF(_xlpm.end>1,$A80,"")) | U81: =IF(A81<>"",RIGHT(A81)*5,"")
A82: 301211 | B82: =IF(A82<>"","relic_name_"&$A82,"") -> relic_name_301211 | D82: {=_xlfn.LET( _xlpm.idx,MATCH(relic!$M82,'-id 配置说明'!$A:$A,0), _xlpm.desc_1,INDEX('-id 配置说明'!$J:$J,_xlpm.idx), _xlpm.desc_2,INDEX('-id 配置说明'!$K:$K,_xlpm.idx), _xlpm.desc_array,_xlfn.TEXTSPLIT(_xlpm.desc_2,"；"), _xlpm.array_len,COLUMNS(_xlpm.desc_array), IFERROR(INDEX(_xlpm.desc_array,MIN(RIGHT($A82,1),_xlpm.array_len)),"") )} -> 麻辣蟹钳 | E82: =IF($F82<>"",_xlfn.CONCAT("relic_icons[relic_layout_",$F82,"]"),"") -> relic_icons[relic_layout_45] | F82: 45 | G82: =IF($A82<>"","relic_desc_"&$A82,"") -> relic_desc_301211 | H82: {=_xlfn.LET(_xlpm._manual_info,$I82:$I84, IF(_xlpm._manual_info<>"",_xlpm._manual_info,_xlfn.LET( _xlpm._parm_key,$M82, _xlpm._parm_value,$L82:$L84, _xlpm._desc,_xlfn.XLOOKUP(_xlpm._parm_key,'-id 配置说明'!$A:$A,'-id 配置说明'!$F:$F), _xlpm._tp,_xlfn.XLOOKUP(_xlpm._parm_key,'-id 配置说明'!$A:$A,'-id 配置说明'!$B:$B), _xlpm._expr,INDEX(_xlfn.TEXTSPLIT(_xlpm._desc," = "),2)&" + "&_xlfn.SWITCH(_xlpm._tp,"pts",TEXT(_xlpm._parm_value/1000,"0%"),"add",_xlpm._parm_value), IFERROR(_xlpm._expr,"") )) )} -> 近战武器 锋利度耐久 + 20% | J82: Relic_Modify_Variable | L82: 200 | M82: melee_sharpness_durability | N82: =IF($A82>0,5,"") -> 5 | P82: =IF($A82>0,TRUE,"") -> TRUE | S82: =_xlfn.LET(_xlpm.end,IFERROR(VALUE(RIGHT($A82,1)),0), IF(_xlpm.end>1,$A81,"")) | T82: -1 | U82: =IF(A82<>"",RIGHT(A82)*5,"") -> 5
A83: 301212 | B83: =IF(A83<>"","relic_name_"&$A83,"") -> relic_name_301212 | D83: {=_xlfn.LET( _xlpm.idx,MATCH(relic!$M83,'-id 配置说明'!$A:$A,0), _xlpm.desc_1,INDEX('-id 配置说明'!$J:$J,_xlpm.idx), _xlpm.desc_2,INDEX('-id 配置说明'!$K:$K,_xlpm.idx), _xlpm.desc_array,_xlfn.TEXTSPLIT(_xlpm.desc_2,"；"), _xlpm.array_len,COLUMNS(_xlpm.desc_array), IFERROR(INDEX(_xlpm.desc_array,MIN(RIGHT($A83,1),_xlpm.array_len)),"") )} -> 蒜蓉蟹钳 | E83: =IF($F83<>"",_xlfn.CONCAT("relic_icons[relic_layout_",$F83,"]"),"") -> relic_icons[relic_layout_46] | F83: 46 | G83: =IF($A83<>"","relic_desc_"&$A83,"") -> relic_desc_301212 | H83: 近战武器 锋利度耐久 + 40% | J83: Relic_Modify_Variable | L83: 400 | M83: melee_sharpness_durability | N83: =IF($A83>0,5,"") -> 5 | P83: =IF($A83>0,TRUE,"") -> TRUE | S83: =_xlfn.LET(_xlpm.end,IFERROR(VALUE(RIGHT($A83,1)),0), IF(_xlpm.end>1,$A82,"")) -> 301211 | T83: -1 | U83: =IF(A83<>"",RIGHT(A83)*5,"") -> 10
A84: 301213 | B84: =IF(A84<>"","relic_name_"&$A84,"") -> relic_name_301213 | D84: {=_xlfn.LET( _xlpm.idx,MATCH(relic!$M84,'-id 配置说明'!$A:$A,0), _xlpm.desc_1,INDEX('-id 配置说明'!$J:$J,_xlpm.idx), _xlpm.desc_2,INDEX('-id 配置说明'!$K:$K,_xlpm.idx), _xlpm.desc_array,_xlfn.TEXTSPLIT(_xlpm.desc_2,"；"), _xlpm.array_len,COLUMNS(_xlpm.desc_array), IFERROR(INDEX(_xlpm.desc_array,MIN(RIGHT($A84,1),_xlpm.array_len)),"") )} -> 十三香蟹钳 | E84: =IF($F84<>"",_xlfn.CONCAT("relic_icons[relic_layout_",$F84,"]"),"") -> relic_icons[relic_layout_47] | F84: 47 | G84: =IF($A84<>"","relic_desc_"&$A84,"") -> relic_desc_301213 | H84: 近战武器 锋利度耐久 + 60% | J84: Relic_Modify_Variable | L84: 600 | M84: melee_sharpness_durability | N84: =IF($A84>0,5,"") -> 5 | P84: =IF($A84>0,TRUE,"") -> TRUE | S84: =_xlfn.LET(_xlpm.end,IFERROR(VALUE(RIGHT($A84,1)),0), IF(_xlpm.end>1,$A83,"")) -> 301212 | T84: -1 | U84: =IF(A84<>"",RIGHT(A84)*5,"") -> 15
B85: =IF(A85<>"","relic_name_"&$A85,"") | D85: {=_xlfn.LET( _xlpm.idx,MATCH(relic!$M85,'-id 配置说明'!$A:$A,0), _xlpm.desc_1,INDEX('-id 配置说明'!$J:$J,_xlpm.idx), _xlpm.desc_2,INDEX('-id 配置说明'!$K:$K,_xlpm.idx), _xlpm.desc_array,_xlfn.TEXTSPLIT(_xlpm.desc_2,"；"), _xlpm.array_len,COLUMNS(_xlpm.desc_array), IFERROR(INDEX(_xlpm.desc_array,MIN(RIGHT($A85,1),_xlpm.array_len)),"") )} | G85: =IF($A85<>"","relic_desc_"&$A85,"") | N85: =IF($A85>0,5,"") | P85: =IF($A85>0,TRUE,"") | S85: =_xlfn.LET(_xlpm.end,IFERROR(VALUE(RIGHT($A85,1)),0), IF(_xlpm.end>1,$A84,"")) | U85: =IF(A85<>"",RIGHT(A85)*5,"")
A86: 301221 | B86: =IF(A86<>"","relic_name_"&$A86,"") -> relic_name_301221 | D86: {=_xlfn.LET( _xlpm.idx,MATCH(relic!$M86,'-id 配置说明'!$A:$A,0), _xlpm.desc_1,INDEX('-id 配置说明'!$J:$J,_xlpm.idx), _xlpm.desc_2,INDEX('-id 配置说明'!$K:$K,_xlpm.idx), _xlpm.desc_array,_xlfn.TEXTSPLIT(_xlpm.desc_2,"；"), _xlpm.array_len,COLUMNS(_xlpm.desc_array), IFERROR(INDEX(_xlpm.desc_array,MIN(RIGHT($A86,1),_xlpm.array_len)),"") )} -> 机械义肢 | E86: =IF($F86<>"",_xlfn.CONCAT("relic_icons[relic_layout_",$F86,"]"),"") -> relic_icons[relic_layout_48] | F86: 48 | G86: =IF($A86<>"","relic_desc_"&$A86,"") -> relic_desc_301221 | H86: {=_xlfn.LET(_xlpm._manual_info,$I86:$I88, IF(_xlpm._manual_info<>"",_xlpm._manual_info,_xlfn.LET( _xlpm._parm_key,$M86, _xlpm._parm_value,$L86:$L88, _xlpm._desc,_xlfn.XLOOKUP(_xlpm._parm_key,'-id 配置说明'!$A:$A,'-id 配置说明'!$F:$F), _xlpm._tp,_xlfn.XLOOKUP(_xlpm._parm_key,'-id 配置说明'!$A:$A,'-id 配置说明'!$B:$B), _xlpm._expr,INDEX(_xlfn.TEXTSPLIT(_xlpm._desc," = "),2)&" + "&_xlfn.SWITCH(_xlpm._tp,"pts",TEXT(_xlpm._parm_value/1000,"0%"),"add",_xlpm._parm_value), IFERROR(_xlpm._expr,"") )) )} -> 近战武器 锋利度上限 + 15% | J86: Relic_Modify_Variable | L86: 150 | M86: melee_sharpness_add | N86: =IF($A86>0,5,"") -> 5 | P86: =IF($A86>0,TRUE,"") -> TRUE | S86: =_xlfn.LET(_xlpm.end,IFERROR(VALUE(RIGHT($A86,1)),0), IF(_xlpm.end>1,$A85,"")) | T86: -1 | U86: =IF(A86<>"",RIGHT(A86)*5,"") -> 5
A87: 301222 | B87: =IF(A87<>"","relic_name_"&$A87,"") -> relic_name_301222 | D87: {=_xlfn.LET( _xlpm.idx,MATCH(relic!$M87,'-id 配置说明'!$A:$A,0), _xlpm.desc_1,INDEX('-id 配置说明'!$J:$J,_xlpm.idx), _xlpm.desc_2,INDEX('-id 配置说明'!$K:$K,_xlpm.idx), _xlpm.desc_array,_xlfn.TEXTSPLIT(_xlpm.desc_2,"；"), _xlpm.array_len,COLUMNS(_xlpm.desc_array), IFERROR(INDEX(_xlpm.desc_array,MIN(RIGHT($A87,1),_xlpm.array_len)),"") )} -> 机械义肢 | E87: =IF($F87<>"",_xlfn.CONCAT("relic_icons[relic_layout_",$F87,"]"),"") -> relic_icons[relic_layout_49] | F87: 49 | G87: =IF($A87<>"","relic_desc_"&$A87,"") -> relic_desc_301222 | H87: 近战武器 锋利度上限 + 30% | J87: Relic_Modify_Variable | L87: 300 | M87: melee_sharpness_add | N87: =IF($A87>0,5,"") -> 5 | P87: =IF($A87>0,TRUE,"") -> TRUE | S87: =_xlfn.LET(_xlpm.end,IFERROR(VALUE(RIGHT($A87,1)),0), IF(_xlpm.end>1,$A86,"")) -> 301221 | T87: -1 | U87: =IF(A87<>"",RIGHT(A87)*5,"") -> 10
A88: 301223 | B88: =IF(A88<>"","relic_name_"&$A88,"") -> relic_name_301223 | D88: {=_xlfn.LET( _xlpm.idx,MATCH(relic!$M88,'-id 配置说明'!$A:$A,0), _xlpm.desc_1,INDEX('-id 配置说明'!$J:$J,_xlpm.idx), _xlpm.desc_2,INDEX('-id 配置说明'!$K:$K,_xlpm.idx), _xlpm.desc_array,_xlfn.TEXTSPLIT(_xlpm.desc_2,"；"), _xlpm.array_len,COLUMNS(_xlpm.desc_array), IFERROR(INDEX(_xlpm.desc_array,MIN(RIGHT($A88,1),_xlpm.array_len)),"") )} -> 机械义肢 | E88: =IF($F88<>"",_xlfn.CONCAT("relic_icons[relic_layout_",$F88,"]"),"") -> relic_icons[relic_layout_50] | F88: 50 | G88: =IF($A88<>"","relic_desc_"&$A88,"") -> relic_desc_301223 | H88: 近战武器 锋利度上限 + 45% | J88: Relic_Modify_Variable | L88: 450 | M88: melee_sharpness_add | N88: =IF($A88>0,5,"") -> 5 | P88: =IF($A88>0,TRUE,"") -> TRUE | S88: =_xlfn.LET(_xlpm.end,IFERROR(VALUE(RIGHT($A88,1)),0), IF(_xlpm.end>1,$A87,"")) -> 301222 | T88: -1 | U88: =IF(A88<>"",RIGHT(A88)*5,"") -> 15
B89: =IF(A89<>"","relic_name_"&$A89,"") | D89: {=_xlfn.LET( _xlpm.idx,MATCH(relic!$M89,'-id 配置说明'!$A:$A,0), _xlpm.desc_1,INDEX('-id 配置说明'!$J:$J,_xlpm.idx), _xlpm.desc_2,INDEX('-id 配置说明'!$K:$K,_xlpm.idx), _xlpm.desc_array,_xlfn.TEXTSPLIT(_xlpm.desc_2,"；"), _xlpm.array_len,COLUMNS(_xlpm.desc_array), IFERROR(INDEX(_xlpm.desc_array,MIN(RIGHT($A89,1),_xlpm.array_len)),"") )} | G89: =IF($A89<>"","relic_desc_"&$A89,"") | N89: =IF($A89>0,5,"") | P89: =IF($A89>0,TRUE,"") | S89: =_xlfn.LET(_xlpm.end,IFERROR(VALUE(RIGHT($A89,1)),0), IF(_xlpm.end>1,$A88,"")) | U89: =IF(A89<>"",RIGHT(A89)*5,"")
A90: 301231 | B90: =IF(A90<>"","relic_name_"&$A90,"") -> relic_name_301231 | D90: {=_xlfn.LET( _xlpm.idx,MATCH(relic!$M90,'-id 配置说明'!$A:$A,0), _xlpm.desc_1,INDEX('-id 配置说明'!$J:$J,_xlpm.idx), _xlpm.desc_2,INDEX('-id 配置说明'!$K:$K,_xlpm.idx), _xlpm.desc_array,_xlfn.TEXTSPLIT(_xlpm.desc_2,"；"), _xlpm.array_len,COLUMNS(_xlpm.desc_array), IFERROR(INDEX(_xlpm.desc_array,MIN(RIGHT($A90,1),_xlpm.array_len)),"") )} -> 开锁工具 | E90: =IF($F90<>"",_xlfn.CONCAT("relic_icons[relic_layout_",$F90,"]"),"") -> relic_icons[relic_layout_51] | F90: 51 | G90: =IF($A90<>"","relic_desc_"&$A90,"") -> relic_desc_301231 | H90: {=_xlfn.LET(_xlpm._manual_info,$I90:$I92, IF(_xlpm._manual_info<>"",_xlpm._manual_info,_xlfn.LET( _xlpm._parm_key,$M90, _xlpm._parm_value,$L90:$L92, _xlpm._desc,_xlfn.XLOOKUP(_xlpm._parm_key,'-id 配置说明'!$A:$A,'-id 配置说明'!$F:$F), _xlpm._tp,_xlfn.XLOOKUP(_xlpm._parm_key,'-id 配置说明'!$A:$A,'-id 配置说明'!$B:$B), _xlpm._expr,INDEX(_xlfn.TEXTSPLIT(_xlpm._desc," = "),2)&" + "&_xlfn.SWITCH(_xlpm._tp,"pts",TEXT(_xlpm._parm_value/1000,"0%"),"add",_xlpm._parm_value), IFERROR(_xlpm._expr,"") )) )} -> 近战武器 磨刀速率 + 20% | J90: Relic_Modify_Variable | L90: 200 | M90: melee_sharpness_recover | N90: =IF($A90>0,5,"") -> 5 | P90: =IF($A90>0,TRUE,"") -> TRUE | S90: =_xlfn.LET(_xlpm.end,IFERROR(VALUE(RIGHT($A90,1)),0), IF(_xlpm.end>1,$A89,"")) | T90: -1 | U90: =IF(A90<>"",RIGHT(A90)*5,"") -> 5
A91: 301232 | B91: =IF(A91<>"","relic_name_"&$A91,"") -> relic_name_301232 | D91: {=_xlfn.LET( _xlpm.idx,MATCH(relic!$M91,'-id 配置说明'!$A:$A,0), _xlpm.desc_1,INDEX('-id 配置说明'!$J:$J,_xlpm.idx), _xlpm.desc_2,INDEX('-id 配置说明'!$K:$K,_xlpm.idx), _xlpm.desc_array,_xlfn.TEXTSPLIT(_xlpm.desc_2,"；"), _xlpm.array_len,COLUMNS(_xlpm.desc_array), IFERROR(INDEX(_xlpm.desc_array,MIN(RIGHT($A91,1),_xlpm.array_len)),"") )} -> 开锁工具 | E91: =IF($F91<>"",_xlfn.CONCAT("relic_icons[relic_layout_",$F91,"]"),"") -> relic_icons[relic_layout_52] | F91: 52 | G91: =IF($A91<>"","relic_desc_"&$A91,"") -> relic_desc_301232 | H91: 近战武器 磨刀速率 + 40% | J91: Relic_Modify_Variable | L91: 400 | M91: melee_sharpness_recover | N91: =IF($A91>0,5,"") -> 5 | P91: =IF($A91>0,TRUE,"") -> TRUE | S91: =_xlfn.LET(_xlpm.end,IFERROR(VALUE(RIGHT($A91,1)),0), IF(_xlpm.end>1,$A90,"")) -> 301231 | T91: -1 | U91: =IF(A91<>"",RIGHT(A91)*5,"") -> 10
A92: 301233 | B92: =IF(A92<>"","relic_name_"&$A92,"") -> relic_name_301233 | D92: {=_xlfn.LET( _xlpm.idx,MATCH(relic!$M92,'-id 配置说明'!$A:$A,0), _xlpm.desc_1,INDEX('-id 配置说明'!$J:$J,_xlpm.idx), _xlpm.desc_2,INDEX('-id 配置说明'!$K:$K,_xlpm.idx), _xlpm.desc_array,_xlfn.TEXTSPLIT(_xlpm.desc_2,"；"), _xlpm.array_len,COLUMNS(_xlpm.desc_array), IFERROR(INDEX(_xlpm.desc_array,MIN(RIGHT($A92,1),_xlpm.array_len)),"") )} -> 开锁工具 | E92: =IF($F92<>"",_xlfn.CONCAT("relic_icons[relic_layout_",$F92,"]"),"") -> relic_icons[relic_layout_53] | F92: 53 | G92: =IF($A92<>"","relic_desc_"&$A92,"") -> relic_desc_301233 | H92: 近战武器 磨刀速率 + 60% | J92: Relic_Modify_Variable | L92: 600 | M92: melee_sharpness_recover | N92: =IF($A92>0,5,"") -> 5 | P92: =IF($A92>0,TRUE,"") -> TRUE | S92: =_xlfn.LET(_xlpm.end,IFERROR(VALUE(RIGHT($A92,1)),0), IF(_xlpm.end>1,$A91,"")) -> 301232 | T92: -1 | U92: =IF(A92<>"",RIGHT(A92)*5,"") -> 15
B93: =IF(A93<>"","relic_name_"&$A93,"") | D93: {=_xlfn.LET( _xlpm.idx,MATCH(relic!$M93,'-id 配置说明'!$A:$A,0), _xlpm.desc_1,INDEX('-id 配置说明'!$J:$J,_xlpm.idx), _xlpm.desc_2,INDEX('-id 配置说明'!$K:$K,_xlpm.idx), _xlpm.desc_array,_xlfn.TEXTSPLIT(_xlpm.desc_2,"；"), _xlpm.array_len,COLUMNS(_xlpm.desc_array), IFERROR(INDEX(_xlpm.desc_array,MIN(RIGHT($A93,1),_xlpm.array_len)),"") )} | G93: =IF($A93<>"","relic_desc_"&$A93,"") | N93: =IF($A93>0,5,"") | P93: =IF($A93>0,TRUE,"") | S93: =_xlfn.LET(_xlpm.end,IFERROR(VALUE(RIGHT($A93,1)),0), IF(_xlpm.end>1,$A92,"")) | U93: =IF(A93<>"",RIGHT(A93)*5,"")
A94: 302011 | B94: =IF(A94<>"","relic_name_"&IF(C94,LEFT($A94,LEN($A94)-1),$A94),"") -> relic_name_30201 | C94: TRUE | D94: {=_xlfn.LET( _xlpm.idx,MATCH(relic!$M94,'-id 配置说明'!$A:$A,0), _xlpm.desc_1,INDEX('-id 配置说明'!$J:$J,_xlpm.idx), _xlpm.desc_2,INDEX('-id 配置说明'!$K:$K,_xlpm.idx), _xlpm.desc_array,_xlfn.TEXTSPLIT(_xlpm.desc_2,"；"), _xlpm.array_len,COLUMNS(_xlpm.desc_array), IFERROR(INDEX(_xlpm.desc_array,MIN(RIGHT($A94,1),_xlpm.array_len)),"") )} -> 无黄蛋 | E94: =_xlfn.LET(_xlpm._asset,"relic_layout", _xlfn.CONCAT(_xlpm._asset,"[",_xlpm._asset,"_",$F94,"]")) -> relic_layout[relic_layout_53] | F94: 53 | G94: =IF($A94<>"","relic_desc_"&$A94,"") -> relic_desc_302011 | H94: {=_xlfn.LET(_xlpm._manual_info,$I94:$I97, IF(_xlpm._manual_info<>"",_xlpm._manual_info,_xlfn.LET( _xlpm._parm_key,$M94, _xlpm._parm_value,$L94:$L97, _xlpm._desc,_xlfn.XLOOKUP(_xlpm._parm_key,'-id 配置说明'!$A:$A,'-id 配置说明'!$F:$F), _xlpm._tp,_xlfn.XLOOKUP(_xlpm._parm_key,'-id 配置说明'!$A:$A,'-id 配置说明'!$B:$B), _xlpm._expr,INDEX(_xlfn.TEXTSPLIT(_xlpm._desc," = "),2)&" + "&_xlfn.SWITCH(_xlpm._tp,"pts",TEXT(_xlpm._parm_value/1000,"0%"),"add",_xlpm._parm_value), IFERROR(_xlpm._expr,"") )) )} -> 飞射物 伤害 + 20% | J94: Relic_Modify_Variable | K94: parm_int[0] = 伤害增加值，千分比。 | L94: 200 | M94: ranged_atk_pts | N94: =ROUND(POWER(O94,(5-T94)/5),0) -> 15 | O94: 15 | P94: TRUE | T94: 0 | U94: =ROUND(V94*POWER(W94,T94),0) -> 7 | V94: 7 | W94: 2.32
A95: 302012 | B95: =IF(A95<>"","relic_name_"&IF(C95,LEFT($A95,LEN($A95)-1),$A95),"") -> relic_name_30201 | C95: TRUE | D95: {=_xlfn.LET( _xlpm.idx,MATCH(relic!$M95,'-id 配置说明'!$A:$A,0), _xlpm.desc_1,INDEX('-id 配置说明'!$J:$J,_xlpm.idx), _xlpm.desc_2,INDEX('-id 配置说明'!$K:$K,_xlpm.idx), _xlpm.desc_array,_xlfn.TEXTSPLIT(_xlpm.desc_2,"；"), _xlpm.array_len,COLUMNS(_xlpm.desc_array), IFERROR(INDEX(_xlpm.desc_array,MIN(RIGHT($A95,1),_xlpm.array_len)),"") )} -> 无黄蛋 | E95: =_xlfn.LET(_xlpm._asset,"relic_layout", _xlfn.CONCAT(_xlpm._asset,"[",_xlpm._asset,"_",$F95,"]")) -> relic_layout[relic_layout_53] | F95: 53 | G95: =IF($A95<>"","relic_desc_"&$A95,"") -> relic_desc_302012 | H95: 飞射物 伤害 + 40% | J95: Relic_Modify_Variable | K95: parm_int[0] = 伤害增加值，千分比。 | L95: 400 | M95: ranged_atk_pts | N95: =ROUND(POWER(O95,(5-T95)/5),0) -> 9 | O95: 15 | P95: TRUE | T95: 1 | U95: =ROUND(V95*POWER(W95,T95),0) -> 16 | V95: 7 | W95: 2.32
A96: 302013 | B96: =IF(A96<>"","relic_name_"&IF(C96,LEFT($A96,LEN($A96)-1),$A96),"") -> relic_name_30201 | C96: TRUE | D96: {=_xlfn.LET( _xlpm.idx,MATCH(relic!$M96,'-id 配置说明'!$A:$A,0), _xlpm.desc_1,INDEX('-id 配置说明'!$J:$J,_xlpm.idx), _xlpm.desc_2,INDEX('-id 配置说明'!$K:$K,_xlpm.idx), _xlpm.desc_array,_xlfn.TEXTSPLIT(_xlpm.desc_2,"；"), _xlpm.array_len,COLUMNS(_xlpm.desc_array), IFERROR(INDEX(_xlpm.desc_array,MIN(RIGHT($A96,1),_xlpm.array_len)),"") )} -> 无黄蛋 | E96: =_xlfn.LET(_xlpm._asset,"relic_layout", _xlfn.CONCAT(_xlpm._asset,"[",_xlpm._asset,"_",$F96,"]")) -> relic_layout[relic_layout_53] | F96: 53 | G96: =IF($A96<>"","relic_desc_"&$A96,"") -> relic_desc_302013 | H96: 飞射物 伤害 + 80% | J96: Relic_Modify_Variable | K96: parm_int[0] = 伤害增加值，千分比。 | L96: 800 | M96: ranged_atk_pts | N96: =ROUND(POWER(O96,(5-T96)/5),0) -> 5 | O96: 15 | P96: TRUE | T96: 2 | U96: =ROUND(V96*POWER(W96,T96),0) -> 38 | V96: 7 | W96: 2.32
A97: 302014 | B97: =IF(A97<>"","relic_name_"&IF(C97,LEFT($A97,LEN($A97)-1),$A97),"") -> relic_name_30201 | C97: TRUE | D97: {=_xlfn.LET( _xlpm.idx,MATCH(relic!$M97,'-id 配置说明'!$A:$A,0), _xlpm.desc_1,INDEX('-id 配置说明'!$J:$J,_xlpm.idx), _xlpm.desc_2,INDEX('-id 配置说明'!$K:$K,_xlpm.idx), _xlpm.desc_array,_xlfn.TEXTSPLIT(_xlpm.desc_2,"；"), _xlpm.array_len,COLUMNS(_xlpm.desc_array), IFERROR(INDEX(_xlpm.desc_array,MIN(RIGHT($A97,1),_xlpm.array_len)),"") )} -> 无黄蛋 | E97: =_xlfn.LET(_xlpm._asset,"relic_layout", _xlfn.CONCAT(_xlpm._asset,"[",_xlpm._asset,"_",$F97,"]")) -> relic_layout[relic_layout_53] | F97: 53 | G97: =IF($A97<>"","relic_desc_"&$A97,"") -> relic_desc_302014 | H97: 飞射物 伤害 + 160% | J97: Relic_Modify_Variable | K97: parm_int[0] = 伤害增加值，千分比。 | L97: 1600 | M97: ranged_atk_pts | N97: =ROUND(POWER(O97,(5-T97)/5),0) -> 3 | O97: 15 | P97: TRUE | T97: 3 | U97: =ROUND(V97*POWER(W97,T97),0) -> 87 | V97: 7 | W97: 2.32
B98: =IF(A98<>"","relic_name_"&$A98,"") | D98: {=_xlfn.LET( _xlpm.idx,MATCH(relic!$M98,'-id 配置说明'!$A:$A,0), _xlpm.desc_1,INDEX('-id 配置说明'!$J:$J,_xlpm.idx), _xlpm.desc_2,INDEX('-id 配置说明'!$K:$K,_xlpm.idx), _xlpm.desc_array,_xlfn.TEXTSPLIT(_xlpm.desc_2,"；"), _xlpm.array_len,COLUMNS(_xlpm.desc_array), IFERROR(INDEX(_xlpm.desc_array,MIN(RIGHT($A98,1),_xlpm.array_len)),"") )} | G98: =IF($A98<>"","relic_desc_"&$A98,"") | N98: =IF($A98>0,5,"") | P98: =IF($A98>0,TRUE,"") | S98: =_xlfn.LET(_xlpm.end,IFERROR(VALUE(RIGHT($A98,1)),0), IF(_xlpm.end>1,$A96,"")) | U98: =IF(A98<>"",RIGHT(A98)*5,"")
A99: 302021 | B99: =IF(A99<>"","relic_name_"&$A99,"") -> relic_name_302021 | D99: {=_xlfn.LET( _xlpm.idx,MATCH(relic!$M99,'-id 配置说明'!$A:$A,0), _xlpm.desc_1,INDEX('-id 配置说明'!$J:$J,_xlpm.idx), _xlpm.desc_2,INDEX('-id 配置说明'!$K:$K,_xlpm.idx), _xlpm.desc_array,_xlfn.TEXTSPLIT(_xlpm.desc_2,"；"), _xlpm.array_len,COLUMNS(_xlpm.desc_array), IFERROR(INDEX(_xlpm.desc_array,MIN(RIGHT($A99,1),_xlpm.array_len)),"") )} -> 花雕怪味鱼 | E99: =IF($F99<>"",_xlfn.CONCAT("relic_icons[relic_layout_",$F99,"]"),"") -> relic_icons[relic_layout_60] | F99: 60 | G99: =IF($A99<>"","relic_desc_"&$A99,"") -> relic_desc_302021 | H99: {=_xlfn.LET(_xlpm._manual_info,$I99:$I101, IF(_xlpm._manual_info<>"",_xlpm._manual_info,_xlfn.LET( _xlpm._parm_key,$M99, _xlpm._parm_value,$L99:$L101, _xlpm._desc,_xlfn.XLOOKUP(_xlpm._parm_key,'-id 配置说明'!$A:$A,'-id 配置说明'!$F:$F), _xlpm._tp,_xlfn.XLOOKUP(_xlpm._parm_key,'-id 配置说明'!$A:$A,'-id 配置说明'!$B:$B), _xlpm._expr,INDEX(_xlfn.TEXTSPLIT(_xlpm._desc," = "),2)&" + "&_xlfn.SWITCH(_xlpm._tp,"pts",TEXT(_xlpm._parm_value/1000,"0%"),"add",_xlpm._parm_value), IFERROR(_xlpm._expr,"") )) )} -> 飞射物 伤害 + 2 | J99: Relic_Modify_Variable | L99: 2 | M99: ranged_atk_add | N99: =IF($A99>0,5,"") -> 5 | P99: =IF($A99>0,TRUE,"") -> TRUE | S99: =_xlfn.LET(_xlpm.end,IFERROR(VALUE(RIGHT($A99,1)),0), IF(_xlpm.end>1,$A98,"")) | T99: -1 | U99: =IF(A99<>"",RIGHT(A99)*5,"") -> 5
A100: 302022 | B100: =IF(A100<>"","relic_name_"&$A100,"") -> relic_name_302022 | D100: {=_xlfn.LET( _xlpm.idx,MATCH(relic!$M100,'-id 配置说明'!$A:$A,0), _xlpm.desc_1,INDEX('-id 配置说明'!$J:$J,_xlpm.idx), _xlpm.desc_2,INDEX('-id 配置说明'!$K:$K,_xlpm.idx), _xlpm.desc_array,_xlfn.TEXTSPLIT(_xlpm.desc_2,"；"), _xlpm.array_len,COLUMNS(_xlpm.desc_array), IFERROR(INDEX(_xlpm.desc_array,MIN(RIGHT($A100,1),_xlpm.array_len)),"") )} -> 花雕怪味鱼 | E100: =IF($F100<>"",_xlfn.CONCAT("relic_icons[relic_layout_",$F100,"]"),"") -> relic_icons[relic_layout_61] | F100: 61 | G100: =IF($A100<>"","relic_desc_"&$A100,"") -> relic_desc_302022 | H100: 飞射物 伤害 + 4 | J100: Relic_Modify_Variable | L100: 4 | M100: ranged_atk_add | N100: =IF($A100>0,5,"") -> 5 | P100: =IF($A100>0,TRUE,"") -> TRUE | S100: =_xlfn.LET(_xlpm.end,IFERROR(VALUE(RIGHT($A100,1)),0), IF(_xlpm.end>1,$A99,"")) -> 302021 | T100: -1 | U100: =IF(A100<>"",RIGHT(A100)*5,"") -> 10
A101: 302023 | B101: =IF(A101<>"","relic_name_"&$A101,"") -> relic_name_302023 | D101: {=_xlfn.LET( _xlpm.idx,MATCH(relic!$M101,'-id 配置说明'!$A:$A,0), _xlpm.desc_1,INDEX('-id 配置说明'!$J:$J,_xlpm.idx), _xlpm.desc_2,INDEX('-id 配置说明'!$K:$K,_xlpm.idx), _xlpm.desc_array,_xlfn.TEXTSPLIT(_xlpm.desc_2,"；"), _xlpm.array_len,COLUMNS(_xlpm.desc_array), IFERROR(INDEX(_xlpm.desc_array,MIN(RIGHT($A101,1),_xlpm.array_len)),"") )} -> 花雕怪味鱼 | E101: =IF($F101<>"",_xlfn.CONCAT("relic_icons[relic_layout_",$F101,"]"),"") -> relic_icons[relic_layout_62] | F101: 62 | G101: =IF($A101<>"","relic_desc_"&$A101,"") -> relic_desc_302023 | H101: 飞射物 伤害 + 6 | J101: Relic_Modify_Variable | L101: 6 | M101: ranged_atk_add | N101: =IF($A101>0,5,"") -> 5 | P101: =IF($A101>0,TRUE,"") -> TRUE | S101: =_xlfn.LET(_xlpm.end,IFERROR(VALUE(RIGHT($A101,1)),0), IF(_xlpm.end>1,$A100,"")) -> 302022 | T101: -1 | U101: =IF(A101<>"",RIGHT(A101)*5,"") -> 15
...

Sheet relic_pool
A1: pool_id | B1: parm_int | E1: weight
A2: uint key | B2: uint key | E2: int
A3: 池子编号 | B3: relic 编号 | C3: 备注 名称 | D3: 备注 效果 | E3: 随机权重
A4: 1 | B4: 300011 | C4: =_xlfn.XLOOKUP($B4,relic!A:A,relic!D:D,"") -> 阿菊 | D4: =VLOOKUP($B4,relic!A:H,7,0) -> relic_desc_300011 | E4: 1 | H4: =IF(E4,B4&"="&E4,"") -> 300011=1 | K4: =_xlfn.TEXTJOIN(";",1,H:H) -> 300011=1;300012=1;300013=1;300021=1;300022=1;300023=1;300031=1;300032=1;300033=1;300041=1;300042=1;300043=1;300051=1;300052=1;300053=1;300061=1;300062=1;300063=1;300071=1;300072=1;300073=1;300081=1;300082=1;300083=1;300091=1;300092=1;300093=1;301011=1;301012=1;301013=1;301021=1;301022=1;301023=1;301031=1;301032=1;301033=1;301041=1;301042=1;301043=1;301051=1;301052=1;301053=1;301061=1;301062=1;301063=1;301211=1;301212=1;301213=1;301221=1;301222=1;301223=1;301231=1;301232=1;301233=1;302011=1;302012=1;302013=1;302021=1;302022=1;302023=1;302031=1;302032=1;302033=1;302041=1;302042=1;302043=1;302051=1;302052=1;302053=1;302061=1;302062=1;302063=1;302211=1;302212=1;302213=1;302231=1;302232=1;302233=1;302311=1;302312=1;302313=1;302321=1;302322=1;302323=1;310201=10;310202=10;310203=10;310204=10;310205=10;310206=10;310207=10;310208=10;310209=10;310210=10;310211=10;310212=10;310213=10;310217=10;310218=10;310219=10;310401=10;310402=10;310403=10;310404=10;310407=10;310408=10;310409=10
A5: 1 | B5: 300012 | C5: =_xlfn.XLOOKUP($B5,relic!A:A,relic!D:D,"") -> 阿菊 | D5: =VLOOKUP($B5,relic!A:H,7,0) -> relic_desc_300012 | E5: 1 | H5: =IF(E5,B5&"="&E5,"") -> 300012=1
A6: 1 | B6: 300013 | C6: =_xlfn.XLOOKUP($B6,relic!A:A,relic!D:D,"") -> 阿菊 | D6: =VLOOKUP($B6,relic!A:H,7,0) -> relic_desc_300013 | E6: 1 | H6: =IF(E6,B6&"="&E6,"") -> 300013=1
A7: 1 | B7: 300021 | C7: =_xlfn.XLOOKUP($B7,relic!A:A,relic!D:D,"") -> 火星蝶 | D7: =VLOOKUP($B7,relic!A:H,7,0) -> relic_desc_300021 | E7: 1 | H7: =IF(E7,B7&"="&E7,"") -> 300021=1
A8: 1 | B8: 300022 | C8: =_xlfn.XLOOKUP($B8,relic!A:A,relic!D:D,"") -> 火星蝶 | D8: =VLOOKUP($B8,relic!A:H,7,0) -> relic_desc_300022 | E8: 1 | H8: =IF(E8,B8&"="&E8,"") -> 300022=1
A9: 1 | B9: 300023 | C9: =_xlfn.XLOOKUP($B9,relic!A:A,relic!D:D,"") -> 火星蝶 | D9: =VLOOKUP($B9,relic!A:H,7,0) -> relic_desc_300023 | E9: 1 | H9: =IF(E9,B9&"="&E9,"") -> 300023=1
A10: 1 | B10: 300031 | C10: =_xlfn.XLOOKUP($B10,relic!A:A,relic!D:D,"") -> 肌肉金轮草 | D10: =VLOOKUP($B10,relic!A:H,7,0) -> relic_desc_300031 | E10: 1 | H10: =IF(E10,B10&"="&E10,"") -> 300031=1
A11: 1 | B11: 300032 | C11: =_xlfn.XLOOKUP($B11,relic!A:A,relic!D:D,"") -> 肌肉金轮草 | D11: =VLOOKUP($B11,relic!A:H,7,0) -> relic_desc_300032 | E11: 1 | H11: =IF(E11,B11&"="&E11,"") -> 300032=1
A12: 1 | B12: 300033 | C12: =_xlfn.XLOOKUP($B12,relic!A:A,relic!D:D,"") -> 肌肉金轮草 | D12: =VLOOKUP($B12,relic!A:H,7,0) -> relic_desc_300033 | E12: 1 | H12: =IF(E12,B12&"="&E12,"") -> 300033=1
A13: 1 | B13: 300041 | C13: =_xlfn.XLOOKUP($B13,relic!A:A,relic!D:D,"") -> 托利莲 | D13: =VLOOKUP($B13,relic!A:H,7,0) -> relic_desc_300041 | E13: 1 | H13: =IF(E13,B13&"="&E13,"") -> 300041=1
A14: 1 | B14: 300042 | C14: =_xlfn.XLOOKUP($B14,relic!A:A,relic!D:D,"") -> 托利莲 | D14: =VLOOKUP($B14,relic!A:H,7,0) -> relic_desc_300042 | E14: 1 | H14: =IF(E14,B14&"="&E14,"") -> 300042=1
A15: 1 | B15: 300043 | C15: =_xlfn.XLOOKUP($B15,relic!A:A,relic!D:D,"") -> 托利莲 | D15: =VLOOKUP($B15,relic!A:H,7,0) -> relic_desc_300043 | E15: 1 | H15: =IF(E15,B15&"="&E15,"") -> 300043=1
A16: 1 | B16: 300051 | C16: =_xlfn.XLOOKUP($B16,relic!A:A,relic!D:D,"") -> 紫水晶 | D16: =VLOOKUP($B16,relic!A:H,7,0) -> relic_desc_300051 | E16: 1 | H16: =IF(E16,B16&"="&E16,"") -> 300051=1
... A133: 1 | B133: 310222 | C133: =_xlfn.XLOOKUP($B133,relic!A:A,relic!D:D,"") -> 子弹碰撞3 | D133: =VLOOKUP($B133,relic!A:H,7,0) -> relic_desc_310222 | E133: 0 | H133: =IF(E133,B133&"="&E133,"")
C134: =_xlfn.XLOOKUP($B134,relic!A:A,relic!D:D,"") -> 0 | H134: =IF(E134,B134&"="&E134,"")
A135: 1 | B135: 310401 | C135: =_xlfn.XLOOKUP($B135,relic!A:A,relic!D:D,"") -> 枪口风暴 | D135: =VLOOKUP($B135,relic!A:H,7,0) -> relic_desc_310401 | E135: 10 | H135: =IF(E135,B135&"="&E135,"") -> 310401=10
A136: 1 | B136: 310402 | C136: =_xlfn.XLOOKUP($B136,relic!A:A,relic!D:D,"") -> 枪焰冲击 | D136: =VLOOKUP($B136,relic!A:H,7,0) -> relic_desc_310402 | E136: 10 | H136: =IF(E136,B136&"="&E136,"") -> 310402=10
A137: 1 | B137: 310403 | C137: =_xlfn.XLOOKUP($B137,relic!A:A,relic!D:D,"") -> 枪焰燃烧 | D137: =VLOOKUP($B137,relic!A:H,7,0) -> relic_desc_310403 | E137: 10 | H137: =IF(E137,B137&"="&E137,"") -> 310403=10
A138: 1 | B138: 310404 | C138: =_xlfn.XLOOKUP($B138,relic!A:A,relic!D:D,"") -> 枪焰闪耀 | D138: =VLOOKUP($B138,relic!A:H,7,0) -> relic_desc_310404 | E138: 10 | H138: =IF(E138,B138&"="&E138,"") -> 310404=10
A139: 1 | B139: 310405 | C139: =_xlfn.XLOOKUP($B139,relic!A:A,relic!D:D,"") -> 枪托打击 | D139: =VLOOKUP($B139,relic!A:H,7,0) -> relic_desc_310405 | E139: 0 | H139: =IF(E139,B139&"="&E139,"")
A140: 1 | B140: 310406 | C140: =_xlfn.XLOOKUP($B140,relic!A:A,relic!D:D,"") -> 枪托重击 | D140: =VLOOKUP($B140,relic!A:H,7,0) -> relic_desc_310406 | E140: 0 | H140: =IF(E140,B140&"="&E140,"")
A141: 1 | B141: 310407 | C141: =_xlfn.XLOOKUP($B141,relic!A:A,relic!D:D,"") -> 作弊骰 Lv.1 | D141: =VLOOKUP($B141,relic!A:H,7,0) -> relic_desc_310407 | E141: 10 | H141: =IF(E141,B141&"="&E141,"") -> 310407=10
A142: 1 | B142: 310408 | C142: =_xlfn.XLOOKUP($B142,relic!A:A,relic!D:D,"") -> 作弊骰 Lv.2 | D142: =VLOOKUP($B142,relic!A:H,7,0) -> relic_desc_310408 | E142: 10 | H142: =IF(E142,B142&"="&E142,"") -> 310408=10
A143: 1 | B143: 310409 | C143: =_xlfn.XLOOKUP($B143,relic!A:A,relic!D:D,"") -> 作弊骰 Lv.3 | D143: =VLOOKUP($B143,relic!A:H,7,0) -> relic_desc_310409 | E143: 10 | H143: =IF(E143,B143&"="&E143,"") -> 310409=10

Sheet relic_rank
A1: id | C1: UI_shop_bg | D1: UI_bag_bg
A2: uint key | C2: string | D2: string
A3: 等级 | B3: 备注1 | C3: 商店资料图 背景板 | D3: 等级面板中的品质
A4: 0 | B4: 灰白 | C4: ui_relic_icon_bg_1 | D4: ui_relic_icon_board_level_1
A5: 1 | B5: 绿 | C5: ui_relic_icon_bg_2 | D5: ui_relic_icon_board_level_2
A6: 2 | B6: 蓝 | C6: ui_relic_icon_bg_3 | D6: ui_relic_icon_board_level_3
A7: 3 | B7: 紫 | C7: ui_relic_icon_bg_4 | D7: ui_relic_icon_board_level_4
A8: 4 | B8: 橙 | C8: ui_relic_icon_bg_5 | D8: ui_relic_icon_board_level_5

Sheet -投放筛选及l10n配置辅助
A1: relic id | B1: relic name key | C1: relic name | D1: rank | E1: relic desc key | F1: relic desc | G1: picked | I1: picked_name | L1: picked_desc
A2: 300011 | B2: =_xlfn.XLOOKUP(表2[[#This Row],[relic id]],relic!$A:$A,relic!B:B,"") -> relic_name_30001 | C2: =_xlfn.XLOOKUP(表2[[#This Row],[relic id]],relic!$A:$A,relic!D:D,"") -> 阿菊 | D2: =IF(表2[[#This Row],[relic id]]<>"",_xlfn.XLOOKUP(表2[[#This Row],[relic id]],relic!$A:$A,relic!$T:$T),"") -> 0 | E2: =_xlfn.XLOOKUP(表2[[#This Row],[relic id]],relic!$A:$A,relic!G:G,"") -> relic_desc_300011 | F2: =_xlfn.XLOOKUP(表2[[#This Row],[relic id]],relic!$A:$A,relic!H:H,"") -> 所有设备 伤害 + 15% | G2: TRUE | I2: {=_xlfn.UNIQUE(_xlfn._xlws.FILTER(表2[[relic name key]:[relic name]],表2[picked]))} -> relic_name_30001 | J2: 阿菊 | L2: {=_xlfn.UNIQUE(_xlfn._xlws.FILTER(表2[[relic desc key]:[relic desc]],表2[picked]))} -> relic_desc_300011 | M2: 所有设备 伤害 + 15%
A3: 300012 | B3: =_xlfn.XLOOKUP(表2[[#This Row],[relic id]],relic!$A:$A,relic!B:B,"") -> relic_name_30001 | C3: =_xlfn.XLOOKUP(表2[[#This Row],[relic id]],relic!$A:$A,relic!D:D,"") -> 阿菊 | D3: =IF(表2[[#This Row],[relic id]]<>"",_xlfn.XLOOKUP(表2[[#This Row],[relic id]],relic!$A:$A,relic!$T:$T),"") -> 1 | E3: =_xlfn.XLOOKUP(表2[[#This Row],[relic id]],relic!$A:$A,relic!G:G,"") -> relic_desc_300012 | F3: =_xlfn.XLOOKUP(表2[[#This Row],[relic id]],relic!$A:$A,relic!H:H,"") -> 所有设备 伤害 + 30% | G3: TRUE | I3: relic_name_30002 | J3: 火星蝶 | L3: relic_desc_300012 | M3: 所有设备 伤害 + 30%
A4: 300013 | B4: =_xlfn.XLOOKUP(表2[[#This Row],[relic id]],relic!$A:$A,relic!B:B,"") -> relic_name_30001 | C4: =_xlfn.XLOOKUP(表2[[#This Row],[relic id]],relic!$A:$A,relic!D:D,"") -> 阿菊 | D4: =IF(表2[[#This Row],[relic id]]<>"",_xlfn.XLOOKUP(表2[[#This Row],[relic id]],relic!$A:$A,relic!$T:$T),"") -> 2 | E4: =_xlfn.XLOOKUP(表2[[#This Row],[relic id]],relic!$A:$A,relic!G:G,"") -> relic_desc_300013 | F4: =_xlfn.XLOOKUP(表2[[#This Row],[relic id]],relic!$A:$A,relic!H:H,"") -> 所有设备 伤害 + 60% | G4: TRUE | I4: relic_name_30003 | J4: 肌肉金轮草 | L4: relic_desc_300013 | M4: 所有设备 伤害 + 60%
A5: 300014 | B5: =_xlfn.XLOOKUP(表2[[#This Row],[relic id]],relic!$A:$A,relic!B:B,"") -> relic_name_30001 | C5: =_xlfn.XLOOKUP(表2[[#This Row],[relic id]],relic!$A:$A,relic!D:D,"") -> 阿菊 | D5: =IF(表2[[#This Row],[relic id]]<>"",_xlfn.XLOOKUP(表2[[#This Row],[relic id]],relic!$A:$A,relic!$T:$T),"") -> 3 | E5: =_xlfn.XLOOKUP(表2[[#This Row],[relic id]],relic!$A:$A,relic!G:G,"") -> relic_desc_300014 | F5: =_xlfn.XLOOKUP(表2[[#This Row],[relic id]],relic!$A:$A,relic!H:H,"") -> 所有设备 伤害 + 120% | G5: TRUE | I5: relic_name_30004 | J5: 托利莲 | L5: relic_desc_300014 | M5: 所有设备 伤害 + 120%
B6: =_xlfn.XLOOKUP(表2[[#This Row],[relic id]],relic!$A:$A,relic!B:B,"") -> 0 | C6: =_xlfn.XLOOKUP(表2[[#This Row],[relic id]],relic!$A:$A,relic!D:D,"") -> 0 | D6: =IF(表2[[#This Row],[relic id]]<>"",_xlfn.XLOOKUP(表2[[#This Row],[relic id]],relic!$A:$A,relic!$T:$T),"") | E6: =_xlfn.XLOOKUP(表2[[#This Row],[relic id]],relic!$A:$A,relic!G:G,"") -> 0 | F6: =_xlfn.XLOOKUP(表2[[#This Row],[relic id]],relic!$A:$A,relic!H:H,"") -> 0 | I6: relic_name_30007 | J6: 守护符 | L6: relic_desc_300021 | M6: 所有设备 额外伤害 + 6
A7: 300021 | B7: =_xlfn.XLOOKUP(表2[[#This Row],[relic id]],relic!$A:$A,relic!B:B,"") -> relic_name_30002 | C7: =_xlfn.XLOOKUP(表2[[#This Row],[relic id]],relic!$A:$A,relic!D:D,"") -> 火星蝶 | D7: =IF(表2[[#This Row],[relic id]]<>"",_xlfn.XLOOKUP(表2[[#This Row],[relic id]],relic!$A:$A,relic!$T:$T),"") -> 1 | E7: =_xlfn.XLOOKUP(表2[[#This Row],[relic id]],relic!$A:$A,relic!G:G,"") -> relic_desc_300021 | F7: =_xlfn.XLOOKUP(表2[[#This Row],[relic id]],relic!$A:$A,relic!H:H,"") -> 所有设备 额外伤害 + 6 | G7: TRUE | I7: relic_name_30008 | J7: 文护符 | L7: relic_desc_300022 | M7: 所有设备 额外伤害 + 12
A8: 300022 | B8: =_xlfn.XLOOKUP(表2[[#This Row],[relic id]],relic!$A:$A,relic!B:B,"") -> relic_name_30002 | C8: =_xlfn.XLOOKUP(表2[[#This Row],[relic id]],relic!$A:$A,relic!D:D,"") -> 火星蝶 | D8: =IF(表2[[#This Row],[relic id]]<>"",_xlfn.XLOOKUP(表2[[#This Row],[relic id]],relic!$A:$A,relic!$T:$T),"") -> 2 | E8: =_xlfn.XLOOKUP(表2[[#This Row],[relic id]],relic!$A:$A,relic!G:G,"") -> relic_desc_300022 | F8: =_xlfn.XLOOKUP(表2[[#This Row],[relic id]],relic!$A:$A,relic!H:H,"") -> 所有设备 额外伤害 + 12 | G8: TRUE | I8: relic_name_30101 | J8: 镐子 | L8: relic_desc_300023 | M8: 所有设备 额外伤害 + 24
A9: 300023 | B9: =_xlfn.XLOOKUP(表2[[#This Row],[relic id]],relic!$A:$A,relic!B:B,"") -> relic_name_30002 | C9: =_xlfn.XLOOKUP(表2[[#This Row],[relic id]],relic!$A:$A,relic!D:D,"") -> 火星蝶 | D9: =IF(表2[[#This Row],[relic id]]<>"",_xlfn.XLOOKUP(表2[[#This Row],[relic id]],relic!$A:$A,relic!$T:$T),"") -> 3 | E9: =_xlfn.XLOOKUP(表2[[#This Row],[relic id]],relic!$A:$A,relic!G:G,"") -> relic_desc_300023 | F9: =_xlfn.XLOOKUP(表2[[#This Row],[relic id]],relic!$A:$A,relic!H:H,"") -> 所有设备 额外伤害 + 24 | G9: TRUE | I9: relic_name_30103 | J9: 斧头 | L9: relic_desc_300031 | M9: 所有设备 暴击几率 + 4%
B10: =_xlfn.XLOOKUP(表2[[#This Row],[relic id]],relic!$A:$A,relic!B:B,"") -> 0 | C10: =_xlfn.XLOOKUP(表2[[#This Row],[relic id]],relic!$A:$A,relic!D:D,"") -> 0 | D10: =IF(表2[[#This Row],[relic id]]<>"",_xlfn.XLOOKUP(表2[[#This Row],[relic id]],relic!$A:$A,relic!$T:$T),"") | E10: =_xlfn.XLOOKUP(表2[[#This Row],[relic id]],relic!$A:$A,relic!G:G,"") -> 0 | F10: =_xlfn.XLOOKUP(表2[[#This Row],[relic id]],relic!$A:$A,relic!H:H,"") -> 0 | I10: relic_name_30104 | J10: 扳手 | L10: relic_desc_300032 | M10: 所有设备 暴击几率 + 6%
A11: 300031 | B11: =_xlfn.XLOOKUP(表2[[#This Row],[relic id]],relic!$A:$A,relic!B:B,"") -> relic_name_30003 | C11: =_xlfn.XLOOKUP(表2[[#This Row],[relic id]],relic!$A:$A,relic!D:D,"") -> 肌肉金轮草 | D11: =IF(表2[[#This Row],[relic id]]<>"",_xlfn.XLOOKUP(表2[[#This Row],[relic id]],relic!$A:$A,relic!$T:$T),"") -> 0 | E11: =_xlfn.XLOOKUP(表2[[#This Row],[relic id]],relic!$A:$A,relic!G:G,"") -> relic_desc_300031 | F11: =_xlfn.XLOOKUP(表2[[#This Row],[relic id]],relic!$A:$A,relic!H:H,"") -> 所有设备 暴击几率 + 4% | G11: TRUE | I11: relic_name_30105 | J11: 起子 | L11: relic_desc_300033 | M11: 所有设备 暴击几率 + 9%
A12: 300032 | B12: =_xlfn.XLOOKUP(表2[[#This Row],[relic id]],relic!$A:$A,relic!B:B,"") -> relic_name_30003 | C12: =_xlfn.XLOOKUP(表2[[#This Row],[relic id]],relic!$A:$A,relic!D:D,"") -> 肌肉金轮草 | D12: =IF(表2[[#This Row],[relic id]]<>"",_xlfn.XLOOKUP(表2[[#This Row],[relic id]],relic!$A:$A,relic!$T:$T),"") -> 1 | E12: =_xlfn.XLOOKUP(表2[[#This Row],[relic id]],relic!$A:$A,relic!G:G,"") -> relic_desc_300032 | F12: =_xlfn.XLOOKUP(表2[[#This Row],[relic id]],relic!$A:$A,relic!H:H,"") -> 所有设备 暴击几率 + 6% | G12: TRUE | I12: relic_name_30201 | J12: 无黄蛋 | L12: relic_desc_300034 | M12: 所有设备 暴击几率 + 13%
A13: 300033 | B13: =_xlfn.XLOOKUP(表2[[#This Row],[relic id]],relic!$A:$A,relic!B:B,"") -> relic_name_30003 | C13: =_xlfn.XLOOKUP(表2[[#This Row],[relic id]],relic!$A:$A,relic!D:D,"") -> 肌肉金轮草 | D13: =IF(表2[[#This Row],[relic id]]<>"",_xlfn.XLOOKUP(表2[[#This Row],[relic id]],relic!$A:$A,relic!$T:$T),"") -> 2 | E13: =_xlfn.XLOOKUP(表2[[#This Row],[relic id]],relic!$A:$A,relic!G:G,"") -> relic_desc_300033 | F13: =_xlfn.XLOOKUP(表2[[#This Row],[relic id]],relic!$A:$A,relic!H:H,"") -> 所有设备 暴击几率 + 9% | G13: TRUE | I13: relic_name_30203 | J13: 天地一口香 | L13: relic_desc_300041 | M13: 所有设备 暴击伤害 + 10%
A14: 300034 | B14: =_xlfn.XLOOKUP(表2[[#This Row],[relic id]],relic!$A:$A,relic!B:B,"") -> relic_name_30003 | C14: =_xlfn.XLOOKUP(表2[[#This Row],[relic id]],relic!$A:$A,relic!D:D,"") -> 肌肉金轮草 | D14: =IF(表2[[#This Row],[relic id]]<>"",_xlfn.XLOOKUP(表2[[#This Row],[relic id]],relic!$A:$A,relic!$T:$T),"") -> 3 | E14: =_xlfn.XLOOKUP(表2[[#This Row],[relic id]],relic!$A:$A,relic!G:G,"") -> relic_desc_300034 | F14: =_xlfn.XLOOKUP(表2[[#This Row],[relic id]],relic!$A:$A,relic!H:H,"") -> 所有设备 暴击几率 + 13% | G14: TRUE | I14: relic_name_30204 | J14: 子母春茧 | L14: relic_desc_300042 | M14: 所有设备 暴击伤害 + 20%
B15: =_xlfn.XLOOKUP(表2[[#This Row],[relic id]],relic!$A:$A,relic!B:B,"") -> 0 | C15: =_xlfn.XLOOKUP(表2[[#This Row],[relic id]],relic!$A:$A,relic!D:D,"") -> 0 | D15: =IF(表2[[#This Row],[relic id]]<>"",_xlfn.XLOOKUP(表2[[#This Row],[relic id]],relic!$A:$A,relic!$T:$T),"") | E15: =_xlfn.XLOOKUP(表2[[#This Row],[relic id]],relic!$A:$A,relic!G:G,"") -> 0 | F15: =_xlfn.XLOOKUP(表2[[#This Row],[relic id]],relic!$A:$A,relic!H:H,"") -> 0 | I15: relic_name_30223 | J15: 太阳勋章 | L15: relic_desc_300043 | M15: 所有设备 暴击伤害 + 40%
A16: 300041 | B16: =_xlfn.XLOOKUP(表2[[#This Row],[relic id]],relic!$A:$A,relic!B:B,"") -> relic_name_30004 | C16: =_xlfn.XLOOKUP(表2[[#This Row],[relic id]],relic!$A:$A,relic!D:D,"") -> 托利莲 | D16: =IF(表2[[#This Row],[relic id]]<>"",_xlfn.XLOOKUP(表2[[#This Row],[relic id]],relic!$A:$A,relic!$T:$T),"") -> 0 | E16: =_xlfn.XLOOKUP(表2[[#This Row],[relic id]],relic!$A:$A,relic!G:G,"") -> relic_desc_300041 | F16: =_xlfn.XLOOKUP(表2[[#This Row],[relic id]],relic!$A:$A,relic!H:H,"") -> 所有设备 暴击伤害 + 10% | G16: TRUE | I16: relic_name_30232 | J16: 屋顶羊 | L16: relic_desc_300044 | M16: 所有设备 暴击伤害 + 80%
A17: 300042 | B17: =_xlfn.XLOOKUP(表2[[#This Row],[relic id]],relic!$A:$A,relic!B:B,"") -> relic_name_30004 | C17: =_xlfn.XLOOKUP(表2[[#This Row],[relic id]],relic!$A:$A,relic!D:D,"") -> 托利莲 | D17: =IF(表2[[#This Row],[relic id]]<>"",_xlfn.XLOOKUP(表2[[#This Row],[relic id]],relic!$A:$A,relic!$T:$T),"") -> 1 | E17: =_xlfn.XLOOKUP(表2[[#This Row],[relic id]],relic!$A:$A,relic!G:G,"") -> relic_desc_300042 | F17: =_xlfn.XLOOKUP(表2[[#This Row],[relic id]],relic!$A:$A,relic!H:H,"") -> 所有设备 暴击伤害 + 20% | G17: TRUE | I17: relic_name_310203 | J17: 花洒 Lv.1 | L17: relic_desc_300071 | M17: 所有设备 护甲 + 10
A18: 300043 | B18: =_xlfn.XLOOKUP(表2[[#This Row],[relic id]],relic!$A:$A,relic!B:B,"") -> relic_name_30004 | C18: =_xlfn.XLOOKUP(表2[[#This Row],[relic id]],relic!$A:$A,relic!D:D,"") -> 托利莲 | D18: =IF(表2[[#This Row],[relic id]]<>"",_xlfn.XLOOKUP(表2[[#This Row],[relic id]],relic!$A:$A,relic!$T:$T),"") -> 2 | E18: =_xlfn.XLOOKUP(表2[[#This Row],[relic id]],relic!$A:$A,relic!G:G,"") -> relic_desc_300043 | F18: =_xlfn.XLOOKUP(表2[[#This Row],[relic id]],relic!$A:$A,relic!H:H,"") -> 所有设备 暴击伤害 + 40% | G18: TRUE | I18: relic_name_310204 | J18: 花洒 Lv.2 | L18: relic_desc_300072 | M18: 所有设备 护甲 + 20
A19: 300044 | B19: =_xlfn.XLOOKUP(表2[[#This Row],[relic id]],relic!$A:$A,relic!B:B,"") -> relic_name_30004 | C19: =_xlfn.XLOOKUP(表2[[#This Row],[relic id]],relic!$A:$A,relic!D:D,"") -> 托利莲 | D19: =IF(表2[[#This Row],[relic id]]<>"",_xlfn.XLOOKUP(表2[[#This Row],[relic id]],relic!$A:$A,relic!$T:$T),"") -> 3 | E19: =_xlfn.XLOOKUP(表2[[#This Row],[relic id]],relic!$A:$A,relic!G:G,"") -> relic_desc_300044 | F19: =_xlfn.XLOOKUP(表2[[#This Row],[relic id]],relic!$A:$A,relic!H:H,"") -> 所有设备 暴击伤害 + 80% | G19: TRUE | I19: relic_name_310205 | J19: 花洒 Lv.3 | L19: relic_desc_300073 | M19: 所有设备 护甲 + 40
B20: =_xlfn.XLOOKUP(表2[[#This Row],[relic id]],relic!$A:$A,relic!B:B,"") -> 0 | C20: =_xlfn.XLOOKUP(表2[[#This Row],[relic id]],relic!$A:$A,relic!D:D,"") -> 0 | D20: =IF(表2[[#This Row],[relic id]]<>"",_xlfn.XLOOKUP(表2[[#This Row],[relic id]],relic!$A:$A,relic!$T:$T),"") | E20: =_xlfn.XLOOKUP(表2[[#This Row],[relic id]],relic!$A:$A,relic!G:G,"") -> 0 | F20: =_xlfn.XLOOKUP(表2[[#This Row],[relic id]],relic!$A:$A,relic!H:H,"") -> 0 | I20: relic_name_310206 | J20: 蟹钳 蒜蓉 | L20: relic_desc_300074 | M20: 所有设备 护甲 + 80
A21: 300051 | B21: =_xlfn.XLOOKUP(表2[[#This Row],[relic id]],relic!$A:$A,relic!B:B,"") -> relic_name_300051 | C21: =_xlfn.XLOOKUP(表2[[#This Row],[relic id]],relic!$A:$A,relic!D:D,"") -> 紫水晶 | D21: =IF(表2[[#This Row],[relic id]]<>"",_xlfn.XLOOKUP(表2[[#This Row],[relic id]],relic!$A:$A,relic!$T:$T),"") -> 0 | E21: =_xlfn.XLOOKUP(表2[[#This Row],[relic id]],relic!$A:$A,relic!G:G,"") -> relic_desc_300051 | F21: =_xlfn.XLOOKUP(表2[[#This Row],[relic id]],relic!$A:$A,relic!H:H,"") -> 所有设备 击退 + 5% | I21: relic_name_310207 | J21: 蟹钳 麻辣 | L21: relic_desc_300081 | M21: 所有设备 耐久 + 15%
A22: 300052 | B22: =_xlfn.XLOOKUP(表2[[#This Row],[relic id]],relic!$A:$A,relic!B:B,"") -> relic_name_300052 | C22: =_xlfn.XLOOKUP(表2[[#This Row],[relic id]],relic!$A:$A,relic!D:D,"") -> 粉水晶 | D22: =IF(表2[[#This Row],[relic id]]<>"",_xlfn.XLOOKUP(表2[[#This Row],[relic id]],relic!$A:$A,relic!$T:$T),"") -> 1 | E22: =_xlfn.XLOOKUP(表2[[#This Row],[relic id]],relic!$A:$A,relic!G:G,"") -> relic_desc_300052 | F22: =_xlfn.XLOOKUP(表2[[#This Row],[relic id]],relic!$A:$A,relic!H:H,"") -> 所有设备 击退 + 10% | I22: relic_name_310208 | J22: 蟹钳 十三香 | L22: relic_desc_300082 | M22: 所有设备 耐久 + 25%
A23: 300053 | B23: =_xlfn.XLOOKUP(表2[[#This Row],[relic id]],relic!$A:$A,relic!B:B,"") -> relic_name_300053 | C23: =_xlfn.XLOOKUP(表2[[#This Row],[relic id]],relic!$A:$A,relic!D:D,"") -> 黄水晶 | D23: =IF(表2[[#This Row],[relic id]]<>"",_xlfn.XLOOKUP(表2[[#This Row],[relic id]],relic!$A:$A,relic!$T:$T),"") -> 2 | E23: =_xlfn.XLOOKUP(表2[[#This Row],[relic id]],relic!$A:$A,relic!G:G,"") -> relic_desc_300053 | F23: =_xlfn.XLOOKUP(表2[[#This Row],[relic id]],relic!$A:$A,relic!H:H,"") -> 所有设备 击退 + 15% | I23: relic_name_310217 | J23: 牢门 | L23: relic_desc_300083 | M23: 所有设备 耐久 + 40%
B24: =_xlfn.XLOOKUP(表2[[#This Row],[relic id]],relic!$A:$A,relic!B:B,"") -> 0 | C24: =_xlfn.XLOOKUP(表2[[#This Row],[relic id]],relic!$A:$A,relic!D:D,"") -> 0 | D24: =IF(表2[[#This Row],[relic id]]<>"",_xlfn.XLOOKUP(表2[[#This Row],[relic id]],relic!$A:$A,relic!$T:$T),"") | E24: =_xlfn.XLOOKUP(表2[[#This Row],[relic id]],relic!$A:$A,relic!G:G,"") -> 0 | F24: =_xlfn.XLOOKUP(表2[[#This Row],[relic id]],relic!$A:$A,relic!H:H,"") -> 0 | I24: relic_name_310218 | J24: 警卫制服 | L24: relic_desc_300084 | M24: 所有设备 耐久 + 70%
A25: 300061 | B25: =_xlfn.XLOOKUP(表2[[#This Row],[relic id]],relic!$A:$A,relic!B:B,"") -> relic_name_300061 | C25: =_xlfn.XLOOKUP(表2[[#This Row],[relic id]],relic!$A:$A,relic!D:D,"") -> 国王骰子 | D25: =IF(表2[[#This Row],[relic id]]<>"",_xlfn.XLOOKUP(表2[[#This Row],[relic id]],relic!$A:$A,relic!$T:$T),"") -> 0 | E25: =_xlfn.XLOOKUP(表2[[#This Row],[relic id]],relic!$A:$A,relic!G:G,"") -> relic_desc_300061 | F25: =_xlfn.XLOOKUP(表2[[#This Row],[relic id]],relic!$A:$A,relic!H:H,"") -> 所有设备 破甲 + 10% | I25: relic_name_310219 | J25: 工头喇叭 | L25: relic_desc_301011 | M25: 近战武器 伤害 + 20%
A26: 300062 | B26: =_xlfn.XLOOKUP(表2[[#This Row],[relic id]],relic!$A:$A,relic!B:B,"") -> relic_name_300062 | C26: =_xlfn.XLOOKUP(表2[[#This Row],[relic id]],relic!$A:$A,relic!D:D,"") -> 国王骰子 | D26: =IF(表2[[#This Row],[relic id]]<>"",_xlfn.XLOOKUP(表2[[#This Row],[relic id]],relic!$A:$A,relic!$T:$T),"") -> 1 | E26: =_xlfn.XLOOKUP(表2[[#This Row],[relic id]],relic!$A:$A,relic!G:G,"") -> relic_desc_300062 | F26: =_xlfn.XLOOKUP(表2[[#This Row],[relic id]],relic!$A:$A,relic!H:H,"") -> 所有设备 破甲 + 20% | I26: relic_name_310223 | J26: 蛋糕 Lv.1 | L26: relic_desc_301012 | M26: 近战武器 伤害 + 40%
A27: 300063 | B27: =_xlfn.XLOOKUP(表2[[#This Row],[relic id]],relic!$A:$A,relic!B:B,"") -> relic_name_300063 | C27: =_xlfn.XLOOKUP(表2[[#This Row],[relic id]],relic!$A:$A,relic!D:D,"") -> 国王骰子 | D27: =IF(表2[[#This Row],[relic id]]<>"",_xlfn.XLOOKUP(表2[[#This Row],[relic id]],relic!$A:$A,relic!$T:$T),"") -> 2 | E27: =_xlfn.XLOOKUP(表2[[#This Row],[relic id]],relic!$A:$A,relic!G:G,"") -> relic_desc_300063 | F27: =_xlfn.XLOOKUP(表2[[#This Row],[relic id]],relic!$A:$A,relic!H:H,"") -> 所有设备 破甲 + 30% | I27: relic_name_310224 | J27: 蛋糕 Lv.2 | L27: relic_desc_301013 | M27: 近战武器 伤害 + 80%
B28: =_xlfn.XLOOKUP(表2[[#This Row],[relic id]],relic!$A:$A,relic!B:B,"") -> 0 | C28: =_xlfn.XLOOKUP(表2[[#This Row],[relic id]],relic!$A:$A,relic!D:D,"") -> 0 | D28: =IF(表2[[#This Row],[relic id]]<>"",_xlfn.XLOOKUP(表2[[#This Row],[relic id]],relic!$A:$A,relic!$T:$T),"") | E28: =_xlfn.XLOOKUP(表2[[#This Row],[relic id]],relic!$A:$A,relic!G:G,"") -> 0 | F28: =_xlfn.XLOOKUP(表2[[#This Row],[relic id]],relic!$A:$A,relic!H:H,"") -> 0 | I28: relic_name_310225 | J28: 蛋糕 Lv.3 | L28: relic_desc_301014 | M28: 近战武器 伤害 + 160%
A29: 300071 | B29: =_xlfn.XLOOKUP(表2[[#This Row],[relic id]],relic!$A:$A,relic!B:B,"") -> relic_name_30007 | C29: =_xlfn.XLOOKUP(表2[[#This Row],[relic id]],relic!$A:$A,relic!D:D,"") -> 守护符 | D29: =IF(表2[[#This Row],[relic id]]<>"",_xlfn.XLOOKUP(表2[[#This Row],[relic id]],relic!$A:$A,relic!$T:$T),"") -> 0 | E29: =_xlfn.XLOOKUP(表2[[#This Row],[relic id]],relic!$A:$A,relic!G:G,"") -> relic_desc_300071 | F29: =_xlfn.XLOOKUP(表2[[#This Row],[relic id]],relic!$A:$A,relic!H:H,"") -> 所有设备 护甲 + 10 | G29: TRUE | I29: relic_name_310407 | J29: 作弊骰 Lv.1 | L29: relic_desc_301031 | M29: 近战武器 暴击几率 + 5%
A30: 300072 | B30: =_xlfn.XLOOKUP(表2[[#This Row],[relic id]],relic!$A:$A,relic!B:B,"") -> relic_name_30007 | C30: =_xlfn.XLOOKUP(表2[[#This Row],[relic id]],relic!$A:$A,relic!D:D,"") -> 守护符 | D30: =IF(表2[[#This Row],[relic id]]<>"",_xlfn.XLOOKUP(表2[[#This Row],[relic id]],relic!$A:$A,relic!$T:$T),"") -> 1 | E30: =_xlfn.XLOOKUP(表2[[#This Row],[relic id]],relic!$A:$A,relic!G:G,"") -> relic_desc_300072 | F30: =_xlfn.XLOOKUP(表2[[#This Row],[relic id]],relic!$A:$A,relic!H:H,"") -> 所有设备 护甲 + 20 | G30: TRUE | I30: relic_name_310408 | J30: 作弊骰 Lv.2 | L30: relic_desc_301032 | M30: 近战武器 暴击几率 + 8%
A31: 300073 | B31: =_xlfn.XLOOKUP(表2[[#This Row],[relic id]],relic!$A:$A,relic!B:B,"") -> relic_name_30007 | C31: =_xlfn.XLOOKUP(表2[[#This Row],[relic id]],relic!$A:$A,relic!D:D,"") -> 守护符 | D31: =IF(表2[[#This Row],[relic id]]<>"",_xlfn.XLOOKUP(表2[[#This Row],[relic id]],relic!$A:$A,relic!$T:$T),"") -> 2 | E31: =_xlfn.XLOOKUP(表2[[#This Row],[relic id]],relic!$A:$A,relic!G:G,"") -> relic_desc_300073 | F31: =_xlfn.XLOOKUP(表2[[#This Row],[relic id]],relic!$A:$A,relic!H:H,"") -> 所有设备 护甲 + 40 | G31: TRUE | I31: relic_name_310409 | J31: 作弊骰 Lv.3 | L31: relic_desc_301033 | M31: 近战武器 暴击几率 + 12%
A32: 300074 | B32: =_xlfn.XLOOKUP(表2[[#This Row],[relic id]],relic!$A:$A,relic!B:B,"") -> relic_name_30007 | C32: =_xlfn.XLOOKUP(表2[[#This Row],[relic id]],relic!$A:$A,relic!D:D,"") -> 守护符 | D32: =IF(表2[[#This Row],[relic id]]<>"",_xlfn.XLOOKUP(表2[[#This Row],[relic id]],relic!$A:$A,relic!$T:$T),"") -> 3 | E32: =_xlfn.XLOOKUP(表2[[#This Row],[relic id]],relic!$A:$A,relic!G:G,"") -> relic_desc_300074 | F32: =_xlfn.XLOOKUP(表2[[#This Row],[relic id]],relic!$A:$A,relic!H:H,"") -> 所有设备 护甲 + 80 | G32: TRUE | I32: relic_name_310501 | J32: 箱子 Lv.1 | L32: relic_desc_301034 | M32: 近战武器 暴击几率 + 18%
B33: =_xlfn.XLOOKUP(表2[[#This Row],[relic id]],relic!$A:$A,relic!B:B,"") -> 0 | C33: =_xlfn.XLOOKUP(表2[[#This Row],[relic id]],relic!$A:$A,relic!D:D,"") -> 0 | D33: =IF(表2[[#This Row],[relic id]]<>"",_xlfn.XLOOKUP(表2[[#This Row],[relic id]],relic!$A:$A,relic!$T:$T),"") | E33: =_xlfn.XLOOKUP(表2[[#This Row],[relic id]],relic!$A:$A,relic!G:G,"") -> 0 | F33: =_xlfn.XLOOKUP(表2[[#This Row],[relic id]],relic!$A:$A,relic!H:H,"") -> 0 | I33: relic_name_310502 | J33: 箱子 Lv.2 | L33: relic_desc_301041 | M33: 近战武器 暴击伤害 + 15%
A34: 300081 | B34: =_xlfn.XLOOKUP(表2[[#This Row],[relic id]],relic!$A:$A,relic!B:B,"") -> relic_name_30008 | C34: =_xlfn.XLOOKUP(表2[[#This Row],[relic id]],relic!$A:$A,relic!D:D,"") -> 文护符 | D34: =IF(表2[[#This Row],[relic id]]<>"",_xlfn.XLOOKUP(表2[[#This Row],[relic id]],relic!$A:$A,relic!$T:$T),"") -> 0 | E34: =_xlfn.XLOOKUP(表2[[#This Row],[relic id]],relic!$A:$A,relic!G:G,"") -> relic_desc_300081 | F34: =_xlfn.XLOOKUP(表2[[#This Row],[relic id]],relic!$A:$A,relic!H:H,"") -> 所有设备 耐久 + 15% | G34: TRUE | I34: relic_name_310503 | J34: 箱子 Lv.3 | L34: relic_desc_301042 | M34: 近战武器 暴击伤害 + 30%
A35: 300082 | B35: =_xlfn.XLOOKUP(表2[[#This Row],[relic id]],relic!$A:$A,relic!B:B,"") -> relic_name_30008 | C35: =_xlfn.XLOOKUP(表2[[#This Row],[relic id]],relic!$A:$A,relic!D:D,"") -> 文护符 | D35: =IF(表2[[#This Row],[relic id]]<>"",_xlfn.XLOOKUP(表2[[#This Row],[relic id]],relic!$A:$A,relic!$T:$T),"") -> 1 | E35: =_xlfn.XLOOKUP(表2[[#This Row],[relic id]],relic!$A:$A,relic!G:G,"") -> relic_desc_300082 | F35: =_xlfn.XLOOKUP(表2[[#This Row],[relic id]],relic!$A:$A,relic!H:H,"") -> 所有设备 耐久 + 25% | G35: TRUE | I35: relic_name_310504 | J35: 符纸 Lv.1 | L35: relic_desc_301043 | M35: 近战武器 暴击伤害 + 60%
A36: 300083 | B36: =_xlfn.XLOOKUP(表2[[#This Row],[relic id]],relic!$A:$A,relic!B:B,"") -> relic_name_30008 | C36: =_xlfn.XLOOKUP(表2[[#This Row],[relic id]],relic!$A:$A,relic!D:D,"") -> 文护符 | D36: =IF(表2[[#This Row],[relic id]]<>"",_xlfn.XLOOKUP(表2[[#This Row],[relic id]],relic!$A:$A,relic!$T:$T),"") -> 2 | E36: =_xlfn.XLOOKUP(表2[[#This Row],[relic id]],relic!$A:$A,relic!G:G,"") -> relic_desc_300083 | F36: =_xlfn.XLOOKUP(表2[[#This Row],[relic id]],relic!$A:$A,relic!H:H,"") -> 所有设备 耐久 + 40% | G36: TRUE | I36: relic_name_310505 | J36: 符纸 Lv.2 | L36: relic_desc_301044 | M36: 近战武器 暴击伤害 + 120%
A37: 300084 | B37: =_xlfn.XLOOKUP(表2[[#This Row],[relic id]],relic!$A:$A,relic!B:B,"") -> relic_name_30008 | C37: =_xlfn.XLOOKUP(表2[[#This Row],[relic id]],relic!$A:$A,relic!D:D,"") -> 文护符 | D37: =IF(表2[[#This Row],[relic id]]<>"",_xlfn.XLOOKUP(表2[[#This Row],[relic id]],relic!$A:$A,relic!$T:$T),"") -> 3 | E37: =_xlfn.XLOOKUP(表2[[#This Row],[relic id]],relic!$A:$A,relic!G:G,"") -> relic_desc_300084 | F37: =_xlfn.XLOOKUP(表2[[#This Row],[relic id]],relic!$A:$A,relic!H:H,"") -> 所有设备 耐久 + 70% | G37: TRUE | I37: relic_name_310506 | J37: 符纸 Lv.3 | L37: relic_desc_301051 | M37: 近战武器 击退 + 10%
B38: =_xlfn.XLOOKUP(表2[[#This Row],[relic id]],relic!$A:$A,relic!B:B,"") -> 0 | C38: =_xlfn.XLOOKUP(表2[[#This Row],[relic id]],relic!$A:$A,relic!D:D,"") -> 0 | D38: =IF(表2[[#This Row],[relic id]]<>"",_xlfn.XLOOKUP(表2[[#This Row],[relic id]],relic!$A:$A,relic!$T:$T),"") | E38: =_xlfn.XLOOKUP(表2[[#This Row],[relic id]],relic!$A:$A,relic!G:G,"") -> 0 | F38: =_xlfn.XLOOKUP(表2[[#This Row],[relic id]],relic!$A:$A,relic!H:H,"") -> 0 | I38: relic_name_310507 | J38: 玩火艺人 | L38: relic_desc_301052 | M38: 近战武器 击退 + 20%
A39: 300091 | B39: =_xlfn.XLOOKUP(表2[[#This Row],[relic id]],relic!$A:$A,relic!B:B,"") -> relic_name_300091 | C39: =_xlfn.XLOOKUP(表2[[#This Row],[relic id]],relic!$A:$A,relic!D:D,"") -> 礼护符 | D39: =IF(表2[[#This Row],[relic id]]<>"",_xlfn.XLOOKUP(表2[[#This Row],[relic id]],relic!$A:$A,relic!$T:$T),"") -> 0 | E39: =_xlfn.XLOOKUP(表2[[#This Row],[relic id]],relic!$A:$A,relic!G:G,"") -> relic_desc_300091 | F39: =_xlfn.XLOOKUP(表2[[#This Row],[relic id]],relic!$A:$A,relic!H:H,"") -> 所有设备 耐久 + 300 | L39: relic_desc_301053 | M39: 近战武器 击退 + 40%
A40: 300092 | B40: =_xlfn.XLOOKUP(表2[[#This Row],[relic id]],relic!$A:$A,relic!B:B,"") -> relic_name_300092 | C40: =_xlfn.XLOOKUP(表2[[#This Row],[relic id]],relic!$A:$A,relic!D:D,"") -> 礼护符 | D40: =IF(表2[[#This Row],[relic id]]<>"",_xlfn.XLOOKUP(表2[[#This Row],[relic id]],relic!$A:$A,relic!$T:$T),"") -> 1 | E40: =_xlfn.XLOOKUP(表2[[#This Row],[relic id]],relic!$A:$A,relic!G:G,"") -> relic_desc_300092 | F40: =_xlfn.XLOOKUP(表2[[#This Row],[relic id]],relic!$A:$A,relic!H:H,"") -> 所有设备 耐久 + 600 | L40: relic_desc_301054 | M40: 近战武器 击退 + 80%
A41: 300093 | B41: =_xlfn.XLOOKUP(表2[[#This Row],[relic id]],relic!$A:$A,relic!B:B,"") -> relic_name_300093 | C41: =_xlfn.XLOOKUP(表2[[#This Row],[relic id]],relic!$A:$A,relic!D:D,"") -> 礼护符 | D41: =IF(表2[[#This Row],[relic id]]<>"",_xlfn.XLOOKUP(表2[[#This Row],[relic id]],relic!$A:$A,relic!$T:$T),"") -> 2 | E41: =_xlfn.XLOOKUP(表2[[#This Row],[relic id]],relic!$A:$A,relic!G:G,"") -> relic_desc_300093 | F41: =_xlfn.XLOOKUP(表2[[#This Row],[relic id]],relic!$A:$A,relic!H:H,"") -> 所有设备 耐久 + 1200 | L41: relic_desc_302011 | M41: 飞射物 伤害 + 20%
B42: =_xlfn.XLOOKUP(表2[[#This Row],[relic id]],relic!$A:$A,relic!B:B,"") -> 0 | C42: =_xlfn.XLOOKUP(表2[[#This Row],[relic id]],relic!$A:$A,relic!D:D,"") -> 0 | D42: =IF(表2[[#This Row],[relic id]]<>"",_xlfn.XLOOKUP(表2[[#This Row],[relic id]],relic!$A:$A,relic!$T:$T),"") | E42: =_xlfn.XLOOKUP(表2[[#This Row],[relic id]],relic!$A:$A,relic!G:G,"") -> 0 | F42: =_xlfn.XLOOKUP(表2[[#This Row],[relic id]],relic!$A:$A,relic!H:H,"") -> 0 | L42: relic_desc_302012 | M42: 飞射物 伤害 + 40%
A43: 301011 | B43: =_xlfn.XLOOKUP(表2[[#This Row],[relic id]],relic!$A:$A,relic!B:B,"") -> relic_name_30101 | C43: =_xlfn.XLOOKUP(表2[[#This Row],[relic id]],relic!$A:$A,relic!D:D,"") -> 镐子 | D43: =IF(表2[[#This Row],[relic id]]<>"",_xlfn.XLOOKUP(表2[[#This Row],[relic id]],relic!$A:$A,relic!$T:$T),"") -> 0 | E43: =_xlfn.XLOOKUP(表2[[#This Row],[relic id]],relic!$A:$A,relic!G:G,"") -> relic_desc_301011 | F43: =_xlfn.XLOOKUP(表2[[#This Row],[relic id]],relic!$A:$A,relic!H:H,"") -> 近战武器 伤害 + 20% | G43: TRUE | L43: relic_desc_302013 | M43: 飞射物 伤害 + 80%
A44: 301012 | B44: =_xlfn.XLOOKUP(表2[[#This Row],[relic id]],relic!$A:$A,relic!B:B,"") -> relic_name_30101 | C44: =_xlfn.XLOOKUP(表2[[#This Row],[relic id]],relic!$A:$A,relic!D:D,"") -> 镐子 | D44: =IF(表2[[#This Row],[relic id]]<>"",_xlfn.XLOOKUP(表2[[#This Row],[relic id]],relic!$A:$A,relic!$T:$T),"") -> 1 | E44: =_xlfn.XLOOKUP(表2[[#This Row],[relic id]],relic!$A:$A,relic!G:G,"") -> relic_desc_301012 | F44: =_xlfn.XLOOKUP(表2[[#This Row],[relic id]],relic!$A:$A,relic!H:H,"") -> 近战武器 伤害 + 40% | G44: TRUE | L44: relic_desc_302014 | M44: 飞射物 伤害 + 160%
A45: 301013 | B45: =_xlfn.XLOOKUP(表2[[#This Row],[relic id]],relic!$A:$A,relic!B:B,"") -> relic_name_30101 | C45: =_xlfn.XLOOKUP(表2[[#This Row],[relic id]],relic!$A:$A,relic!D:D,"") -> 镐子 | D45: =IF(表2[[#This Row],[relic id]]<>"",_xlfn.XLOOKUP(表2[[#This Row],[relic id]],relic!$A:$A,relic!$T:$T),"") -> 2 | E45: =_xlfn.XLOOKUP(表2[[#This Row],[relic id]],relic!$A:$A,relic!G:G,"") -> relic_desc_301013 | F45: =_xlfn.XLOOKUP(表2[[#This Row],[relic id]],relic!$A:$A,relic!H:H,"") -> 近战武器 伤害 + 80% | G45: TRUE | L45: relic_desc_302031 | M45: 飞射物 暴击几率 + 5%
A46: 301014 | B46: =_xlfn.XLOOKUP(表2[[#This Row],[relic id]],relic!$A:$A,relic!B:B,"") -> relic_name_30101 | C46: =_xlfn.XLOOKUP(表2[[#This Row],[relic id]],relic!$A:$A,relic!D:D,"") -> 镐子 | D46: =IF(表2[[#This Row],[relic id]]<>"",_xlfn.XLOOKUP(表2[[#This Row],[relic id]],relic!$A:$A,relic!$T:$T),"") -> 3 | E46: =_xlfn.XLOOKUP(表2[[#This Row],[relic id]],relic!$A:$A,relic!G:G,"") -> relic_desc_301014 | F46: =_xlfn.XLOOKUP(表2[[#This Row],[relic id]],relic!$A:$A,relic!H:H,"") -> 近战武器 伤害 + 160% | G46: TRUE | L46: relic_desc_302032 | M46: 飞射物 暴击几率 + 8%
B47: =_xlfn.XLOOKUP(表2[[#This Row],[relic id]],relic!$A:$A,relic!B:B,"") -> 0 | C47: =_xlfn.XLOOKUP(表2[[#This Row],[relic id]],relic!$A:$A,relic!D:D,"") -> 0 | D47: =IF(表2[[#This Row],[relic id]]<>"",_xlfn.XLOOKUP(表2[[#This Row],[relic id]],relic!$A:$A,relic!$T:$T),"") | E47: =_xlfn.XLOOKUP(表2[[#This Row],[relic id]],relic!$A:$A,relic!G:G,"") -> 0 | F47: =_xlfn.XLOOKUP(表2[[#This Row],[relic id]],relic!$A:$A,relic!H:H,"") -> 0 | L47: relic_desc_302033 | M47: 飞射物 暴击几率 + 12%
A48: 301021 | B48: =_xlfn.XLOOKUP(表2[[#This Row],[relic id]],relic!$A:$A,relic!B:B,"") -> relic_name_301021 | C48: =_xlfn.XLOOKUP(表2[[#This Row],[relic id]],relic!$A:$A,relic!D:D,"") -> 锄头 | D48: =IF(表2[[#This Row],[relic id]]<>"",_xlfn.XLOOKUP(表2[[#This Row],[relic id]],relic!$A:$A,relic!$T:$T),"") -> -1 | E48: =_xlfn.XLOOKUP(表2[[#This Row],[relic id]],relic!$A:$A,relic!G:G,"") -> relic_desc_301021 | F48: =_xlfn.XLOOKUP(表2[[#This Row],[relic id]],relic!$A:$A,relic!H:H,"") -> 近战武器 伤害 + 2 | L48: relic_desc_302034 | M48: 飞射物 暴击几率 + 18%
A49: 301022 | B49: =_xlfn.XLOOKUP(表2[[#This Row],[relic id]],relic!$A:$A,relic!B:B,"") -> relic_name_301022 | C49: =_xlfn.XLOOKUP(表2[[#This Row],[relic id]],relic!$A:$A,relic!D:D,"") -> 锄头 | D49: =IF(表2[[#This Row],[relic id]]<>"",_xlfn.XLOOKUP(表2[[#This Row],[relic id]],relic!$A:$A,relic!$T:$T),"") -> -1 | E49: =_xlfn.XLOOKUP(表2[[#This Row],[relic id]],relic!$A:$A,relic!G:G,"") -> relic_desc_301022 | F49: =_xlfn.XLOOKUP(表2[[#This Row],[relic id]],relic!$A:$A,relic!H:H,"") -> 近战武器 伤害 + 4 | L49: relic_desc_302041 | M49: 飞射物 暴击伤害 + 15%
A50: 301023 | B50: =_xlfn.XLOOKUP(表2[[#This Row],[relic id]],relic!$A:$A,relic!B:B,"") -> relic_name_301023 | C50: =_xlfn.XLOOKUP(表2[[#This Row],[relic id]],relic!$A:$A,relic!D:D,"") -> 锄头 | D50: =IF(表2[[#This Row],[relic id]]<>"",_xlfn.XLOOKUP(表2[[#This Row],[relic id]],relic!$A:$A,relic!$T:$T),"") -> -1 | E50: =_xlfn.XLOOKUP(表2[[#This Row],[relic id]],relic!$A:$A,relic!G:G,"") -> relic_desc_301023 | F50: =_xlfn.XLOOKUP(表2[[#This Row],[relic id]],relic!$A:$A,relic!H:H,"") -> 近战武器 伤害 + 6 | L50: relic_desc_302042 | M50: 飞射物 暴击伤害 + 30%
B51: =_xlfn.XLOOKUP(表2[[#This Row],[relic id]],relic!$A:$A,relic!B:B,"") -> 0 | C51: =_xlfn.XLOOKUP(表2[[#This Row],[relic id]],relic!$A:$A,relic!D:D,"") -> 0 | D51: =IF(表2[[#This Row],[relic id]]<>"",_xlfn.XLOOKUP(表2[[#This Row],[relic id]],relic!$A:$A,relic!$T:$T),"") | E51: =_xlfn.XLOOKUP(表2[[#This Row],[relic id]],relic!$A:$A,relic!G:G,"") -> 0 | F51: =_xlfn.XLOOKUP(表2[[#This Row],[relic id]],relic!$A:$A,relic!H:H,"") -> 0 | L51: relic_desc_302043 | M51: 飞射物 暴击伤害 + 60%
A52: 301031 | B52: =_xlfn.XLOOKUP(表2[[#This Row],[relic id]],relic!$A:$A,relic!B:B,"") -> relic_name_30103 | C52: =_xlfn.XLOOKUP(表2[[#This Row],[relic id]],relic!$A:$A,relic!D:D,"") -> 斧头 | D52: =IF(表2[[#This Row],[relic id]]<>"",_xlfn.XLOOKUP(表2[[#This Row],[relic id]],relic!$A:$A,relic!$T:$T),"") -> 0 | E52: =_xlfn.XLOOKUP(表2[[#This Row],[relic id]],relic!$A:$A,relic!G:G,"") -> relic_desc_301031 | F52: =_xlfn.XLOOKUP(表2[[#This Row],[relic id]],relic!$A:$A,relic!H:H,"") -> 近战武器 暴击几率 + 5% | G52: TRUE | L52: relic_desc_302044 | M52: 飞射物 暴击伤害 + 120%
A53: 301032 | B53: =_xlfn.XLOOKUP(表2[[#This Row],[relic id]],relic!$A:$A,relic!B:B,"") -> relic_name_30103 | C53: =_xlfn.XLOOKUP(表2[[#This Row],[relic id]],relic!$A:$A,relic!D:D,"") -> 斧头 | D53: =IF(表2[[#This Row],[relic id]]<>"",_xlfn.XLOOKUP(表2[[#This Row],[relic id]],relic!$A:$A,relic!$T:$T),"") -> 1 | E53: =_xlfn.XLOOKUP(表2[[#This Row],[relic id]],relic!$A:$A,relic!G:G,"") -> relic_desc_301032 | F53: =_xlfn.XLOOKUP(表2[[#This Row],[relic id]],relic!$A:$A,relic!H:H,"") -> 近战武器 暴击几率 + 8% | G53: TRUE | L53: relic_desc_302231 | M53: 远程武器 齐发数量 + 1
A54: 301033 | B54: =_xlfn.XLOOKUP(表2[[#This Row],[relic id]],relic!$A:$A,relic!B:B,"") -> relic_name_30103 | C54: =_xlfn.XLOOKUP(表2[[#This Row],[relic id]],relic!$A:$A,relic!D:D,"") -> 斧头 | D54: =IF(表2[[#This Row],[relic id]]<>"",_xlfn.XLOOKUP(表2[[#This Row],[relic id]],relic!$A:$A,relic!$T:$T),"") -> 2 | E54: =_xlfn.XLOOKUP(表2[[#This Row],[relic id]],relic!$A:$A,relic!G:G,"") -> relic_desc_301033 | F54: =_xlfn.XLOOKUP(表2[[#This Row],[relic id]],relic!$A:$A,relic!H:H,"") -> 近战武器 暴击几率 + 12% | G54: TRUE | L54: relic_desc_302232 | M54: 远程武器 齐发数量 + 2
A55: 301034 | B55: =_xlfn.XLOOKUP(表2[[#This Row],[relic id]],relic!$A:$A,relic!B:B,"") -> relic_name_30103 | C55: =_xlfn.XLOOKUP(表2[[#This Row],[relic id]],relic!$A:$A,relic!D:D,"") -> 斧头 | D55: =IF(表2[[#This Row],[relic id]]<>"",_xlfn.XLOOKUP(表2[[#This Row],[relic id]],relic!$A:$A,relic!$T:$T),"") -> 3 | E55: =_xlfn.XLOOKUP(表2[[#This Row],[relic id]],relic!$A:$A,relic!G:G,"") -> relic_desc_301034 | F55: =_xlfn.XLOOKUP(表2[[#This Row],[relic id]],relic!$A:$A,relic!H:H,"") -> 近战武器 暴击几率 + 18% | G55: TRUE | L55: relic_desc_302233 | M55: 远程武器 齐发数量 + 4
B56: =_xlfn.XLOOKUP(表2[[#This Row],[relic id]],relic!$A:$A,relic!B:B,"") -> 0 | C56: =_xlfn.XLOOKUP(表2[[#This Row],[relic id]],relic!$A:$A,relic!D:D,"") -> 0 | D56: =IF(表2[[#This Row],[relic id]]<>"",_xlfn.XLOOKUP(表2[[#This Row],[relic id]],relic!$A:$A,relic!$T:$T),"") | E56: =_xlfn.XLOOKUP(表2[[#This Row],[relic id]],relic!$A:$A,relic!G:G,"") -> 0 | F56: =_xlfn.XLOOKUP(表2[[#This Row],[relic id]],relic!$A:$A,relic!H:H,"") -> 0 | L56: relic_desc_302321 | M56: 飞射物 体积增大 + 25%
A57: 301041 | B57: =_xlfn.XLOOKUP(表2[[#This Row],[relic id]],relic!$A:$A,relic!B:B,"") -> relic_name_30104 | C57: =_xlfn.XLOOKUP(表2[[#This Row],[relic id]],relic!$A:$A,relic!D:D,"") -> 扳手 | D57: =IF(表2[[#This Row],[relic id]]<>"",_xlfn.XLOOKUP(表2[[#This Row],[relic id]],relic!$A:$A,relic!$T:$T),"") -> 0 | E57: =_xlfn.XLOOKUP(表2[[#This Row],[relic id]],relic!$A:$A,relic!G:G,"") -> relic_desc_301041 | F57: =_xlfn.XLOOKUP(表2[[#This Row],[relic id]],relic!$A:$A,relic!H:H,"") -> 近战武器 暴击伤害 + 15% | G57: TRUE | L57: relic_desc_302322 | M57: 飞射物 体积增大 + 40%
A58: 301042 | B58: =_xlfn.XLOOKUP(表2[[#This Row],[relic id]],relic!$A:$A,relic!B:B,"") -> relic_name_30104 | C58: =_xlfn.XLOOKUP(表2[[#This Row],[relic id]],relic!$A:$A,relic!D:D,"") -> 扳手 | D58: =IF(表2[[#This Row],[relic id]]<>"",_xlfn.XLOOKUP(表2[[#This Row],[relic id]],relic!$A:$A,relic!$T:$T),"") -> 1 | E58: =_xlfn.XLOOKUP(表2[[#This Row],[relic id]],relic!$A:$A,relic!G:G,"") -> relic_desc_301042 | F58: =_xlfn.XLOOKUP(表2[[#This Row],[relic id]],relic!$A:$A,relic!H:H,"") -> 近战武器 暴击伤害 + 30% | G58: TRUE | L58: relic_desc_302323 | M58: 飞射物 体积增大 + 60%
A59: 301043 | B59: =_xlfn.XLOOKUP(表2[[#This Row],[relic id]],relic!$A:$A,relic!B:B,"") -> relic_name_30104 | C59: =_xlfn.XLOOKUP(表2[[#This Row],[relic id]],relic!$A:$A,relic!D:D,"") -> 扳手 | D59: =IF(表2[[#This Row],[relic id]]<>"",_xlfn.XLOOKUP(表2[[#This Row],[relic id]],relic!$A:$A,relic!$T:$T),"") -> 2 | E59: =_xlfn.XLOOKUP(表2[[#This Row],[relic id]],relic!$A:$A,relic!G:G,"") -> relic_desc_301043 | F59: =_xlfn.XLOOKUP(表2[[#This Row],[relic id]],relic!$A:$A,relic!H:H,"") -> 近战武器 暴击伤害 + 60% | G59: TRUE | L59: relic_desc_310203 | M59: 你的飞射物飞到屏幕上方时，创造1个冰雹攻击敌人
A60: 301044 | B60: =_xlfn.XLOOKUP(表2[[#This Row],[relic id]],relic!$A:$A,relic!B:B,"") -> relic_name_30104 | C60: =_xlfn.XLOOKUP(表2[[#This Row],[relic id]],relic!$A:$A,relic!D:D,"") -> 扳手 | D60: =IF(表2[[#This Row],[relic id]]<>"",_xlfn.XLOOKUP(表2[[#This Row],[relic id]],relic!$A:$A,relic!$T:$T),"") -> 3 | E60: =_xlfn.XLOOKUP(表2[[#This Row],[relic id]],relic!$A:$A,relic!G:G,"") -> relic_desc_301044 | F60: =_xlfn.XLOOKUP(表2[[#This Row],[relic id]],relic!$A:$A,relic!H:H,"") -> 近战武器 暴击伤害 + 120% | G60: TRUE | L60: relic_desc_310204 | M60: [升级] 你的飞射物飞到屏幕上方时，创造2个冰雹攻击敌人
B61: =_xlfn.XLOOKUP(表2[[#This Row],[relic id]],relic!$A:$A,relic!B:B,"") -> 0 | C61: =_xlfn.XLOOKUP(表2[[#This Row],[relic id]],relic!$A:$A,relic!D:D,"") -> 0 | D61: =IF(表2[[#This Row],[relic id]]<>"",_xlfn.XLOOKUP(表2[[#This Row],[relic id]],relic!$A:$A,relic!$T:$T),"") | E61: =_xlfn.XLOOKUP(表2[[#This Row],[relic id]],relic!$A:$A,relic!G:G,"") -> 0 | F61: =_xlfn.XLOOKUP(表2[[#This Row],[relic id]],relic!$A:$A,relic!H:H,"") -> 0 | L61: relic_desc_310205 | M61: [升级] 你的飞射物飞到屏幕上方时，创造4个冰雹攻击敌人
A62: 301051 | B62: =_xlfn.XLOOKUP(表2[[#This Row],[relic id]],relic!$A:$A,relic!B:B,"") -> relic_name_30105 | C62: =_xlfn.XLOOKUP(表2[[#This Row],[relic id]],relic!$A:$A,relic!D:D,"") -> 起子 | D62: =IF(表2[[#This Row],[relic id]]<>"",_xlfn.XLOOKUP(表2[[#This Row],[relic id]],relic!$A:$A,relic!$T:$T),"") -> 0 | E62: =_xlfn.XLOOKUP(表2[[#This Row],[relic id]],relic!$A:$A,relic!G:G,"") -> relic_desc_301051 | F62: =_xlfn.XLOOKUP(表2[[#This Row],[relic id]],relic!$A:$A,relic!H:H,"") -> 近战武器 击退 + 10% | G62: TRUE | L62: relic_desc_310206 | M62: 首次命中敌人后，发生裂变。（新子弹方向随机，速度初始化，寿命继承，已裂变次数继承）
A63: 301052 | B63: =_xlfn.XLOOKUP(表2[[#This Row],[relic id]],relic!$A:$A,relic!B:B,"") -> relic_name_30105 | C63: =_xlfn.XLOOKUP(表2[[#This Row],[relic id]],relic!$A:$A,relic!D:D,"") -> 起子 | D63: =IF(表2[[#This Row],[relic id]]<>"",_xlfn.XLOOKUP(表2[[#This Row],[relic id]],relic!$A:$A,relic!$T:$T),"") -> 1 | E63: =_xlfn.XLOOKUP(表2[[#This Row],[relic id]],relic!$A:$A,relic!G:G,"") -> relic_desc_301052 | F63: =_xlfn.XLOOKUP(表2[[#This Row],[relic id]],relic!$A:$A,relic!H:H,"") -> 近战武器 击退 + 20% | G63: TRUE | L63: relic_desc_310207 | M63: 每次击杀敌人时，发生裂变。（新子弹方向随机，速度初始化，寿命继承，已裂变次数继承）
A64: 301053 | B64: =_xlfn.XLOOKUP(表2[[#This Row],[relic id]],relic!$A:$A,relic!B:B,"") -> relic_name_30105 | C64: =_xlfn.XLOOKUP(表2[[#This Row],[relic id]],relic!$A:$A,relic!D:D,"") -> 起子 | D64: =IF(表2[[#This Row],[relic id]]<>"",_xlfn.XLOOKUP(表2[[#This Row],[relic id]],relic!$A:$A,relic!$T:$T),"") -> 2 | E64: =_xlfn.XLOOKUP(表2[[#This Row],[relic id]],relic!$A:$A,relic!G:G,"") -> relic_desc_301053 | F64: =_xlfn.XLOOKUP(表2[[#This Row],[relic id]],relic!$A:$A,relic!H:H,"") -> 近战武器 击退 + 40% | G64: TRUE | L64: relic_desc_310208 | M64: 销毁时，50%几率发生裂变。（新子弹方向随机，速度初始化，寿命重置，已裂变次数继承）
A65: 301054 | B65: =_xlfn.XLOOKUP(表2[[#This Row],[relic id]],relic!$A:$A,relic!B:B,"") -> relic_name_30105 | C65: =_xlfn.XLOOKUP(表2[[#This Row],[relic id]],relic!$A:$A,relic!D:D,"") -> 起子 | D65: =IF(表2[[#This Row],[relic id]]<>"",_xlfn.XLOOKUP(表2[[#This Row],[relic id]],relic!$A:$A,relic!$T:$T),"") -> 3 | E65: =_xlfn.XLOOKUP(表2[[#This Row],[relic id]],relic!$A:$A,relic!G:G,"") -> relic_desc_301054 | F65: =_xlfn.XLOOKUP(表2[[#This Row],[relic id]],relic!$A:$A,relic!H:H,"") -> 近战武器 击退 + 80% | G65: TRUE | L65: relic_desc_310217 | M65: 飞射物现在碰到镜头边缘时会弹回
B66: =_xlfn.XLOOKUP(表2[[#This Row],[relic id]],relic!$A:$A,relic!B:B,"") -> 0 | C66: =_xlfn.XLOOKUP(表2[[#This Row],[relic id]],relic!$A:$A,relic!D:D,"") -> 0 | D66: =IF(表2[[#This Row],[relic id]]<>"",_xlfn.XLOOKUP(表2[[#This Row],[relic id]],relic!$A:$A,relic!$T:$T),"") | E66: =_xlfn.XLOOKUP(表2[[#This Row],[relic id]],relic!$A:$A,relic!G:G,"") -> 0 | F66: =_xlfn.XLOOKUP(表2[[#This Row],[relic id]],relic!$A:$A,relic!H:H,"") -> 0 | L66: relic_desc_310218 | M66: [强化] 你的飞射物飞到屏幕左右边缘时，也会生成冰雹。
A67: 301061 | B67: =_xlfn.XLOOKUP(表2[[#This Row],[relic id]],relic!$A:$A,relic!B:B,"") -> relic_name_301061 | C67: =_xlfn.XLOOKUP(表2[[#This Row],[relic id]],relic!$A:$A,relic!D:D,"") -> 钳子 | D67: =IF(表2[[#This Row],[relic id]]<>"",_xlfn.XLOOKUP(表2[[#This Row],[relic id]],relic!$A:$A,relic!$T:$T),"") -> -1 | E67: =_xlfn.XLOOKUP(表2[[#This Row],[relic id]],relic!$A:$A,relic!G:G,"") -> relic_desc_301061 | F67: =_xlfn.XLOOKUP(表2[[#This Row],[relic id]],relic!$A:$A,relic!H:H,"") -> 近战武器 破甲附加值 + 20% | L67: relic_desc_310219 | M67: 飞射物反弹时，速度被重置为初始速度。
A68: 301062 | B68: =_xlfn.XLOOKUP(表2[[#This Row],[relic id]],relic!$A:$A,relic!B:B,"") -> relic_name_301062 | C68: =_xlfn.XLOOKUP(表2[[#This Row],[relic id]],relic!$A:$A,relic!D:D,"") -> 钳子 | D68: =IF(表2[[#This Row],[relic id]]<>"",_xlfn.XLOOKUP(表2[[#This Row],[relic id]],relic!$A:$A,relic!$T:$T),"") -> -1 | E68: =_xlfn.XLOOKUP(表2[[#This Row],[relic id]],relic!$A:$A,relic!G:G,"") -> relic_desc_301062 | F68: =_xlfn.XLOOKUP(表2[[#This Row],[relic id]],relic!$A:$A,relic!H:H,"") -> 近战武器 破甲附加值 + 40% | L68: relic_desc_310223 | M68: 飞射物每反弹一次，体积与伤害 + 10%（上限为3次）
A69: 301063 | B69: =_xlfn.XLOOKUP(表2[[#This Row],[relic id]],relic!$A:$A,relic!B:B,"") -> relic_name_301063 | C69: =_xlfn.XLOOKUP(表2[[#This Row],[relic id]],relic!$A:$A,relic!D:D,"") -> 钳子 | D69: =IF(表2[[#This Row],[relic id]]<>"",_xlfn.XLOOKUP(表2[[#This Row],[relic id]],relic!$A:$A,relic!$T:$T),"") -> -1 | E69: =_xlfn.XLOOKUP(表2[[#This Row],[relic id]],relic!$A:$A,relic!G:G,"") -> relic_desc_301063 | F69: =_xlfn.XLOOKUP(表2[[#This Row],[relic id]],relic!$A:$A,relic!H:H,"") -> 近战武器 破甲附加值 + 60% | L69: relic_desc_310224 | M69: [升级] 飞射物每反弹一次，体积与伤害 + 30%（上限为4次）
B70: =_xlfn.XLOOKUP(表2[[#This Row],[relic id]],relic!$A:$A,relic!B:B,"") -> 0 | C70: =_xlfn.XLOOKUP(表2[[#This Row],[relic id]],relic!$A:$A,relic!D:D,"") -> 0 | D70: =IF(表2[[#This Row],[relic id]]<>"",_xlfn.XLOOKUP(表2[[#This Row],[relic id]],relic!$A:$A,relic!$T:$T),"") | E70: =_xlfn.XLOOKUP(表2[[#This Row],[relic id]],relic!$A:$A,relic!G:G,"") -> 0 | F70: =_xlfn.XLOOKUP(表2[[#This Row],[relic id]],relic!$A:$A,relic!H:H,"") -> 0 | L70: relic_desc_310225 | M70: [升级] 飞射物每反弹一次，体积与伤害 + 50%（上限为5次）
A71: 301211 | B71: =_xlfn.XLOOKUP(表2[[#This Row],[relic id]],relic!$A:$A,relic!B:B,"") -> relic_name_301211 | C71: =_xlfn.XLOOKUP(表2[[#This Row],[relic id]],relic!$A:$A,relic!D:D,"") -> 麻辣蟹钳 | D71: =IF(表2[[#This Row],[relic id]]<>"",_xlfn.XLOOKUP(表2[[#This Row],[relic id]],relic!$A:$A,relic!$T:$T),"") -> -1 | E71: =_xlfn.XLOOKUP(表2[[#This Row],[relic id]],relic!$A:$A,relic!G:G,"") -> relic_desc_301211 | F71: =_xlfn.XLOOKUP(表2[[#This Row],[relic id]],relic!$A:$A,relic!H:H,"") -> 近战武器 锋利度耐久 + 20% | L71: relic_desc_310407 | M71: 弹匣内子弹数量得到恢复时，有10%概率立刻射出1发免费的子弹
A72: 301212 | B72: =_xlfn.XLOOKUP(表2[[#This Row],[relic id]],relic!$A:$A,relic!B:B,"") -> relic_name_301212 | C72: =_xlfn.XLOOKUP(表2[[#This Row],[relic id]],relic!$A:$A,relic!D:D,"") -> 蒜蓉蟹钳 | D72: =IF(表2[[#This Row],[relic id]]<>"",_xlfn.XLOOKUP(表2[[#This Row],[relic id]],relic!$A:$A,relic!$T:$T),"") -> -1 | E72: =_xlfn.XLOOKUP(表2[[#This Row],[relic id]],relic!$A:$A,relic!G:G,"") -> relic_desc_301212 | F72: =_xlfn.XLOOKUP(表2[[#This Row],[relic id]],relic!$A:$A,relic!H:H,"") -> 近战武器 锋利度耐久 + 40% | L72: relic_desc_310408 | M72: [升级] 弹匣内子弹数量得到恢复时，有20%概率立刻射出1发免费的子弹
A73: 301213 | B73: =_xlfn.XLOOKUP(表2[[#This Row],[relic id]],relic!$A:$A,relic!B:B,"") -> relic_name_301213 | C73: =_xlfn.XLOOKUP(表2[[#This Row],[relic id]],relic!$A:$A,relic!D:D,"") -> 十三香蟹钳 | D73: =IF(表2[[#This Row],[relic id]]<>"",_xlfn.XLOOKUP(表2[[#This Row],[relic id]],relic!$A:$A,relic!$T:$T),"") -> -1 | E73: =_xlfn.XLOOKUP(表2[[#This Row],[relic id]],relic!$A:$A,relic!G:G,"") -> relic_desc_301213 | F73: =_xlfn.XLOOKUP(表2[[#This Row],[relic id]],relic!$A:$A,relic!H:H,"") -> 近战武器 锋利度耐久 + 60% | L73: relic_desc_310409 | M73: [升级] 弹匣内子弹数量得到恢复时，有40%概率立刻射出1发免费的子弹
B74: =_xlfn.XLOOKUP(表2[[#This Row],[relic id]],relic!$A:$A,relic!B:B,"") -> 0 | C74: =_xlfn.XLOOKUP(表2[[#This Row],[relic id]],relic!$A:$A,relic!D:D,"") -> 0 | D74: =IF(表2[[#This Row],[relic id]]<>"",_xlfn.XLOOKUP(表2[[#This Row],[relic id]],relic!$A:$A,relic!$T:$T),"") | E74: =_xlfn.XLOOKUP(表2[[#This Row],[relic id]],relic!$A:$A,relic!G:G,"") -> 0 | F74: =_xlfn.XLOOKUP(表2[[#This Row],[relic id]],relic!$A:$A,relic!H:H,"") -> 0 | L74: relic_desc_310501 | M74: 近战设备每次造成暴击伤害，有15%概率在目标处生成1枚铜币
A75: 301221 | B75: =_xlfn.XLOOKUP(表2[[#This Row],[relic id]],relic!$A:$A,relic!B:B,"") -> relic_name_301221 | C75: =_xlfn.XLOOKUP(表2[[#This Row],[relic id]],relic!$A:$A,relic!D:D,"") -> 机械义肢 | D75: =IF(表2[[#This Row],[relic id]]<>"",_xlfn.XLOOKUP(表2[[#This Row],[relic id]],relic!$A:$A,relic!$T:$T),"") -> -1 | E75: =_xlfn.XLOOKUP(表2[[#This Row],[relic id]],relic!$A:$A,relic!G:G,"") -> relic_desc_301221 | F75: =_xlfn.XLOOKUP(表2[[#This Row],[relic id]],relic!$A:$A,relic!H:H,"") -> 近战武器 锋利度上限 + 15% | L75: relic_desc_310502 | M75: [升级] 近战设备每次造成暴击伤害，有30%概率在目标处生成1枚铜币
A76: 301222 | B76: =_xlfn.XLOOKUP(表2[[#This Row],[relic id]],relic!$A:$A,relic!B:B,"") -> relic_name_301222 | C76: =_xlfn.XLOOKUP(表2[[#This Row],[relic id]],relic!$A:$A,relic!D:D,"") -> 机械义肢 | D76: =IF(表2[[#This Row],[relic id]]<>"",_xlfn.XLOOKUP(表2[[#This Row],[relic id]],relic!$A:$A,relic!$T:$T),"") -> -1 | E76: =_xlfn.XLOOKUP(表2[[#This Row],[relic id]],relic!$A:$A,relic!G:G,"") -> relic_desc_301222 | F76: =_xlfn.XLOOKUP(表2[[#This Row],[relic id]],relic!$A:$A,relic!H:H,"") -> 近战武器 锋利度上限 + 30% | L76: relic_desc_310503 | M76: [升级] 近战设备每次造成暴击伤害，有60%概率在目标处生成1枚铜币
A77: 301223 | B77: =_xlfn.XLOOKUP(表2[[#This Row],[relic id]],relic!$A:$A,relic!B:B,"") -> relic_name_301223 | C77: =_xlfn.XLOOKUP(表2[[#This Row],[relic id]],relic!$A:$A,relic!D:D,"") -> 机械义肢 | D77: =IF(表2[[#This Row],[relic id]]<>"",_xlfn.XLOOKUP(表2[[#This Row],[relic id]],relic!$A:$A,relic!$T:$T),"") -> -1 | E77: =_xlfn.XLOOKUP(表2[[#This Row],[relic id]],relic!$A:$A,relic!G:G,"") -> relic_desc_301223 | F77: =_xlfn.XLOOKUP(表2[[#This Row],[relic id]],relic!$A:$A,relic!H:H,"") -> 近战武器 锋利度上限 + 45% | L77: relic_desc_310504 | M77: 近战设备每次暴击，有20%几率秒杀目标（目标当前生命值不能超过设备伤害的6倍）
B78: =_xlfn.XLOOKUP(表2[[#This Row],[relic id]],relic!$A:$A,relic!B:B,"") -> 0 | C78: =_xlfn.XLOOKUP(表2[[#This Row],[relic id]],relic!$A:$A,relic!D:D,"") -> 0 | D78: =IF(表2[[#This Row],[relic id]]<>"",_xlfn.XLOOKUP(表2[[#This Row],[relic id]],relic!$A:$A,relic!$T:$T),"") | E78: =_xlfn.XLOOKUP(表2[[#This Row],[relic id]],relic!$A:$A,relic!G:G,"") -> 0 | F78: =_xlfn.XLOOKUP(表2[[#This Row],[relic id]],relic!$A:$A,relic!H:H,"") -> 0 | L78: relic_desc_310505 | M78: [升级] 近战设备每次暴击，有40%几率秒杀目标（目标当前生命值不能超过设备伤害的9倍）
A79: 301231 | B79: =_xlfn.XLOOKUP(表2[[#This Row],[relic id]],relic!$A:$A,relic!B:B,"") -> relic_name_301231 | C79: =_xlfn.XLOOKUP(表2[[#This Row],[relic id]],relic!$A:$A,relic!D:D,"") -> 开锁工具 | D79: =IF(表2[[#This Row],[relic id]]<>"",_xlfn.XLOOKUP(表2[[#This Row],[relic id]],relic!$A:$A,relic!$T:$T),"") -> -1 | E79: =_xlfn.XLOOKUP(表2[[#This Row],[relic id]],relic!$A:$A,relic!G:G,"") -> relic_desc_301231 | F79: =_xlfn.XLOOKUP(表2[[#This Row],[relic id]],relic!$A:$A,relic!H:H,"") -> 近战武器 磨刀速率 + 20% | L79: relic_desc_310506 | M79: [升级] 近战设备每次暴击，有60%几率秒杀目标（目标当前生命值不能超过设备伤害的12倍）
A80: 301232 | B80: =_xlfn.XLOOKUP(表2[[#This Row],[relic id]],relic!$A:$A,relic!B:B,"") -> relic_name_301232 | C80: =_xlfn.XLOOKUP(表2[[#This Row],[relic id]],relic!$A:$A,relic!D:D,"") -> 开锁工具 | D80: =IF(表2[[#This Row],[relic id]]<>"",_xlfn.XLOOKUP(表2[[#This Row],[relic id]],relic!$A:$A,relic!$T:$T),"") -> -1 | E80: =_xlfn.XLOOKUP(表2[[#This Row],[relic id]],relic!$A:$A,relic!G:G,"") -> relic_desc_301232 | F80: =_xlfn.XLOOKUP(表2[[#This Row],[relic id]],relic!$A:$A,relic!H:H,"") -> 近战武器 磨刀速率 + 40% | L80: relic_desc_310507 | M80: 近战设备获得32点额外火焰伤害，但每次发动攻击，有5%的概率点燃自身。
A81: 301233 | B81: =_xlfn.XLOOKUP(表2[[#This Row],[relic id]],relic!$A:$A,relic!B:B,"") -> relic_name_301233 | C81: =_xlfn.XLOOKUP(表2[[#This Row],[relic id]],relic!$A:$A,relic!D:D,"") -> 开锁工具 | D81: =IF(表2[[#This Row],[relic id]]<>"",_xlfn.XLOOKUP(表2[[#This Row],[relic id]],relic!$A:$A,relic!$T:$T),"") -> -1 | E81: =_xlfn.XLOOKUP(表2[[#This Row],[relic id]],relic!$A:$A,relic!G:G,"") -> relic_desc_301233 | F81: =_xlfn.XLOOKUP(表2[[#This Row],[relic id]],relic!$A:$A,relic!H:H,"") -> 近战武器 磨刀速率 + 60%
B82: =_xlfn.XLOOKUP(表2[[#This Row],[relic id]],relic!$A:$A,relic!B:B,"") -> 0 | C82: =_xlfn.XLOOKUP(表2[[#This Row],[relic id]],relic!$A:$A,relic!D:D,"") -> 0 | D82: =IF(表2[[#This Row],[relic id]]<>"",_xlfn.XLOOKUP(表2[[#This Row],[relic id]],relic!$A:$A,relic!$T:$T),"") | E82: =_xlfn.XLOOKUP(表2[[#This Row],[relic id]],relic!$A:$A,relic!G:G,"") -> 0 | F82: =_xlfn.XLOOKUP(表2[[#This Row],[relic id]],relic!$A:$A,relic!H:H,"") -> 0
A83: 302011 | B83: =_xlfn.XLOOKUP(表2[[#This Row],[relic id]],relic!$A:$A,relic!B:B,"") -> relic_name_30201 | C83: =_xlfn.XLOOKUP(表2[[#This Row],[relic id]],relic!$A:$A,relic!D:D,"") -> 无黄蛋 | D83: =IF(表2[[#This Row],[relic id]]<>"",_xlfn.XLOOKUP(表2[[#This Row],[relic id]],relic!$A:$A,relic!$T:$T),"") -> 0 | E83: =_xlfn.XLOOKUP(表2[[#This Row],[relic id]],relic!$A:$A,relic!G:G,"") -> relic_desc_302011 | F83: =_xlfn.XLOOKUP(表2[[#This Row],[relic id]],relic!$A:$A,relic!H:H,"") -> 飞射物 伤害 + 20% | G83: TRUE
A84: 302012 | B84: =_xlfn.XLOOKUP(表2[[#This Row],[relic id]],relic!$A:$A,relic!B:B,"") -> relic_name_30201 | C84: =_xlfn.XLOOKUP(表2[[#This Row],[relic id]],relic!$A:$A,relic!D:D,"") -> 无黄蛋 | D84: =IF(表2[[#This Row],[relic id]]<>"",_xlfn.XLOOKUP(表2[[#This Row],[relic id]],relic!$A:$A,relic!$T:$T),"") -> 1 | E84: =_xlfn.XLOOKUP(表2[[#This Row],[relic id]],relic!$A:$A,relic!G:G,"") -> relic_desc_302012 | F84: =_xlfn.XLOOKUP(表2[[#This Row],[relic id]],relic!$A:$A,relic!H:H,"") -> 飞射物 伤害 + 40% | G84: TRUE
A85: 302013 | B85: =_xlfn.XLOOKUP(表2[[#This Row],[relic id]],relic!$A:$A,relic!B:B,"") -> relic_name_30201 | C85: =_xlfn.XLOOKUP(表2[[#This Row],[relic id]],relic!$A:$A,relic!D:D,"") -> 无黄蛋 | D85: =IF(表2[[#This Row],[relic id]]<>"",_xlfn.XLOOKUP(表2[[#This Row],[relic id]],relic!$A:$A,relic!$T:$T),"") -> 2 | E85: =_xlfn.XLOOKUP(表2[[#This Row],[relic id]],relic!$A:$A,relic!G:G,"") -> relic_desc_302013 | F85: =_xlfn.XLOOKUP(表2[[#This Row],[relic id]],relic!$A:$A,relic!H:H,"") -> 飞射物 伤害 + 80% | G85: TRUE
A86: 302014 | B86: =_xlfn.XLOOKUP(表2[[#This Row],[relic id]],relic!$A:$A,relic!B:B,"") -> relic_name_30201 | C86: =_xlfn.XLOOKUP(表2[[#This Row],[relic id]],relic!$A:$A,relic!D:D,"") -> 无黄蛋 | D86: =IF(表2[[#This Row],[relic id]]<>"",_xlfn.XLOOKUP(表2[[#This Row],[relic id]],relic!$A:$A,relic!$T:$T),"") -> 3 | E86: =_xlfn.XLOOKUP(表2[[#This Row],[relic id]],relic!$A:$A,relic!G:G,"") -> relic_desc_302014 | F86: =_xlfn.XLOOKUP(表2[[#This Row],[relic id]],relic!$A:$A,relic!H:H,"") -> 飞射物 伤害 + 160% | G86: TRUE
B87: =_xlfn.XLOOKUP(表2[[#This Row],[relic id]],relic!$A:$A,relic!B:B,"") -> 0 | C87: =_xlfn.XLOOKUP(表2[[#This Row],[relic id]],relic!$A:$A,relic!D:D,"") -> 0 | D87: =IF(表2[[#This Row],[relic id]]<>"",_xlfn.XLOOKUP(表2[[#This Row],[relic id]],relic!$A:$A,relic!$T:$T),"") | E87: =_xlfn.XLOOKUP(表2[[#This Row],[relic id]],relic!$A:$A,relic!G:G,"") -> 0 | F87: =_xlfn.XLOOKUP(表2[[#This Row],[relic id]],relic!$A:$A,relic!H:H,"") -> 0
A88: 302021 | B88: =_xlfn.XLOOKUP(表2[[#This Row],[relic id]],relic!$A:$A,relic!B:B,"") -> relic_name_302021 | C88: =_xlfn.XLOOKUP(表2[[#This Row],[relic id]],relic!$A:$A,relic!D:D,"") -> 花雕怪味鱼 | D88: =IF(表2[[#This Row],[relic id]]<>"",_xlfn.XLOOKUP(表2[[#This Row],[relic id]],relic!$A:$A,relic!$T:$T),"") -> -1 | E88: =_xlfn.XLOOKUP(表2[[#This Row],[relic id]],relic!$A:$A,relic!G:G,"") -> relic_desc_302021 | F88: =_xlfn.XLOOKUP(表2[[#This Row],[relic id]],relic!$A:$A,relic!H:H,"") -> 飞射物 伤害 + 2
A89: 302022 | B89: =_xlfn.XLOOKUP(表2[[#This Row],[relic id]],relic!$A:$A,relic!B:B,"") -> relic_name_302022 | C89: =_xlfn.XLOOKUP(表2[[#This Row],[relic id]],relic!$A:$A,relic!D:D,"") -> 花雕怪味鱼 | D89: =IF(表2[[#This Row],[relic id]]<>"",_xlfn.XLOOKUP(表2[[#This Row],[relic id]],relic!$A:$A,relic!$T:$T),"") -> -1 | E89: =_xlfn.XLOOKUP(表2[[#This Row],[relic id]],relic!$A:$A,relic!G:G,"") -> relic_desc_302022 | F89: =_xlfn.XLOOKUP(表2[[#This Row],[relic id]],relic!$A:$A,relic!H:H,"") -> 飞射物 伤害 + 4
A90: 302023 | B90: =_xlfn.XLOOKUP(表2[[#This Row],[relic id]],relic!$A:$A,relic!B:B,"") -> relic_name_302023 | C90: =_xlfn.XLOOKUP(表2[[#This Row],[relic id]],relic!$A:$A,relic!D:D,"") -> 花雕怪味鱼 | D90: =IF(表2[[#This Row],[relic id]]<>"",_xlfn.XLOOKUP(表2[[#This Row],[relic id]],relic!$A:$A,relic!$T:$T),"") -> -1 | E90: =_xlfn.XLOOKUP(表2[[#This Row],[relic id]],relic!$A:$A,relic!G:G,"") -> relic_desc_302023 | F90: =_xlfn.XLOOKUP(表2[[#This Row],[relic id]],relic!$A:$A,relic!H:H,"") -> 飞射物 伤害 + 6
B91: =_xlfn.XLOOKUP(表2[[#This Row],[relic id]],relic!$A:$A,relic!B:B,"") -> 0 | C91: =_xlfn.XLOOKUP(表2[[#This Row],[relic id]],relic!$A:$A,relic!D:D,"") -> 0 | D91: =IF(表2[[#This Row],[relic id]]<>"",_xlfn.XLOOKUP(表2[[#This Row],[relic id]],relic!$A:$A,relic!$T:$T),"") | E91: =_xlfn.XLOOKUP(表2[[#This Row],[relic id]],relic!$A:$A,relic!G:G,"") -> 0 | F91: =_xlfn.XLOOKUP(表2[[#This Row],[relic id]],relic!$A:$A,relic!H:H,"") -> 0
A92: 302031 | B92: =_xlfn.XLOOKUP(表2[[#This Row],[relic id]],relic!$A:$A,relic!B:B,"") -> relic_name_30203 | C92: =_xlfn.XLOOKUP(表2[[#This Row],[relic id]],relic!$A:$A,relic!D:D,"") -> 天地一口香 | D92: =IF(表2[[#This Row],[relic id]]<>"",_xlfn.XLOOKUP(表2[[#This Row],[relic id]],relic!$A:$A,relic!$T:$T),"") -> 0 | E92: =_xlfn.XLOOKUP(表2[[#This Row],[relic id]],relic!$A:$A,relic!G:G,"") -> relic_desc_302031 | F92: =_xlfn.XLOOKUP(表2[[#This Row],[relic id]],relic!$A:$A,relic!H:H,"") -> 飞射物 暴击几率 + 5% | G92: TRUE
A93: 302032 | B93: =_xlfn.XLOOKUP(表2[[#This Row],[relic id]],relic!$A:$A,relic!B:B,"") -> relic_name_30203 | C93: =_xlfn.XLOOKUP(表2[[#This Row],[relic id]],relic!$A:$A,relic!D:D,"") -> 天地一口香 | D93: =IF(表2[[#This Row],[relic id]]<>"",_xlfn.XLOOKUP(表2[[#This Row],[relic id]],relic!$A:$A,relic!$T:$T),"") -> 1 | E93: =_xlfn.XLOOKUP(表2[[#This Row],[relic id]],relic!$A:$A,relic!G:G,"") -> relic_desc_302032 | F93: =_xlfn.XLOOKUP(表2[[#This Row],[relic id]],relic!$A:$A,relic!H:H,"") -> 飞射物 暴击几率 + 8% | G93: TRUE
A94: 302033 | B94: =_xlfn.XLOOKUP(表2[[#This Row],[relic id]],relic!$A:$A,relic!B:B,"") -> relic_name_30203 | C94: =_xlfn.XLOOKUP(表2[[#This Row],[relic id]],relic!$A:$A,relic!D:D,"") -> 天地一口香 | D94: =IF(表2[[#This Row],[relic id]]<>"",_xlfn.XLOOKUP(表2[[#This Row],[relic id]],relic!$A:$A,relic!$T:$T),"") -> 2 | E94: =_xlfn.XLOOKUP(表2[[#This Row],[relic id]],relic!$A:$A,relic!G:G,"") -> relic_desc_302033 | F94: =_xlfn.XLOOKUP(表2[[#This Row],[relic id]],relic!$A:$A,relic!H:H,"") -> 飞射物 暴击几率 + 12% | G94: TRUE
A95: 302034 | B95: =_xlfn.XLOOKUP(表2[[#This Row],[relic id]],relic!$A:$A,relic!B:B,"") -> relic_name_30203 | C95: =_xlfn.XLOOKUP(表2[[#This Row],[relic id]],relic!$A:$A,relic!D:D,"") -> 天地一口香 | D95: =IF(表2[[#This Row],[relic id]]<>"",_xlfn.XLOOKUP(表2[[#This Row],[relic id]],relic!$A:$A,relic!$T:$T),"") -> 3 | E95: =_xlfn.XLOOKUP(表2[[#This Row],[relic id]],relic!$A:$A,relic!G:G,"") -> relic_desc_302034 | F95: =_xlfn.XLOOKUP(表2[[#This Row],[relic id]],relic!$A:$A,relic!H:H,"") -> 飞射物 暴击几率 + 18% | G95: TRUE
B96: =_xlfn.XLOOKUP(表2[[#This Row],[relic id]],relic!$A:$A,relic!B:B,"") -> 0 | C96: =_xlfn.XLOOKUP(表2[[#This Row],[relic id]],relic!$A:$A,relic!D:D,"") -> 0 | D96: =IF(表2[[#This Row],[relic id]]<>"",_xlfn.XLOOKUP(表2[[#This Row],[relic id]],relic!$A:$A,relic!$T:$T),"") | E96: =_xlfn.XLOOKUP(表2[[#This Row],[relic id]],relic!$A:$A,relic!G:G,"") -> 0 | F96: =_xlfn.XLOOKUP(表2[[#This Row],[relic id]],relic!$A:$A,relic!H:H,"") -> 0
A97: 302041 | B97: =_xlfn.XLOOKUP(表2[[#This Row],[relic id]],relic!$A:$A,relic!B:B,"") -> relic_name_30204 | C97: =_xlfn.XLOOKUP(表2[[#This Row],[relic id]],relic!$A:$A,relic!D:D,"") -> 子母春茧 | D97: =IF(表2[[#This Row],[relic id]]<>"",_xlfn.XLOOKUP(表2[[#This Row],[relic id]],relic!$A:$A,relic!$T:$T),"") -> 0 | E97: =_xlfn.XLOOKUP(表2[[#This Row],[relic id]],relic!$A:$A,relic!G:G,"") -> relic_desc_302041 | F97: =_xlfn.XLOOKUP(表2[[#This Row],[relic id]],relic!$A:$A,relic!H:H,"") -> 飞射物 暴击伤害 + 15% | G97: TRUE
A98: 302042 | B98: =_xlfn.XLOOKUP(表2[[#This Row],[relic id]],relic!$A:$A,relic!B:B,"") -> relic_name_30204 | C98: =_xlfn.XLOOKUP(表2[[#This Row],[relic id]],relic!$A:$A,relic!D:D,"") -> 子母春茧 | D98: =IF(表2[[#This Row],[relic id]]<>"",_xlfn.XLOOKUP(表2[[#This Row],[relic id]],relic!$A:$A,relic!$T:$T),"") -> 1 | E98: =_xlfn.XLOOKUP(表2[[#This Row],[relic id]],relic!$A:$A,relic!G:G,"") -> relic_desc_302042 | F98: =_xlfn.XLOOKUP(表2[[#This Row],[relic id]],relic!$A:$A,relic!H:H,"") -> 飞射物 暴击伤害 + 30% | G98: TRUE
A99: 302043 | B99: =_xlfn.XLOOKUP(表2[[#This Row],[relic id]],relic!$A:$A,relic!B:B,"") -> relic_name_30204 | C99: =_xlfn.XLOOKUP(表2[[#This Row],[relic id]],relic!$A:$A,relic!D:D,"") -> 子母春茧 | D99: =IF(表2[[#This Row],[relic id]]<>"",_xlfn.XLOOKUP(表2[[#This Row],[relic id]],relic!$A:$A,relic!$T:$T),"") -> 2 | E99: =_xlfn.XLOOKUP(表2[[#This Row],[relic id]],relic!$A:$A,relic!G:G,"") -> relic_desc_302043 | F99: =_xlfn.XLOOKUP(表2[[#This Row],[relic id]],relic!$A:$A,relic!H:H,"") -> 飞射物 暴击伤害 + 60% | G99: TRUE
A100: 302044 | B100: =_xlfn.XLOOKUP(表2[[#This Row],[relic id]],relic!$A:$A,relic!B:B,"") -> relic_name_30204 | C100: =_xlfn.XLOOKUP(表2[[#This Row],[relic id]],relic!$A:$A,relic!D:D,"") -> 子母春茧 | D100: =IF(表2[[#This Row],[relic id]]<>"",_xlfn.XLOOKUP(表2[[#This Row],[relic id]],relic!$A:$A,relic!$T:$T),"") -> 3 | E100: =_xlfn.XLOOKUP(表2[[#This Row],[relic id]],relic!$A:$A,relic!G:G,"") -> relic_desc_302044 | F100: =_xlfn.XLOOKUP(表2[[#This Row],[relic id]],relic!$A:$A,relic!H:H,"") -> 飞射物 暴击伤害 + 120% | G100: TRUE
...

Sheet -id 配置说明
A1: Vlookup | B1: Type | C1: 第1位 | D1: 第2位 | E1: 第3位 | F1: 第4位 | G1: 第5位 | H1: 第6位 | J1: 命名参考1 | K1: 命名参考2 | L1: 备注 | M1: 投放说明
A2: global_atk_pts | B2: pts | C2: 30 = relic （数值类） | E2: 0 = 全局 | F2: 01 = 所有设备 伤害 | H2: 等级编号 | J2: 猛虎印记 | K2: 阿菊 | L2: 全局加成，效果数值应偏低，暂定*=40%
A3: global_atk_add | B3: add | F3: 02 = 所有设备 额外伤害 | J3: 猎豹印记 | K3: 火星蝶
A4: global_critical_chance | B4: pts | F4: 03 = 所有设备 暴击几率 | J4: 苍鹰印记 | K4: 肌肉金轮草
A5: global_critical_dmg_rate | B5: pts | F5: 04 = 所有设备 暴击伤害 | J5: 恶犬印记 | K5: 托利莲
A6: global_knockback | B6: pts | F6: 05 = 所有设备 击退 | J6: 灰熊印记 | K6: 紫水晶；粉水晶；黄水晶 | M6: 有限投放
A7: global_armor_piercing | B7: pts | F7: 06 = 所有设备 破甲 | J7: 郊狼印记 | K7: 国王骰子
A9: global_armor_add | B9: add | F9: 07 = 所有设备 护甲 | J9: 海龟印记 | K9: 守护符 | M9: 有限投放
A10: global_hp_pts | B10: pts | F10: 08 = 所有设备 耐久 | J10: 犀牛印记 | K10: 文护符
A11: global_hp_add | B11: add | F11: 09 = 所有设备 耐久 | J11: 大象印记 | K11: 礼护符
A13: melee_atk_pts | B13: pts | E13: 1 = 近战武器 | F13: 01 = 近战武器 伤害 | J13: 猛虎图腾 | K13: 镐子 | L13: 撞角同样受此加成 | M13: 拥有近战设备或撞角设备时解锁
A14: melee_atk_add | B14: add | F14: 02 = 近战武器 伤害 | J14: 猎豹图腾 | K14: 锄头 | L14: 撞角同样受此加成 | M14: 拥有近战设备或撞角设备时解锁
A15: melee_critical_chance | B15: pts | F15: 03 = 近战武器 暴击几率 | J15: 苍鹰图腾 | K15: 斧头 | L15: 撞角同样受此加成 | M15: 拥有近战设备或撞角设备时解锁
A16: melee_critical_dmg_rate | B16: pts | F16: 04 = 近战武器 暴击伤害 | J16: 恶犬图腾 | K16: 扳手 | L16: 撞角同样受此加成 | M16: 拥有近战设备或撞角设备时解锁
A17: melee_knockback | B17: pts | F17: 05 = 近战武器 击退 | J17: 灰熊图腾 | K17: 起子 | L17: 撞角同样受此加成 | M17: 拥有近战设备或撞角设备时解锁；有限投放
A18: melee_armor_piercing | B18: pts | F18: 06 = 近战武器 破甲附加值 | J18: 郊狼图腾 | K18: 钳子 | L18: 撞角同样受此加成 | M18: 拥有近战设备或撞角设备时解锁
A20: melee_sharpness_durability | B20: pts | F20: 21 = 近战武器 锋利度耐久 | J20: 天空图腾 | K20: 麻辣蟹钳；蒜蓉蟹钳；十三香蟹钳 | L20: 降低锋利度的损失速率 | M20: 拥有近战设备时解锁
A21: melee_sharpness_add | B21: pts | F21: 22 = 近战武器 锋利度上限 | J21: 峭壁图腾 | K21: 机械义肢 | L21: 锋利度超过100%时，可以增加武器伤害 | M21: 拥有近战设备时解锁
A22: melee_sharpness_recover | B22: pts | F22: 23 = 近战武器 磨刀速率 | J22: 海洋图腾 | K22: 开锁工具 | M22: 拥有近战设备时解锁
F24: 31 = 近战武器 自锐刀刃 | J24: 剃刀图腾 | K24: 阿飞手铐 | L24: 机制类：造成暴击时恢复耐久 | M24: 有限投放；稀有投放
A26: ranged_atk_pts | B26: pts | E26: 2 = 远程武器 | F26: 01 = 飞射物 伤害 | J26: 猛虎纹章 | K26: 无黄蛋
A27: ranged_atk_add | B27: add | F27: 02 = 飞射物 伤害 | J27: 猎豹纹章 | K27: 花雕怪味鱼
A28: ranged_critical_chance | B28: pts | F28: 03 = 飞射物 暴击几率 | J28: 苍鹰纹章 | K28: 天地一口香
A29: ranged_critical_dmg_rate | B29: pts | F29: 04 = 飞射物 暴击伤害 | J29: 恶犬纹章 | K29: 子母春茧
A30: ranged_knockback | B30: pts | F30: 05 = 飞射物 击退百分比 | J30: 灰熊纹章 | K30: 义结金兰 | M30: 有限投放
A31: ranged_armor_piercing | B31: pts | F31: 06 = 飞射物 破甲附加值 | J31: 郊狼纹章 | K31: 猴儿酒
A33: ranged_reloading_speedup | B33: pts | F33: 21 = 远程武器 装填速率 | J33: 微风纹章 | K33: 工头喇叭
A34: ranged_capacity | B34: pts | F34: 22 = 远程武器 弹匣容量 | J34: 乌云纹章 | K34: 典狱长徽章
A35: ranged_salvo | B35: add | F35: 23 = 远程武器 齐发数量 | J35: 细雨纹章 | K35: 太阳勋章 | M35: 有限投放；顺序投放
A37: ranged_critical_reload | B37: add | F37: 31 = 远程武器 暴击时弹药恢复 | J37: 皓月纹章 | K37: 箱子 | L37: 机制类：造成暴击时恢复1弹药 | M37: 有限投放；稀有投放
A38: ranged_ammo_bigger | B38: pts | F38: 32 = 飞射物 体积增大 | J38: 烈日纹章 | K38: 屋顶羊 | L38: 机制类：增大子弹的外观和碰撞体积 | M38: 有限投放；稀有投放
A40: wheel_charge_capacity | B40: add | E40: 3 = 车轮 | F40: 21 = 车轮 冲刺可用次数 | J40: 蓝色宝石 | K40: 赵日天原件 | M40: 有限投放；仅2级
A41: wheel_charge_effect | B41: pts | F41: 22 = 车轮 冲刺效果提升 | J41: 红色宝石 | K41: 赵日天号 | M41: 有限投放
A42: wheel_charge_recover | B42: pts | F42: 23 = 车轮 冲刺能量恢复 | J42: 绿色宝石 | K42: 赵日天能量球 | M42: 有限投放
A43: wheel_tractive_force | B43: pts | F43: 24 = 车轮 动力增强 | J43: 黄色宝石 | K43: 赵日天核心 | M43: 有限投放；仅2级
E45: 4 = 盾牌
E47: 5 = 钩索
A49: ram_stability | B49: pts | E49: 6 = 撞角 | F49: 21 = 撞角 稳定性 | J49: 三角符号 | K49: 警官帽 | L49: 不容易被撞歪；百分比提升 | M49: 有限投放
A50: ram_maneuverability | B50: pts | F50: 22 = 撞角 操纵性 | J50: 正圆符号 | K50: 花洒 | L50: 百分比提升
A51: ram_dmg_speed_bonus | B51: pts | F51: 23 = 撞角 速度伤害附加 | J51: 星形符号 | K51: 牢房门 | L51: 百分比提升
A55: Vlookup | B55: Type | C55: 第1位 | D55: 第2位 | E55: 第3位 | F55: 第4位 | G55: 第5位 | H55: 第6位 | J55: 命名参考1 | K55: 命名参考2 | L55: 备注 | M55: 投放说明
C56: 31 = relic （机制类） | E56: 01 = 通用/特殊 | G56: 01~99 编号
E57: 02 = 飞射物
E59: 04 = 弓弩枪械
E60: 05 = 近战打击
