Workbook
Name tuple_avg: _xlfn.LAMBDA(_xlpm.x,AVERAGE(VALUE(_xlfn.TEXTSPLIT(_xlpm.x,","))))

Sheet mg_weather
A1: id | B1: sub_id | I1: monster_id | L1: init_state | M1: pos | P1: pos_rnd_radius | Q1: count_max | R1: generate_count_area | U1: spawn_init | W1: spawn_threshold | Y1: k_time
A2: uint key | B2: uint key | I2: uint | L2: string | M2: Vector2 | P2: float | Q2: int | R2: Vector2? | U2: Vector2 | W2: Vector2 | Y2: float
A3: 怪物组id | B3: 组内子id | C3: 重复key校验列 | D3: 备注 世界 | E3: 备注 天气 | F3: 编号辅助 怪物# | G3: 编号辅助 怪物小组# | H3: 编号辅助 细分# | I3: 怪物id | J3: 备注 生成内容 | K3: 备注 生成位置 | L3: 初始状态 | M3: 出现位置 | N3: pos.x | O3: pos.y | P3: 位置 随机散布 | Q3: 最大数量 | R3: 每次生成数 min~max | S3: rnd min | T3: rnd max | U3: 初始进度 仅在进入场景时随机取值一次 | V3: 特殊值? | W3: 生成所需进度 进入场景时随机取值一次；每次生成怪物后重新随机取值。 | X3: 特殊值? | Y3: 生成速率 时间系数
A5: 460703 | B5: {=F5&_xlfn.TEXTJOIN("",1,TEXT(G5:H5,"00"))} -> 10100 | C5: =_xlfn.TEXTJOIN(",",1,A5:B5) -> 460703,10100 | D5: 荒漠 | E5: 流沙区 | F5: 1 | G5: 1 | H5: 0 | I5: 201702 | J5: =IFERROR(VLOOKUP(I5,monsters[#All],4,0),"") -> 沙漠蛇 | K5: {=_xlfn.LET(_xlpm.v6p,ABS(ATAN2(N5,O5))*6/PI(), _xlpm.output,_xlfn.IFS(_xlpm.v6p<1,"正前",_xlpm.v6p>5,"正后",AND(_xlpm.v6p<5,_xlpm.v6p>2,O5<-1),"脚底",_xlpm.v6p>4,"后上",_xlpm.v6p<2,"前上",TRUE,"顶部"), IFERROR(_xlpm.output,""))} -> 正前 | L5: Default | M5: =N5+0&","&O5+0 -> 12,-2 | N5: 12 | O5: -2 | P5: =IF(R5<>"",1,"") -> 1 | Q5: 10 | R5: =IF(S5<>"", S5+0&","&T5+0,"") -> 1,3 | S5: 1 | T5: 3 | U5: =IF($A5<>"",IF($V5<>"",$V5,"0,0"),"") -> 0,45 | V5: 0,45 | W5: =IF($A5<>"",IF($X5<>"",$X5,"80,120"),"") -> 50,150 | X5: 50,150 | Y5: 1
A6: 460703 | B6: {=F6&_xlfn.TEXTJOIN("",1,TEXT(G6:H6,"00"))} -> 10200 | C6: =_xlfn.TEXTJOIN(",",1,A6:B6) -> 460703,10200 | D6: 荒漠 | E6: 流沙区 | F6: 1 | G6: 2 | H6: 0 | I6: 201702 | J6: =IFERROR(VLOOKUP(I6,monsters[#All],4,0),"") -> 沙漠蛇 | K6: {=_xlfn.LET(_xlpm.v6p,ABS(ATAN2(N6,O6))*6/PI(), _xlpm.output,_xlfn.IFS(_xlpm.v6p<1,"正前",_xlpm.v6p>5,"正后",AND(_xlpm.v6p<5,_xlpm.v6p>2,O6<-1),"脚底",_xlpm.v6p>4,"后上",_xlpm.v6p<2,"前上",TRUE,"顶部"), IFERROR(_xlpm.output,""))} -> 正前 | L6: Default | M6: =N6+0&","&O6+0 -> 6,-2 | N6: 6 | O6: -2 | P6: =IF(R6<>"",1,"") -> 1 | Q6: 10 | R6: =IF(S6<>"", S6+0&","&T6+0,"") -> 1,3 | S6: 1 | T6: 3 | U6: =IF($A6<>"",IF($V6<>"",$V6,"0,0"),"") -> 0,45 | V6: 0,45 | W6: =IF($A6<>"",IF($X6<>"",$X6,"80,120"),"") -> 50,150 | X6: 50,150 | Y6: 0.85
A7: 460703 | B7: {=F7&_xlfn.TEXTJOIN("",1,TEXT(G7:H7,"00"))} -> 10300 | C7: =_xlfn.TEXTJOIN(",",1,A7:B7) -> 460703,10300 | D7: 荒漠 | E7: 流沙区 | F7: 1 | G7: 3 | H7: 0 | I7: 201702 | J7: =IFERROR(VLOOKUP(I7,monsters[#All],4,0),"") -> 沙漠蛇 | K7: {=_xlfn.LET(_xlpm.v6p,ABS(ATAN2(N7,O7))*6/PI(), _xlpm.output,_xlfn.IFS(_xlpm.v6p<1,"正前",_xlpm.v6p>5,"正后",AND(_xlpm.v6p<5,_xlpm.v6p>2,O7<-1),"脚底",_xlpm.v6p>4,"后上",_xlpm.v6p<2,"前上",TRUE,"顶部"), IFERROR(_xlpm.output,""))} -> 脚底 | L7: Default | M7: =N7+0&","&O7+0 -> 1,-2 | N7: 1 | O7: -2 | P7: =IF(R7<>"",1,"") -> 1 | Q7: 10 | R7: =IF(S7<>"", S7+0&","&T7+0,"") -> 1,3 | S7: 1 | T7: 3 | U7: =IF($A7<>"",IF($V7<>"",$V7,"0,0"),"") -> 60,75 | V7: 60,75 | W7: =IF($A7<>"",IF($X7<>"",$X7,"80,120"),"") -> 80,120 | Y7: 0.7
A8: 460703 | B8: {=F8&_xlfn.TEXTJOIN("",1,TEXT(G8:H8,"00"))} -> 10400 | C8: =_xlfn.TEXTJOIN(",",1,A8:B8) -> 460703,10400 | D8: 荒漠 | E8: 流沙区 | F8: 1 | G8: 4 | H8: 0 | I8: 201702 | J8: =IFERROR(VLOOKUP(I8,monsters[#All],4,0),"") -> 沙漠蛇 | K8: {=_xlfn.LET(_xlpm.v6p,ABS(ATAN2(N8,O8))*6/PI(), _xlpm.output,_xlfn.IFS(_xlpm.v6p<1,"正前",_xlpm.v6p>5,"正后",AND(_xlpm.v6p<5,_xlpm.v6p>2,O8<-1),"脚底",_xlpm.v6p>4,"后上",_xlpm.v6p<2,"前上",TRUE,"顶部"), IFERROR(_xlpm.output,""))} -> 脚底 | L8: Default | M8: =N8+0&","&O8+0 -> -3,-2 | N8: -3 | O8: -2 | P8: =IF(R8<>"",1,"") -> 1 | Q8: 10 | R8: =IF(S8<>"", S8+0&","&T8+0,"") -> 1,3 | S8: 1 | T8: 3 | U8: =IF($A8<>"",IF($V8<>"",$V8,"0,0"),"") -> 0,45 | V8: 0,45 | W8: =IF($A8<>"",IF($X8<>"",$X8,"80,120"),"") -> 50,150 | X8: 50,150 | Y8: 0.55
A9: 460703 | B9: {=F9&_xlfn.TEXTJOIN("",1,TEXT(G9:H9,"00"))} -> 10500 | C9: =_xlfn.TEXTJOIN(",",1,A9:B9) -> 460703,10500 | D9: 荒漠 | E9: 流沙区 | F9: 1 | G9: 5 | H9: 0 | I9: 201702 | J9: =IFERROR(VLOOKUP(I9,monsters[#All],4,0),"") -> 沙漠蛇 | K9: {=_xlfn.LET(_xlpm.v6p,ABS(ATAN2(N9,O9))*6/PI(), _xlpm.output,_xlfn.IFS(_xlpm.v6p<1,"正前",_xlpm.v6p>5,"正后",AND(_xlpm.v6p<5,_xlpm.v6p>2,O9<-1),"脚底",_xlpm.v6p>4,"后上",_xlpm.v6p<2,"前上",TRUE,"顶部"), IFERROR(_xlpm.output,""))} -> 正后 | L9: Default | M9: =N9+0&","&O9+0 -> -8,-2 | N9: -8 | O9: -2 | P9: =IF(R9<>"",1,"") -> 1 | Q9: 10 | R9: =IF(S9<>"", S9+0&","&T9+0,"") -> 1,3 | S9: 1 | T9: 3 | U9: =IF($A9<>"",IF($V9<>"",$V9,"0,0"),"") -> 0,45 | V9: 0,45 | W9: =IF($A9<>"",IF($X9<>"",$X9,"80,120"),"") -> 50,150 | X9: 50,150 | Y9: 0.4
A11: 460704 | B11: {=F11&_xlfn.TEXTJOIN("",1,TEXT(G11:H11,"00"))} -> 10100 | C11: =_xlfn.TEXTJOIN(",",1,A11:B11) -> 460704,10100 | D11: 荒漠 | E11: 流沙区+扬尘 | F11: 1 | G11: 1 | H11: 0 | I11: 201702 | J11: =IFERROR(VLOOKUP(I11,monsters[#All],4,0),"") -> 沙漠蛇 | K11: {=_xlfn.LET(_xlpm.v6p,ABS(ATAN2(N11,O11))*6/PI(), _xlpm.output,_xlfn.IFS(_xlpm.v6p<1,"正前",_xlpm.v6p>5,"正后",AND(_xlpm.v6p<5,_xlpm.v6p>2,O11<-1),"脚底",_xlpm.v6p>4,"后上",_xlpm.v6p<2,"前上",TRUE,"顶部"), IFERROR(_xlpm.output,""))} -> 正前 | L11: Default | M11: =N11+0&","&O11+0 -> 12,-2 | N11: 12 | O11: -2 | P11: =IF(R11<>"",1,"") -> 1 | Q11: 10 | R11: =IF(S11<>"", S11+0&","&T11+0,"") -> 1,3 | S11: 1 | T11: 3 | U11: =IF($A11<>"",IF($V11<>"",$V11,"0,0"),"") -> 0,45 | V11: 0,45 | W11: =IF($A11<>"",IF($X11<>"",$X11,"80,120"),"") -> 50,150 | X11: 50,150 | Y11: 1
A12: 460704 | B12: {=F12&_xlfn.TEXTJOIN("",1,TEXT(G12:H12,"00"))} -> 10200 | C12: =_xlfn.TEXTJOIN(",",1,A12:B12) -> 460704,10200 | D12: 荒漠 | E12: 流沙区+扬尘 | F12: 1 | G12: 2 | H12: 0 | I12: 201702 | J12: =IFERROR(VLOOKUP(I12,monsters[#All],4,0),"") -> 沙漠蛇 | K12: {=_xlfn.LET(_xlpm.v6p,ABS(ATAN2(N12,O12))*6/PI(), _xlpm.output,_xlfn.IFS(_xlpm.v6p<1,"正前",_xlpm.v6p>5,"正后",AND(_xlpm.v6p<5,_xlpm.v6p>2,O12<-1),"脚底",_xlpm.v6p>4,"后上",_xlpm.v6p<2,"前上",TRUE,"顶部"), IFERROR(_xlpm.output,""))} -> 正前 | L12: Default | M12: =N12+0&","&O12+0 -> 6,-2 | N12: 6 | O12: -2 | P12: =IF(R12<>"",1,"") -> 1 | Q12: 10 | R12: =IF(S12<>"", S12+0&","&T12+0,"") -> 1,3 | S12: 1 | T12: 3 | U12: =IF($A12<>"",IF($V12<>"",$V12,"0,0"),"") -> 0,45 | V12: 0,45 | W12: =IF($A12<>"",IF($X12<>"",$X12,"80,120"),"") -> 50,150 | X12: 50,150 | Y12: 0.85
A13: 460704 | B13: {=F13&_xlfn.TEXTJOIN("",1,TEXT(G13:H13,"00"))} -> 10300 | C13: =_xlfn.TEXTJOIN(",",1,A13:B13) -> 460704,10300 | D13: 荒漠 | E13: 流沙区+扬尘 | F13: 1 | G13: 3 | H13: 0 | I13: 201702 | J13: =IFERROR(VLOOKUP(I13,monsters[#All],4,0),"") -> 沙漠蛇 | K13: {=_xlfn.LET(_xlpm.v6p,ABS(ATAN2(N13,O13))*6/PI(), _xlpm.output,_xlfn.IFS(_xlpm.v6p<1,"正前",_xlpm.v6p>5,"正后",AND(_xlpm.v6p<5,_xlpm.v6p>2,O13<-1),"脚底",_xlpm.v6p>4,"后上",_xlpm.v6p<2,"前上",TRUE,"顶部"), IFERROR(_xlpm.output,""))} -> 脚底 | L13: Default | M13: =N13+0&","&O13+0 -> 1,-2 | N13: 1 | O13: -2 | P13: =IF(R13<>"",1,"") -> 1 | Q13: 10 | R13: =IF(S13<>"", S13+0&","&T13+0,"") -> 1,3 | S13: 1 | T13: 3 | U13: =IF($A13<>"",IF($V13<>"",$V13,"0,0"),"") -> 60,75 | V13: 60,75 | W13: =IF($A13<>"",IF($X13<>"",$X13,"80,120"),"") -> 80,120 | Y13: 0.7
A14: 460704 | B14: {=F14&_xlfn.TEXTJOIN("",1,TEXT(G14:H14,"00"))} -> 10400 | C14: =_xlfn.TEXTJOIN(",",1,A14:B14) -> 460704,10400 | D14: 荒漠 | E14: 流沙区+扬尘 | F14: 1 | G14: 4 | H14: 0 | I14: 201702 | J14: =IFERROR(VLOOKUP(I14,monsters[#All],4,0),"") -> 沙漠蛇 | K14: {=_xlfn.LET(_xlpm.v6p,ABS(ATAN2(N14,O14))*6/PI(), _xlpm.output,_xlfn.IFS(_xlpm.v6p<1,"正前",_xlpm.v6p>5,"正后",AND(_xlpm.v6p<5,_xlpm.v6p>2,O14<-1),"脚底",_xlpm.v6p>4,"后上",_xlpm.v6p<2,"前上",TRUE,"顶部"), IFERROR(_xlpm.output,""))} -> 脚底 | L14: Default | M14: =N14+0&","&O14+0 -> -3,-2 | N14: -3 | O14: -2 | P14: =IF(R14<>"",1,"") -> 1 | Q14: 10 | R14: =IF(S14<>"", S14+0&","&T14+0,"") -> 1,3 | S14: 1 | T14: 3 | U14: =IF($A14<>"",IF($V14<>"",$V14,"0,0"),"") -> 0,45 | V14: 0,45 | W14: =IF($A14<>"",IF($X14<>"",$X14,"80,120"),"") -> 50,150 | X14: 50,150 | Y14: 0.55
A15: 460704 | B15: {=F15&_xlfn.TEXTJOIN("",1,TEXT(G15:H15,"00"))} -> 10500 | C15: =_xlfn.TEXTJOIN(",",1,A15:B15) -> 460704,10500 | D15: 荒漠 | E15: 流沙区+扬尘 | F15: 1 | G15: 5 | H15: 0 | I15: 201702 | J15: =IFERROR(VLOOKUP(I15,monsters[#All],4,0),"") -> 沙漠蛇 | K15: {=_xlfn.LET(_xlpm.v6p,ABS(ATAN2(N15,O15))*6/PI(), _xlpm.output,_xlfn.IFS(_xlpm.v6p<1,"正前",_xlpm.v6p>5,"正后",AND(_xlpm.v6p<5,_xlpm.v6p>2,O15<-1),"脚底",_xlpm.v6p>4,"后上",_xlpm.v6p<2,"前上",TRUE,"顶部"), IFERROR(_xlpm.output,""))} -> 正后 | L15: Default | M15: =N15+0&","&O15+0 -> -8,-2 | N15: -8 | O15: -2 | P15: =IF(R15<>"",1,"") -> 1 | Q15: 10 | R15: =IF(S15<>"", S15+0&","&T15+0,"") -> 1,3 | S15: 1 | T15: 3 | U15: =IF($A15<>"",IF($V15<>"",$V15,"0,0"),"") -> 0,45 | V15: 0,45 | W15: =IF($A15<>"",IF($X15<>"",$X15,"80,120"),"") -> 50,150 | X15: 50,150 | Y15: 0.4
A17: 460705 | B17: {=F17&_xlfn.TEXTJOIN("",1,TEXT(G17:H17,"00"))} -> 10100 | C17: =_xlfn.TEXTJOIN(",",1,A17:B17) -> 460705,10100 | D17: 荒漠 | E17: 流沙区+沙暴 | F17: 1 | G17: 1 | H17: 0 | I17: 201702 | J17: =IFERROR(VLOOKUP(I17,monsters[#All],4,0),"") -> 沙漠蛇 | K17: {=_xlfn.LET(_xlpm.v6p,ABS(ATAN2(N17,O17))*6/PI(), _xlpm.output,_xlfn.IFS(_xlpm.v6p<1,"正前",_xlpm.v6p>5,"正后",AND(_xlpm.v6p<5,_xlpm.v6p>2,O17<-1),"脚底",_xlpm.v6p>4,"后上",_xlpm.v6p<2,"前上",TRUE,"顶部"), IFERROR(_xlpm.output,""))} -> 正前 | L17: Default | M17: =N17+0&","&O17+0 -> 12,-2 | N17: 12 | O17: -2 | P17: =IF(R17<>"",1,"") -> 1 | Q17: 10 | R17: =IF(S17<>"", S17+0&","&T17+0,"") -> 1,3 | S17: 1 | T17: 3 | U17: =IF($A17<>"",IF($V17<>"",$V17,"0,0"),"") -> 0,45 | V17: 0,45 | W17: =IF($A17<>"",IF($X17<>"",$X17,"80,120"),"") -> 50,150 | X17: 50,150 | Y17: 1
A18: 460705 | B18: {=F18&_xlfn.TEXTJOIN("",1,TEXT(G18:H18,"00"))} -> 10200 | C18: =_xlfn.TEXTJOIN(",",1,A18:B18) -> 460705,10200 | D18: 荒漠 | E18: 流沙区+沙暴 | F18: 1 | G18: 2 | H18: 0 | I18: 201702 | J18: =IFERROR(VLOOKUP(I18,monsters[#All],4,0),"") -> 沙漠蛇 | K18: {=_xlfn.LET(_xlpm.v6p,ABS(ATAN2(N18,O18))*6/PI(), _xlpm.output,_xlfn.IFS(_xlpm.v6p<1,"正前",_xlpm.v6p>5,"正后",AND(_xlpm.v6p<5,_xlpm.v6p>2,O18<-1),"脚底",_xlpm.v6p>4,"后上",_xlpm.v6p<2,"前上",TRUE,"顶部"), IFERROR(_xlpm.output,""))} -> 正前 | L18: Default | M18: =N18+0&","&O18+0 -> 6,-2 | N18: 6 | O18: -2 | P18: =IF(R18<>"",1,"") -> 1 | Q18: 10 | R18: =IF(S18<>"", S18+0&","&T18+0,"") -> 1,3 | S18: 1 | T18: 3 | U18: =IF($A18<>"",IF($V18<>"",$V18,"0,0"),"") -> 0,45 | V18: 0,45 | W18: =IF($A18<>"",IF($X18<>"",$X18,"80,120"),"") -> 50,150 | X18: 50,150 | Y18: 0.85
A19: 460705 | B19: {=F19&_xlfn.TEXTJOIN("",1,TEXT(G19:H19,"00"))} -> 10300 | C19: =_xlfn.TEXTJOIN(",",1,A19:B19) -> 460705,10300 | D19: 荒漠 | E19: 流沙区+沙暴 | F19: 1 | G19: 3 | H19: 0 | I19: 201702 | J19: =IFERROR(VLOOKUP(I19,monsters[#All],4,0),"") -> 沙漠蛇 | K19: {=_xlfn.LET(_xlpm.v6p,ABS(ATAN2(N19,O19))*6/PI(), _xlpm.output,_xlfn.IFS(_xlpm.v6p<1,"正前",_xlpm.v6p>5,"正后",AND(_xlpm.v6p<5,_xlpm.v6p>2,O19<-1),"脚底",_xlpm.v6p>4,"后上",_xlpm.v6p<2,"前上",TRUE,"顶部"), IFERROR(_xlpm.output,""))} -> 脚底 | L19: Default | M19: =N19+0&","&O19+0 -> 1,-2 | N19: 1 | O19: -2 | P19: =IF(R19<>"",1,"") -> 1 | Q19: 10 | R19: =IF(S19<>"", S19+0&","&T19+0,"") -> 1,3 | S19: 1 | T19: 3 | U19: =IF($A19<>"",IF($V19<>"",$V19,"0,0"),"") -> 60,75 | V19: 60,75 | W19: =IF($A19<>"",IF($X19<>"",$X19,"80,120"),"") -> 80,120 | Y19: 0.7
A20: 460705 | B20: {=F20&_xlfn.TEXTJOIN("",1,TEXT(G20:H20,"00"))} -> 10400 | C20: =_xlfn.TEXTJOIN(",",1,A20:B20) -> 460705,10400 | D20: 荒漠 | E20: 流沙区+沙暴 | F20: 1 | G20: 4 | H20: 0 | I20: 201702 | J20: =IFERROR(VLOOKUP(I20,monsters[#All],4,0),"") -> 沙漠蛇 | K20: {=_xlfn.LET(_xlpm.v6p,ABS(ATAN2(N20,O20))*6/PI(), _xlpm.output,_xlfn.IFS(_xlpm.v6p<1,"正前",_xlpm.v6p>5,"正后",AND(_xlpm.v6p<5,_xlpm.v6p>2,O20<-1),"脚底",_xlpm.v6p>4,"后上",_xlpm.v6p<2,"前上",TRUE,"顶部"), IFERROR(_xlpm.output,""))} -> 脚底 | L20: Default | M20: =N20+0&","&O20+0 -> -3,-2 | N20: -3 | O20: -2 | P20: =IF(R20<>"",1,"") -> 1 | Q20: 10 | R20: =IF(S20<>"", S20+0&","&T20+0,"") -> 1,3 | S20: 1 | T20: 3 | U20: =IF($A20<>"",IF($V20<>"",$V20,"0,0"),"") -> 0,45 | V20: 0,45 | W20: =IF($A20<>"",IF($X20<>"",$X20,"80,120"),"") -> 50,150 | X20: 50,150 | Y20: 0.55
A21: 460705 | B21: {=F21&_xlfn.TEXTJOIN("",1,TEXT(G21:H21,"00"))} -> 10500 | C21: =_xlfn.TEXTJOIN(",",1,A21:B21) -> 460705,10500 | D21: 荒漠 | E21: 流沙区+沙暴 | F21: 1 | G21: 5 | H21: 0 | I21: 201702 | J21: =IFERROR(VLOOKUP(I21,monsters[#All],4,0),"") -> 沙漠蛇 | K21: {=_xlfn.LET(_xlpm.v6p,ABS(ATAN2(N21,O21))*6/PI(), _xlpm.output,_xlfn.IFS(_xlpm.v6p<1,"正前",_xlpm.v6p>5,"正后",AND(_xlpm.v6p<5,_xlpm.v6p>2,O21<-1),"脚底",_xlpm.v6p>4,"后上",_xlpm.v6p<2,"前上",TRUE,"顶部"), IFERROR(_xlpm.output,""))} -> 正后 | L21: Default | M21: =N21+0&","&O21+0 -> -8,-2 | N21: -8 | O21: -2 | P21: =IF(R21<>"",1,"") -> 1 | Q21: 10 | R21: =IF(S21<>"", S21+0&","&T21+0,"") -> 1,3 | S21: 1 | T21: 3 | U21: =IF($A21<>"",IF($V21<>"",$V21,"0,0"),"") -> 0,45 | V21: 0,45 | W21: =IF($A21<>"",IF($X21<>"",$X21,"80,120"),"") -> 50,150 | X21: 50,150 | Y21: 0.4
A25: 460803 | B25: {=F25&_xlfn.TEXTJOIN("",1,TEXT(G25:H25,"00"))} -> 10100 | C25: =_xlfn.TEXTJOIN(",",1,A25:B25) -> 460803,10100 | D25: 大湖 | E25: 暴雨 | F25: 1 | G25: 1 | H25: 0 | I25: 201814 | J25: =IFERROR(VLOOKUP(I25,monsters[#All],4,0),"") -> 弱小螃蟹 | K25: {=_xlfn.LET(_xlpm.v6p,ABS(ATAN2(N25,O25))*6/PI(), _xlpm.output,_xlfn.IFS(_xlpm.v6p<1,"正前",_xlpm.v6p>5,"正后",AND(_xlpm.v6p<5,_xlpm.v6p>2,O25<-1),"脚底",_xlpm.v6p>4,"后上",_xlpm.v6p<2,"前上",TRUE,"顶部"), IFERROR(_xlpm.output,""))} -> 前上 | L25: Default | M25: =N25+0&","&O25+0 -> 12,15 | N25: 12 | O25: 15 | P25: =IF(R25<>"",1,"") -> 1 | Q25: 10 | R25: =IF(S25<>"", S25+0&","&T25+0,"") -> 1,3 | S25: 1 | T25: 3 | U25: =IF($A25<>"",IF($V25<>"",$V25,"0,0"),"") -> 0,45 | V25: 0,45 | W25: =IF($A25<>"",IF($X25<>"",$X25,"80,120"),"") -> 50,150 | X25: 50,150 | Y25: 1
A26: 460803 | B26: {=F26&_xlfn.TEXTJOIN("",1,TEXT(G26:H26,"00"))} -> 10200 | C26: =_xlfn.TEXTJOIN(",",1,A26:B26) -> 460803,10200 | D26: 大湖 | E26: 暴雨 | F26: 1 | G26: 2 | H26: 0 | I26: 201814 | J26: =IFERROR(VLOOKUP(I26,monsters[#All],4,0),"") -> 弱小螃蟹 | K26: {=_xlfn.LET(_xlpm.v6p,ABS(ATAN2(N26,O26))*6/PI(), _xlpm.output,_xlfn.IFS(_xlpm.v6p<1,"正前",_xlpm.v6p>5,"正后",AND(_xlpm.v6p<5,_xlpm.v6p>2,O26<-1),"脚底",_xlpm.v6p>4,"后上",_xlpm.v6p<2,"前上",TRUE,"顶部"), IFERROR(_xlpm.output,""))} -> 顶部 | L26: Default | M26: =N26+0&","&O26+0 -> 6,15 | N26: 6 | O26: 15 | P26: =IF(R26<>"",1,"") -> 1 | Q26: 10 | R26: =IF(S26<>"", S26+0&","&T26+0,"") -> 1,3 | S26: 1 | T26: 3 | U26: =IF($A26<>"",IF($V26<>"",$V26,"0,0"),"") -> 0,45 | V26: 0,45 | W26: =IF($A26<>"",IF($X26<>"",$X26,"80,120"),"") -> 50,150 | X26: 50,150 | Y26: 0.85
A27: 460803 | B27: {=F27&_xlfn.TEXTJOIN("",1,TEXT(G27:H27,"00"))} -> 10300 | C27: =_xlfn.TEXTJOIN(",",1,A27:B27) -> 460803,10300 | D27: 大湖 | E27: 暴雨 | F27: 1 | G27: 3 | H27: 0 | I27: 201814 | J27: =IFERROR(VLOOKUP(I27,monsters[#All],4,0),"") -> 弱小螃蟹 | K27: {=_xlfn.LET(_xlpm.v6p,ABS(ATAN2(N27,O27))*6/PI(), _xlpm.output,_xlfn.IFS(_xlpm.v6p<1,"正前",_xlpm.v6p>5,"正后",AND(_xlpm.v6p<5,_xlpm.v6p>2,O27<-1),"脚底",_xlpm.v6p>4,"后上",_xlpm.v6p<2,"前上",TRUE,"顶部"), IFERROR(_xlpm.output,""))} -> 顶部 | L27: Default | M27: =N27+0&","&O27+0 -> 1,15 | N27: 1 | O27: 15 | P27: =IF(R27<>"",1,"") -> 1 | Q27: 10 | R27: =IF(S27<>"", S27+0&","&T27+0,"") -> 1,3 | S27: 1 | T27: 3 | U27: =IF($A27<>"",IF($V27<>"",$V27,"0,0"),"") -> 60,75 | V27: 60,75 | W27: =IF($A27<>"",IF($X27<>"",$X27,"80,120"),"") -> 80,120 | Y27: 0.7
A28: 460803 | B28: {=F28&_xlfn.TEXTJOIN("",1,TEXT(G28:H28,"00"))} -> 10400 | C28: =_xlfn.TEXTJOIN(",",1,A28:B28) -> 460803,10400 | D28: 大湖 | E28: 暴雨 | F28: 1 | G28: 4 | H28: 0 | I28: 201814 | J28: =IFERROR(VLOOKUP(I28,monsters[#All],4,0),"") -> 弱小螃蟹 | K28: {=_xlfn.LET(_xlpm.v6p,ABS(ATAN2(N28,O28))*6/PI(), _xlpm.output,_xlfn.IFS(_xlpm.v6p<1,"正前",_xlpm.v6p>5,"正后",AND(_xlpm.v6p<5,_xlpm.v6p>2,O28<-1),"脚底",_xlpm.v6p>4,"后上",_xlpm.v6p<2,"前上",TRUE,"顶部"), IFERROR(_xlpm.output,""))} -> 顶部 | L28: Default | M28: =N28+0&","&O28+0 -> -3,15 | N28: -3 | O28: 15 | P28: =IF(R28<>"",1,"") -> 1 | Q28: 10 | R28: =IF(S28<>"", S28+0&","&T28+0,"") -> 1,3 | S28: 1 | T28: 3 | U28: =IF($A28<>"",IF($V28<>"",$V28,"0,0"),"") -> 0,45 | V28: 0,45 | W28: =IF($A28<>"",IF($X28<>"",$X28,"80,120"),"") -> 50,150 | X28: 50,150 | Y28: 0.55
A29: 460803 | B29: {=F29&_xlfn.TEXTJOIN("",1,TEXT(G29:H29,"00"))} -> 10500 | C29: =_xlfn.TEXTJOIN(",",1,A29:B29) -> 460803,10500 | D29: 大湖 | E29: 暴雨 | F29: 1 | G29: 5 | H29: 0 | I29: 201814 | J29: =IFERROR(VLOOKUP(I29,monsters[#All],4,0),"") -> 弱小螃蟹 | K29: {=_xlfn.LET(_xlpm.v6p,ABS(ATAN2(N29,O29))*6/PI(), _xlpm.output,_xlfn.IFS(_xlpm.v6p<1,"正前",_xlpm.v6p>5,"正后",AND(_xlpm.v6p<5,_xlpm.v6p>2,O29<-1),"脚底",_xlpm.v6p>4,"后上",_xlpm.v6p<2,"前上",TRUE,"顶部"), IFERROR(_xlpm.output,""))} -> 顶部 | L29: Default | M29: =N29+0&","&O29+0 -> -8,15 | N29: -8 | O29: 15 | P29: =IF(R29<>"",1,"") -> 1 | Q29: 10 | R29: =IF(S29<>"", S29+0&","&T29+0,"") -> 1,3 | S29: 1 | T29: 3 | U29: =IF($A29<>"",IF($V29<>"",$V29,"0,0"),"") -> 0,45 | V29: 0,45 | W29: =IF($A29<>"",IF($X29<>"",$X29,"80,120"),"") -> 50,150 | X29: 50,150 | Y29: 0.4
A31: 460804 | B31: {=F31&_xlfn.TEXTJOIN("",1,TEXT(G31:H31,"00"))} -> 10100 | C31: =_xlfn.TEXTJOIN(",",1,A31:B31) -> 460804,10100 | D31: 大湖 | E31: 雷暴 | F31: 1 | G31: 1 | H31: 0 | I31: 201814 | J31: =IFERROR(VLOOKUP(I31,monsters[#All],4,0),"") -> 弱小螃蟹 | K31: {=_xlfn.LET(_xlpm.v6p,ABS(ATAN2(N31,O31))*6/PI(), _xlpm.output,_xlfn.IFS(_xlpm.v6p<1,"正前",_xlpm.v6p>5,"正后",AND(_xlpm.v6p<5,_xlpm.v6p>2,O31<-1),"脚底",_xlpm.v6p>4,"后上",_xlpm.v6p<2,"前上",TRUE,"顶部"), IFERROR(_xlpm.output,""))} -> 前上 | L31: Default | M31: =N31+0&","&O31+0 -> 12,15 | N31: 12 | O31: 15 | P31: =IF(R31<>"",1,"") -> 1 | Q31: 10 | R31: =IF(S31<>"", S31+0&","&T31+0,"") -> 1,3 | S31: 1 | T31: 3 | U31: =IF($A31<>"",IF($V31<>"",$V31,"0,0"),"") -> 0,45 | V31: 0,45 | W31: =IF($A31<>"",IF($X31<>"",$X31,"80,120"),"") -> 50,150 | X31: 50,150 | Y31: 1.5
A32: 460804 | B32: {=F32&_xlfn.TEXTJOIN("",1,TEXT(G32:H32,"00"))} -> 10200 | C32: =_xlfn.TEXTJOIN(",",1,A32:B32) -> 460804,10200 | D32: 大湖 | E32: 雷暴 | F32: 1 | G32: 2 | H32: 0 | I32: 201814 | J32: =IFERROR(VLOOKUP(I32,monsters[#All],4,0),"") -> 弱小螃蟹 | K32: {=_xlfn.LET(_xlpm.v6p,ABS(ATAN2(N32,O32))*6/PI(), _xlpm.output,_xlfn.IFS(_xlpm.v6p<1,"正前",_xlpm.v6p>5,"正后",AND(_xlpm.v6p<5,_xlpm.v6p>2,O32<-1),"脚底",_xlpm.v6p>4,"后上",_xlpm.v6p<2,"前上",TRUE,"顶部"), IFERROR(_xlpm.output,""))} -> 顶部 | L32: Default | M32: =N32+0&","&O32+0 -> 6,15 | N32: 6 | O32: 15 | P32: =IF(R32<>"",1,"") -> 1 | Q32: 10 | R32: =IF(S32<>"", S32+0&","&T32+0,"") -> 1,3 | S32: 1 | T32: 3 | U32: =IF($A32<>"",IF($V32<>"",$V32,"0,0"),"") -> 0,45 | V32: 0,45 | W32: =IF($A32<>"",IF($X32<>"",$X32,"80,120"),"") -> 50,150 | X32: 50,150 | Y32: 1.25
A33: 460804 | B33: {=F33&_xlfn.TEXTJOIN("",1,TEXT(G33:H33,"00"))} -> 10300 | C33: =_xlfn.TEXTJOIN(",",1,A33:B33) -> 460804,10300 | D33: 大湖 | E33: 雷暴 | F33: 1 | G33: 3 | H33: 0 | I33: 201814 | J33: =IFERROR(VLOOKUP(I33,monsters[#All],4,0),"") -> 弱小螃蟹 | K33: {=_xlfn.LET(_xlpm.v6p,ABS(ATAN2(N33,O33))*6/PI(), _xlpm.output,_xlfn.IFS(_xlpm.v6p<1,"正前",_xlpm.v6p>5,"正后",AND(_xlpm.v6p<5,_xlpm.v6p>2,O33<-1),"脚底",_xlpm.v6p>4,"后上",_xlpm.v6p<2,"前上",TRUE,"顶部"), IFERROR(_xlpm.output,""))} -> 顶部 | L33: Default | M33: =N33+0&","&O33+0 -> 1,15 | N33: 1 | O33: 15 | P33: =IF(R33<>"",1,"") -> 1 | Q33: 10 | R33: =IF(S33<>"", S33+0&","&T33+0,"") -> 1,3 | S33: 1 | T33: 3 | U33: =IF($A33<>"",IF($V33<>"",$V33,"0,0"),"") -> 60,75 | V33: 60,75 | W33: =IF($A33<>"",IF($X33<>"",$X33,"80,120"),"") -> 80,120 | Y33: 1
A34: 460804 | B34: {=F34&_xlfn.TEXTJOIN("",1,TEXT(G34:H34,"00"))} -> 10400 | C34: =_xlfn.TEXTJOIN(",",1,A34:B34) -> 460804,10400 | D34: 大湖 | E34: 雷暴 | F34: 1 | G34: 4 | H34: 0 | I34: 201814 | J34: =IFERROR(VLOOKUP(I34,monsters[#All],4,0),"") -> 弱小螃蟹 | K34: {=_xlfn.LET(_xlpm.v6p,ABS(ATAN2(N34,O34))*6/PI(), _xlpm.output,_xlfn.IFS(_xlpm.v6p<1,"正前",_xlpm.v6p>5,"正后",AND(_xlpm.v6p<5,_xlpm.v6p>2,O34<-1),"脚底",_xlpm.v6p>4,"后上",_xlpm.v6p<2,"前上",TRUE,"顶部"), IFERROR(_xlpm.output,""))} -> 顶部 | L34: Default | M34: =N34+0&","&O34+0 -> -3,15 | N34: -3 | O34: 15 | P34: =IF(R34<>"",1,"") -> 1 | Q34: 10 | R34: =IF(S34<>"", S34+0&","&T34+0,"") -> 1,3 | S34: 1 | T34: 3 | U34: =IF($A34<>"",IF($V34<>"",$V34,"0,0"),"") -> 0,45 | V34: 0,45 | W34: =IF($A34<>"",IF($X34<>"",$X34,"80,120"),"") -> 50,150 | X34: 50,150 | Y34: 0.75
A35: 460804 | B35: {=F35&_xlfn.TEXTJOIN("",1,TEXT(G35:H35,"00"))} -> 10500 | C35: =_xlfn.TEXTJOIN(",",1,A35:B35) -> 460804,10500 | D35: 大湖 | E35: 雷暴 | F35: 1 | G35: 5 | H35: 0 | I35: 201814 | J35: =IFERROR(VLOOKUP(I35,monsters[#All],4,0),"") -> 弱小螃蟹 | K35: {=_xlfn.LET(_xlpm.v6p,ABS(ATAN2(N35,O35))*6/PI(), _xlpm.output,_xlfn.IFS(_xlpm.v6p<1,"正前",_xlpm.v6p>5,"正后",AND(_xlpm.v6p<5,_xlpm.v6p>2,O35<-1),"脚底",_xlpm.v6p>4,"后上",_xlpm.v6p<2,"前上",TRUE,"顶部"), IFERROR(_xlpm.output,""))} -> 顶部 | L35: Default | M35: =N35+0&","&O35+0 -> -8,15 | N35: -8 | O35: 15 | P35: =IF(R35<>"",1,"") -> 1 | Q35: 10 | R35: =IF(S35<>"", S35+0&","&T35+0,"") -> 1,3 | S35: 1 | T35: 3 | U35: =IF($A35<>"",IF($V35<>"",$V35,"0,0"),"") -> 0,45 | V35: 0,45 | W35: =IF($A35<>"",IF($X35<>"",$X35,"80,120"),"") -> 50,150 | X35: 50,150 | Y35: 0.5

Sheet mg_scene
A1: id | B1: sub_id | H1: monster_id | K1: is_elite | L1: init_state | M1: end_state | N1: pos | Q1: pos_rnd_radius | S1: count_max | T1: generate_count_area | W1: tension_min | X1: tension_max | Y1: spawn_init | AA1: spawn_threshold | AC1: k_distance | AD1: k_time | AE1: kill_pressure | AF1: tide_count_addtion | AG1: tide_time_addtion
A2: uint key | B2: uint key | H2: uint | K2: bool? | L2: string | M2: string | N2: Vector2 | Q2: float | S2: int | T2: Vector2? | W2: int | X2: int | Y2: Vector2 | AA2: Vector2 | AC2: float | AD2: float | AE2: float | AF2: int | AG2: float
A3: 怪物组id | B3: 组内子id | C3: 重复key校验列 | D3: 编号 辅助 种类 | E3: 编号 辅助 大组 | F3: 编号 辅助 紧张 | G3: 编号 辅助 小组 | H3: 怪物id | I3: 备注 生成内容 | J3: 备注 生成 位置 | K3: 精英 | L3: 初始状态 | M3: 撤离状态 | N3: 出现位置 | O3: pos.x | P3: pos.y | Q3: 位置 随机散布 | R3: 特殊值? | S3: 最大数量 | T3: 每次生成数 min~max | U3: rnd min | V3: rnd max | W3: 地区紧张度 min | X3: 地区紧张度 max | Y3: 初始进度 仅在进入场景时随机取值一次 | Z3: 特殊值? | AA3: 生成所需进度 进入场景时随机取值一次；每次生成怪物后重新随机取值。 | AB3: 特殊值? | AC3: 生成速率 距离系数 | AD3: 生成速率 时间系数 代码中被除以120，意味着这是秒增量而不是帧增量。 | AE3: 击杀压力 | AF3: 兽潮 强化 数量 | AG3: 兽潮 强化 k_time | AI3: 生成速率 | AJ3: 稳态 单位距离 生成数 (100unit) | AK3: 稳态 单位时间 生成数 (16.67s) | AL3: 稳态 单位距离 hp (100unit) | AM3: 稳态 单位时间 hp (16.67s) | AN3: 定量生成？ | AO3: 定量 100u 分布
A4: 1 | B4: {=D4&_xlfn.TEXTJOIN("",1,TEXT(E4:G4,"00"))} -> 1010000 | C4: =_xlfn.TEXTJOIN(",",1,A4:B4) -> 1,1010000 | D4: 1 | E4: 1 | F4: =W4 -> 0 | G4: 0 | H4: 201101 | I4: =IFERROR(VLOOKUP(H4,monsters[#All],4,0),"") -> 地宫蝙蝠 | J4: {=_xlfn.LET(_xlpm.v6p,ABS(ATAN2(O4,P4))*6/PI(), _xlpm.output,_xlfn.IFS(_xlpm.v6p<1,"正前",_xlpm.v6p>5,"正后",AND(_xlpm.v6p<5,_xlpm.v6p>2,P4<-1),"脚底",_xlpm.v6p>4,"后上",_xlpm.v6p<2,"前上",TRUE,"顶部"), IFERROR(_xlpm.output,""))} -> 前上 | L4: Default | N4: =O4+0&","&P4+0 -> 15,10 | O4: 15 | P4: 10 | Q4: =_xlfn.LET(_xlpm._default,1, _xlpm._custom,R4, IF($A4<>"",IF(_xlpm._custom<>"",_xlpm._custom,_xlpm._default),"")) -> 1 | S4: 8 | T4: =IF(U4<>"", U4+0&","&V4+0,"") -> 1,3 | U4: 1 | V4: 3 | W4: 0 | X4: 11 | Y4: =IF($A4<>"",IF($Z4<>"",$Z4,"0,0"),"") -> 65,70 | Z4: 65,70 | AA4: =IF($A4<>"",IF($AB4<>"",$AB4,"80,120"),"") -> 80,120 | AC4: 2 | AD4: 2.5 | AE4: 0.3 | AF4: 3 | AG4: 100
A5: 1 | B5: {=D5&_xlfn.TEXTJOIN("",1,TEXT(E5:G5,"00"))} -> 1010100 | C5: =_xlfn.TEXTJOIN(",",1,A5:B5) -> 1,1010100 | D5: 1 | E5: 1 | F5: =W5 -> 1 | G5: 0 | H5: 201101 | I5: =IFERROR(VLOOKUP(H5,monsters[#All],4,0),"") -> 地宫蝙蝠 | J5: {=_xlfn.LET(_xlpm.v6p,ABS(ATAN2(O5,P5))*6/PI(), _xlpm.output,_xlfn.IFS(_xlpm.v6p<1,"正前",_xlpm.v6p>5,"正后",AND(_xlpm.v6p<5,_xlpm.v6p>2,P5<-1),"脚底",_xlpm.v6p>4,"后上",_xlpm.v6p<2,"前上",TRUE,"顶部"), IFERROR(_xlpm.output,""))} -> 前上 | L5: Default | N5: =O5+0&","&P5+0 -> 15,10 | O5: 15 | P5: 10 | Q5: =_xlfn.LET(_xlpm._default,1, _xlpm._custom,R5, IF($A5<>"",IF(_xlpm._custom<>"",_xlpm._custom,_xlpm._default),"")) -> 1 | S5: 4 | T5: =IF(U5<>"", U5+0&","&V5+0,"") -> 1,3 | U5: 1 | V5: 3 | W5: 1 | X5: 11 | Y5: =IF($A5<>"",IF($Z5<>"",$Z5,"0,0"),"") -> 0,0 | AA5: =IF($A5<>"",IF($AB5<>"",$AB5,"80,120"),"") -> 80,120 | AC5: 2 | AD5: 0.5 | AE5: 0.3 | AF5: 2 | AG5: 20
A6: 1 | B6: {=D6&_xlfn.TEXTJOIN("",1,TEXT(E6:G6,"00"))} -> 1010200 | C6: =_xlfn.TEXTJOIN(",",1,A6:B6) -> 1,1010200 | D6: 1 | E6: 1 | F6: =W6 -> 2 | G6: 0 | H6: 201101 | I6: =IFERROR(VLOOKUP(H6,monsters[#All],4,0),"") -> 地宫蝙蝠 | J6: {=_xlfn.LET(_xlpm.v6p,ABS(ATAN2(O6,P6))*6/PI(), _xlpm.output,_xlfn.IFS(_xlpm.v6p<1,"正前",_xlpm.v6p>5,"正后",AND(_xlpm.v6p<5,_xlpm.v6p>2,P6<-1),"脚底",_xlpm.v6p>4,"后上",_xlpm.v6p<2,"前上",TRUE,"顶部"), IFERROR(_xlpm.output,""))} -> 前上 | L6: Default | N6: =O6+0&","&P6+0 -> 15,10 | O6: 15 | P6: 10 | Q6: =_xlfn.LET(_xlpm._default,1, _xlpm._custom,R6, IF($A6<>"",IF(_xlpm._custom<>"",_xlpm._custom,_xlpm._default),"")) -> 1 | S6: 4 | T6: =IF(U6<>"", U6+0&","&V6+0,"") -> 1,3 | U6: 1 | V6: 3 | W6: 2 | X6: 11 | Y6: =IF($A6<>"",IF($Z6<>"",$Z6,"0,0"),"") -> 0,0 | AA6: =IF($A6<>"",IF($AB6<>"",$AB6,"80,120"),"") -> 80,120 | AC6: 2 | AD6: 0.5 | AE6: 0.3 | AF6: 2 | AG6: 20
A7: 1 | B7: {=D7&_xlfn.TEXTJOIN("",1,TEXT(E7:G7,"00"))} -> 1010300 | C7: =_xlfn.TEXTJOIN(",",1,A7:B7) -> 1,1010300 | D7: 1 | E7: 1 | F7: =W7 -> 3 | G7: 0 | H7: 201101 | I7: =IFERROR(VLOOKUP(H7,monsters[#All],4,0),"") -> 地宫蝙蝠 | J7: {=_xlfn.LET(_xlpm.v6p,ABS(ATAN2(O7,P7))*6/PI(), _xlpm.output,_xlfn.IFS(_xlpm.v6p<1,"正前",_xlpm.v6p>5,"正后",AND(_xlpm.v6p<5,_xlpm.v6p>2,P7<-1),"脚底",_xlpm.v6p>4,"后上",_xlpm.v6p<2,"前上",TRUE,"顶部"), IFERROR(_xlpm.output,""))} -> 前上 | L7: Default | N7: =O7+0&","&P7+0 -> 15,10 | O7: 15 | P7: 10 | Q7: =_xlfn.LET(_xlpm._default,1, _xlpm._custom,R7, IF($A7<>"",IF(_xlpm._custom<>"",_xlpm._custom,_xlpm._default),"")) -> 1 | S7: 12 | T7: =IF(U7<>"", U7+0&","&V7+0,"") -> 1,3 | U7: 1 | V7: 3 | W7: 3 | X7: 11 | Y7: =IF($A7<>"",IF($Z7<>"",$Z7,"0,0"),"") -> 0,0 | AA7: =IF($A7<>"",IF($AB7<>"",$AB7,"80,120"),"") -> 80,120 | AC7: 12 | AD7: 8 | AE7: 0.3 | AF7: 6 | AG7: 200
C8: =_xlfn.TEXTJOIN(",",1,A8:B8) | I8: =IFERROR(VLOOKUP(H8,monsters[#All],4,0),"") | J8: {=_xlfn.LET(_xlpm.v6p,ABS(ATAN2(O8,P8))*6/PI(), _xlpm.output,_xlfn.IFS(_xlpm.v6p<1,"正前",_xlpm.v6p>5,"正后",AND(_xlpm.v6p<5,_xlpm.v6p>2,P8<-1),"脚底",_xlpm.v6p>4,"后上",_xlpm.v6p<2,"前上",TRUE,"顶部"), IFERROR(_xlpm.output,""))} | Q8: =_xlfn.LET(_xlpm._default,1, _xlpm._custom,R8, IF($A8<>"",IF(_xlpm._custom<>"",_xlpm._custom,_xlpm._default),"")) | T8: =IF(U8<>"", U8+0&","&V8+0,"") | Y8: =IF($A8<>"",IF($Z8<>"",$Z8,"0,0"),"") | AA8: =IF($A8<>"",IF($AB8<>"",$AB8,"80,120"),"")
A9: 1 | B9: {=D9&_xlfn.TEXTJOIN("",1,TEXT(E9:G9,"00"))} -> 1020000 | C9: =_xlfn.TEXTJOIN(",",1,A9:B9) -> 1,1020000 | D9: 1 | E9: 2 | F9: =W9 -> 0 | G9: 0 | H9: 201101 | I9: =IFERROR(VLOOKUP(H9,monsters[#All],4,0),"") -> 地宫蝙蝠 | J9: {=_xlfn.LET(_xlpm.v6p,ABS(ATAN2(O9,P9))*6/PI(), _xlpm.output,_xlfn.IFS(_xlpm.v6p<1,"正前",_xlpm.v6p>5,"正后",AND(_xlpm.v6p<5,_xlpm.v6p>2,P9<-1),"脚底",_xlpm.v6p>4,"后上",_xlpm.v6p<2,"前上",TRUE,"顶部"), IFERROR(_xlpm.output,""))} -> 后上 | L9: Default | N9: =O9+0&","&P9+0 -> -15,10 | O9: -15 | P9: 10 | Q9: =_xlfn.LET(_xlpm._default,1, _xlpm._custom,R9, IF($A9<>"",IF(_xlpm._custom<>"",_xlpm._custom,_xlpm._default),"")) -> 1 | S9: 12 | T9: =IF(U9<>"", U9+0&","&V9+0,"") -> 1,3 | U9: 1 | V9: 3 | W9: 0 | X9: 11 | Y9: =IF($A9<>"",IF($Z9<>"",$Z9,"0,0"),"") -> 35,40 | Z9: 35,40 | AA9: =IF($A9<>"",IF($AB9<>"",$AB9,"80,120"),"") -> 80,120 | AC9: 2 | AD9: 2 | AE9: 0.3 | AF9: 4 | AG9: 100
A10: 1 | B10: {=D10&_xlfn.TEXTJOIN("",1,TEXT(E10:G10,"00"))} -> 1020100 | C10: =_xlfn.TEXTJOIN(",",1,A10:B10) -> 1,1020100 | D10: 1 | E10: 2 | F10: =W10 -> 1 | G10: 0 | H10: 201101 | I10: =IFERROR(VLOOKUP(H10,monsters[#All],4,0),"") -> 地宫蝙蝠 | J10: {=_xlfn.LET(_xlpm.v6p,ABS(ATAN2(O10,P10))*6/PI(), _xlpm.output,_xlfn.IFS(_xlpm.v6p<1,"正前",_xlpm.v6p>5,"正后",AND(_xlpm.v6p<5,_xlpm.v6p>2,P10<-1),"脚底",_xlpm.v6p>4,"后上",_xlpm.v6p<2,"前上",TRUE,"顶部"), IFERROR(_xlpm.output,""))} -> 后上 | L10: Default | N10: =O10+0&","&P10+0 -> -15,10 | O10: -15 | P10: 10 | Q10: =_xlfn.LET(_xlpm._default,1, _xlpm._custom,R10, IF($A10<>"",IF(_xlpm._custom<>"",_xlpm._custom,_xlpm._default),"")) -> 1 | S10: 4 | T10: =IF(U10<>"", U10+0&","&V10+0,"") -> 1,3 | U10: 1 | V10: 3 | W10: 1 | X10: 11 | Y10: =IF($A10<>"",IF($Z10<>"",$Z10,"0,0"),"") -> 0,0 | AA10: =IF($A10<>"",IF($AB10<>"",$AB10,"80,120"),"") -> 80,120 | AC10: 2 | AD10: 0.5 | AE10: 0.3 | AF10: 2 | AG10: 20
A11: 1 | B11: {=D11&_xlfn.TEXTJOIN("",1,TEXT(E11:G11,"00"))} -> 1020200 | C11: =_xlfn.TEXTJOIN(",",1,A11:B11) -> 1,1020200 | D11: 1 | E11: 2 | F11: =W11 -> 2 | G11: 0 | H11: 201101 | I11: =IFERROR(VLOOKUP(H11,monsters[#All],4,0),"") -> 地宫蝙蝠 | J11: {=_xlfn.LET(_xlpm.v6p,ABS(ATAN2(O11,P11))*6/PI(), _xlpm.output,_xlfn.IFS(_xlpm.v6p<1,"正前",_xlpm.v6p>5,"正后",AND(_xlpm.v6p<5,_xlpm.v6p>2,P11<-1),"脚底",_xlpm.v6p>4,"后上",_xlpm.v6p<2,"前上",TRUE,"顶部"), IFERROR(_xlpm.output,""))} -> 后上 | L11: Default | N11: =O11+0&","&P11+0 -> -15,10 | O11: -15 | P11: 10 | Q11: =_xlfn.LET(_xlpm._default,1, _xlpm._custom,R11, IF($A11<>"",IF(_xlpm._custom<>"",_xlpm._custom,_xlpm._default),"")) -> 1 | S11: 20 | T11: =IF(U11<>"", U11+0&","&V11+0,"") -> 1,3 | U11: 1 | V11: 3 | W11: 2 | X11: 11 | Y11: =IF($A11<>"",IF($Z11<>"",$Z11,"0,0"),"") -> 0,0 | AA11: =IF($A11<>"",IF($AB11<>"",$AB11,"80,120"),"") -> 80,120 | AC11: 2 | AD11: 0.5 | AE11: 0.3 | AF11: 2 | AG11: 20
A12: 1 | B12: {=D12&_xlfn.TEXTJOIN("",1,TEXT(E12:G12,"00"))} -> 1020300 | C12: =_xlfn.TEXTJOIN(",",1,A12:B12) -> 1,1020300 | D12: 1 | E12: 2 | F12: =W12 -> 3 | G12: 0 | H12: 201101 | I12: =IFERROR(VLOOKUP(H12,monsters[#All],4,0),"") -> 地宫蝙蝠 | J12: {=_xlfn.LET(_xlpm.v6p,ABS(ATAN2(O12,P12))*6/PI(), _xlpm.output,_xlfn.IFS(_xlpm.v6p<1,"正前",_xlpm.v6p>5,"正后",AND(_xlpm.v6p<5,_xlpm.v6p>2,P12<-1),"脚底",_xlpm.v6p>4,"后上",_xlpm.v6p<2,"前上",TRUE,"顶部"), IFERROR(_xlpm.output,""))} -> 后上 | L12: Default | N12: =O12+0&","&P12+0 -> -15,10 | O12: -15 | P12: 10 | Q12: =_xlfn.LET(_xlpm._default,1, _xlpm._custom,R12, IF($A12<>"",IF(_xlpm._custom<>"",_xlpm._custom,_xlpm._default),"")) -> 1 | S12: 20 | T12: =IF(U12<>"", U12+0&","&V12+0,"") -> 1,3 | U12: 1 | V12: 3 | W12: 3 | X12: 11 | Y12: =IF($A12<>"",IF($Z12<>"",$Z12,"0,0"),"") -> 0,0 | AA12: =IF($A12<>"",IF($AB12<>"",$AB12,"80,120"),"") -> 80,120 | AC12: 40 | AD12: 6 | AE12: 0.3 | AF12: 6 | AG12: 200
C13: =_xlfn.TEXTJOIN(",",1,A13:B13) | I13: =IFERROR(VLOOKUP(H13,monsters[#All],4,0),"") | J13: {=_xlfn.LET(_xlpm.v6p,ABS(ATAN2(O13,P13))*6/PI(), _xlpm.output,_xlfn.IFS(_xlpm.v6p<1,"正前",_xlpm.v6p>5,"正后",AND(_xlpm.v6p<5,_xlpm.v6p>2,P13<-1),"脚底",_xlpm.v6p>4,"后上",_xlpm.v6p<2,"前上",TRUE,"顶部"), IFERROR(_xlpm.output,""))} | Q13: =_xlfn.LET(_xlpm._default,1, _xlpm._custom,R13, IF($A13<>"",IF(_xlpm._custom<>"",_xlpm._custom,_xlpm._default),"")) | T13: =IF(U13<>"", U13+0&","&V13+0,"") | Y13: =IF($A13<>"",IF($Z13<>"",$Z13,"0,0"),"") | AA13: =IF($A13<>"",IF($AB13<>"",$AB13,"80,120"),"")
A14: 1 | B14: {=D14&_xlfn.TEXTJOIN("",1,TEXT(E14:G14,"00"))} -> 2010000 | C14: =_xlfn.TEXTJOIN(",",1,A14:B14) -> 1,2010000 | D14: 2 | E14: 1 | F14: =W14 -> 0 | G14: 0 | H14: 201102 | I14: =IFERROR(VLOOKUP(H14,monsters[#All],4,0),"") -> 自爆甲虫 | J14: {=_xlfn.LET(_xlpm.v6p,ABS(ATAN2(O14,P14))*6/PI(), _xlpm.output,_xlfn.IFS(_xlpm.v6p<1,"正前",_xlpm.v6p>5,"正后",AND(_xlpm.v6p<5,_xlpm.v6p>2,P14<-1),"脚底",_xlpm.v6p>4,"后上",_xlpm.v6p<2,"前上",TRUE,"顶部"), IFERROR(_xlpm.output,""))} -> 正前 | L14: Default | N14: =O14+0&","&P14+0 -> 15,-1 | O14: 15 | P14: -1 | Q14: =_xlfn.LET(_xlpm._default,1, _xlpm._custom,R14, IF($A14<>"",IF(_xlpm._custom<>"",_xlpm._custom,_xlpm._default),"")) -> 1 | S14: 4 | T14: =IF(U14<>"", U14+0&","&V14+0,"") | W14: 0 | X14: 11 | Y14: =IF($A14<>"",IF($Z14<>"",$Z14,"0,0"),"") -> 0,0 | AA14: =IF($A14<>"",IF($AB14<>"",$AB14,"80,120"),"") -> 80,120 | AC14: 0.12 | AD14: 0 | AE14: 2 | AG14: 99
A15: 1 | B15: {=D15&_xlfn.TEXTJOIN("",1,TEXT(E15:G15,"00"))} -> 2010100 | C15: =_xlfn.TEXTJOIN(",",1,A15:B15) -> 1,2010100 | D15: 2 | E15: 1 | F15: =W15 -> 1 | G15: 0 | H15: 201102 | I15: =IFERROR(VLOOKUP(H15,monsters[#All],4,0),"") -> 自爆甲虫 | J15: {=_xlfn.LET(_xlpm.v6p,ABS(ATAN2(O15,P15))*6/PI(), _xlpm.output,_xlfn.IFS(_xlpm.v6p<1,"正前",_xlpm.v6p>5,"正后",AND(_xlpm.v6p<5,_xlpm.v6p>2,P15<-1),"脚底",_xlpm.v6p>4,"后上",_xlpm.v6p<2,"前上",TRUE,"顶部"), IFERROR(_xlpm.output,""))} -> 正前 | L15: Default | N15: =O15+0&","&P15+0 -> 15,-1 | O15: 15 | P15: -1 | Q15: =_xlfn.LET(_xlpm._default,1, _xlpm._custom,R15, IF($A15<>"",IF(_xlpm._custom<>"",_xlpm._custom,_xlpm._default),"")) -> 1 | S15: 2 | T15: =IF(U15<>"", U15+0&","&V15+0,"") | W15: 1 | X15: 11 | Y15: =IF($A15<>"",IF($Z15<>"",$Z15,"0,0"),"") -> 0,0 | AA15: =IF($A15<>"",IF($AB15<>"",$AB15,"80,120"),"") -> 80,120 | AC15: 0.04 | AD15: 0 | AE15: 2 | AG15: 99
A16: 1 | B16: {=D16&_xlfn.TEXTJOIN("",1,TEXT(E16:G16,"00"))} -> 2010300 | C16: =_xlfn.TEXTJOIN(",",1,A16:B16) -> 1,2010300 | D16: 2 | E16: 1 | F16: =W16 -> 3 | G16: 0 | H16: 201102 | I16: =IFERROR(VLOOKUP(H16,monsters[#All],4,0),"") -> 自爆甲虫 | J16: {=_xlfn.LET(_xlpm.v6p,ABS(ATAN2(O16,P16))*6/PI(), _xlpm.output,_xlfn.IFS(_xlpm.v6p<1,"正前",_xlpm.v6p>5,"正后",AND(_xlpm.v6p<5,_xlpm.v6p>2,P16<-1),"脚底",_xlpm.v6p>4,"后上",_xlpm.v6p<2,"前上",TRUE,"顶部"), IFERROR(_xlpm.output,""))} -> 正前 | L16: Default | N16: =O16+0&","&P16+0 -> 15,-1 | O16: 15 | P16: -1 | Q16: =_xlfn.LET(_xlpm._default,1, _xlpm._custom,R16, IF($A16<>"",IF(_xlpm._custom<>"",_xlpm._custom,_xlpm._default),"")) -> 1 | S16: 4 | T16: =IF(U16<>"", U16+0&","&V16+0,"") | W16: 3 | X16: 11 | Y16: =IF($A16<>"",IF($Z16<>"",$Z16,"0,0"),"") -> 0,0 | AA16: =IF($A16<>"",IF($AB16<>"",$AB16,"80,120"),"") -> 80,120 | AC16: 14 | AD16: 0 | AE16: 2 | AG16: 99
C17: =_xlfn.TEXTJOIN(",",1,A17:B17) | I17: =IFERROR(VLOOKUP(H17,monsters[#All],4,0),"") | J17: {=_xlfn.LET(_xlpm.v6p,ABS(ATAN2(O17,P17))*6/PI(), _xlpm.output,_xlfn.IFS(_xlpm.v6p<1,"正前",_xlpm.v6p>5,"正后",AND(_xlpm.v6p<5,_xlpm.v6p>2,P17<-1),"脚底",_xlpm.v6p>4,"后上",_xlpm.v6p<2,"前上",TRUE,"顶部"), IFERROR(_xlpm.output,""))} | Q17: =_xlfn.LET(_xlpm._default,1, _xlpm._custom,R17, IF($A17<>"",IF(_xlpm._custom<>"",_xlpm._custom,_xlpm._default),"")) | T17: =IF(U17<>"", U17+0&","&V17+0,"") | Y17: =IF($A17<>"",IF($Z17<>"",$Z17,"0,0"),"") | AA17: =IF($A17<>"",IF($AB17<>"",$AB17,"80,120"),"")
A18: 1 | B18: {=D18&_xlfn.TEXTJOIN("",1,TEXT(E18:G18,"00"))} -> 2020001 | C18: =_xlfn.TEXTJOIN(",",1,A18:B18) -> 1,2020001 | D18: 2 | E18: 2 | F18: =W18 -> 0 | G18: 1 | H18: 201102 | I18: =IFERROR(VLOOKUP(H18,monsters[#All],4,0),"") -> 自爆甲虫 | J18: {=_xlfn.LET(_xlpm.v6p,ABS(ATAN2(O18,P18))*6/PI(), _xlpm.output,_xlfn.IFS(_xlpm.v6p<1,"正前",_xlpm.v6p>5,"正后",AND(_xlpm.v6p<5,_xlpm.v6p>2,P18<-1),"脚底",_xlpm.v6p>4,"后上",_xlpm.v6p<2,"前上",TRUE,"顶部"), IFERROR(_xlpm.output,""))} -> 前上 | L18: Default_Awaken | N18: =O18+0&","&P18+0 -> 20,12 | O18: 20 | P18: 12 | Q18: =_xlfn.LET(_xlpm._default,1, _xlpm._custom,R18, IF($A18<>"",IF(_xlpm._custom<>"",_xlpm._custom,_xlpm._default),"")) -> 1 | T18: =IF(U18<>"", U18+0&","&V18+0,"") | W18: 0 | X18: 11 | Y18: =IF($A18<>"",IF($Z18<>"",$Z18,"0,0"),"") -> 0,0 | AA18: =IF($A18<>"",IF($AB18<>"",$AB18,"80,120"),"") -> 80,120 | AE18: 0 | AF18: 1 | AG18: 1.8
A19: 1 | B19: {=D19&_xlfn.TEXTJOIN("",1,TEXT(E19:G19,"00"))} -> 2020002 | C19: =_xlfn.TEXTJOIN(",",1,A19:B19) -> 1,2020002 | D19: 2 | E19: 2 | F19: =W19 -> 0 | G19: 2 | H19: 201102 | I19: =IFERROR(VLOOKUP(H19,monsters[#All],4,0),"") -> 自爆甲虫 | J19: {=_xlfn.LET(_xlpm.v6p,ABS(ATAN2(O19,P19))*6/PI(), _xlpm.output,_xlfn.IFS(_xlpm.v6p<1,"正前",_xlpm.v6p>5,"正后",AND(_xlpm.v6p<5,_xlpm.v6p>2,P19<-1),"脚底",_xlpm.v6p>4,"后上",_xlpm.v6p<2,"前上",TRUE,"顶部"), IFERROR(_xlpm.output,""))} -> 正前 | L19: Default_Awaken | N19: =O19+0&","&P19+0 -> 20,8 | O19: 20 | P19: 8 | Q19: =_xlfn.LET(_xlpm._default,1, _xlpm._custom,R19, IF($A19<>"",IF(_xlpm._custom<>"",_xlpm._custom,_xlpm._default),"")) -> 1 | T19: =IF(U19<>"", U19+0&","&V19+0,"") | W19: 0 | X19: 11 | Y19: =IF($A19<>"",IF($Z19<>"",$Z19,"0,0"),"") -> 0,0 | AA19: =IF($A19<>"",IF($AB19<>"",$AB19,"80,120"),"") -> 80,120 | AE19: 0 | AF19: 1 | AG19: 2.6
A20: 1 | B20: {=D20&_xlfn.TEXTJOIN("",1,TEXT(E20:G20,"00"))} -> 2020003 | C20: =_xlfn.TEXTJOIN(",",1,A20:B20) -> 1,2020003 | D20: 2 | E20: 2 | F20: =W20 -> 0 | G20: 3 | H20: 201102 | I20: =IFERROR(VLOOKUP(H20,monsters[#All],4,0),"") -> 自爆甲虫 | J20: {=_xlfn.LET(_xlpm.v6p,ABS(ATAN2(O20,P20))*6/PI(), _xlpm.output,_xlfn.IFS(_xlpm.v6p<1,"正前",_xlpm.v6p>5,"正后",AND(_xlpm.v6p<5,_xlpm.v6p>2,P20<-1),"脚底",_xlpm.v6p>4,"后上",_xlpm.v6p<2,"前上",TRUE,"顶部"), IFERROR(_xlpm.output,""))} -> 正前 | L20: Default_Awaken | N20: =O20+0&","&P20+0 -> 20,5 | O20: 20 | P20: 5 | Q20: =_xlfn.LET(_xlpm._default,1, _xlpm._custom,R20, IF($A20<>"",IF(_xlpm._custom<>"",_xlpm._custom,_xlpm._default),"")) -> 1 | T20: =IF(U20<>"", U20+0&","&V20+0,"") | W20: 0 | X20: 11 | Y20: =IF($A20<>"",IF($Z20<>"",$Z20,"0,0"),"") -> 0,0 | AA20: =IF($A20<>"",IF($AB20<>"",$AB20,"80,120"),"") -> 80,120 | AE20: 0 | AF20: 1 | AG20: 3.4
A21: 1 | B21: {=D21&_xlfn.TEXTJOIN("",1,TEXT(E21:G21,"00"))} -> 2020004 | C21: =_xlfn.TEXTJOIN(",",1,A21:B21) -> 1,2020004 | D21: 2 | E21: 2 | F21: =W21 -> 0 | G21: 4 | H21: 201102 | I21: =IFERROR(VLOOKUP(H21,monsters[#All],4,0),"") -> 自爆甲虫 | J21: {=_xlfn.LET(_xlpm.v6p,ABS(ATAN2(O21,P21))*6/PI(), _xlpm.output,_xlfn.IFS(_xlpm.v6p<1,"正前",_xlpm.v6p>5,"正后",AND(_xlpm.v6p<5,_xlpm.v6p>2,P21<-1),"脚底",_xlpm.v6p>4,"后上",_xlpm.v6p<2,"前上",TRUE,"顶部"), IFERROR(_xlpm.output,""))} -> 正前 | L21: Default_Awaken | N21: =O21+0&","&P21+0 -> 20,2 | O21: 20 | P21: 2 | Q21: =_xlfn.LET(_xlpm._default,1, _xlpm._custom,R21, IF($A21<>"",IF(_xlpm._custom<>"",_xlpm._custom,_xlpm._default),"")) -> 1 | T21: =IF(U21<>"", U21+0&","&V21+0,"") | W21: 0 | X21: 11 | Y21: =IF($A21<>"",IF($Z21<>"",$Z21,"0,0"),"") -> 0,0 | AA21: =IF($A21<>"",IF($AB21<>"",$AB21,"80,120"),"") -> 80,120 | AE21: 0 | AF21: 1 | AG21: 4.6
A22: 1 | B22: {=D22&_xlfn.TEXTJOIN("",1,TEXT(E22:G22,"00"))} -> 2020005 | C22: =_xlfn.TEXTJOIN(",",1,A22:B22) -> 1,2020005 | D22: 2 | E22: 2 | F22: =W22 -> 0 | G22: 5 | H22: 201102 | I22: =IFERROR(VLOOKUP(H22,monsters[#All],4,0),"") -> 自爆甲虫 | J22: {=_xlfn.LET(_xlpm.v6p,ABS(ATAN2(O22,P22))*6/PI(), _xlpm.output,_xlfn.IFS(_xlpm.v6p<1,"正前",_xlpm.v6p>5,"正后",AND(_xlpm.v6p<5,_xlpm.v6p>2,P22<-1),"脚底",_xlpm.v6p>4,"后上",_xlpm.v6p<2,"前上",TRUE,"顶部"), IFERROR(_xlpm.output,""))} -> 正后 | L22: Default_Awaken | N22: =O22+0&","&P22+0 -> -15,5 | O22: -15 | P22: 5 | Q22: =_xlfn.LET(_xlpm._default,1, _xlpm._custom,R22, IF($A22<>"",IF(_xlpm._custom<>"",_xlpm._custom,_xlpm._default),"")) -> 1 | T22: =IF(U22<>"", U22+0&","&V22+0,"") | W22: 0 | X22: 11 | Y22: =IF($A22<>"",IF($Z22<>"",$Z22,"0,0"),"") -> 0,0 | AA22: =IF($A22<>"",IF($AB22<>"",$AB22,"80,120"),"") -> 80,120 | AE22: 0 | AF22: 1 | AG22: 6.2
C23: =_xlfn.TEXTJOIN(",",1,A23:B23) | I23: =IFERROR(VLOOKUP(H23,monsters[#All],4,0),"") | J23: {=_xlfn.LET(_xlpm.v6p,ABS(ATAN2(O23,P23))*6/PI(), _xlpm.output,_xlfn.IFS(_xlpm.v6p<1,"正前",_xlpm.v6p>5,"正后",AND(_xlpm.v6p<5,_xlpm.v6p>2,P23<-1),"脚底",_xlpm.v6p>4,"后上",_xlpm.v6p<2,"前上",TRUE,"顶部"), IFERROR(_xlpm.output,""))} | Q23: =_xlfn.LET(_xlpm._default,1, _xlpm._custom,R23, IF($A23<>"",IF(_xlpm._custom<>"",_xlpm._custom,_xlpm._default),"")) | T23: =IF(U23<>"", U23+0&","&V23+0,"") | Y23: =IF($A23<>"",IF($Z23<>"",$Z23,"0,0"),"") | AA23: =IF($A23<>"",IF($AB23<>"",$AB23,"80,120"),"")
A24: 1 | B24: {=D24&_xlfn.TEXTJOIN("",1,TEXT(E24:G24,"00"))} -> 3010000 | C24: =_xlfn.TEXTJOIN(",",1,A24:B24) -> 1,3010000 | D24: 3 | E24: 1 | F24: 0 | G24: 0 | H24: 201103 | I24: =IFERROR(VLOOKUP(H24,monsters[#All],4,0),"") -> 跳虫 | J24: {=_xlfn.LET(_xlpm.v6p,ABS(ATAN2(O24,P24))*6/PI(), _xlpm.output,_xlfn.IFS(_xlpm.v6p<1,"正前",_xlpm.v6p>5,"正后",AND(_xlpm.v6p<5,_xlpm.v6p>2,P24<-1),"脚底",_xlpm.v6p>4,"后上",_xlpm.v6p<2,"前上",TRUE,"顶部"), IFERROR(_xlpm.output,""))} -> 正后 | L24: Default | N24: =O24+0&","&P24+0 -> -14,-1 | O24: -14 | P24: -1 | Q24: =_xlfn.LET(_xlpm._default,1, _xlpm._custom,R24, IF($A24<>"",IF(_xlpm._custom<>"",_xlpm._custom,_xlpm._default),"")) -> 1 | S24: 8 | W24: 0 | X24: 11 | Y24: =IF($A24<>"",IF($Z24<>"",$Z24,"0,0"),"") -> 0,0 | AA24: =IF($A24<>"",IF($AB24<>"",$AB24,"80,120"),"") -> 1,120 | AB24: ="1,120" -> 1,120 | AC24: 1.44 | AD24: 0.075 | AE24: 0.25 | AF24: 2 | AG24: 3
A25: 1 | B25: {=D25&_xlfn.TEXTJOIN("",1,TEXT(E25:G25,"00"))} -> 3020000 | C25: =_xlfn.TEXTJOIN(",",1,A25:B25) -> 1,3020000 | D25: 3 | E25: 2 | F25: 0 | G25: 0 | H25: 201103 | I25: =IFERROR(VLOOKUP(H25,monsters[#All],4,0),"") -> 跳虫 | J25: {=_xlfn.LET(_xlpm.v6p,ABS(ATAN2(O25,P25))*6/PI(), _xlpm.output,_xlfn.IFS(_xlpm.v6p<1,"正前",_xlpm.v6p>5,"正后",AND(_xlpm.v6p<5,_xlpm.v6p>2,P25<-1),"脚底",_xlpm.v6p>4,"后上",_xlpm.v6p<2,"前上",TRUE,"顶部"), IFERROR(_xlpm.output,""))} -> 正前 | L25: Default | N25: =O25+0&","&P25+0 -> 14,-1 | O25: 14 | P25: -1 | Q25: =_xlfn.LET(_xlpm._default,1, _xlpm._custom,R25, IF($A25<>"",IF(_xlpm._custom<>"",_xlpm._custom,_xlpm._default),"")) -> 1 | S25: 8 | W25: 0 | X25: 11 | Y25: =IF($A25<>"",IF($Z25<>"",$Z25,"0,0"),"") -> 0,0 | AA25: =IF($A25<>"",IF($AB25<>"",$AB25,"80,120"),"") -> 1,120 | AB25: ="1,120" -> 1,120 | AC25: 1.48 | AD25: 0.082 | AE25: 0.25 | AF25: 2 | AG25: 3
A26: 1 | B26: {=D26&_xlfn.TEXTJOIN("",1,TEXT(E26:G26,"00"))} -> 3030001 | C26: =_xlfn.TEXTJOIN(",",1,A26:B26) -> 1,3030001 | D26: 3 | E26: 3 | F26: 0 | G26: 1 | H26: 201103 | I26: =IFERROR(VLOOKUP(H26,monsters[#All],4,0),"") -> 跳虫 | J26: {=_xlfn.LET(_xlpm.v6p,ABS(ATAN2(O26,P26))*6/PI(), _xlpm.output,_xlfn.IFS(_xlpm.v6p<1,"正前",_xlpm.v6p>5,"正后",AND(_xlpm.v6p<5,_xlpm.v6p>2,P26<-1),"脚底",_xlpm.v6p>4,"后上",_xlpm.v6p<2,"前上",TRUE,"顶部"), IFERROR(_xlpm.output,""))} -> 顶部 | L26: Default | N26: =O26+0&","&P26+0 -> 3,12 | O26: 3 | P26: 12 | Q26: =_xlfn.LET(_xlpm._default,1, _xlpm._custom,R26, IF($A26<>"",IF(_xlpm._custom<>"",_xlpm._custom,_xlpm._default),"")) -> 1 | S26: 8 | W26: 0 | X26: 11 | Y26: =IF($A26<>"",IF($Z26<>"",$Z26,"0,0"),"") -> 0,0 | AA26: =IF($A26<>"",IF($AB26<>"",$AB26,"80,120"),"") -> 1,120 | AB26: ="1,120" -> 1,120 | AC26: 0.88 | AD26: 0.051 | AE26: 0.25 | AF26: 2 | AG26: 3
A27: 1 | B27: {=D27&_xlfn.TEXTJOIN("",1,TEXT(E27:G27,"00"))} -> 3030002 | C27: =_xlfn.TEXTJOIN(",",1,A27:B27) -> 1,3030002 | D27: 3 | E27: 3 | F27: 0 | G27: 2 | H27: 201103 | I27: =IFERROR(VLOOKUP(H27,monsters[#All],4,0),"") -> 跳虫 | J27: {=_xlfn.LET(_xlpm.v6p,ABS(ATAN2(O27,P27))*6/PI(), _xlpm.output,_xlfn.IFS(_xlpm.v6p<1,"正前",_xlpm.v6p>5,"正后",AND(_xlpm.v6p<5,_xlpm.v6p>2,P27<-1),"脚底",_xlpm.v6p>4,"后上",_xlpm.v6p<2,"前上",TRUE,"顶部"), IFERROR(_xlpm.output,""))} -> 顶部 | L27: Default | N27: =O27+0&","&P27+0 -> -3,12 | O27: -3 | P27: 12 | Q27: =_xlfn.LET(_xlpm._default,1, _xlpm._custom,R27, IF($A27<>"",IF(_xlpm._custom<>"",_xlpm._custom,_xlpm._default),"")) -> 1 | S27: 8 | W27: 0 | X27: 11 | Y27: =IF($A27<>"",IF($Z27<>"",$Z27,"0,0"),"") -> 0,0 | AA27: =IF($A27<>"",IF($AB27<>"",$AB27,"80,120"),"") -> 1,120 | AB27: ="1,120" -> 1,120 | AC27: 1 | AD27: 0.042 | AE27: 0.25 | AF27: 2 | AG27: 3
C28: =_xlfn.TEXTJOIN(",",1,A28:B28) | I28: =IFERROR(VLOOKUP(H28,monsters[#All],4,0),"") | J28: {=_xlfn.LET(_xlpm.v6p,ABS(ATAN2(O28,P28))*6/PI(), _xlpm.output,_xlfn.IFS(_xlpm.v6p<1,"正前",_xlpm.v6p>5,"正后",AND(_xlpm.v6p<5,_xlpm.v6p>2,P28<-1),"脚底",_xlpm.v6p>4,"后上",_xlpm.v6p<2,"前上",TRUE,"顶部"), IFERROR(_xlpm.output,""))} | Q28: =_xlfn.LET(_xlpm._default,1, _xlpm._custom,R28, IF($A28<>"",IF(_xlpm._custom<>"",_xlpm._custom,_xlpm._default),"")) | T28: =IF(U28<>"", U28+0&","&V28+0,"") | Y28: =IF($A28<>"",IF($Z28<>"",$Z28,"0,0"),"") | AA28: =IF($A28<>"",IF($AB28<>"",$AB28,"80,120"),"")
A29: 1 | B29: {=D29&_xlfn.TEXTJOIN("",1,TEXT(E29:G29,"00"))} -> 4010000 | C29: =_xlfn.TEXTJOIN(",",1,A29:B29) -> 1,4010000 | D29: 4 | E29: 1 | F29: 0 | G29: 0 | H29: 201107 | I29: =IFERROR(VLOOKUP(H29,monsters[#All],4,0),"") -> 流浪洞穴人 | J29: {=_xlfn.LET(_xlpm.v6p,ABS(ATAN2(O29,P29))*6/PI(), _xlpm.output,_xlfn.IFS(_xlpm.v6p<1,"正前",_xlpm.v6p>5,"正后",AND(_xlpm.v6p<5,_xlpm.v6p>2,P29<-1),"脚底",_xlpm.v6p>4,"后上",_xlpm.v6p<2,"前上",TRUE,"顶部"), IFERROR(_xlpm.output,""))} -> 正前 | L29: Default | N29: =O29+0&","&P29+0 -> 18,-1 | O29: 18 | P29: -1 | Q29: =_xlfn.LET(_xlpm._default,1, _xlpm._custom,R29, IF($A29<>"",IF(_xlpm._custom<>"",_xlpm._custom,_xlpm._default),"")) -> 1 | S29: 28 | T29: =IF(U29<>"", U29+0&","&V29+0,"") -> 2,3 | U29: 2 | V29: 3 | W29: 0 | X29: 11 | Y29: =IF($A29<>"",IF($Z29<>"",$Z29,"0,0"),"") -> 0,0 | AA29: =IF($A29<>"",IF($AB29<>"",$AB29,"80,120"),"") -> 80,120 | AC29: 0.8 | AD29: 1.5 | AE29: 0.6
A30: 1 | B30: {=D30&_xlfn.TEXTJOIN("",1,TEXT(E30:G30,"00"))} -> 4020001 | C30: =_xlfn.TEXTJOIN(",",1,A30:B30) -> 1,4020001 | D30: 4 | E30: 2 | F30: 0 | G30: 1 | H30: 201107 | I30: =IFERROR(VLOOKUP(H30,monsters[#All],4,0),"") -> 流浪洞穴人 | J30: {=_xlfn.LET(_xlpm.v6p,ABS(ATAN2(O30,P30))*6/PI(), _xlpm.output,_xlfn.IFS(_xlpm.v6p<1,"正前",_xlpm.v6p>5,"正后",AND(_xlpm.v6p<5,_xlpm.v6p>2,P30<-1),"脚底",_xlpm.v6p>4,"后上",_xlpm.v6p<2,"前上",TRUE,"顶部"), IFERROR(_xlpm.output,""))} -> 正前 | L30: Default | N30: =O30+0&","&P30+0 -> 18,-1 | O30: 18 | P30: -1 | Q30: =_xlfn.LET(_xlpm._default,1, _xlpm._custom,R30, IF($A30<>"",IF(_xlpm._custom<>"",_xlpm._custom,_xlpm._default),"")) -> 1 | T30: =IF(U30<>"", U30+0&","&V30+0,"") | W30: 0 | X30: 11 | Y30: =IF($A30<>"",IF($Z30<>"",$Z30,"0,0"),"") -> 0,0 | AA30: =IF($A30<>"",IF($AB30<>"",$AB30,"80,120"),"") -> 80,120 | AE30: 0.6 | AF30: 2 | AG30: 10.2
A31: 1 | B31: {=D31&_xlfn.TEXTJOIN("",1,TEXT(E31:G31,"00"))} -> 4020002 | C31: =_xlfn.TEXTJOIN(",",1,A31:B31) -> 1,4020002 | D31: 4 | E31: 2 | F31: 0 | G31: 2 | H31: 201107 | I31: =IFERROR(VLOOKUP(H31,monsters[#All],4,0),"") -> 流浪洞穴人 | J31: {=_xlfn.LET(_xlpm.v6p,ABS(ATAN2(O31,P31))*6/PI(), _xlpm.output,_xlfn.IFS(_xlpm.v6p<1,"正前",_xlpm.v6p>5,"正后",AND(_xlpm.v6p<5,_xlpm.v6p>2,P31<-1),"脚底",_xlpm.v6p>4,"后上",_xlpm.v6p<2,"前上",TRUE,"顶部"), IFERROR(_xlpm.output,""))} -> 正后 | L31: Default | N31: =O31+0&","&P31+0 -> -14,-1 | O31: -14 | P31: -1 | Q31: =_xlfn.LET(_xlpm._default,1, _xlpm._custom,R31, IF($A31<>"",IF(_xlpm._custom<>"",_xlpm._custom,_xlpm._default),"")) -> 1 | T31: =IF(U31<>"", U31+0&","&V31+0,"") | W31: 0 | X31: 11 | Y31: =IF($A31<>"",IF($Z31<>"",$Z31,"0,0"),"") -> 0,0 | AA31: =IF($A31<>"",IF($AB31<>"",$AB31,"80,120"),"") -> 80,120 | AE31: 0.6 | AF31: 2 | AG31: 6.8
C32: =_xlfn.TEXTJOIN(",",1,A32:B32) | I32: =IFERROR(VLOOKUP(H32,monsters[#All],4,0),"") | J32: {=_xlfn.LET(_xlpm.v6p,ABS(ATAN2(O32,P32))*6/PI(), _xlpm.output,_xlfn.IFS(_xlpm.v6p<1,"正前",_xlpm.v6p>5,"正后",AND(_xlpm.v6p<5,_xlpm.v6p>2,P32<-1),"脚底",_xlpm.v6p>4,"后上",_xlpm.v6p<2,"前上",TRUE,"顶部"), IFERROR(_xlpm.output,""))} | Q32: =_xlfn.LET(_xlpm._default,1, _xlpm._custom,R32, IF($A32<>"",IF(_xlpm._custom<>"",_xlpm._custom,_xlpm._default),"")) | T32: =IF(U32<>"", U32+0&","&V32+0,"") | Y32: =IF($A32<>"",IF($Z32<>"",$Z32,"0,0"),"") | AA32: =IF($A32<>"",IF($AB32<>"",$AB32,"80,120"),"")
A33: 1 | B33: {=D33&_xlfn.TEXTJOIN("",1,TEXT(E33:G33,"00"))} -> 5010001 | C33: =_xlfn.TEXTJOIN(",",1,A33:B33) -> 1,5010001 | D33: 5 | E33: 1 | F33: 0 | G33: 1 | H33: 201106 | I33: =IFERROR(VLOOKUP(H33,monsters[#All],4,0),"") -> 蝙蝠骑手 | J33: {=_xlfn.LET(_xlpm.v6p,ABS(ATAN2(O33,P33))*6/PI(), _xlpm.output,_xlfn.IFS(_xlpm.v6p<1,"正前",_xlpm.v6p>5,"正后",AND(_xlpm.v6p<5,_xlpm.v6p>2,P33<-1),"脚底",_xlpm.v6p>4,"后上",_xlpm.v6p<2,"前上",TRUE,"顶部"), IFERROR(_xlpm.output,""))} -> 前上 | L33: Default | N33: =O33+0&","&P33+0 -> 7,12 | O33: 7 | P33: 12 | Q33: =_xlfn.LET(_xlpm._default,1, _xlpm._custom,R33, IF($A33<>"",IF(_xlpm._custom<>"",_xlpm._custom,_xlpm._default),"")) -> 1 | S33: 4 | T33: =IF(U33<>"", U33+0&","&V33+0,"") -> 1,2 | U33: 1 | V33: 2 | W33: 0 | X33: 11 | Y33: =IF($A33<>"",IF($Z33<>"",$Z33,"0,0"),"") -> 0,0 | AA33: =IF($A33<>"",IF($AB33<>"",$AB33,"80,120"),"") -> 80,120 | AC33: 1.28 | AD33: 0.06 | AE33: 1.2 | AF33: 1 | AG33: 7.7
A34: 1 | B34: {=D34&_xlfn.TEXTJOIN("",1,TEXT(E34:G34,"00"))} -> 5010002 | C34: =_xlfn.TEXTJOIN(",",1,A34:B34) -> 1,5010002 | D34: 5 | E34: 1 | F34: 0 | G34: 2 | H34: 201106 | I34: =IFERROR(VLOOKUP(H34,monsters[#All],4,0),"") -> 蝙蝠骑手 | J34: {=_xlfn.LET(_xlpm.v6p,ABS(ATAN2(O34,P34))*6/PI(), _xlpm.output,_xlfn.IFS(_xlpm.v6p<1,"正前",_xlpm.v6p>5,"正后",AND(_xlpm.v6p<5,_xlpm.v6p>2,P34<-1),"脚底",_xlpm.v6p>4,"后上",_xlpm.v6p<2,"前上",TRUE,"顶部"), IFERROR(_xlpm.output,""))} -> 后上 | L34: Default | N34: =O34+0&","&P34+0 -> -7,12 | O34: -7 | P34: 12 | Q34: =_xlfn.LET(_xlpm._default,1, _xlpm._custom,R34, IF($A34<>"",IF(_xlpm._custom<>"",_xlpm._custom,_xlpm._default),"")) -> 1 | S34: 4 | T34: =IF(U34<>"", U34+0&","&V34+0,"") -> 1,2 | U34: 1 | V34: 2 | W34: 0 | X34: 11 | Y34: =IF($A34<>"",IF($Z34<>"",$Z34,"0,0"),"") -> 0,0 | AA34: =IF($A34<>"",IF($AB34<>"",$AB34,"80,120"),"") -> 80,120 | AC34: 1.24 | AD34: 0.06 | AE34: 1.2 | AF34: 1 | AG34: 5.5
C35: =_xlfn.TEXTJOIN(",",1,A35:B35) | I35: =IFERROR(VLOOKUP(H35,monsters[#All],4,0),"") | J35: {=_xlfn.LET(_xlpm.v6p,ABS(ATAN2(O35,P35))*6/PI(), _xlpm.output,_xlfn.IFS(_xlpm.v6p<1,"正前",_xlpm.v6p>5,"正后",AND(_xlpm.v6p<5,_xlpm.v6p>2,P35<-1),"脚底",_xlpm.v6p>4,"后上",_xlpm.v6p<2,"前上",TRUE,"顶部"), IFERROR(_xlpm.output,""))} | Q35: =_xlfn.LET(_xlpm._default,1, _xlpm._custom,R35, IF($A35<>"",IF(_xlpm._custom<>"",_xlpm._custom,_xlpm._default),"")) | T35: =IF(U35<>"", U35+0&","&V35+0,"") | Y35: =IF($A35<>"",IF($Z35<>"",$Z35,"0,0"),"") | AA35: =IF($A35<>"",IF($AB35<>"",$AB35,"80,120"),"")
A36: 1 | B36: {=D36&_xlfn.TEXTJOIN("",1,TEXT(E36:G36,"00"))} -> 6010001 | C36: =_xlfn.TEXTJOIN(",",1,A36:B36) -> 1,6010001 | D36: 6 | E36: 1 | F36: =W36 -> 0 | G36: 1 | H36: 201105 | I36: =IFERROR(VLOOKUP(H36,monsters[#All],4,0),"") -> 跳虫骑手 | J36: {=_xlfn.LET(_xlpm.v6p,ABS(ATAN2(O36,P36))*6/PI(), _xlpm.output,_xlfn.IFS(_xlpm.v6p<1,"正前",_xlpm.v6p>5,"正后",AND(_xlpm.v6p<5,_xlpm.v6p>2,P36<-1),"脚底",_xlpm.v6p>4,"后上",_xlpm.v6p<2,"前上",TRUE,"顶部"), IFERROR(_xlpm.output,""))} -> 正前 | L36: Default | N36: =O36+0&","&P36+0 -> 14,-1 | O36: 14 | P36: -1 | Q36: =_xlfn.LET(_xlpm._default,1, _xlpm._custom,R36, IF($A36<>"",IF(_xlpm._custom<>"",_xlpm._custom,_xlpm._default),"")) -> 1 | S36: 8 | T36: =IF(U36<>"", U36+0&","&V36+0,"") | W36: 0 | X36: 11 | Y36: =IF($A36<>"",IF($Z36<>"",$Z36,"0,0"),"") -> 0,0 | AA36: =IF($A36<>"",IF($AB36<>"",$AB36,"80,120"),"") -> 80,120 | AC36: 2.44 | AD36: 0.11 | AE36: 1.2
C37: =_xlfn.TEXTJOIN(",",1,A37:B37) | I37: =IFERROR(VLOOKUP(H37,monsters[#All],4,0),"") | J37: {=_xlfn.LET(_xlpm.v6p,ABS(ATAN2(O37,P37))*6/PI(), _xlpm.output,_xlfn.IFS(_xlpm.v6p<1,"正前",_xlpm.v6p>5,"正后",AND(_xlpm.v6p<5,_xlpm.v6p>2,P37<-1),"脚底",_xlpm.v6p>4,"后上",_xlpm.v6p<2,"前上",TRUE,"顶部"), IFERROR(_xlpm.output,""))} | Q37: =_xlfn.LET(_xlpm._default,1, _xlpm._custom,R37, IF($A37<>"",IF(_xlpm._custom<>"",_xlpm._custom,_xlpm._default),"")) | T37: =IF(U37<>"", U37+0&","&V37+0,"") | Y37: =IF($A37<>"",IF($Z37<>"",$Z37,"0,0"),"") | AA37: =IF($A37<>"",IF($AB37<>"",$AB37,"80,120"),"")
A38: 1 | B38: {=D38&_xlfn.TEXTJOIN("",1,TEXT(E38:G38,"00"))} -> 7010000 | C38: =_xlfn.TEXTJOIN(",",1,A38:B38) -> 1,7010000 | D38: 7 | E38: 1 | F38: 0 | G38: 0 | H38: 201104 | I38: =IFERROR(VLOOKUP(H38,monsters[#All],4,0),"") -> 地宫洞穴人 | J38: {=_xlfn.LET(_xlpm.v6p,ABS(ATAN2(O38,P38))*6/PI(), _xlpm.output,_xlfn.IFS(_xlpm.v6p<1,"正前",_xlpm.v6p>5,"正后",AND(_xlpm.v6p<5,_xlpm.v6p>2,P38<-1),"脚底",_xlpm.v6p>4,"后上",_xlpm.v6p<2,"前上",TRUE,"顶部"), IFERROR(_xlpm.output,""))} -> 正前 | L38: Default | N38: =O38+0&","&P38+0 -> 18,-1 | O38: 18 | P38: -1 | Q38: =_xlfn.LET(_xlpm._default,1, _xlpm._custom,R38, IF($A38<>"",IF(_xlpm._custom<>"",_xlpm._custom,_xlpm._default),"")) -> 1 | S38: 16 | T38: =IF(U38<>"", U38+0&","&V38+0,"") -> 2,3 | U38: 2 | V38: 3 | W38: 0 | X38: 11 | Y38: =IF($A38<>"",IF($Z38<>"",$Z38,"0,0"),"") -> 0,0 | AA38: =IF($A38<>"",IF($AB38<>"",$AB38,"80,120"),"") -> 80,120 | AC38: 0.4 | AD38: 0.4 | AE38: 1
A39: 1 | B39: {=D39&_xlfn.TEXTJOIN("",1,TEXT(E39:G39,"00"))} -> 7020001 | C39: =_xlfn.TEXTJOIN(",",1,A39:B39) -> 1,7020001 | D39: 7 | E39: 2 | F39: 0 | G39: 1 | H39: 201104 | I39: =IFERROR(VLOOKUP(H39,monsters[#All],4,0),"") -> 地宫洞穴人 | J39: {=_xlfn.LET(_xlpm.v6p,ABS(ATAN2(O39,P39))*6/PI(), _xlpm.output,_xlfn.IFS(_xlpm.v6p<1,"正前",_xlpm.v6p>5,"正后",AND(_xlpm.v6p<5,_xlpm.v6p>2,P39<-1),"脚底",_xlpm.v6p>4,"后上",_xlpm.v6p<2,"前上",TRUE,"顶部"), IFERROR(_xlpm.output,""))} -> 正前 | L39: Default | N39: =O39+0&","&P39+0 -> 18,-1 | O39: 18 | P39: -1 | Q39: =_xlfn.LET(_xlpm._default,1, _xlpm._custom,R39, IF($A39<>"",IF(_xlpm._custom<>"",_xlpm._custom,_xlpm._default),"")) -> 1 | T39: =IF(U39<>"", U39+0&","&V39+0,"") -> 2,3 | U39: 2 | V39: 3 | W39: 0 | X39: 11 | Y39: =IF($A39<>"",IF($Z39<>"",$Z39,"0,0"),"") -> 0,0 | AA39: =IF($A39<>"",IF($AB39<>"",$AB39,"80,120"),"") -> 80,120 | AF39: 1 | AG39: 10.2
A40: 1 | B40: {=D40&_xlfn.TEXTJOIN("",1,TEXT(E40:G40,"00"))} -> 7020002 | C40: =_xlfn.TEXTJOIN(",",1,A40:B40) -> 1,7020002 | D40: 7 | E40: 2 | F40: 0 | G40: 2 | H40: 201104 | I40: =IFERROR(VLOOKUP(H40,monsters[#All],4,0),"") -> 地宫洞穴人 | J40: {=_xlfn.LET(_xlpm.v6p,ABS(ATAN2(O40,P40))*6/PI(), _xlpm.output,_xlfn.IFS(_xlpm.v6p<1,"正前",_xlpm.v6p>5,"正后",AND(_xlpm.v6p<5,_xlpm.v6p>2,P40<-1),"脚底",_xlpm.v6p>4,"后上",_xlpm.v6p<2,"前上",TRUE,"顶部"), IFERROR(_xlpm.output,""))} -> 正后 | L40: Default | N40: =O40+0&","&P40+0 -> -14,-1 | O40: -14 | P40: -1 | Q40: =_xlfn.LET(_xlpm._default,1, _xlpm._custom,R40, IF($A40<>"",IF(_xlpm._custom<>"",_xlpm._custom,_xlpm._default),"")) -> 1 | T40: =IF(U40<>"", U40+0&","&V40+0,"") -> 2,3 | U40: 2 | V40: 3 | W40: 0 | X40: 11 | Y40: =IF($A40<>"",IF($Z40<>"",$Z40,"0,0"),"") -> 0,0 | AA40: =IF($A40<>"",IF($AB40<>"",$AB40,"80,120"),"") -> 80,120 | AF40: 1 | AG40: 6.8
C41: =_xlfn.TEXTJOIN(",",1,A41:B41) | I41: =IFERROR(VLOOKUP(H41,monsters[#All],4,0),"") | J41: {=_xlfn.LET(_xlpm.v6p,ABS(ATAN2(O41,P41))*6/PI(), _xlpm.output,_xlfn.IFS(_xlpm.v6p<1,"正前",_xlpm.v6p>5,"正后",AND(_xlpm.v6p<5,_xlpm.v6p>2,P41<-1),"脚底",_xlpm.v6p>4,"后上",_xlpm.v6p<2,"前上",TRUE,"顶部"), IFERROR(_xlpm.output,""))} | Q41: =_xlfn.LET(_xlpm._default,1, _xlpm._custom,R41, IF($A41<>"",IF(_xlpm._custom<>"",_xlpm._custom,_xlpm._default),"")) | T41: =IF(U41<>"", U41+0&","&V41+0,"") | Y41: =IF($A41<>"",IF($Z41<>"",$Z41,"0,0"),"") | AA41: =IF($A41<>"",IF($AB41<>"",$AB41,"80,120"),"")
A42: 1 | B42: {=D42&_xlfn.TEXTJOIN("",1,TEXT(E42:G42,"00"))} -> 8010000 | C42: =_xlfn.TEXTJOIN(",",1,A42:B42) -> 1,8010000 | D42: 8 | E42: 1 | F42: 0 | G42: 0 | H42: 201108 | I42: =IFERROR(VLOOKUP(H42,monsters[#All],4,0),"") -> 纵火洞穴人 | J42: {=_xlfn.LET(_xlpm.v6p,ABS(ATAN2(O42,P42))*6/PI(), _xlpm.output,_xlfn.IFS(_xlpm.v6p<1,"正前",_xlpm.v6p>5,"正后",AND(_xlpm.v6p<5,_xlpm.v6p>2,P42<-1),"脚底",_xlpm.v6p>4,"后上",_xlpm.v6p<2,"前上",TRUE,"顶部"), IFERROR(_xlpm.output,""))} -> 正前 | L42: Default | N42: =O42+0&","&P42+0 -> 18,-1 | O42: 18 | P42: -1 | Q42: =_xlfn.LET(_xlpm._default,1, _xlpm._custom,R42, IF($A42<>"",IF(_xlpm._custom<>"",_xlpm._custom,_xlpm._default),"")) -> 1 | S42: 8 | T42: =IF(U42<>"", U42+0&","&V42+0,"") -> 1,2 | U42: 1 | V42: 2 | W42: 0 | X42: 11 | Y42: =IF($A42<>"",IF($Z42<>"",$Z42,"0,0"),"") -> 0,0 | AA42: =IF($A42<>"",IF($AB42<>"",$AB42,"80,120"),"") -> 80,120 | AC42: 0.8 | AD42: 0.12 | AE42: 1
A43: 1 | B43: {=D43&_xlfn.TEXTJOIN("",1,TEXT(E43:G43,"00"))} -> 8020001 | C43: =_xlfn.TEXTJOIN(",",1,A43:B43) -> 1,8020001 | D43: 8 | E43: 2 | F43: 0 | G43: 1 | H43: 201108 | I43: =IFERROR(VLOOKUP(H43,monsters[#All],4,0),"") -> 纵火洞穴人 | J43: {=_xlfn.LET(_xlpm.v6p,ABS(ATAN2(O43,P43))*6/PI(), _xlpm.output,_xlfn.IFS(_xlpm.v6p<1,"正前",_xlpm.v6p>5,"正后",AND(_xlpm.v6p<5,_xlpm.v6p>2,P43<-1),"脚底",_xlpm.v6p>4,"后上",_xlpm.v6p<2,"前上",TRUE,"顶部"), IFERROR(_xlpm.output,""))} -> 正前 | L43: Default | N43: =O43+0&","&P43+0 -> 18,-1 | O43: 18 | P43: -1 | Q43: =_xlfn.LET(_xlpm._default,1, _xlpm._custom,R43, IF($A43<>"",IF(_xlpm._custom<>"",_xlpm._custom,_xlpm._default),"")) -> 1 | T43: =IF(U43<>"", U43+0&","&V43+0,"") | W43: 0 | X43: 11 | Y43: =IF($A43<>"",IF($Z43<>"",$Z43,"0,0"),"") -> 0,0 | AA43: =IF($A43<>"",IF($AB43<>"",$AB43,"80,120"),"") -> 80,120 | AF43: 3 | AG43: 10.2
A44: 1 | B44: {=D44&_xlfn.TEXTJOIN("",1,TEXT(E44:G44,"00"))} -> 8020002 | C44: =_xlfn.TEXTJOIN(",",1,A44:B44) -> 1,8020002 | D44: 8 | E44: 2 | F44: 0 | G44: 2 | H44: 201108 | I44: =IFERROR(VLOOKUP(H44,monsters[#All],4,0),"") -> 纵火洞穴人 | J44: {=_xlfn.LET(_xlpm.v6p,ABS(ATAN2(O44,P44))*6/PI(), _xlpm.output,_xlfn.IFS(_xlpm.v6p<1,"正前",_xlpm.v6p>5,"正后",AND(_xlpm.v6p<5,_xlpm.v6p>2,P44<-1),"脚底",_xlpm.v6p>4,"后上",_xlpm.v6p<2,"前上",TRUE,"顶部"), IFERROR(_xlpm.output,""))} -> 正后 | L44: Default | N44: =O44+0&","&P44+0 -> -14,-1 | O44: -14 | P44: -1 | Q44: =_xlfn.LET(_xlpm._default,1, _xlpm._custom,R44, IF($A44<>"",IF(_xlpm._custom<>"",_xlpm._custom,_xlpm._default),"")) -> 1 | T44: =IF(U44<>"", U44+0&","&V44+0,"") | W44: 0 | X44: 11 | Y44: =IF($A44<>"",IF($Z44<>"",$Z44,"0,0"),"") -> 0,0 | AA44: =IF($A44<>"",IF($AB44<>"",$AB44,"80,120"),"") -> 80,120 | AF44: 3 | AG44: 6.8
C45: =_xlfn.TEXTJOIN(",",1,A45:B45) | I45: =IFERROR(VLOOKUP(H45,monsters[#All],4,0),"") | J45: {=_xlfn.LET(_xlpm.v6p,ABS(ATAN2(O45,P45))*6/PI(), _xlpm.output,_xlfn.IFS(_xlpm.v6p<1,"正前",_xlpm.v6p>5,"正后",AND(_xlpm.v6p<5,_xlpm.v6p>2,P45<-1),"脚底",_xlpm.v6p>4,"后上",_xlpm.v6p<2,"前上",TRUE,"顶部"), IFERROR(_xlpm.output,""))} | Q45: =_xlfn.LET(_xlpm._default,1, _xlpm._custom,R45, IF($A45<>"",IF(_xlpm._custom<>"",_xlpm._custom,_xlpm._default),"")) | T45: =IF(U45<>"", U45+0&","&V45+0,"") | Y45: =IF($A45<>"",IF($Z45<>"",$Z45,"0,0"),"") | AA45: =IF($A45<>"",IF($AB45<>"",$AB45,"80,120"),"")
A46: 1 | B46: {=D46&_xlfn.TEXTJOIN("",1,TEXT(E46:G46,"00"))} -> 9010000 | C46: =_xlfn.TEXTJOIN(",",1,A46:B46) -> 1,9010000 | D46: 9 | E46: 1 | F46: 0 | G46: 0 | H46: 201109 | I46: =IFERROR(VLOOKUP(H46,monsters[#All],4,0),"") -> 暴徒洞穴人 | J46: {=_xlfn.LET(_xlpm.v6p,ABS(ATAN2(O46,P46))*6/PI(), _xlpm.output,_xlfn.IFS(_xlpm.v6p<1,"正前",_xlpm.v6p>5,"正后",AND(_xlpm.v6p<5,_xlpm.v6p>2,P46<-1),"脚底",_xlpm.v6p>4,"后上",_xlpm.v6p<2,"前上",TRUE,"顶部"), IFERROR(_xlpm.output,""))} -> 正前 | L46: Default | N46: =O46+0&","&P46+0 -> 18,-1 | O46: 18 | P46: -1 | Q46: =_xlfn.LET(_xlpm._default,1, _xlpm._custom,R46, IF($A46<>"",IF(_xlpm._custom<>"",_xlpm._custom,_xlpm._default),"")) -> 1 | S46: 28 | T46: =IF(U46<>"", U46+0&","&V46+0,"") -> 2,3 | U46: 2 | V46: 3 | W46: 0 | X46: 11 | Y46: =IF($A46<>"",IF($Z46<>"",$Z46,"0,0"),"") -> 0,0 | AA46: =IF($A46<>"",IF($AB46<>"",$AB46,"80,120"),"") -> 80,120 | AC46: 0.6 | AD46: 0.08 | AE46: 1
A47: 1 | B47: {=D47&_xlfn.TEXTJOIN("",1,TEXT(E47:G47,"00"))} -> 9020001 | C47: =_xlfn.TEXTJOIN(",",1,A47:B47) -> 1,9020001 | D47: 9 | E47: 2 | F47: 0 | G47: 1 | H47: 201109 | I47: =IFERROR(VLOOKUP(H47,monsters[#All],4,0),"") -> 暴徒洞穴人 | J47: {=_xlfn.LET(_xlpm.v6p,ABS(ATAN2(O47,P47))*6/PI(), _xlpm.output,_xlfn.IFS(_xlpm.v6p<1,"正前",_xlpm.v6p>5,"正后",AND(_xlpm.v6p<5,_xlpm.v6p>2,P47<-1),"脚底",_xlpm.v6p>4,"后上",_xlpm.v6p<2,"前上",TRUE,"顶部"), IFERROR(_xlpm.output,""))} -> 正前 | L47: Default | N47: =O47+0&","&P47+0 -> 18,-1 | O47: 18 | P47: -1 | Q47: =_xlfn.LET(_xlpm._default,1, _xlpm._custom,R47, IF($A47<>"",IF(_xlpm._custom<>"",_xlpm._custom,_xlpm._default),"")) -> 1 | T47: =IF(U47<>"", U47+0&","&V47+0,"") | W47: 0 | X47: 11 | Y47: =IF($A47<>"",IF($Z47<>"",$Z47,"0,0"),"") -> 0,0 | AA47: =IF($A47<>"",IF($AB47<>"",$AB47,"80,120"),"") -> 80,120 | AF47: 2 | AG47: 10.2
A48: 1 | B48: {=D48&_xlfn.TEXTJOIN("",1,TEXT(E48:G48,"00"))} -> 9020002 | C48: =_xlfn.TEXTJOIN(",",1,A48:B48) -> 1,9020002 | D48: 9 | E48: 2 | F48: 0 | G48: 2 | H48: 201109 | I48: =IFERROR(VLOOKUP(H48,monsters[#All],4,0),"") -> 暴徒洞穴人 | J48: {=_xlfn.LET(_xlpm.v6p,ABS(ATAN2(O48,P48))*6/PI(), _xlpm.output,_xlfn.IFS(_xlpm.v6p<1,"正前",_xlpm.v6p>5,"正后",AND(_xlpm.v6p<5,_xlpm.v6p>2,P48<-1),"脚底",_xlpm.v6p>4,"后上",_xlpm.v6p<2,"前上",TRUE,"顶部"), IFERROR(_xlpm.output,""))} -> 正后 | L48: Default | N48: =O48+0&","&P48+0 -> -14,-1 | O48: -14 | P48: -1 | Q48: =_xlfn.LET(_xlpm._default,1, _xlpm._custom,R48, IF($A48<>"",IF(_xlpm._custom<>"",_xlpm._custom,_xlpm._default),"")) -> 1 | T48: =IF(U48<>"", U48+0&","&V48+0,"") | W48: 0 | X48: 11 | Y48: =IF($A48<>"",IF($Z48<>"",$Z48,"0,0"),"") -> 0,0 | AA48: =IF($A48<>"",IF($AB48<>"",$AB48,"80,120"),"") -> 80,120 | AF48: 2 | AG48: 6.8
C49: =_xlfn.TEXTJOIN(",",1,A49:B49) | I49: =IFERROR(VLOOKUP(H49,monsters[#All],4,0),"") | J49: {=_xlfn.LET(_xlpm.v6p,ABS(ATAN2(O49,P49))*6/PI(), _xlpm.output,_xlfn.IFS(_xlpm.v6p<1,"正前",_xlpm.v6p>5,"正后",AND(_xlpm.v6p<5,_xlpm.v6p>2,P49<-1),"脚底",_xlpm.v6p>4,"后上",_xlpm.v6p<2,"前上",TRUE,"顶部"), IFERROR(_xlpm.output,""))} | Q49: =_xlfn.LET(_xlpm._default,1, _xlpm._custom,R49, IF($A49<>"",IF(_xlpm._custom<>"",_xlpm._custom,_xlpm._default),"")) | T49: =IF(U49<>"", U49+0&","&V49+0,"") | Y49: =IF($A49<>"",IF($Z49<>"",$Z49,"0,0"),"") | AA49: =IF($A49<>"",IF($AB49<>"",$AB49,"80,120"),"")
A50: 99 | B50: 99201 | C50: =_xlfn.TEXTJOIN(",",1,A50:B50) -> 99,99201 | H50: 201103 | I50: =IFERROR(VLOOKUP(H50,monsters[#All],4,0),"") -> 跳虫 | J50: {=_xlfn.LET(_xlpm.v6p,ABS(ATAN2(O50,P50))*6/PI(), _xlpm.output,_xlfn.IFS(_xlpm.v6p<1,"正前",_xlpm.v6p>5,"正后",AND(_xlpm.v6p<5,_xlpm.v6p>2,P50<-1),"脚底",_xlpm.v6p>4,"后上",_xlpm.v6p<2,"前上",TRUE,"顶部"), IFERROR(_xlpm.output,""))} -> 正后 | L50: Default | N50: =O50+0&","&P50+0 -> -14,-1 | O50: -14 | P50: -1 | Q50: =_xlfn.LET(_xlpm._default,1, _xlpm._custom,R50, IF($A50<>"",IF(_xlpm._custom<>"",_xlpm._custom,_xlpm._default),"")) -> 1 | S50: 0 | T50: =IF(U50<>"", U50+0&","&V50+0,"") | W50: 0 | X50: 11 | Y50: =IF($A50<>"",IF($Z50<>"",$Z50,"0,0"),"") -> 0,0 | AA50: =IF($A50<>"",IF($AB50<>"",$AB50,"80,120"),"") -> 80,120 | AC50: 0 | AD50: 400 | AE50: 0
A51: 99 | B51: 99202 | C51: =_xlfn.TEXTJOIN(",",1,A51:B51) -> 99,99202 | H51: 201103 | I51: =IFERROR(VLOOKUP(H51,monsters[#All],4,0),"") -> 跳虫 | J51: {=_xlfn.LET(_xlpm.v6p,ABS(ATAN2(O51,P51))*6/PI(), _xlpm.output,_xlfn.IFS(_xlpm.v6p<1,"正前",_xlpm.v6p>5,"正后",AND(_xlpm.v6p<5,_xlpm.v6p>2,P51<-1),"脚底",_xlpm.v6p>4,"后上",_xlpm.v6p<2,"前上",TRUE,"顶部"), IFERROR(_xlpm.output,""))} -> 正前 | L51: Default | N51: =O51+0&","&P51+0 -> 14,-1 | O51: 14 | P51: -1 | Q51: =_xlfn.LET(_xlpm._default,1, _xlpm._custom,R51, IF($A51<>"",IF(_xlpm._custom<>"",_xlpm._custom,_xlpm._default),"")) -> 1 | S51: 2 | T51: =IF(U51<>"", U51+0&","&V51+0,"") | W51: 0 | X51: 11 | Y51: =IF($A51<>"",IF($Z51<>"",$Z51,"0,0"),"") -> 0,0 | AA51: =IF($A51<>"",IF($AB51<>"",$AB51,"80,120"),"") -> 80,120 | AC51: 0 | AD51: 400 | AE51: 0
A52: 99 | B52: 99203 | C52: =_xlfn.TEXTJOIN(",",1,A52:B52) -> 99,99203 | H52: 201103 | I52: =IFERROR(VLOOKUP(H52,monsters[#All],4,0),"") -> 跳虫 | J52: {=_xlfn.LET(_xlpm.v6p,ABS(ATAN2(O52,P52))*6/PI(), _xlpm.output,_xlfn.IFS(_xlpm.v6p<1,"正前",_xlpm.v6p>5,"正后",AND(_xlpm.v6p<5,_xlpm.v6p>2,P52<-1),"脚底",_xlpm.v6p>4,"后上",_xlpm.v6p<2,"前上",TRUE,"顶部"), IFERROR(_xlpm.output,""))} -> 顶部 | L52: Default | N52: =O52+0&","&P52+0 -> 3,12 | O52: 3 | P52: 12 | Q52: =_xlfn.LET(_xlpm._default,1, _xlpm._custom,R52, IF($A52<>"",IF(_xlpm._custom<>"",_xlpm._custom,_xlpm._default),"")) -> 1 | S52: 2 | T52: =IF(U52<>"", U52+0&","&V52+0,"") | W52: 0 | X52: 11 | Y52: =IF($A52<>"",IF($Z52<>"",$Z52,"0,0"),"") -> 0,0 | AA52: =IF($A52<>"",IF($AB52<>"",$AB52,"80,120"),"") -> 80,120 | AC52: 0 | AD52: 400 | AE52: 0
A53: 99 | B53: 99204 | C53: =_xlfn.TEXTJOIN(",",1,A53:B53) -> 99,99204 | H53: 201103 | I53: =IFERROR(VLOOKUP(H53,monsters[#All],4,0),"") -> 跳虫 | J53: {=_xlfn.LET(_xlpm.v6p,ABS(ATAN2(O53,P53))*6/PI(), _xlpm.output,_xlfn.IFS(_xlpm.v6p<1,"正前",_xlpm.v6p>5,"正后",AND(_xlpm.v6p<5,_xlpm.v6p>2,P53<-1),"脚底",_xlpm.v6p>4,"后上",_xlpm.v6p<2,"前上",TRUE,"顶部"), IFERROR(_xlpm.output,""))} -> 顶部 | L53: Default | N53: =O53+0&","&P53+0 -> -3,12 | O53: -3 | P53: 12 | Q53: =_xlfn.LET(_xlpm._default,1, _xlpm._custom,R53, IF($A53<>"",IF(_xlpm._custom<>"",_xlpm._custom,_xlpm._default),"")) -> 1 | S53: 2 | T53: =IF(U53<>"", U53+0&","&V53+0,"") | W53: 0 | X53: 11 | Y53: =IF($A53<>"",IF($Z53<>"",$Z53,"0,0"),"") -> 0,0 | AA53: =IF($A53<>"",IF($AB53<>"",$AB53,"80,120"),"") -> 80,120 | AC53: 0 | AD53: 400 | AE53: 0
C54: =_xlfn.TEXTJOIN(",",1,A54:B54) | I54: =IFERROR(VLOOKUP(H54,monsters[#All],4,0),"") | J54: {=_xlfn.LET(_xlpm.v6p,ABS(ATAN2(O54,P54))*6/PI(), _xlpm.output,_xlfn.IFS(_xlpm.v6p<1,"正前",_xlpm.v6p>5,"正后",AND(_xlpm.v6p<5,_xlpm.v6p>2,P54<-1),"脚底",_xlpm.v6p>4,"后上",_xlpm.v6p<2,"前上",TRUE,"顶部"), IFERROR(_xlpm.output,""))} | Q54: =_xlfn.LET(_xlpm._default,1, _xlpm._custom,R54, IF($A54<>"",IF(_xlpm._custom<>"",_xlpm._custom,_xlpm._default),"")) | T54: =IF(U54<>"", U54+0&","&V54+0,"") | Y54: =IF($A54<>"",IF($Z54<>"",$Z54,"0,0"),"") | AA54: =IF($A54<>"",IF($AB54<>"",$AB54,"80,120"),"")
A55: 99 | B55: 99001 | C55: =_xlfn.TEXTJOIN(",",1,A55:B55) -> 99,99001 | H55: 201104 | I55: =IFERROR(VLOOKUP(H55,monsters[#All],4,0),"") -> 地宫洞穴人 | J55: {=_xlfn.LET(_xlpm.v6p,ABS(ATAN2(O55,P55))*6/PI(), _xlpm.output,_xlfn.IFS(_xlpm.v6p<1,"正前",_xlpm.v6p>5,"正后",AND(_xlpm.v6p<5,_xlpm.v6p>2,P55<-1),"脚底",_xlpm.v6p>4,"后上",_xlpm.v6p<2,"前上",TRUE,"顶部"), IFERROR(_xlpm.output,""))} -> 正后 | L55: Default | N55: =O55+0&","&P55+0 -> -14,-1 | O55: -14 | P55: -1 | Q55: =_xlfn.LET(_xlpm._default,1, _xlpm._custom,R55, IF($A55<>"",IF(_xlpm._custom<>"",_xlpm._custom,_xlpm._default),"")) -> 1 | S55: 0 | T55: =IF(U55<>"", U55+0&","&V55+0,"") | W55: 0 | X55: 11 | Y55: =IF($A55<>"",IF($Z55<>"",$Z55,"0,0"),"") -> 0,0 | AA55: =IF($A55<>"",IF($AB55<>"",$AB55,"80,120"),"") -> 80,120 | AC55: 0 | AD55: 400 | AE55: 0
A56: 99 | B56: 99002 | C56: =_xlfn.TEXTJOIN(",",1,A56:B56) -> 99,99002 | H56: 201104 | I56: =IFERROR(VLOOKUP(H56,monsters[#All],4,0),"") -> 地宫洞穴人 | J56: {=_xlfn.LET(_xlpm.v6p,ABS(ATAN2(O56,P56))*6/PI(), _xlpm.output,_xlfn.IFS(_xlpm.v6p<1,"正前",_xlpm.v6p>5,"正后",AND(_xlpm.v6p<5,_xlpm.v6p>2,P56<-1),"脚底",_xlpm.v6p>4,"后上",_xlpm.v6p<2,"前上",TRUE,"顶部"), IFERROR(_xlpm.output,""))} -> 正前 | L56: Default | N56: =O56+0&","&P56+0 -> 14,-1 | O56: 14 | P56: -1 | Q56: =_xlfn.LET(_xlpm._default,1, _xlpm._custom,R56, IF($A56<>"",IF(_xlpm._custom<>"",_xlpm._custom,_xlpm._default),"")) -> 1 | S56: 2 | T56: =IF(U56<>"", U56+0&","&V56+0,"") | W56: 0 | X56: 11 | Y56: =IF($A56<>"",IF($Z56<>"",$Z56,"0,0"),"") -> 0,0 | AA56: =IF($A56<>"",IF($AB56<>"",$AB56,"80,120"),"") -> 80,120 | AC56: 0 | AD56: 400 | AE56: 0
A57: 99 | B57: 99003 | C57: =_xlfn.TEXTJOIN(",",1,A57:B57) -> 99,99003 | H57: 201104 | I57: =IFERROR(VLOOKUP(H57,monsters[#All],4,0),"") -> 地宫洞穴人 | J57: {=_xlfn.LET(_xlpm.v6p,ABS(ATAN2(O57,P57))*6/PI(), _xlpm.output,_xlfn.IFS(_xlpm.v6p<1,"正前",_xlpm.v6p>5,"正后",AND(_xlpm.v6p<5,_xlpm.v6p>2,P57<-1),"脚底",_xlpm.v6p>4,"后上",_xlpm.v6p<2,"前上",TRUE,"顶部"), IFERROR(_xlpm.output,""))} -> 顶部 | L57: Default | N57: =O57+0&","&P57+0 -> 4,12 | O57: 4 | P57: 12 | Q57: =_xlfn.LET(_xlpm._default,1, _xlpm._custom,R57, IF($A57<>"",IF(_xlpm._custom<>"",_xlpm._custom,_xlpm._default),"")) -> 1 | S57: 2 | T57: =IF(U57<>"", U57+0&","&V57+0,"") | W57: 0 | X57: 11 | Y57: =IF($A57<>"",IF($Z57<>"",$Z57,"0,0"),"") -> 0,0 | AA57: =IF($A57<>"",IF($AB57<>"",$AB57,"80,120"),"") -> 80,120 | AC57: 0 | AD57: 400 | AE57: 0
A58: 99 | B58: 99004 | C58: =_xlfn.TEXTJOIN(",",1,A58:B58) -> 99,99004 | H58: 201104 | I58: =IFERROR(VLOOKUP(H58,monsters[#All],4,0),"") -> 地宫洞穴人 | J58: {=_xlfn.LET(_xlpm.v6p,ABS(ATAN2(O58,P58))*6/PI(), _xlpm.output,_xlfn.IFS(_xlpm.v6p<1,"正前",_xlpm.v6p>5,"正后",AND(_xlpm.v6p<5,_xlpm.v6p>2,P58<-1),"脚底",_xlpm.v6p>4,"后上",_xlpm.v6p<2,"前上",TRUE,"顶部"), IFERROR(_xlpm.output,""))} -> 顶部 | L58: Default | N58: =O58+0&","&P58+0 -> -4,12 | O58: -4 | P58: 12 | Q58: =_xlfn.LET(_xlpm._default,1, _xlpm._custom,R58, IF($A58<>"",IF(_xlpm._custom<>"",_xlpm._custom,_xlpm._default),"")) -> 1 | S58: 2 | T58: =IF(U58<>"", U58+0&","&V58+0,"") | W58: 0 | X58: 11 | Y58: =IF($A58<>"",IF($Z58<>"",$Z58,"0,0"),"") -> 0,0 | AA58: =IF($A58<>"",IF($AB58<>"",$AB58,"80,120"),"") -> 80,120 | AC58: 0 | AD58: 400 | AE58: 0
C59: =_xlfn.TEXTJOIN(",",1,A59:B59) | I59: =IFERROR(VLOOKUP(H59,monsters[#All],4,0),"") | J59: {=_xlfn.LET(_xlpm.v6p,ABS(ATAN2(O59,P59))*6/PI(), _xlpm.output,_xlfn.IFS(_xlpm.v6p<1,"正前",_xlpm.v6p>5,"正后",AND(_xlpm.v6p<5,_xlpm.v6p>2,P59<-1),"脚底",_xlpm.v6p>4,"后上",_xlpm.v6p<2,"前上",TRUE,"顶部"), IFERROR(_xlpm.output,""))} | Q59: =_xlfn.LET(_xlpm._default,1, _xlpm._custom,R59, IF($A59<>"",IF(_xlpm._custom<>"",_xlpm._custom,_xlpm._default),"")) | T59: =IF(U59<>"", U59+0&","&V59+0,"") | Y59: =IF($A59<>"",IF($Z59<>"",$Z59,"0,0"),"") | AA59: =IF($A59<>"",IF($AB59<>"",$AB59,"80,120"),"")
A60: 99 | B60: 99101 | C60: =_xlfn.TEXTJOIN(",",1,A60:B60) -> 99,99101 | H60: 201105 | I60: =IFERROR(VLOOKUP(H60,monsters[#All],4,0),"") -> 跳虫骑手 | J60: {=_xlfn.LET(_xlpm.v6p,ABS(ATAN2(O60,P60))*6/PI(), _xlpm.output,_xlfn.IFS(_xlpm.v6p<1,"正前",_xlpm.v6p>5,"正后",AND(_xlpm.v6p<5,_xlpm.v6p>2,P60<-1),"脚底",_xlpm.v6p>4,"后上",_xlpm.v6p<2,"前上",TRUE,"顶部"), IFERROR(_xlpm.output,""))} -> 正前 | L60: Default | N60: =O60+0&","&P60+0 -> 14,-1 | O60: 14 | P60: -1 | Q60: =_xlfn.LET(_xlpm._default,1, _xlpm._custom,R60, IF($A60<>"",IF(_xlpm._custom<>"",_xlpm._custom,_xlpm._default),"")) -> 1 | S60: 2 | T60: =IF(U60<>"", U60+0&","&V60+0,"") | W60: 0 | X60: 11 | Y60: =IF($A60<>"",IF($Z60<>"",$Z60,"0,0"),"") -> 0,0 | AA60: =IF($A60<>"",IF($AB60<>"",$AB60,"80,120"),"") -> 80,120 | AC60: 0 | AD60: 400 | AE60: 0
A61: 99 | B61: 99103 | C61: =_xlfn.TEXTJOIN(",",1,A61:B61) -> 99,99103 | H61: 201105 | I61: =IFERROR(VLOOKUP(H61,monsters[#All],4,0),"") -> 跳虫骑手 | J61: {=_xlfn.LET(_xlpm.v6p,ABS(ATAN2(O61,P61))*6/PI(), _xlpm.output,_xlfn.IFS(_xlpm.v6p<1,"正前",_xlpm.v6p>5,"正后",AND(_xlpm.v6p<5,_xlpm.v6p>2,P61<-1),"脚底",_xlpm.v6p>4,"后上",_xlpm.v6p<2,"前上",TRUE,"顶部"), IFERROR(_xlpm.output,""))} -> 前上 | L61: Default | N61: =O61+0&","&P61+0 -> 7,12 | O61: 7 | P61: 12 | Q61: =_xlfn.LET(_xlpm._default,1, _xlpm._custom,R61, IF($A61<>"",IF(_xlpm._custom<>"",_xlpm._custom,_xlpm._default),"")) -> 1 | S61: 2 | T61: =IF(U61<>"", U61+0&","&V61+0,"") | W61: 0 | X61: 11 | Y61: =IF($A61<>"",IF($Z61<>"",$Z61,"0,0"),"") -> 0,0 | AA61: =IF($A61<>"",IF($AB61<>"",$AB61,"80,120"),"") -> 80,120 | AC61: 0 | AD61: 400 | AE61: 0
A62: 99 | B62: 99104 | C62: =_xlfn.TEXTJOIN(",",1,A62:B62) -> 99,99104 | H62: 201105 | I62: =IFERROR(VLOOKUP(H62,monsters[#All],4,0),"") -> 跳虫骑手 | J62: {=_xlfn.LET(_xlpm.v6p,ABS(ATAN2(O62,P62))*6/PI(), _xlpm.output,_xlfn.IFS(_xlpm.v6p<1,"正前",_xlpm.v6p>5,"正后",AND(_xlpm.v6p<5,_xlpm.v6p>2,P62<-1),"脚底",_xlpm.v6p>4,"后上",_xlpm.v6p<2,"前上",TRUE,"顶部"), IFERROR(_xlpm.output,""))} -> 后上 | L62: Default | N62: =O62+0&","&P62+0 -> -7,12 | O62: -7 | P62: 12 | Q62: =_xlfn.LET(_xlpm._default,1, _xlpm._custom,R62, IF($A62<>"",IF(_xlpm._custom<>"",_xlpm._custom,_xlpm._default),"")) -> 1 | S62: 2 | T62: =IF(U62<>"", U62+0&","&V62+0,"") | W62: 0 | X62: 11 | Y62: =IF($A62<>"",IF($Z62<>"",$Z62,"0,0"),"") -> 0,0 | AA62: =IF($A62<>"",IF($AB62<>"",$AB62,"80,120"),"") -> 80,120 | AC62: 0 | AD62: 400 | AE62: 0
C63: =_xlfn.TEXTJOIN(",",1,A63:B63) | I63: =IFERROR(VLOOKUP(H63,monsters[#All],4,0),"") | J63: {=_xlfn.LET(_xlpm.v6p,ABS(ATAN2(O63,P63))*6/PI(), _xlpm.output,_xlfn.IFS(_xlpm.v6p<1,"正前",_xlpm.v6p>5,"正后",AND(_xlpm.v6p<5,_xlpm.v6p>2,P63<-1),"脚底",_xlpm.v6p>4,"后上",_xlpm.v6p<2,"前上",TRUE,"顶部"), IFERROR(_xlpm.output,""))} | Q63: =_xlfn.LET(_xlpm._default,1, _xlpm._custom,R63, IF($A63<>"",IF(_xlpm._custom<>"",_xlpm._custom,_xlpm._default),"")) | T63: =IF(U63<>"", U63+0&","&V63+0,"") | Y63: =IF($A63<>"",IF($Z63<>"",$Z63,"0,0"),"") | AA63: =IF($A63<>"",IF($AB63<>"",$AB63,"80,120"),"")
A64: 99 | B64: 99301 | C64: =_xlfn.TEXTJOIN(",",1,A64:B64) -> 99,99301 | H64: 201106 | I64: =IFERROR(VLOOKUP(H64,monsters[#All],4,0),"") -> 蝙蝠骑手 | J64: {=_xlfn.LET(_xlpm.v6p,ABS(ATAN2(O64,P64))*6/PI(), _xlpm.output,_xlfn.IFS(_xlpm.v6p<1,"正前",_xlpm.v6p>5,"正后",AND(_xlpm.v6p<5,_xlpm.v6p>2,P64<-1),"脚底",_xlpm.v6p>4,"后上",_xlpm.v6p<2,"前上",TRUE,"顶部"), IFERROR(_xlpm.output,""))} -> 前上 | L64: Default | N64: =O64+0&","&P64+0 -> 7,12 | O64: 7 | P64: 12 | Q64: =_xlfn.LET(_xlpm._default,1, _xlpm._custom,R64, IF($A64<>"",IF(_xlpm._custom<>"",_xlpm._custom,_xlpm._default),"")) -> 1 | S64: 2 | T64: =IF(U64<>"", U64+0&","&V64+0,"") | W64: 0 | X64: 11 | Y64: =IF($A64<>"",IF($Z64<>"",$Z64,"0,0"),"") -> 0,0 | AA64: =IF($A64<>"",IF($AB64<>"",$AB64,"80,120"),"") -> 80,120 | AC64: 0 | AD64: 400 | AE64: 0
A65: 99 | B65: 33302 | C65: =_xlfn.TEXTJOIN(",",1,A65:B65) -> 99,33302 | H65: 201106 | I65: =IFERROR(VLOOKUP(H65,monsters[#All],4,0),"") -> 蝙蝠骑手 | J65: {=_xlfn.LET(_xlpm.v6p,ABS(ATAN2(O65,P65))*6/PI(), _xlpm.output,_xlfn.IFS(_xlpm.v6p<1,"正前",_xlpm.v6p>5,"正后",AND(_xlpm.v6p<5,_xlpm.v6p>2,P65<-1),"脚底",_xlpm.v6p>4,"后上",_xlpm.v6p<2,"前上",TRUE,"顶部"), IFERROR(_xlpm.output,""))} -> 后上 | L65: Default | N65: =O65+0&","&P65+0 -> -7,12 | O65: -7 | P65: 12 | Q65: =_xlfn.LET(_xlpm._default,1, _xlpm._custom,R65, IF($A65<>"",IF(_xlpm._custom<>"",_xlpm._custom,_xlpm._default),"")) -> 1 | S65: 2 | T65: =IF(U65<>"", U65+0&","&V65+0,"") | W65: 0 | X65: 11 | Y65: =IF($A65<>"",IF($Z65<>"",$Z65,"0,0"),"") -> 0,0 | AA65: =IF($A65<>"",IF($AB65<>"",$AB65,"80,120"),"") -> 80,120 | AC65: 0 | AD65: 400 | AE65: 0
C66: =_xlfn.TEXTJOIN(",",1,A66:B66)
C67: =_xlfn.TEXTJOIN(",",1,A67:B67)
C68: =_xlfn.TEXTJOIN(",",1,A68:B68)
C69: =_xlfn.TEXTJOIN(",",1,A69:B69)
A70: 42011 | B70: {=D70&_xlfn.TEXTJOIN("",1,TEXT(E70:G70,"00"))} -> 1010000 | C70: =_xlfn.TEXTJOIN(",",1,A70:B70) -> 42011,1010000 | D70: 1 | E70: 1 | F70: =W70 -> 0 | G70: 0 | H70: 201101 | I70: =IFERROR(VLOOKUP(H70,monsters[#All],4,0),"") -> 地宫蝙蝠 | J70: {=_xlfn.LET(_xlpm.v6p,ABS(ATAN2(O70,P70))*6/PI(), _xlpm.output,_xlfn.IFS(_xlpm.v6p<1,"正前",_xlpm.v6p>5,"正后",AND(_xlpm.v6p<5,_xlpm.v6p>2,P70<-1),"脚底",_xlpm.v6p>4,"后上",_xlpm.v6p<2,"前上",TRUE,"顶部"), IFERROR(_xlpm.output,""))} -> 前上 | L70: Default | N70: =O70+0&","&P70+0 -> 15,10 | O70: 15 | P70: 10 | Q70: =_xlfn.LET(_xlpm._default,1, _xlpm._custom,R70, IF($A70<>"",IF(_xlpm._custom<>"",_xlpm._custom,_xlpm._default),"")) -> 1 | S70: 5 | T70: =IF(U70<>"", U70+0&","&V70+0,"") -> 1,2 | U70: 1 | V70: 2 | W70: 0 | X70: 11 | Y70: =IF($A70<>"",IF($Z70<>"",$Z70,"0,0"),"") -> 65,70 | Z70: 65,70 | AA70: =IF($A70<>"",IF($AB70<>"",$AB70,"80,120"),"") -> 80,120 | AC70: 2 | AD70: 2.5 | AE70: 0.3 | AF70: 3 | AG70: 100
A71: 42011 | B71: {=D71&_xlfn.TEXTJOIN("",1,TEXT(E71:G71,"00"))} -> 1010100 | C71: =_xlfn.TEXTJOIN(",",1,A71:B71) -> 42011,1010100 | D71: 1 | E71: 1 | F71: =W71 -> 1 | G71: 0 | H71: 201101 | I71: =IFERROR(VLOOKUP(H71,monsters[#All],4,0),"") -> 地宫蝙蝠 | J71: {=_xlfn.LET(_xlpm.v6p,ABS(ATAN2(O71,P71))*6/PI(), _xlpm.output,_xlfn.IFS(_xlpm.v6p<1,"正前",_xlpm.v6p>5,"正后",AND(_xlpm.v6p<5,_xlpm.v6p>2,P71<-1),"脚底",_xlpm.v6p>4,"后上",_xlpm.v6p<2,"前上",TRUE,"顶部"), IFERROR(_xlpm.output,""))} -> 前上 | L71: Default | N71: =O71+0&","&P71+0 -> 15,10 | O71: 15 | P71: 10 | Q71: =_xlfn.LET(_xlpm._default,1, _xlpm._custom,R71, IF($A71<>"",IF(_xlpm._custom<>"",_xlpm._custom,_xlpm._default),"")) -> 1 | S71: 2 | T71: =IF(U71<>"", U71+0&","&V71+0,"") -> 1,2 | U71: 1 | V71: 2 | W71: 1 | X71: 11 | Y71: =IF($A71<>"",IF($Z71<>"",$Z71,"0,0"),"") -> 0,0 | AA71: =IF($A71<>"",IF($AB71<>"",$AB71,"80,120"),"") -> 80,120 | AC71: 2 | AD71: 0.5 | AE71: 0.3 | AF71: 2 | AG71: 20
A72: 42011 | B72: {=D72&_xlfn.TEXTJOIN("",1,TEXT(E72:G72,"00"))} -> 1010200 | C72: =_xlfn.TEXTJOIN(",",1,A72:B72) -> 42011,1010200 | D72: 1 | E72: 1 | F72: =W72 -> 2 | G72: 0 | H72: 201101 | I72: =IFERROR(VLOOKUP(H72,monsters[#All],4,0),"") -> 地宫蝙蝠 | J72: {=_xlfn.LET(_xlpm.v6p,ABS(ATAN2(O72,P72))*6/PI(), _xlpm.output,_xlfn.IFS(_xlpm.v6p<1,"正前",_xlpm.v6p>5,"正后",AND(_xlpm.v6p<5,_xlpm.v6p>2,P72<-1),"脚底",_xlpm.v6p>4,"后上",_xlpm.v6p<2,"前上",TRUE,"顶部"), IFERROR(_xlpm.output,""))} -> 前上 | L72: Default | N72: =O72+0&","&P72+0 -> 15,10 | O72: 15 | P72: 10 | Q72: =_xlfn.LET(_xlpm._default,1, _xlpm._custom,R72, IF($A72<>"",IF(_xlpm._custom<>"",_xlpm._custom,_xlpm._default),"")) -> 1 | S72: 2 | T72: =IF(U72<>"", U72+0&","&V72+0,"") -> 1,2 | U72: 1 | V72: 2 | W72: 2 | X72: 11 | Y72: =IF($A72<>"",IF($Z72<>"",$Z72,"0,0"),"") -> 0,0 | AA72: =IF($A72<>"",IF($AB72<>"",$AB72,"80,120"),"") -> 80,120 | AC72: 2 | AD72: 0.5 | AE72: 0.3 | AF72: 2 | AG72: 20
A73: 42011 | B73: {=D73&_xlfn.TEXTJOIN("",1,TEXT(E73:G73,"00"))} -> 1010300 | C73: =_xlfn.TEXTJOIN(",",1,A73:B73) -> 42011,1010300 | D73: 1 | E73: 1 | F73: =W73 -> 3 | G73: 0 | H73: 201101 | I73: =IFERROR(VLOOKUP(H73,monsters[#All],4,0),"") -> 地宫蝙蝠 | J73: {=_xlfn.LET(_xlpm.v6p,ABS(ATAN2(O73,P73))*6/PI(), _xlpm.output,_xlfn.IFS(_xlpm.v6p<1,"正前",_xlpm.v6p>5,"正后",AND(_xlpm.v6p<5,_xlpm.v6p>2,P73<-1),"脚底",_xlpm.v6p>4,"后上",_xlpm.v6p<2,"前上",TRUE,"顶部"), IFERROR(_xlpm.output,""))} -> 前上 | L73: Default | N73: =O73+0&","&P73+0 -> 15,10 | O73: 15 | P73: 10 | Q73: =_xlfn.LET(_xlpm._default,1, _xlpm._custom,R73, IF($A73<>"",IF(_xlpm._custom<>"",_xlpm._custom,_xlpm._default),"")) -> 1 | S73: 6 | T73: =IF(U73<>"", U73+0&","&V73+0,"") -> 1,2 | U73: 1 | V73: 2 | W73: 3 | X73: 11 | Y73: =IF($A73<>"",IF($Z73<>"",$Z73,"0,0"),"") -> 0,0 | AA73: =IF($A73<>"",IF($AB73<>"",$AB73,"80,120"),"") -> 80,120 | AC73: 12 | AD73: 8 | AE73: 0.3 | AF73: 6 | AG73: 200
C74: =_xlfn.TEXTJOIN(",",1,A74:B74) | I74: =IFERROR(VLOOKUP(H74,monsters[#All],4,0),"") | J74: {=_xlfn.LET(_xlpm.v6p,ABS(ATAN2(O74,P74))*6/PI(), _xlpm.output,_xlfn.IFS(_xlpm.v6p<1,"正前",_xlpm.v6p>5,"正后",AND(_xlpm.v6p<5,_xlpm.v6p>2,P74<-1),"脚底",_xlpm.v6p>4,"后上",_xlpm.v6p<2,"前上",TRUE,"顶部"), IFERROR(_xlpm.output,""))} | Q74: =_xlfn.LET(_xlpm._default,1, _xlpm._custom,R74, IF($A74<>"",IF(_xlpm._custom<>"",_xlpm._custom,_xlpm._default),"")) | T74: =IF(U74<>"", U74+0&","&V74+0,"") | Y74: =IF($A74<>"",IF($Z74<>"",$Z74,"0,0"),"") | AA74: =IF($A74<>"",IF($AB74<>"",$AB74,"80,120"),"")
A75: 42011 | B75: {=D75&_xlfn.TEXTJOIN("",1,TEXT(E75:G75,"00"))} -> 1020000 | C75: =_xlfn.TEXTJOIN(",",1,A75:B75) -> 42011,1020000 | D75: 1 | E75: 2 | F75: =W75 -> 0 | G75: 0 | H75: 201101 | I75: =IFERROR(VLOOKUP(H75,monsters[#All],4,0),"") -> 地宫蝙蝠 | J75: {=_xlfn.LET(_xlpm.v6p,ABS(ATAN2(O75,P75))*6/PI(), _xlpm.output,_xlfn.IFS(_xlpm.v6p<1,"正前",_xlpm.v6p>5,"正后",AND(_xlpm.v6p<5,_xlpm.v6p>2,P75<-1),"脚底",_xlpm.v6p>4,"后上",_xlpm.v6p<2,"前上",TRUE,"顶部"), IFERROR(_xlpm.output,""))} -> 后上 | L75: Default | N75: =O75+0&","&P75+0 -> -15,10 | O75: -15 | P75: 10 | Q75: =_xlfn.LET(_xlpm._default,1, _xlpm._custom,R75, IF($A75<>"",IF(_xlpm._custom<>"",_xlpm._custom,_xlpm._default),"")) -> 1 | S75: 7 | T75: =IF(U75<>"", U75+0&","&V75+0,"") -> 1,2 | U75: 1 | V75: 2 | W75: 0 | X75: 11 | Y75: =IF($A75<>"",IF($Z75<>"",$Z75,"0,0"),"") -> 35,40 | Z75: 35,40 | AA75: =IF($A75<>"",IF($AB75<>"",$AB75,"80,120"),"") -> 80,120 | AC75: 2 | AD75: 2 | AE75: 0.3 | AF75: 4 | AG75: 100
A76: 42011 | B76: {=D76&_xlfn.TEXTJOIN("",1,TEXT(E76:G76,"00"))} -> 1020100 | C76: =_xlfn.TEXTJOIN(",",1,A76:B76) -> 42011,1020100 | D76: 1 | E76: 2 | F76: =W76 -> 1 | G76: 0 | H76: 201101 | I76: =IFERROR(VLOOKUP(H76,monsters[#All],4,0),"") -> 地宫蝙蝠 | J76: {=_xlfn.LET(_xlpm.v6p,ABS(ATAN2(O76,P76))*6/PI(), _xlpm.output,_xlfn.IFS(_xlpm.v6p<1,"正前",_xlpm.v6p>5,"正后",AND(_xlpm.v6p<5,_xlpm.v6p>2,P76<-1),"脚底",_xlpm.v6p>4,"后上",_xlpm.v6p<2,"前上",TRUE,"顶部"), IFERROR(_xlpm.output,""))} -> 后上 | L76: Default | N76: =O76+0&","&P76+0 -> -15,10 | O76: -15 | P76: 10 | Q76: =_xlfn.LET(_xlpm._default,1, _xlpm._custom,R76, IF($A76<>"",IF(_xlpm._custom<>"",_xlpm._custom,_xlpm._default),"")) -> 1 | S76: 2 | T76: =IF(U76<>"", U76+0&","&V76+0,"") -> 1,2 | U76: 1 | V76: 2 | W76: 1 | X76: 11 | Y76: =IF($A76<>"",IF($Z76<>"",$Z76,"0,0"),"") -> 0,0 | AA76: =IF($A76<>"",IF($AB76<>"",$AB76,"80,120"),"") -> 80,120 | AC76: 2 | AD76: 0.5 | AE76: 0.3 | AF76: 2 | AG76: 20
A77: 42011 | B77: {=D77&_xlfn.TEXTJOIN("",1,TEXT(E77:G77,"00"))} -> 1020200 | C77: =_xlfn.TEXTJOIN(",",1,A77:B77) -> 42011,1020200 | D77: 1 | E77: 2 | F77: =W77 -> 2 | G77: 0 | H77: 201101 | I77: =IFERROR(VLOOKUP(H77,monsters[#All],4,0),"") -> 地宫蝙蝠 | J77: {=_xlfn.LET(_xlpm.v6p,ABS(ATAN2(O77,P77))*6/PI(), _xlpm.output,_xlfn.IFS(_xlpm.v6p<1,"正前",_xlpm.v6p>5,"正后",AND(_xlpm.v6p<5,_xlpm.v6p>2,P77<-1),"脚底",_xlpm.v6p>4,"后上",_xlpm.v6p<2,"前上",TRUE,"顶部"), IFERROR(_xlpm.output,""))} -> 后上 | L77: Default | N77: =O77+0&","&P77+0 -> -15,10 | O77: -15 | P77: 10 | Q77: =_xlfn.LET(_xlpm._default,1, _xlpm._custom,R77, IF($A77<>"",IF(_xlpm._custom<>"",_xlpm._custom,_xlpm._default),"")) -> 1 | S77: 10 | T77: =IF(U77<>"", U77+0&","&V77+0,"") -> 1,2 | U77: 1 | V77: 2 | W77: 2 | X77: 11 | Y77: =IF($A77<>"",IF($Z77<>"",$Z77,"0,0"),"") -> 0,0 | AA77: =IF($A77<>"",IF($AB77<>"",$AB77,"80,120"),"") -> 80,120 | AC77: 2 | AD77: 0.5 | AE77: 0.3 | AF77: 2 | AG77: 20
A78: 42011 | B78: {=D78&_xlfn.TEXTJOIN("",1,TEXT(E78:G78,"00"))} -> 1020300 | C78: =_xlfn.TEXTJOIN(",",1,A78:B78) -> 42011,1020300 | D78: 1 | E78: 2 | F78: =W78 -> 3 | G78: 0 | H78: 201101 | I78: =IFERROR(VLOOKUP(H78,monsters[#All],4,0),"") -> 地宫蝙蝠 | J78: {=_xlfn.LET(_xlpm.v6p,ABS(ATAN2(O78,P78))*6/PI(), _xlpm.output,_xlfn.IFS(_xlpm.v6p<1,"正前",_xlpm.v6p>5,"正后",AND(_xlpm.v6p<5,_xlpm.v6p>2,P78<-1),"脚底",_xlpm.v6p>4,"后上",_xlpm.v6p<2,"前上",TRUE,"顶部"), IFERROR(_xlpm.output,""))} -> 后上 | L78: Default | N78: =O78+0&","&P78+0 -> -15,10 | O78: -15 | P78: 10 | Q78: =_xlfn.LET(_xlpm._default,1, _xlpm._custom,R78, IF($A78<>"",IF(_xlpm._custom<>"",_xlpm._custom,_xlpm._default),"")) -> 1 | S78: 10 | T78: =IF(U78<>"", U78+0&","&V78+0,"") -> 1,2 | U78: 1 | V78: 2 | W78: 3 | X78: 11 | Y78: =IF($A78<>"",IF($Z78<>"",$Z78,"0,0"),"") -> 0,0 | AA78: =IF($A78<>"",IF($AB78<>"",$AB78,"80,120"),"") -> 80,120 | AC78: 40 | AD78: 6 | AE78: 0.3 | AF78: 6 | AG78: 200
C79: =_xlfn.TEXTJOIN(",",1,A79:B79) | I79: =IFERROR(VLOOKUP(H79,monsters[#All],4,0),"") | J79: {=_xlfn.LET(_xlpm.v6p,ABS(ATAN2(O79,P79))*6/PI(), _xlpm.output,_xlfn.IFS(_xlpm.v6p<1,"正前",_xlpm.v6p>5,"正后",AND(_xlpm.v6p<5,_xlpm.v6p>2,P79<-1),"脚底",_xlpm.v6p>4,"后上",_xlpm.v6p<2,"前上",TRUE,"顶部"), IFERROR(_xlpm.output,""))} | Q79: =_xlfn.LET(_xlpm._default,1, _xlpm._custom,R79, IF($A79<>"",IF(_xlpm._custom<>"",_xlpm._custom,_xlpm._default),"")) | T79: =IF(U79<>"", U79+0&","&V79+0,"") | Y79: =IF($A79<>"",IF($Z79<>"",$Z79,"0,0"),"") | AA79: =IF($A79<>"",IF($AB79<>"",$AB79,"80,120"),"")
A80: 42011 | B80: {=D80&_xlfn.TEXTJOIN("",1,TEXT(E80:G80,"00"))} -> 4010000 | C80: =_xlfn.TEXTJOIN(",",1,A80:B80) -> 42011,4010000 | D80: 4 | E80: 1 | F80: 0 | G80: 0 | H80: 201107 | I80: =IFERROR(VLOOKUP(H80,monsters[#All],4,0),"") -> 流浪洞穴人 | J80: {=_xlfn.LET(_xlpm.v6p,ABS(ATAN2(O80,P80))*6/PI(), _xlpm.output,_xlfn.IFS(_xlpm.v6p<1,"正前",_xlpm.v6p>5,"正后",AND(_xlpm.v6p<5,_xlpm.v6p>2,P80<-1),"脚底",_xlpm.v6p>4,"后上",_xlpm.v6p<2,"前上",TRUE,"顶部"), IFERROR(_xlpm.output,""))} -> 正前 | L80: Default | N80: =O80+0&","&P80+0 -> 18,-1 | O80: 18 | P80: -1 | Q80: =_xlfn.LET(_xlpm._default,1, _xlpm._custom,R80, IF($A80<>"",IF(_xlpm._custom<>"",_xlpm._custom,_xlpm._default),"")) -> 1 | S80: 3 | T80: =IF(U80<>"", U80+0&","&V80+0,"") -> 1,2 | U80: 1 | V80: 2 | W80: 0 | X80: 11 | Y80: =IF($A80<>"",IF($Z80<>"",$Z80,"0,0"),"") -> 0,0 | AA80: =IF($A80<>"",IF($AB80<>"",$AB80,"80,120"),"") -> 80,120 | AC80: 0.8 | AD80: 1.5 | AE80: 0.6
A81: 42011 | B81: {=D81&_xlfn.TEXTJOIN("",1,TEXT(E81:G81,"00"))} -> 4020001 | C81: =_xlfn.TEXTJOIN(",",1,A81:B81) -> 42011,4020001 | D81: 4 | E81: 2 | F81: 0 | G81: 1 | H81: 201107 | I81: =IFERROR(VLOOKUP(H81,monsters[#All],4,0),"") -> 流浪洞穴人 | J81: {=_xlfn.LET(_xlpm.v6p,ABS(ATAN2(O81,P81))*6/PI(), _xlpm.output,_xlfn.IFS(_xlpm.v6p<1,"正前",_xlpm.v6p>5,"正后",AND(_xlpm.v6p<5,_xlpm.v6p>2,P81<-1),"脚底",_xlpm.v6p>4,"后上",_xlpm.v6p<2,"前上",TRUE,"顶部"), IFERROR(_xlpm.output,""))} -> 正前 | L81: Default | N81: =O81+0&","&P81+0 -> 18,-1 | O81: 18 | P81: -1 | Q81: =_xlfn.LET(_xlpm._default,1, _xlpm._custom,R81, IF($A81<>"",IF(_xlpm._custom<>"",_xlpm._custom,_xlpm._default),"")) -> 1 | T81: =IF(U81<>"", U81+0&","&V81+0,"") | W81: 0 | X81: 11 | Y81: =IF($A81<>"",IF($Z81<>"",$Z81,"0,0"),"") -> 0,0 | AA81: =IF($A81<>"",IF($AB81<>"",$AB81,"80,120"),"") -> 80,120 | AE81: 0.6 | AF81: 2 | AG81: 10.2
A82: 42011 | B82: {=D82&_xlfn.TEXTJOIN("",1,TEXT(E82:G82,"00"))} -> 4020002 | C82: =_xlfn.TEXTJOIN(",",1,A82:B82) -> 42011,4020002 | D82: 4 | E82: 2 | F82: 0 | G82: 2 | H82: 201107 | I82: =IFERROR(VLOOKUP(H82,monsters[#All],4,0),"") -> 流浪洞穴人 | J82: {=_xlfn.LET(_xlpm.v6p,ABS(ATAN2(O82,P82))*6/PI(), _xlpm.output,_xlfn.IFS(_xlpm.v6p<1,"正前",_xlpm.v6p>5,"正后",AND(_xlpm.v6p<5,_xlpm.v6p>2,P82<-1),"脚底",_xlpm.v6p>4,"后上",_xlpm.v6p<2,"前上",TRUE,"顶部"), IFERROR(_xlpm.output,""))} -> 正后 | L82: Default | N82: =O82+0&","&P82+0 -> -14,-1 | O82: -14 | P82: -1 | Q82: =_xlfn.LET(_xlpm._default,1, _xlpm._custom,R82, IF($A82<>"",IF(_xlpm._custom<>"",_xlpm._custom,_xlpm._default),"")) -> 1 | T82: =IF(U82<>"", U82+0&","&V82+0,"") | W82: 0 | X82: 11 | Y82: =IF($A82<>"",IF($Z82<>"",$Z82,"0,0"),"") -> 0,0 | AA82: =IF($A82<>"",IF($AB82<>"",$AB82,"80,120"),"") -> 80,120 | AE82: 0.6 | AF82: 2 | AG82: 6.8
C83: =_xlfn.TEXTJOIN(",",1,A83:B83) | Q83: =_xlfn.LET(_xlpm._default,1, _xlpm._custom,R83, IF($A83<>"",IF(_xlpm._custom<>"",_xlpm._custom,_xlpm._default),"")) | T83: =IF(U83<>"", U83+0&","&V83+0,"") | Y83: =IF($A83<>"","0,0","") | AA83: =IF($A83<>"",IF($AB83<>"",$AB83,"80,120"),"")
C86: =_xlfn.TEXTJOIN(",",1,A86:B86)
C87: =_xlfn.TEXTJOIN(",",1,A87:B87)
A88: 42012 | B88: {=D88&_xlfn.TEXTJOIN("",1,TEXT(E88:G88,"00"))} -> 1010000 | C88: =_xlfn.TEXTJOIN(",",1,A88:B88) -> 42012,1010000 | D88: 1 | E88: 1 | F88: =W88 -> 0 | G88: 0 | H88: 201101 | I88: =IFERROR(VLOOKUP(H88,monsters[#All],4,0),"") -> 地宫蝙蝠 | J88: {=_xlfn.LET(_xlpm.v6p,ABS(ATAN2(O88,P88))*6/PI(), _xlpm.output,_xlfn.IFS(_xlpm.v6p<1,"正前",_xlpm.v6p>5,"正后",AND(_xlpm.v6p<5,_xlpm.v6p>2,P88<-1),"脚底",_xlpm.v6p>4,"后上",_xlpm.v6p<2,"前上",TRUE,"顶部"), IFERROR(_xlpm.output,""))} -> 前上 | L88: Default | N88: =O88+0&","&P88+0 -> 15,10 | O88: 15 | P88: 10 | Q88: =_xlfn.LET(_xlpm._default,1, _xlpm._custom,R88, IF($A88<>"",IF(_xlpm._custom<>"",_xlpm._custom,_xlpm._default),"")) -> 1 | S88: 8 | T88: =IF(U88<>"", U88+0&","&V88+0,"") -> 1,3 | U88: 1 | V88: 3 | W88: 0 | X88: 11 | Y88: =IF($A88<>"",IF($Z88<>"",$Z88,"0,0"),"") -> 65,70 | Z88: 65,70 | AA88: =IF($A88<>"",IF($AB88<>"",$AB88,"80,120"),"") -> 80,120 | AC88: 2 | AD88: 2.5 | AE88: 0.3 | AF88: 3 | AG88: 100
A89: 42012 | B89: {=D89&_xlfn.TEXTJOIN("",1,TEXT(E89:G89,"00"))} -> 1010100 | C89: =_xlfn.TEXTJOIN(",",1,A89:B89) -> 42012,1010100 | D89: 1 | E89: 1 | F89: =W89 -> 1 | G89: 0 | H89: 201101 | I89: =IFERROR(VLOOKUP(H89,monsters[#All],4,0),"") -> 地宫蝙蝠 | J89: {=_xlfn.LET(_xlpm.v6p,ABS(ATAN2(O89,P89))*6/PI(), _xlpm.output,_xlfn.IFS(_xlpm.v6p<1,"正前",_xlpm.v6p>5,"正后",AND(_xlpm.v6p<5,_xlpm.v6p>2,P89<-1),"脚底",_xlpm.v6p>4,"后上",_xlpm.v6p<2,"前上",TRUE,"顶部"), IFERROR(_xlpm.output,""))} -> 前上 | L89: Default | N89: =O89+0&","&P89+0 -> 15,10 | O89: 15 | P89: 10 | Q89: =_xlfn.LET(_xlpm._default,1, _xlpm._custom,R89, IF($A89<>"",IF(_xlpm._custom<>"",_xlpm._custom,_xlpm._default),"")) -> 1 | S89: 4 | T89: =IF(U89<>"", U89+0&","&V89+0,"") -> 1,3 | U89: 1 | V89: 3 | W89: 1 | X89: 11 | Y89: =IF($A89<>"",IF($Z89<>"",$Z89,"0,0"),"") -> 0,0 | AA89: =IF($A89<>"",IF($AB89<>"",$AB89,"80,120"),"") -> 80,120 | AC89: 2 | AD89: 0.5 | AE89: 0.3 | AF89: 2 | AG89: 20
A90: 42012 | B90: {=D90&_xlfn.TEXTJOIN("",1,TEXT(E90:G90,"00"))} -> 1010200 | C90: =_xlfn.TEXTJOIN(",",1,A90:B90) -> 42012,1010200 | D90: 1 | E90: 1 | F90: =W90 -> 2 | G90: 0 | H90: 201101 | I90: =IFERROR(VLOOKUP(H90,monsters[#All],4,0),"") -> 地宫蝙蝠 | J90: {=_xlfn.LET(_xlpm.v6p,ABS(ATAN2(O90,P90))*6/PI(), _xlpm.output,_xlfn.IFS(_xlpm.v6p<1,"正前",_xlpm.v6p>5,"正后",AND(_xlpm.v6p<5,_xlpm.v6p>2,P90<-1),"脚底",_xlpm.v6p>4,"后上",_xlpm.v6p<2,"前上",TRUE,"顶部"), IFERROR(_xlpm.output,""))} -> 前上 | L90: Default | N90: =O90+0&","&P90+0 -> 15,10 | O90: 15 | P90: 10 | Q90: =_xlfn.LET(_xlpm._default,1, _xlpm._custom,R90, IF($A90<>"",IF(_xlpm._custom<>"",_xlpm._custom,_xlpm._default),"")) -> 1 | S90: 4 | T90: =IF(U90<>"", U90+0&","&V90+0,"") -> 1,3 | U90: 1 | V90: 3 | W90: 2 | X90: 11 | Y90: =IF($A90<>"",IF($Z90<>"",$Z90,"0,0"),"") -> 0,0 | AA90: =IF($A90<>"",IF($AB90<>"",$AB90,"80,120"),"") -> 80,120 | AC90: 2 | AD90: 0.5 | AE90: 0.3 | AF90: 2 | AG90: 20
A91: 42012 | B91: {=D91&_xlfn.TEXTJOIN("",1,TEXT(E91:G91,"00"))} -> 1010300 | C91: =_xlfn.TEXTJOIN(",",1,A91:B91) -> 42012,1010300 | D91: 1 | E91: 1 | F91: =W91 -> 3 | G91: 0 | H91: 201101 | I91: =IFERROR(VLOOKUP(H91,monsters[#All],4,0),"") -> 地宫蝙蝠 | J91: {=_xlfn.LET(_xlpm.v6p,ABS(ATAN2(O91,P91))*6/PI(), _xlpm.output,_xlfn.IFS(_xlpm.v6p<1,"正前",_xlpm.v6p>5,"正后",AND(_xlpm.v6p<5,_xlpm.v6p>2,P91<-1),"脚底",_xlpm.v6p>4,"后上",_xlpm.v6p<2,"前上",TRUE,"顶部"), IFERROR(_xlpm.output,""))} -> 前上 | L91: Default | N91: =O91+0&","&P91+0 -> 15,10 | O91: 15 | P91: 10 | Q91: =_xlfn.LET(_xlpm._default,1, _xlpm._custom,R91, IF($A91<>"",IF(_xlpm._custom<>"",_xlpm._custom,_xlpm._default),"")) -> 1 | S91: 12 | T91: =IF(U91<>"", U91+0&","&V91+0,"") -> 1,3 | U91: 1 | V91: 3 | W91: 3 | X91: 11 | Y91: =IF($A91<>"",IF($Z91<>"",$Z91,"0,0"),"") -> 0,0 | AA91: =IF($A91<>"",IF($AB91<>"",$AB91,"80,120"),"") -> 80,120 | AC91: 12 | AD91: 8 | AE91: 0.3 | AF91: 6 | AG91: 200
C92: =_xlfn.TEXTJOIN(",",1,A92:B92) | I92: =IFERROR(VLOOKUP(H92,monsters[#All],4,0),"") | J92: {=_xlfn.LET(_xlpm.v6p,ABS(ATAN2(O92,P92))*6/PI(), _xlpm.output,_xlfn.IFS(_xlpm.v6p<1,"正前",_xlpm.v6p>5,"正后",AND(_xlpm.v6p<5,_xlpm.v6p>2,P92<-1),"脚底",_xlpm.v6p>4,"后上",_xlpm.v6p<2,"前上",TRUE,"顶部"), IFERROR(_xlpm.output,""))} | Q92: =_xlfn.LET(_xlpm._default,1, _xlpm._custom,R92, IF($A92<>"",IF(_xlpm._custom<>"",_xlpm._custom,_xlpm._default),"")) | T92: =IF(U92<>"", U92+0&","&V92+0,"") | Y92: =IF($A92<>"",IF($Z92<>"",$Z92,"0,0"),"") | AA92: =IF($A92<>"",IF($AB92<>"",$AB92,"80,120"),"")
A93: 42012 | B93: {=D93&_xlfn.TEXTJOIN("",1,TEXT(E93:G93,"00"))} -> 1020000 | C93: =_xlfn.TEXTJOIN(",",1,A93:B93) -> 42012,1020000 | D93: 1 | E93: 2 | F93: =W93 -> 0 | G93: 0 | H93: 201101 | I93: =IFERROR(VLOOKUP(H93,monsters[#All],4,0),"") -> 地宫蝙蝠 | J93: {=_xlfn.LET(_xlpm.v6p,ABS(ATAN2(O93,P93))*6/PI(), _xlpm.output,_xlfn.IFS(_xlpm.v6p<1,"正前",_xlpm.v6p>5,"正后",AND(_xlpm.v6p<5,_xlpm.v6p>2,P93<-1),"脚底",_xlpm.v6p>4,"后上",_xlpm.v6p<2,"前上",TRUE,"顶部"), IFERROR(_xlpm.output,""))} -> 后上 | L93: Default | N93: =O93+0&","&P93+0 -> -15,10 | O93: -15 | P93: 10 | Q93: =_xlfn.LET(_xlpm._default,1, _xlpm._custom,R93, IF($A93<>"",IF(_xlpm._custom<>"",_xlpm._custom,_xlpm._default),"")) -> 1 | S93: 12 | T93: =IF(U93<>"", U93+0&","&V93+0,"") -> 1,3 | U93: 1 | V93: 3 | W93: 0 | X93: 11 | Y93: =IF($A93<>"",IF($Z93<>"",$Z93,"0,0"),"") -> 35,40 | Z93: 35,40 | AA93: =IF($A93<>"",IF($AB93<>"",$AB93,"80,120"),"") -> 80,120 | AC93: 2 | AD93: 2 | AE93: 0.3 | AF93: 4 | AG93: 100
A94: 42012 | B94: {=D94&_xlfn.TEXTJOIN("",1,TEXT(E94:G94,"00"))} -> 1020100 | C94: =_xlfn.TEXTJOIN(",",1,A94:B94) -> 42012,1020100 | D94: 1 | E94: 2 | F94: =W94 -> 1 | G94: 0 | H94: 201101 | I94: =IFERROR(VLOOKUP(H94,monsters[#All],4,0),"") -> 地宫蝙蝠 | J94: {=_xlfn.LET(_xlpm.v6p,ABS(ATAN2(O94,P94))*6/PI(), _xlpm.output,_xlfn.IFS(_xlpm.v6p<1,"正前",_xlpm.v6p>5,"正后",AND(_xlpm.v6p<5,_xlpm.v6p>2,P94<-1),"脚底",_xlpm.v6p>4,"后上",_xlpm.v6p<2,"前上",TRUE,"顶部"), IFERROR(_xlpm.output,""))} -> 后上 | L94: Default | N94: =O94+0&","&P94+0 -> -15,10 | O94: -15 | P94: 10 | Q94: =_xlfn.LET(_xlpm._default,1, _xlpm._custom,R94, IF($A94<>"",IF(_xlpm._custom<>"",_xlpm._custom,_xlpm._default),"")) -> 1 | S94: 4 | T94: =IF(U94<>"", U94+0&","&V94+0,"") -> 1,3 | U94: 1 | V94: 3 | W94: 1 | X94: 11 | Y94: =IF($A94<>"",IF($Z94<>"",$Z94,"0,0"),"") -> 0,0 | AA94: =IF($A94<>"",IF($AB94<>"",$AB94,"80,120"),"") -> 80,120 | AC94: 2 | AD94: 0.5 | AE94: 0.3 | AF94: 2 | AG94: 20
A95: 42012 | B95: {=D95&_xlfn.TEXTJOIN("",1,TEXT(E95:G95,"00"))} -> 1020200 | C95: =_xlfn.TEXTJOIN(",",1,A95:B95) -> 42012,1020200 | D95: 1 | E95: 2 | F95: =W95 -> 2 | G95: 0 | H95: 201101 | I95: =IFERROR(VLOOKUP(H95,monsters[#All],4,0),"") -> 地宫蝙蝠 | J95: {=_xlfn.LET(_xlpm.v6p,ABS(ATAN2(O95,P95))*6/PI(), _xlpm.output,_xlfn.IFS(_xlpm.v6p<1,"正前",_xlpm.v6p>5,"正后",AND(_xlpm.v6p<5,_xlpm.v6p>2,P95<-1),"脚底",_xlpm.v6p>4,"后上",_xlpm.v6p<2,"前上",TRUE,"顶部"), IFERROR(_xlpm.output,""))} -> 后上 | L95: Default | N95: =O95+0&","&P95+0 -> -15,10 | O95: -15 | P95: 10 | Q95: =_xlfn.LET(_xlpm._default,1, _xlpm._custom,R95, IF($A95<>"",IF(_xlpm._custom<>"",_xlpm._custom,_xlpm._default),"")) -> 1 | S95: 20 | T95: =IF(U95<>"", U95+0&","&V95+0,"") -> 1,3 | U95: 1 | V95: 3 | W95: 2 | X95: 11 | Y95: =IF($A95<>"",IF($Z95<>"",$Z95,"0,0"),"") -> 0,0 | AA95: =IF($A95<>"",IF($AB95<>"",$AB95,"80,120"),"") -> 80,120 | AC95: 2 | AD95: 0.5 | AE95: 0.3 | AF95: 2 | AG95: 20
A96: 42012 | B96: {=D96&_xlfn.TEXTJOIN("",1,TEXT(E96:G96,"00"))} -> 1020300 | C96: =_xlfn.TEXTJOIN(",",1,A96:B96) -> 42012,1020300 | D96: 1 | E96: 2 | F96: =W96 -> 3 | G96: 0 | H96: 201101 | I96: =IFERROR(VLOOKUP(H96,monsters[#All],4,0),"") -> 地宫蝙蝠 | J96: {=_xlfn.LET(_xlpm.v6p,ABS(ATAN2(O96,P96))*6/PI(), _xlpm.output,_xlfn.IFS(_xlpm.v6p<1,"正前",_xlpm.v6p>5,"正后",AND(_xlpm.v6p<5,_xlpm.v6p>2,P96<-1),"脚底",_xlpm.v6p>4,"后上",_xlpm.v6p<2,"前上",TRUE,"顶部"), IFERROR(_xlpm.output,""))} -> 后上 | L96: Default | N96: =O96+0&","&P96+0 -> -15,10 | O96: -15 | P96: 10 | Q96: =_xlfn.LET(_xlpm._default,1, _xlpm._custom,R96, IF($A96<>"",IF(_xlpm._custom<>"",_xlpm._custom,_xlpm._default),"")) -> 1 | S96: 20 | T96: =IF(U96<>"", U96+0&","&V96+0,"") -> 1,3 | U96: 1 | V96: 3 | W96: 3 | X96: 11 | Y96: =IF($A96<>"",IF($Z96<>"",$Z96,"0,0"),"") -> 0,0 | AA96: =IF($A96<>"",IF($AB96<>"",$AB96,"80,120"),"") -> 80,120 | AC96: 40 | AD96: 6 | AE96: 0.3 | AF96: 6 | AG96: 200
C97: =_xlfn.TEXTJOIN(",",1,A97:B97) | I97: =IFERROR(VLOOKUP(H97,monsters[#All],4,0),"") | J97: {=_xlfn.LET(_xlpm.v6p,ABS(ATAN2(O97,P97))*6/PI(), _xlpm.output,_xlfn.IFS(_xlpm.v6p<1,"正前",_xlpm.v6p>5,"正后",AND(_xlpm.v6p<5,_xlpm.v6p>2,P97<-1),"脚底",_xlpm.v6p>4,"后上",_xlpm.v6p<2,"前上",TRUE,"顶部"), IFERROR(_xlpm.output,""))} | Q97: =_xlfn.LET(_xlpm._default,1, _xlpm._custom,R97, IF($A97<>"",IF(_xlpm._custom<>"",_xlpm._custom,_xlpm._default),"")) | T97: =IF(U97<>"", U97+0&","&V97+0,"") | Y97: =IF($A97<>"",IF($Z97<>"",$Z97,"0,0"),"") | AA97: =IF($A97<>"",IF($AB97<>"",$AB97,"80,120"),"")
A98: 42012 | B98: {=D98&_xlfn.TEXTJOIN("",1,TEXT(E98:G98,"00"))} -> 3010000 | C98: =_xlfn.TEXTJOIN(",",1,A98:B98) -> 42012,3010000 | D98: 3 | E98: 1 | F98: 0 | G98: 0 | H98: 201103 | I98: =IFERROR(VLOOKUP(H98,monsters[#All],4,0),"") -> 跳虫 | J98: {=_xlfn.LET(_xlpm.v6p,ABS(ATAN2(O98,P98))*6/PI(), _xlpm.output,_xlfn.IFS(_xlpm.v6p<1,"正前",_xlpm.v6p>5,"正后",AND(_xlpm.v6p<5,_xlpm.v6p>2,P98<-1),"脚底",_xlpm.v6p>4,"后上",_xlpm.v6p<2,"前上",TRUE,"顶部"), IFERROR(_xlpm.output,""))} -> 正后 | L98: Default | N98: =O98+0&","&P98+0 -> -14,-1 | O98: -14 | P98: -1 | Q98: =_xlfn.LET(_xlpm._default,1, _xlpm._custom,R98, IF($A98<>"",IF(_xlpm._custom<>"",_xlpm._custom,_xlpm._default),"")) -> 1 | S98: 4 | W98: 0 | X98: 11 | Y98: =IF($A98<>"",IF($Z98<>"",$Z98,"0,0"),"") -> 0,0 | AA98: =IF($A98<>"",IF($AB98<>"",$AB98,"80,120"),"") -> 100,220 | AB98: ="100,220" -> 100,220 | AC98: 1.44 | AD98: 0.075 | AE98: 0.25 | AF98: 2 | AG98: 3
A99: 42012 | B99: {=D99&_xlfn.TEXTJOIN("",1,TEXT(E99:G99,"00"))} -> 3020000 | C99: =_xlfn.TEXTJOIN(",",1,A99:B99) -> 42012,3020000 | D99: 3 | E99: 2 | F99: 0 | G99: 0 | H99: 201103 | I99: =IFERROR(VLOOKUP(H99,monsters[#All],4,0),"") -> 跳虫 | J99: {=_xlfn.LET(_xlpm.v6p,ABS(ATAN2(O99,P99))*6/PI(), _xlpm.output,_xlfn.IFS(_xlpm.v6p<1,"正前",_xlpm.v6p>5,"正后",AND(_xlpm.v6p<5,_xlpm.v6p>2,P99<-1),"脚底",_xlpm.v6p>4,"后上",_xlpm.v6p<2,"前上",TRUE,"顶部"), IFERROR(_xlpm.output,""))} -> 正前 | L99: Default | N99: =O99+0&","&P99+0 -> 14,-1 | O99: 14 | P99: -1 | Q99: =_xlfn.LET(_xlpm._default,1, _xlpm._custom,R99, IF($A99<>"",IF(_xlpm._custom<>"",_xlpm._custom,_xlpm._default),"")) -> 1 | S99: 4 | W99: 0 | X99: 11 | Y99: =IF($A99<>"",IF($Z99<>"",$Z99,"0,0"),"") -> 0,0 | AA99: =IF($A99<>"",IF($AB99<>"",$AB99,"80,120"),"") -> 100,220 | AB99: ="100,220" -> 100,220 | AC99: 1.48 | AD99: 0.082 | AE99: 0.25 | AF99: 2 | AG99: 3
A100: 42012 | B100: {=D100&_xlfn.TEXTJOIN("",1,TEXT(E100:G100,"00"))} -> 3030001 | C100: =_xlfn.TEXTJOIN(",",1,A100:B100) -> 42012,3030001 | D100: 3 | E100: 3 | F100: 0 | G100: 1 | H100: 201103 | I100: =IFERROR(VLOOKUP(H100,monsters[#All],4,0),"") -> 跳虫 | J100: {=_xlfn.LET(_xlpm.v6p,ABS(ATAN2(O100,P100))*6/PI(), _xlpm.output,_xlfn.IFS(_xlpm.v6p<1,"正前",_xlpm.v6p>5,"正后",AND(_xlpm.v6p<5,_xlpm.v6p>2,P100<-1),"脚底",_xlpm.v6p>4,"后上",_xlpm.v6p<2,"前上",TRUE,"顶部"), IFERROR(_xlpm.output,""))} -> 顶部 | L100: Default | N100: =O100+0&","&P100+0 -> 3,12 | O100: 3 | P100: 12 | Q100: =_xlfn.LET(_xlpm._default,1, _xlpm._custom,R100, IF($A100<>"",IF(_xlpm._custom<>"",_xlpm._custom,_xlpm._default),"")) -> 1 | S100: 4 | W100: 0 | X100: 11 | Y100: =IF($A100<>"",IF($Z100<>"",$Z100,"0,0"),"") -> 0,0 | AA100: =IF($A100<>"",IF($AB100<>"",$AB100,"80,120"),"") -> 100,220 | AB100: ="100,220" -> 100,220 | AC100: 0.88 | AD100: 0.051 | AE100: 0.25 | AF100: 2 | AG100: 3
C101: =_xlfn.TEXTJOIN(",",1,A101:B101) | I101: =IFERROR(VLOOKUP(H101,monsters[#All],4,0),"") | J101: {=_xlfn.LET(_xlpm.v6p,ABS(ATAN2(O101,P101))*6/PI(), _xlpm.output,_xlfn.IFS(_xlpm.v6p<1,"正前",_xlpm.v6p>5,"正后",AND(_xlpm.v6p<5,_xlpm.v6p>2,P101<-1),"脚底",_xlpm.v6p>4,"后上",_xlpm.v6p<2,"前上",TRUE,"顶部"), IFERROR(_xlpm.output,""))} | Q101: =_xlfn.LET(_xlpm._default,1, _xlpm._custom,R101, IF($A101<>"",IF(_xlpm._custom<>"",_xlpm._custom,_xlpm._default),"")) | T101: =IF(U101<>"", U101+0&","&V101+0,"") | Y101: =IF($A101<>"",IF($Z101<>"",$Z101,"0,0"),"") | AA101: =IF($A101<>"",IF($AB101<>"",$AB101,"80,120"),"")
A102: 42012 | B102: {=D102&_xlfn.TEXTJOIN("",1,TEXT(E102:G102,"00"))} -> 4010000 | C102: =_xlfn.TEXTJOIN(",",1,A102:B102) -> 42012,4010000 | D102: 4 | E102: 1 | F102: 0 | G102: 0 | H102: 201107 | I102: =IFERROR(VLOOKUP(H102,monsters[#All],4,0),"") -> 流浪洞穴人 | J102: {=_xlfn.LET(_xlpm.v6p,ABS(ATAN2(O102,P102))*6/PI(), _xlpm.output,_xlfn.IFS(_xlpm.v6p<1,"正前",_xlpm.v6p>5,"正后",AND(_xlpm.v6p<5,_xlpm.v6p>2,P102<-1),"脚底",_xlpm.v6p>4,"后上",_xlpm.v6p<2,"前上",TRUE,"顶部"), IFERROR(_xlpm.output,""))} -> 正前 | L102: Default | N102: =O102+0&","&P102+0 -> 18,-1 | O102: 18 | P102: -1 | Q102: =_xlfn.LET(_xlpm._default,1, _xlpm._custom,R102, IF($A102<>"",IF(_xlpm._custom<>"",_xlpm._custom,_xlpm._default),"")) -> 1 | S102: 28 | T102: =IF(U102<>"", U102+0&","&V102+0,"") -> 2,3 | U102: 2 | V102: 3 | W102: 0 | X102: 11 | Y102: =IF($A102<>"",IF($Z102<>"",$Z102,"0,0"),"") -> 0,0 | AA102: =IF($A102<>"",IF($AB102<>"",$AB102,"80,120"),"") -> 80,120 | AC102: 0.8 | AD102: 1.5 | AE102: 0.6
...

Sheet -配置辅助
H5: Config
B6: 怪物id | C6: 怪物名称 | D6: 备注1 地区 | E6: 备注2 名称 | F6: HP | H6: key | I6: value | J6: 单位 | M6: 世界 | N6: 色号
B7: 201101 | C7: enemy_201101 | D7: 地宫 | E7: 地宫蝙蝠 | F7: 26 | H7: 基础关卡长度 | I7: 300 | J7: unity unit | M7: 地宫 | N7: #D0CECE
B8: 201102 | C8: enemy_201102 | D8: 地宫 | E8: 自爆甲虫 | F8: 2 | H8: 稳态.单位距离 | I8: 100 | J8: unity unit | M8: 树梢 | N8: #FFC9FF
B9: 201103 | C9: enemy_201103 | D9: 地宫 | E9: 跳虫 | F9: 44 | H9: 稳态.基础速度 | I9: 6 | J9: unit / sec | M9: 荒漠 | N9: #FFE699
B10: 201104 | C10: enemy_201104 | D10: 地宫 | E10: 地宫洞穴人 | F10: 66 | H10: 稳态.单位时间 | I10: =I8/I9 -> 16.666667 | J10: sec | M10: 大湖 | N10: #B4C6E7
B11: 201105 | C11: enemy_201105 | D11: 地宫 | E11: 跳虫骑手 | F11: 55
B12: 201106 | C12: enemy_201106 | D12: 地宫 | E12: 蝙蝠骑手 | F12: 33
B13: 201107 | C13: enemy_201107 | D13: 地宫 | E13: 流浪洞穴人 | F13: 44
B14: 201108 | C14: enemy_201108 | D14: 地宫 | E14: 纵火洞穴人 | F14: 52
B15: 201109 | C15: enemy_201109 | D15: 地宫 | E15: 暴徒洞穴人 | F15: 59 | H15: Purchasing Enemy
H16: 追兵等级 | I16: 临界速度 | J16: 最大值速度 | K16: 生成速率
B17: 201401 | C17: enemy_201401 | D17: 树梢 | E17: 古灯 | F17: -1 | H17: 1 | I17: 2.6 | J17: 0.5 | K17: 0.6
B18: 201402 | C18: enemy_201402 | D18: 树梢 | E18: 毒刺果实丛 | F18: -1 | H18: 2 | I18: 3.2 | J18: 1 | K18: 0.8
B19: 201403 | C19: enemy_201403 | D19: 树梢 | E19: 毒刺果实 | F19: -1 | H19: 3 | I19: 3.8 | J19: 1.5 | K19: 1
B20: 201404 | C20: enemy_201404 | D20: 树梢 | E20: 画中仙 | F20: -1 | H20: 4 | I20: 4.4 | J20: 2 | K20: 1.2
B21: 201405 | C21: enemy_201405 | D21: 树梢 | E21: 鱼妖 | F21: 10 | H21: 5 | I21: 5 | J21: 2.5 | K21: 1.4
B22: 201406 | C22: enemy_201406 | D22: 树梢 | E22: 鬼瓮 | F22: 1
B23: 201407 | C23: enemy_201407 | D23: 树梢 | E23: 鬼狰 | F23: 6
B24: 201408 | C24: enemy_201408 | D24: 树梢 | E24: 铁针鸟 | F24: -1
B25: 201409 | C25: enemy_201409 | D25: 树梢 | E25: 密林松鼠 | F25: -1
B26: 201410 | C26: enemy_201410 | D26: 树梢 | E26: 暴躁金尾猴 | F26: -1
B27: 201411 | C27: enemy_201411 | D27: 树梢 | E27: 祖蜂 | F27: -1
B28: 201412 | C28: enemy_201412 | D28: 树梢 | E28: 幼祖蜂 | F28: -1
B29: 201413 | C29: enemy_201413 | D29: 树梢 | E29: 春花雀（蓝） | F29: -1
B30: 201414 | C30: enemy_201414 | D30: 树梢 | E30: 春花雀（红） | F30: -1
B31: 201415 | C31: enemy_201415 | D31: 树梢 | E31: 春花雀（黄） | F31: -1
B32: 201416 | C32: enemy_201416 | D32: 树梢 | E32: 绿枝粟粟民 | F32: -1
B33: 201417 | C33: enemy_201417 | D33: 树梢 | E33: 悬铃粟粟民 | F33: -1
... B73: 211112 | C73: enemy_211112 | D73: 地宫 | E73: 地宫装甲车-远程 | F73: -1
F74: -1
B75: 219999 | C75: enemy_219999 | D75: 地宫 | E75: 测试敌人车 | F75: -1
F76: -1
B77: 209000 | C77: enemy_209000 | E77: 测试蝙蝠 | F77: -1
B78: 209001 | C78: enemy_209001 | E78: 测试蝙蝠_盘旋 | F78: -1

Sheet -id 配置说明
A1: 第1位 | B1: 第2位 | C1: 第3位 | D1: 第4位 | E1: 第5位 | F1: 第6位 | G1: 第7位 | H1: 第8位
A2: 42 = scene | C2: 01 = 地宫关卡 | E2: 00 = 初始场景固定怪与追兵 | G2: 00~99 难度细分编号
C3: 04 = 树梢关卡 | E3: 01-49 = 普通怪
C4: 07 = 荒漠关卡 | E4: 50-79 = 精英怪
C5: 08 = 大湖关卡 | E5: 80-99 = Boss
C8: 99 = Demo大湖关卡 | E8: 01 = 关卡场景1 怪物组
E9: 02 = 关卡场景2 怪物组
E10: 03 = 关卡场景3 怪物组
E11: 04 = 关卡场景4 怪物组 | G11: 01 = 段1 似目草前
G12: 02 = 段2 似目草100m
G13: 03 = 段1 似目草后
E14: 05 = 关卡场景5 怪物组 | G14: 01 = 段1 似目草前
G15: 02 = 段2 似目草200m
G16: 03 = 段1 似目草后
E17: 06 = 关卡场景6 怪物组
