Workbook

Sheet battle_data
A1: id | E1: armor_piercing | F1: critical_chance | G1: critical_rate | K1: hp | L1: def | O1: k_hurt
A2: uint key | E2: int | F2: int | G2: int | K2: int | L2: int | O2: dict<string,int>
A3: 设备id | B3: 备注 设备名称 | C3: 备注 设备等级 | D3: 备注 设备宽度 | E3: 护甲穿透 千分比配置 1000=100% | F3: 暴击率 千分比配置 1000=100% | G3: 暴击伤害 千分比配置 1000=100% 配置值不应低于1000 | I3: 查询地址 (表名) | J3: 生存等级 | K3: 血量 | L3: 减伤 | M3: 等效血量 | N3: 设定 base血量 | O3: 伤害修正
A4: 1210101 | B4: 硬木车轮 | C4: =IF(A4>=10000000,MOD(A4,10),"模板") -> 模板 | D4: 模板 | G4: 1000 | K4: 2400 | L4: 2
A5: 12101011 | B5: 硬木车轮 Lv.1 | C5: =IF(A5>=10000000,MOD(A5,10),"模板") -> 1 | D5: 0 | G5: 1000 | K5: 2400 | L5: 2
A6: 12101012 | B6: 硬木车轮 Lv.2 | C6: =IF(A6>=10000000,MOD(A6,10),"模板") -> 2 | D6: 0 | G6: 1000 | K6: 2400 | L6: 2
A7: 12101013 | B7: 硬木车轮 Lv.3 | C7: =IF(A7>=10000000,MOD(A7,10),"模板") -> 3 | D7: 0 | G7: 1000 | K7: 2400 | L7: 2
A8: 12101019 | B8: 旧木车轮 | C8: 0 | D8: 0 | G8: 1000 | K8: 2400 | L8: 2
A9: 1210102 | B9: 履带 | C9: =IF(A9>=10000000,MOD(A9,10),"模板") -> 模板 | D9: 模板 | G9: 1000 | K9: 5100 | L9: 9
A10: 12101022 | B10: 履带 Lv.2 | C10: =IF(A10>=10000000,MOD(A10,10),"模板") -> 2 | D10: 0 | G10: 1000 | K10: 5100 | L10: 9
A11: 12101023 | B11: 履带 Lv.3 | C11: =IF(A11>=10000000,MOD(A11,10),"模板") -> 3 | D11: 0 | G11: 1000 | K11: 5100 | L11: 9
A12: 12101024 | B12: 履带 Lv.4 | C12: =IF(A12>=10000000,MOD(A12,10),"模板") -> 4 | D12: 0 | G12: 1000 | K12: 5100 | L12: 9
A13: 1211801 | B13: 救生圈 | G13: 1000 | K13: 1500 | L13: 0
A14: 120000002 | B14: 笨重石轮 | G14: 1000 | K14: 2400 | L14: 0
A15: 120000003 | B15: 坚固铁轮 | G15: 1000 | K15: 2400 | L15: 0
A16: 120000004 | B16: 凝胶车轮 | G16: 1000 | K16: 2400 | L16: 0
A17: 120000006 | B17: 废弃轮胎 | G17: 1000 | K17: 2400 | L17: 0
A18: 120000007 | B18: 推进车轮 | G18: 1000 | K18: 2400 | L18: 2
A19: 120000008 | B19: 喷火车轮 | G19: 1000 | K19: 2400 | L19: 2
A21: 1310101 | B21: 短匕 | E21: 250 | F21: 300 | G21: 2500 | K21: 3300 | L21: 2
A22: 1310102 | B22: 砍刀 | E22: 0 | F22: 150 | G22: 2000 | K22: 3900 | L22: 3
A23: 1310103 | B23: 大剑 | E23: 0 | F23: 100 | G23: 2000 | K23: 4500 | L23: 5
A24: 1310104 | B24: 长矛 | E24: 250 | F24: 200 | G24: 2000 | K24: 3900 | L24: 3
A25: 1310105 | B25: 充气球棒 | C25: =IF(A25>=10000000,MOD(A25,10),"模板") -> 模板 | D25: 模板 | E25: 0 | F25: 600 | G25: 1010 | Q25: 表名 | R25: 生存等级-列
A26: 13101050 | B26: 充气球棒 Lv.0 | C26: =IF(A26>=10000000,MOD(A26,10),"模板") -> 0 | D26: 1 | E26: 0 | F26: 600 | G26: 1000 | I26: melee_logic | J26: {=_xlfn.XLOOKUP(A26,INDIRECT($I26&"!C1",0),INDIRECT(_xlfn.CONCAT($I26,"!C",_xlfn.XLOOKUP(I26,tb_sheetField[表名],tb_sheetField[生存等级-列])),0))} -> -1.5 | K26: =MROUND(M26/(1+L26*0.01),10) -> 1210 | L26: -10 | M26: =$N26*1.5^$J26 -> 1088.6621 | N26: 2000 | Q26: melee_logic | R26: =COLUMN(melee_logic!$BG$3) -> 59
A27: 13101051 | B27: 充气球棒 Lv.1 | C27: =IF(A27>=10000000,MOD(A27,10),"模板") -> 1 | D27: 1 | E27: 0 | F27: 600 | G27: 1000 | I27: melee_logic | J27: {=_xlfn.XLOOKUP(A27,INDIRECT($I27&"!C1",0),INDIRECT(_xlfn.CONCAT($I27,"!C",_xlfn.XLOOKUP(I27,tb_sheetField[表名],tb_sheetField[生存等级-列])),0))} -> 0.9 | K27: =MROUND(M27/(1+L27*0.01),10) -> 3030 | L27: -5 | M27: =$N27*1.5^$J27 -> 2880.7935 | N27: 2000 | Q27: fire_logic | R27: =COLUMN(fire_logic!$BM$3) -> 65
A28: 1310106 | B28: 圆锯 | C28: =IF(A28>=10000000,MOD(A28,10),"模板") -> 模板 | D28: 模板 | E28: 200 | F28: 200 | G28: 1050 | Q28: other_logic | R28: =COLUMN(other_logic!$AU$3) -> 47
A29: 13101061 | B29: 圆锯 Lv.1 | C29: =IF(A29>=10000000,MOD(A29,10),"模板") -> 1 | D29: 1 | E29: 200 | F29: 200 | G29: 1050 | I29: other_logic | J29: {=_xlfn.XLOOKUP(A29,INDIRECT($I29&"!C1",0),INDIRECT(_xlfn.CONCAT($I29,"!C",_xlfn.XLOOKUP(I29,tb_sheetField[表名],tb_sheetField[生存等级-列])),0))} -> 1.23 | K29: =MROUND(M29/(1+L29*0.01),10) -> 1500 | L29: 120 | M29: =$N29*1.5^$J29 -> 3293.2314 | N29: 2000 | Q29: ram_logic | R29: =COLUMN(ram_logic!$AF$3) -> 32
A30: 13101062 | B30: 圆锯 Lv.2 | C30: =IF(A30>=10000000,MOD(A30,10),"模板") -> 2 | D30: 1 | E30: 200 | F30: 200 | G30: 1050 | I30: other_logic | J30: {=_xlfn.XLOOKUP(A30,INDIRECT($I30&"!C1",0),INDIRECT(_xlfn.CONCAT($I30,"!C",_xlfn.XLOOKUP(I30,tb_sheetField[表名],tb_sheetField[生存等级-列])),0))} -> 2.06 | K30: =MROUND(M30/(1+L30*0.01),10) -> 1770 | L30: 160 | M30: =$N30*1.5^$J30 -> 4610.8181 | N30: 2000
A31: 13101063 | B31: 圆锯 Lv.3 | C31: =IF(A31>=10000000,MOD(A31,10),"模板") -> 3 | D31: 1 | E31: 200 | F31: 200 | G31: 1050 | I31: other_logic | J31: {=_xlfn.XLOOKUP(A31,INDIRECT($I31&"!C1",0),INDIRECT(_xlfn.CONCAT($I31,"!C",_xlfn.XLOOKUP(I31,tb_sheetField[表名],tb_sheetField[生存等级-列])),0))} -> 2.9 | K31: =MROUND(M31/(1+L31*0.01),10) -> 2160 | L31: 200 | M31: =$N31*1.5^$J31 -> 6481.7854 | N31: 2000
A32: 13101064 | B32: 圆锯 Lv.4 | C32: =IF(A32>=10000000,MOD(A32,10),"模板") -> 4 | D32: 1 | E32: 200 | F32: 200 | G32: 1050 | I32: other_logic | J32: {=_xlfn.XLOOKUP(A32,INDIRECT($I32&"!C1",0),INDIRECT(_xlfn.CONCAT($I32,"!C",_xlfn.XLOOKUP(I32,tb_sheetField[表名],tb_sheetField[生存等级-列])),0))} -> 3.79 | K32: =MROUND(M32/(1+L32*0.01),10) -> 2730 | L32: 240 | M32: =$N32*1.5^$J32 -> 9298.5636 | N32: 2000
A33: 1310107 | B33: 双刃铡刀 | C33: =IF(A33>=10000000,MOD(A33,10),"模板") -> 模板 | D33: 模板 | E33: 0 | F33: 80 | G33: 1300
A34: 13101070 | B34: 双刃铡刀 Lv.0 | C34: =IF(A34>=10000000,MOD(A34,10),"模板") -> 0 | D34: 1 | E34: 0 | F34: 80 | G34: 1300 | I34: melee_logic | J34: {=_xlfn.XLOOKUP(A34,INDIRECT($I34&"!C1",0),INDIRECT(_xlfn.CONCAT($I34,"!C",_xlfn.XLOOKUP(I34,tb_sheetField[表名],tb_sheetField[生存等级-列])),0))} -> 0 | K34: =MROUND(M34/(1+L34*0.01),10) -> 1820 | L34: 10 | M34: =$N34*1.5^$J34 -> 2000 | N34: 2000
A35: 13101071 | B35: 双刃铡刀 Lv.1 | C35: =IF(A35>=10000000,MOD(A35,10),"模板") -> 1 | D35: 1 | E35: 0 | F35: 80 | G35: 1300 | I35: melee_logic | J35: {=_xlfn.XLOOKUP(A35,INDIRECT($I35&"!C1",0),INDIRECT(_xlfn.CONCAT($I35,"!C",_xlfn.XLOOKUP(I35,tb_sheetField[表名],tb_sheetField[生存等级-列])),0))} -> 0.67 | K35: =MROUND(M35/(1+L35*0.01),10) -> 2190 | L35: 20 | M35: =$N35*1.5^$J35 -> 2624.2859 | N35: 2000
A36: 13101072 | B36: 双刃铡刀 Lv.2 | C36: =IF(A36>=10000000,MOD(A36,10),"模板") -> 2 | D36: 1 | E36: 0 | F36: 80 | G36: 1300 | I36: melee_logic | J36: {=_xlfn.XLOOKUP(A36,INDIRECT($I36&"!C1",0),INDIRECT(_xlfn.CONCAT($I36,"!C",_xlfn.XLOOKUP(I36,tb_sheetField[表名],tb_sheetField[生存等级-列])),0))} -> 1.54 | K36: =MROUND(M36/(1+L36*0.01),10) -> 2670 | L36: 40 | M36: =$N36*1.5^$J36 -> 3734.3114 | N36: 2000
A37: 13101073 | B37: 双刃铡刀 Lv.3 | C37: =IF(A37>=10000000,MOD(A37,10),"模板") -> 3 | D37: 1 | E37: 0 | F37: 80 | G37: 1300 | I37: melee_logic | J37: {=_xlfn.XLOOKUP(A37,INDIRECT($I37&"!C1",0),INDIRECT(_xlfn.CONCAT($I37,"!C",_xlfn.XLOOKUP(I37,tb_sheetField[表名],tb_sheetField[生存等级-列])),0))} -> 2.58 | K37: =MROUND(M37/(1+L37*0.01),10) -> 3160 | L37: 80 | M37: =$N37*1.5^$J37 -> 5693.0558 | N37: 2000
A38: 1311101 | B38: 执刑钉棍 | E38: 600 | F38: 100 | G38: 2000 | K38: 3900 | L38: 3
A39: 1311102 | B39: 执刑斧钺 | E39: 550 | F39: 100 | G39: 2000 | K39: 4500 | L39: 5
A40: 1311801 | B40: 短柄渔叉 | E40: 500 | F40: 150 | G40: 3000 | K40: 3900 | L40: 3
A41: 1311802 | B41: 海妖触手 | E41: 350 | F41: 0 | G41: 1500 | K41: 3900 | L41: 3
A42: 1319001 | B42: AMY棍棒 | E42: 600 | F42: 100 | G42: 2000 | K42: 3900 | L42: 3
A43: 1319002 | B43: AMY大剑 | E43: 0 | F43: 100 | G43: 2000 | K43: 4500 | L43: 5
A44: 130001005 | B44: 巨斧 | K44: 3000
A45: 130001006 | B45: 钉锤 | K45: 3000
A47: 1320101 | B47: 弓 | E47: 200 | F47: 200 | G47: 3000 | K47: 2100 | L47: 0
A48: 1320102 | B48: 防身手枪 | C48: =IF(A48>=10000000,MOD(A48,10),"模板") -> 模板 | D48: 模板 | E48: 0 | F48: 30 | G48: 1500
A49: 13201021 | B49: 防身手枪 Lv.1 | C49: =IF(A49>=10000000,MOD(A49,10),"模板") -> 1 | D49: 2 | E49: 0 | F49: 30 | G49: 1500 | I49: fire_logic | J49: {=_xlfn.XLOOKUP(A49,INDIRECT($I49&"!C1",0),INDIRECT(_xlfn.CONCAT($I49,"!C",_xlfn.XLOOKUP(I49,tb_sheetField[表名],tb_sheetField[生存等级-列])),0))} -> 1.01 | K49: =MROUND(M49/(1+L49*0.01),10) -> 1880 | L49: 20 | M49: =$N49*1.5^$J49 -> 2259.1415 | N49: 1500
A50: 13201022 | B50: 防身手枪 Lv.2 | C50: =IF(A50>=10000000,MOD(A50,10),"模板") -> 2 | D50: 2 | E50: 0 | F50: 30 | G50: 1500 | I50: fire_logic | J50: {=_xlfn.XLOOKUP(A50,INDIRECT($I50&"!C1",0),INDIRECT(_xlfn.CONCAT($I50,"!C",_xlfn.XLOOKUP(I50,tb_sheetField[表名],tb_sheetField[生存等级-列])),0))} -> 2.01 | K50: =MROUND(M50/(1+L50*0.01),10) -> 2420 | L50: 40 | M50: =$N50*1.5^$J50 -> 3388.7122 | N50: 1500
A51: 13201023 | B51: 防身手枪 Lv.3 | C51: =IF(A51>=10000000,MOD(A51,10),"模板") -> 3 | D51: 2 | E51: 0 | F51: 30 | G51: 1500 | I51: fire_logic | J51: {=_xlfn.XLOOKUP(A51,INDIRECT($I51&"!C1",0),INDIRECT(_xlfn.CONCAT($I51,"!C",_xlfn.XLOOKUP(I51,tb_sheetField[表名],tb_sheetField[生存等级-列])),0))} -> 3.05 | K51: =MROUND(M51/(1+L51*0.01),10) -> 2870 | L51: 80 | M51: =$N51*1.5^$J51 -> 5166.1808 | N51: 1500
A52: 13201029 | B52: 老舅的手枪 | C52: 0 | D52: 2 | E52: 0 | F52: 30 | G52: 1500 | I52: fire_logic | J52: {=_xlfn.XLOOKUP(A52,INDIRECT($I52&"!C1",0),INDIRECT(_xlfn.CONCAT($I52,"!C",_xlfn.XLOOKUP(I52,tb_sheetField[表名],tb_sheetField[生存等级-列])),0))} -> -0.07 | K52: =MROUND(M52/(1+L52*0.01),10) -> 1460 | L52: 0 | M52: =$N52*1.5^$J52 -> 1458.0247 | N52: 1500
A53: 1320103 | B53: 喇叭霰弹枪 | C53: =IF(A53>=10000000,MOD(A53,10),"模板") -> 模板 | D53: 模板 | E53: 0 | F53: 20 | G53: 1500
A54: 13201030 | B54: 废旧喇叭枪 | C54: =IF(A54>=10000000,MOD(A54,10),"模板") -> 0 | D54: 1 | E54: 0 | F54: 20 | G54: 1500 | I54: fire_logic | J54: {=_xlfn.XLOOKUP(A54,INDIRECT($I54&"!C1",0),INDIRECT(_xlfn.CONCAT($I54,"!C",_xlfn.XLOOKUP(I54,tb_sheetField[表名],tb_sheetField[生存等级-列])),0))} -> 0.265 | K54: =MROUND(M54/(1+L54*0.01),10) -> 1650 | L54: 1 | M54: =$N54*1.5^$J54 -> 1670.1499 | N54: 1500
A55: 13201031 | B55: 黄铜喇叭枪 | C55: =IF(A55>=10000000,MOD(A55,10),"模板") -> 1 | D55: 1 | E55: 0 | F55: 20 | G55: 1500 | I55: fire_logic | J55: {=_xlfn.XLOOKUP(A55,INDIRECT($I55&"!C1",0),INDIRECT(_xlfn.CONCAT($I55,"!C",_xlfn.XLOOKUP(I55,tb_sheetField[表名],tb_sheetField[生存等级-列])),0))} -> 0.755 | K55: =MROUND(M55/(1+L55*0.01),10) -> 1730 | L55: 18 | M55: =$N55*1.5^$J55 -> 2037.2305 | N55: 1500
A56: 13201032 | B56: 精钢喇叭枪 | C56: =IF(A56>=10000000,MOD(A56,10),"模板") -> 2 | D56: 1 | E56: 0 | F56: 20 | G56: 1500 | I56: fire_logic | J56: {=_xlfn.XLOOKUP(A56,INDIRECT($I56&"!C1",0),INDIRECT(_xlfn.CONCAT($I56,"!C",_xlfn.XLOOKUP(I56,tb_sheetField[表名],tb_sheetField[生存等级-列])),0))} -> 1.335 | K56: =MROUND(M56/(1+L56*0.01),10) -> 1850 | L56: 39 | M56: =$N56*1.5^$J56 -> 2577.3482 | N56: 1500
A57: 13201033 | B57: 钨金喇叭枪 | C57: =IF(A57>=10000000,MOD(A57,10),"模板") -> 3 | D57: 1 | E57: 0 | F57: 20 | G57: 1500 | I57: fire_logic | J57: {=_xlfn.XLOOKUP(A57,INDIRECT($I57&"!C1",0),INDIRECT(_xlfn.CONCAT($I57,"!C",_xlfn.XLOOKUP(I57,tb_sheetField[表名],tb_sheetField[生存等级-列])),0))} -> 2.165 | K57: =MROUND(M57/(1+L57*0.01),10) -> 1950 | L57: 85 | M57: =$N57*1.5^$J57 -> 3608.5177 | N57: 1500
A58: 1320104 | B58: 转轮机枪 | C58: =IF(A58>=10000000,MOD(A58,10),"模板") -> 模板 | D58: 模板 | E58: 0 | F58: 10 | G58: 1100
A59: 13201043 | B59: 转轮机枪 Lv.3 | C59: =IF(A59>=10000000,MOD(A59,10),"模板") -> 3 | D59: 3 | E59: 0 | F59: 10 | G59: 1100 | I59: fire_logic | J59: {=_xlfn.XLOOKUP(A59,INDIRECT($I59&"!C1",0),INDIRECT(_xlfn.CONCAT($I59,"!C",_xlfn.XLOOKUP(I59,tb_sheetField[表名],tb_sheetField[生存等级-列])),0))} -> 3.5 | K59: =MROUND(M59/(1+L59*0.01),10) -> 4960 | L59: 25 | M59: =$N59*1.5^$J59 -> 6200.2709 | N59: 1500
A60: 13201044 | B60: 转轮机枪 Lv.4 | C60: =IF(A60>=10000000,MOD(A60,10),"模板") -> 4 | D60: 3 | E60: 0 | F60: 10 | G60: 1100 | I60: fire_logic | J60: {=_xlfn.XLOOKUP(A60,INDIRECT($I60&"!C1",0),INDIRECT(_xlfn.CONCAT($I60,"!C",_xlfn.XLOOKUP(I60,tb_sheetField[表名],tb_sheetField[生存等级-列])),0))} -> 4.62 | K60: =MROUND(M60/(1+L60*0.01),10) -> 6510 | L60: 50 | M60: =$N60*1.5^$J60 -> 9764.1148 | N60: 1500
A61: 1320105 | B61: 机关箭匣 | E61: 200 | F61: 200 | G61: 3000 | K61: 2700 | L61: 0
A62: 1320106 | B62: 火箭爆弹 | E62: 0 | F62: 0 | G62: 1500 | K62: 1500 | L62: 0
A63: 1320107 | B63: 土制火箭爆弹 | E63: 0 | K63: 1500 | L63: 0
A64: 1320108 | B64: 单发火枪 | E64: 0 | F64: 20 | G64: 1500 | K64: 2400 | L64: 0
A65: 1320109 | B65: 命运手枪 | E65: 0 | F65: 500 | G65: 5000 | K65: 2400 | L65: 0
A66: 1320110 | B66: 静心猎人火枪 | E66: 0 | K66: 2400 | L66: 0
A67: 1320111 | B67: 轻机枪 | E67: 0 | F67: 20 | G67: 1500 | K67: 2400 | L67: 0
A68: 1320112 | B68: 左轮手枪 | C68: =IF(A68>=10000000,MOD(A68,10),"模板") -> 模板 | D68: 模板 | E68: 0 | F68: 100 | G68: 2000
A69: 13201120 | B69: 左轮手枪 Lv.0 | C69: =IF(A69>=10000000,MOD(A69,10),"模板") -> 0 | D69: 2 | E69: 0 | F69: 100 | G69: 2000 | I69: fire_logic | J69: {=_xlfn.XLOOKUP(A69,INDIRECT($I69&"!C1",0),INDIRECT(_xlfn.CONCAT($I69,"!C",_xlfn.XLOOKUP(I69,tb_sheetField[表名],tb_sheetField[生存等级-列])),0))} -> -1.01 | K69: =MROUND(M69/(1+L69*0.01),10) -> 1000 | L69: 0 | M69: =$N69*1.5^$J69 -> 995.95356 | N69: 1500
A70: 13201121 | B70: 左轮手枪 Lv.1 | C70: =IF(A70>=10000000,MOD(A70,10),"模板") -> 1 | D70: 2 | E70: 0 | F70: 150 | G70: 2200 | I70: fire_logic | J70: {=_xlfn.XLOOKUP(A70,INDIRECT($I70&"!C1",0),INDIRECT(_xlfn.CONCAT($I70,"!C",_xlfn.XLOOKUP(I70,tb_sheetField[表名],tb_sheetField[生存等级-列])),0))} -> -0.06 | K70: =MROUND(M70/(1+L70*0.01),10) -> 1330 | L70: 10 | M70: =$N70*1.5^$J70 -> 1463.9484 | N70: 1500
A71: 13201122 | B71: 左轮手枪 Lv.2 | C71: =IF(A71>=10000000,MOD(A71,10),"模板") -> 2 | D71: 2 | E71: 0 | F71: 200 | G71: 2400 | I71: fire_logic | J71: {=_xlfn.XLOOKUP(A71,INDIRECT($I71&"!C1",0),INDIRECT(_xlfn.CONCAT($I71,"!C",_xlfn.XLOOKUP(I71,tb_sheetField[表名],tb_sheetField[生存等级-列])),0))} -> 0.67 | K71: =MROUND(M71/(1+L71*0.01),10) -> 1610 | L71: 22 | M71: =$N71*1.5^$J71 -> 1968.2144 | N71: 1500
A72: 1320113 | B72: 猎龙弩炮 | E72: 300 | F72: 200 | G72: 3000 | K72: 3000 | L72: 0
A73: 1320114 | B73: 车载投石器 | E73: 500 | F73: 10 | G73: 1100 | K73: 5400 | L73: 3
A74: 1320115 | B74: 滚木 | E74: 500 | F74: 10 | G74: 1100 | K74: 2100 | L74: 0
A75: 1321101 | B75: 镇暴左轮 | E75: 0 | F75: 20 | G75: 1500 | K75: 1800 | L75: 0
A76: 1321102 | B76: 镇暴霰弹枪 | E76: 0 | F76: 20 | G76: 1500 | K76: 2400 | L76: 0
A77: 1329000 | B77: 【远程模板】 | E77: 0 | F77: 20 | G77: 1500 | K77: 1800 | L77: 0
A78: 1329001 | B78: AMY左轮 | C78: 模板 | E78: 0 | F78: 100 | G78: 2000
A79: 130002007 | B79: 弩 | K79: 3600
A82: 1330101 | B82: 火焰喷射器 | C82: =IF(A82>=10000000,MOD(A82,10),"模板") -> 模板 | D82: 模板 | E82: 0 | F82: 0 | G82: 1000
A83: 13301012 | B83: 火焰喷射器 Lv.2 | C83: =IF(A83>=10000000,MOD(A83,10),"模板") -> 2 | D83: 1 | E83: 0 | F83: 0 | G83: 1000 | I83: other_logic | J83: {=_xlfn.XLOOKUP(A83,INDIRECT($I83&"!C1",0),INDIRECT(_xlfn.CONCAT($I83,"!C",_xlfn.XLOOKUP(I83,tb_sheetField[表名],tb_sheetField[生存等级-列])),0))} -> 0.7 | K83: =MROUND(M83/(1+L83*0.01),10) -> 1990 | L83: 0 | M83: =$N83*1.5^$J83 -> 1992.3019 | N83: 1500
A84: 13301013 | B84: 火焰喷射器 Lv.3 | C84: =IF(A84>=10000000,MOD(A84,10),"模板") -> 3 | D84: 1 | E84: 0 | F84: 0 | G84: 1000 | I84: other_logic | J84: {=_xlfn.XLOOKUP(A84,INDIRECT($I84&"!C1",0),INDIRECT(_xlfn.CONCAT($I84,"!C",_xlfn.XLOOKUP(I84,tb_sheetField[表名],tb_sheetField[生存等级-列])),0))} -> 1.41 | K84: =MROUND(M84/(1+L84*0.01),10) -> 2630 | L84: 1 | M84: =$N84*1.5^$J84 -> 2656.9289 | N84: 1500
A85: 13301014 | B85: 火焰喷射器 Lv.4 | C85: =IF(A85>=10000000,MOD(A85,10),"模板") -> 4 | D85: 1 | E85: 0 | F85: 0 | G85: 1000 | I85: other_logic | J85: {=_xlfn.XLOOKUP(A85,INDIRECT($I85&"!C1",0),INDIRECT(_xlfn.CONCAT($I85,"!C",_xlfn.XLOOKUP(I85,tb_sheetField[表名],tb_sheetField[生存等级-列])),0))} -> 2.22 | K85: =MROUND(M85/(1+L85*0.01),10) -> 3580 | L85: 3 | M85: =$N85*1.5^$J85 -> 3689.8937 | N85: 1500
A86: 1330102 | B86: 慑敌战鼓 | E86: 800 | F86: 0 | G86: 1500 | K86: 2400 | L86: 1
A87: 1330103 | B87: 捕兽草 | K87: 5400 | L87: 2
A88: 1330104 | B88: 飞针陀螺 | K88: 5400 | L88: 3
A89: 1330105 | B89: 小鸟弹弓 | K89: 3000
A90: 1330107 | B90: 黑洞发射器 | K90: 2100 | L90: 0
A91: 1330106 | B91: 采矿炸弹 | C91: =IF(A91>=10000000,MOD(A91,10),"模板") -> 模板 | D91: 模板 | E91: 0 | F91: 0 | G91: 1000
A92: 13301060 | B92: 采矿炸弹 Lv.0 | C92: =IF(A92>=10000000,MOD(A92,10),"模板") -> 0 | D92: 1 | E92: 0 | F92: 0 | G92: 1000 | I92: other_logic | J92: {=_xlfn.XLOOKUP(A92,INDIRECT($I92&"!C1",0),INDIRECT(_xlfn.CONCAT($I92,"!C",_xlfn.XLOOKUP(I92,tb_sheetField[表名],tb_sheetField[生存等级-列])),0))} -> -0.37 | K92: =MROUND(M92/(1+L92*0.01),10) -> 1290 | L92: 0 | M92: =$N92*1.5^$J92 -> 1291.0334 | N92: 1500
A93: 13301061 | B93: 采矿炸弹 Lv.1 | C93: =IF(A93>=10000000,MOD(A93,10),"模板") -> 1 | D93: 1 | E93: 0 | F93: 0 | G93: 1000 | I93: other_logic | J93: {=_xlfn.XLOOKUP(A93,INDIRECT($I93&"!C1",0),INDIRECT(_xlfn.CONCAT($I93,"!C",_xlfn.XLOOKUP(I93,tb_sheetField[表名],tb_sheetField[生存等级-列])),0))} -> -0.08 | K93: =MROUND(M93/(1+L93*0.01),10) -> 1450 | L93: 0 | M93: =$N93*1.5^$J93 -> 1452.1249 | N93: 1500
A94: 13301062 | B94: 采矿炸弹 Lv.2 | C94: =IF(A94>=10000000,MOD(A94,10),"模板") -> 2 | D94: 1 | E94: 0 | F94: 0 | G94: 1000 | I94: other_logic | J94: {=_xlfn.XLOOKUP(A94,INDIRECT($I94&"!C1",0),INDIRECT(_xlfn.CONCAT($I94,"!C",_xlfn.XLOOKUP(I94,tb_sheetField[表名],tb_sheetField[生存等级-列])),0))} -> 0.92 | K94: =MROUND(M94/(1+L94*0.01),10) -> 2180 | L94: 0 | M94: =$N94*1.5^$J94 -> 2178.1873 | N94: 1500
A95: 13301063 | B95: 采矿炸弹 Lv.3 | C95: =IF(A95>=10000000,MOD(A95,10),"模板") -> 3 | D95: 1 | E95: 0 | F95: 0 | G95: 1000 | I95: other_logic | J95: {=_xlfn.XLOOKUP(A95,INDIRECT($I95&"!C1",0),INDIRECT(_xlfn.CONCAT($I95,"!C",_xlfn.XLOOKUP(I95,tb_sheetField[表名],tb_sheetField[生存等级-列])),0))} -> 1.92 | K95: =MROUND(M95/(1+L95*0.01),10) -> 3270 | L95: 0 | M95: =$N95*1.5^$J95 -> 3267.2809 | N95: 1500
A96: 13301064 | B96: 采矿炸弹 Lv.4 | C96: =IF(A96>=10000000,MOD(A96,10),"模板") -> 4 | D96: 1 | E96: 0 | F96: 0 | G96: 1000 | I96: other_logic | J96: {=_xlfn.XLOOKUP(A96,INDIRECT($I96&"!C1",0),INDIRECT(_xlfn.CONCAT($I96,"!C",_xlfn.XLOOKUP(I96,tb_sheetField[表名],tb_sheetField[生存等级-列])),0))} -> 2.92 | K96: =MROUND(M96/(1+L96*0.01),10) -> 4900 | L96: 0 | M96: =$N96*1.5^$J96 -> 4900.9214 | N96: 1500
A97: 1330108 | B97: 磁铁 | K97: 2100 | L97: 0
A98: 1330109 | B98: 回收者 | K98: 2100 | L98: 0
A99: 1330110 | B99: 大百变怪 | K99: 2100 | L99: 0
A100: 1330111 | B100: 小百变怪 | K100: 2100 | L100: 0
A101: 1330112 | B101: 气球枪 | K101: 2100 | L101: 0
A102: 1330113 | B102: 铅球枪 | K102: 2100 | L102: 0
A103: 1330128 | B103: 仙人掌 | K103: 2100 | L103: 0
A104: 1330129 | B104: 拨浪鼓 | K104: 2100 | L104: 0
...

Sheet melee_logic
A1: logic_id | D1: cd | F1: can_blaze | G1: sharpness_min | H1: sharpness_range | L1: sharpness_dmg_range | P1: sharpness_loss | Q1: sharpness_recover | S1: ui_atk_horizontal_anim | T1: ui_atk_vertical_anim | U1: SE_attack_begin | V1: SE_grinding | W1: atk_event_num | X1: hit_period | AB1: hit_period_2 | AF1: hit_box_offset | AG1: atk_part_speed | AH1: attack_charge_weight | AI1: attack_charge_speed | AJ1: ui_charge_trigger_ticks | AL1: job_speed | AO1: damage | BJ1: knockback_ft
A2: uint key | D2: int | F2: bool | G2: float | H2: float[] | L2: float[] | P2: float | Q2: float | S2: string[] | T2: string[] | U2: string | V2: string | W2: int | X2: (float,float) | AB2: (float,float)? | AF2: float | AG2: float | AH2: float | AI2: float | AJ2: int | AL2: float[] | AO2: dict<string,int> | BJ2: float
A3: 近战逻辑id | B3: 备注1 设备 | C3: 备注2 设备控制脚本 | D3: 攻击间隔 (帧) | E3: 备注 (秒) | F3: 能否连击 true:自动攻击 false:手动攻击 | G3: 锋利度 下限 | H3: 锋利度 区间 | I3: 辅助列 锋利度 区间 1 | J3: 辅助列 锋利度 区间 2 | K3: 辅助列 锋利度 区间 3 | L3: 伤害 区间 | M3: 辅助列 伤害 区间 1 | N3: 辅助列 伤害 区间 2 | O3: 辅助列 伤害 区间 3 | P3: 锋利度 击打损失 | Q3: 锋利度 每帧恢复 | R3: 辅助列 每秒恢复 | S3: devicePanel 水平挥舞 关联动画 | T3: devicePanel 竖直戳刺 关联动画 | U3: 音效 - 挥舞 | V3: 音效 - 磨刀 | W3: 攻击动画数量 | X3: 打击时间段1 默认碰撞盒 开启、关闭 的时间段 | Y3: 碰撞盒 开启帧 attack_1 | Z3: 碰撞盒 关闭帧 attack_1 | AA3: 总帧数 attack_1 | AB3: 打击时间段2 若attack2动画为戳刺而不是挥砍，则需要配置不同的碰撞盒开关时间 | AC3: 碰撞盒 开启帧 attack_2 | AD3: 碰撞盒 关闭帧 attack_2 | AE3: 总帧数 attack_2 | AF3: 碰撞盒偏移 碰撞盒到自身坐标的偏移距离，根据动画进行配置 | AG3: 攻击部件移速 | AH3: 蓄力权重 配置范围0~1 | AI3: 蓄力速率 | AJ3: 蓄力启动速率 时长辅助 （帧） | AK3: 备注 时长(秒) | AL3: NPC工作速度 工作1：攻击 工作2：维护 | AM3: 工作1 帧数 | AN3: 工作2 帧数 | AO3: 伤害 | AP3: sharp | AQ3: blunt | AR3: fire | AS3: acid | AT3: wrap | AU3: armor_piercing |护甲穿透 | AV3: critical_chance |暴击率 | AW3: critical_rate |暴击伤害 | AX3: 计算参考 暴击修正倍率期望 | AY3: 计算参考 攻击伤害 | AZ3: 手动交互 单轮总耗时 （秒） | BA3: 计算统计 DPS | BB3: 计算统计 输出等级 base=55 | BC3: 设定 等级 | BD3: 设定 宽度 | BE3: 战力 等级 base=2 | BF3: 其他属性补正 e.g.. 因手感差、射程近等因素，获得减分 | BG3: 适配 生存等级 | BH3: 计算参考 单轮DPS | BI3: 计算参考 平均DPS | BJ3: 击退力度 | BK3: 计算参考 等级 (弃用) | BL3: 计算参考 手动DPS 表显max： 050 | BM3: 计算参考 自动DPS 表显max： 050
A4: 1310101 | B4: 短匕 | C4: BasicMelee_Click | D4: 120 | E4: =TEXT(D4/120,"0.00")&" s" -> 1.00 s | F4: TRUE | G4: 0 | H4: =_xlfn.TEXTJOIN(";",1,$I4:$K4) -> 7;24;60 | I4: 7 | J4: 24 | K4: 60 | L4: =_xlfn.TEXTJOIN(";",1,$M4:$O4) -> 0.25;0.6;0.85 | M4: 0.25 | N4: 0.6 | O4: 0.85 | P4: 0.12 | Q4: =R4/120 -> 0.11111111 | R4: =40/3 -> 13.333333 | S4: attack_1 | T4: attack_2 | U4: se_ag_melee_wield | V4: se_ag_melee_grinding | W4: 2 | X4: {=_xlfn.TEXTJOIN("~",1,Y4:Z4/AA4)} -> 0.25~0.45 | Y4: 5 | Z4: 9 | AA4: 20 | AB4: {=_xlfn.TEXTJOIN("~",1,AC4:AD4/AE4)} -> 0.5~0.8 | AC4: 10 | AD4: 16 | AE4: 20 | AF4: 0.71887 | AG4: 12 | AL4: {=_xlfn.TEXTJOIN(";",1,IFERROR(1/AM4:AN4,""))} | AO4: {=_xlfn.TEXTJOIN(";",1,_xlfn.LAMBDA(_xlpm.x,IF(_xlpm.x<>"",OFFSET(_xlpm.x,3-ROW(),0)&"="&_xlpm.x,""))(AP4:AT4))} -> sharp=27 | AP4: 27 | AU4: {=TEXT(VLOOKUP($A4,battle_data!$A:$G,MATCH(INDEX(_xlfn.TEXTSPLIT(AU$3,"|"),1),battle_data!$A$1:$G$1),0)*0.001,"0%")} -> 25% | AV4: {=TEXT(VLOOKUP($A4,battle_data!$A:$G,MATCH(INDEX(_xlfn.TEXTSPLIT(AV$3,"|"),1),battle_data!$A$1:$G$1),0)*0.001,"0%")} -> 30% | AW4: {=TEXT(VLOOKUP($A4,battle_data!$A:$G,MATCH(INDEX(_xlfn.TEXTSPLIT(AW$3,"|"),1),battle_data!$A$1:$G$1),0)*0.001,"0%")} -> 250% | AX4: =_xlfn.LET(_xlpm.p,($AV4),_xlpm.p*$AW4+(1-_xlpm.p)) -> 1.45 | AY4: =SUM($AP4:$AT4)*AX4 -> 39.15 | AZ4: =AA4/30 -> 0.66666667 | BA4: =AY4/AZ4 -> 58.725 | BB4: {=_xlfn.LAMBDA(_xlpm._dps,_xlpm._info_cell,ROUND(IF(_xlpm._dps<=0,-10,LOG(_xlpm._dps/INDEX(_xlfn.TEXTSPLIT(_xlpm._info_cell,"="),2),1.5)),2))($BA4,BB$3)} -> 0.16 | BC4: 0 | BF4: 0.05 | BG4: =BC4*2-BB4-BF4 -> -0.21 | BH4: =$AY4*30/$AA4 -> 58.725 | BI4: =$AY4*120/($D4+4*$AA4) -> 23.49 | BJ4: 1 | BK4: 0 | BL4: =_xlfn.LET(_xlpm._level_power,2,IF($BK4<>"",BH4/_xlpm._level_power^$BK4,"")) -> 58.725 | BM4: =_xlfn.LET(_xlpm._level_power,2,IF($BK4<>"",BH4/_xlpm._level_power^$BK4,"")) -> 58.725
A5: 1310102 | B5: 砍刀 | C5: BasicMelee_Click | D5: 300 | E5: =TEXT(D5/120,"0.00")&" s" -> 2.50 s | F5: TRUE | G5: 0 | H5: =_xlfn.TEXTJOIN(";",1,$I5:$K5) -> 7;24;60 | I5: 7 | J5: 24 | K5: 60 | L5: =_xlfn.TEXTJOIN(";",1,$M5:$O5) -> 0.25;0.6;0.85 | M5: 0.25 | N5: 0.6 | O5: 0.85 | P5: 0.12 | Q5: =R5/120 -> 0.083333333 | R5: 10 | S5: attack_1;attack_2 | U5: se_ag_melee_wield | V5: se_ag_melee_grinding | W5: 2 | X5: {=_xlfn.TEXTJOIN("~",1,Y5:Z5/AA5)} -> 0.32~0.48 | Y5: 8 | Z5: 12 | AA5: 25 | AF5: 1.2643 | AG5: 8 | AL5: {=_xlfn.TEXTJOIN(";",1,IFERROR(1/AM5:AN5,""))} | AO5: {=_xlfn.TEXTJOIN(";",1,_xlfn.LAMBDA(_xlpm.x,IF(_xlpm.x<>"",OFFSET(_xlpm.x,3-ROW(),0)&"="&_xlpm.x,""))(AP5:AT5))} -> sharp=52 | AP5: 52 | AU5: {=TEXT(VLOOKUP($A5,battle_data!$A:$G,MATCH(INDEX(_xlfn.TEXTSPLIT(AU$3,"|"),1),battle_data!$A$1:$G$1),0)*0.001,"0%")} -> 0% | AV5: {=TEXT(VLOOKUP($A5,battle_data!$A:$G,MATCH(INDEX(_xlfn.TEXTSPLIT(AV$3,"|"),1),battle_data!$A$1:$G$1),0)*0.001,"0%")} -> 15% | AW5: {=TEXT(VLOOKUP($A5,battle_data!$A:$G,MATCH(INDEX(_xlfn.TEXTSPLIT(AW$3,"|"),1),battle_data!$A$1:$G$1),0)*0.001,"0%")} -> 200% | AX5: =_xlfn.LET(_xlpm.p,($AV5),_xlpm.p*$AW5+(1-_xlpm.p)) -> 1.15 | AY5: =SUM($AP5:$AT5)*AX5 -> 59.8 | AZ5: =AA5/30 -> 0.83333333 | BA5: =AY5/AZ5 -> 71.76 | BB5: {=_xlfn.LAMBDA(_xlpm._dps,_xlpm._info_cell,ROUND(IF(_xlpm._dps<=0,-10,LOG(_xlpm._dps/INDEX(_xlfn.TEXTSPLIT(_xlpm._info_cell,"="),2),1.5)),2))($BA5,BB$3)} -> 0.66 | BC5: 1 | BF5: 0 | BG5: =BC5*2-BB5-BF5 -> 1.34 | BH5: =$AY5*30/$AA5 -> 71.76 | BI5: =$AY5*120/($D5+4*$AA5) -> 17.94 | BJ5: 4 | BK5: 1 | BL5: =_xlfn.LET(_xlpm._level_power,2,IF($BK5<>"",BH5/_xlpm._level_power^$BK5,"")) -> 35.88 | BM5: =_xlfn.LET(_xlpm._level_power,2,IF($BK5<>"",BH5/_xlpm._level_power^$BK5,"")) -> 35.88
A6: 1310103 | B6: 大剑 | C6: BasicMelee_Click | D6: 600 | E6: =TEXT(D6/120,"0.00")&" s" -> 5.00 s | F6: FALSE | G6: 0 | H6: =_xlfn.TEXTJOIN(";",1,$I6:$K6) -> 7;24;60 | I6: 7 | J6: 24 | K6: 60 | L6: =_xlfn.TEXTJOIN(";",1,$M6:$O6) -> 0.25;0.6;0.85 | M6: 0.25 | N6: 0.6 | O6: 0.85 | P6: 0.1 | Q6: =R6/120 -> 0.055555556 | R6: =20/3 -> 6.6666667 | S6: attack_1;attack_2 | U6: se_ag_melee_wield | V6: se_ag_melee_grinding | W6: 2 | X6: {=_xlfn.TEXTJOIN("~",1,Y6:Z6/AA6)} -> 0.466666666666667~0.6 | Y6: 14 | Z6: 18 | AA6: 30 | AF6: 1.7058 | AG6: 5 | AL6: {=_xlfn.TEXTJOIN(";",1,IFERROR(1/AM6:AN6,""))} | AO6: {=_xlfn.TEXTJOIN(";",1,_xlfn.LAMBDA(_xlpm.x,IF(_xlpm.x<>"",OFFSET(_xlpm.x,3-ROW(),0)&"="&_xlpm.x,""))(AP6:AT6))} -> sharp=150 | AP6: 150 | AU6: {=TEXT(VLOOKUP($A6,battle_data!$A:$G,MATCH(INDEX(_xlfn.TEXTSPLIT(AU$3,"|"),1),battle_data!$A$1:$G$1),0)*0.001,"0%")} -> 0% | AV6: {=TEXT(VLOOKUP($A6,battle_data!$A:$G,MATCH(INDEX(_xlfn.TEXTSPLIT(AV$3,"|"),1),battle_data!$A$1:$G$1),0)*0.001,"0%")} -> 10% | AW6: {=TEXT(VLOOKUP($A6,battle_data!$A:$G,MATCH(INDEX(_xlfn.TEXTSPLIT(AW$3,"|"),1),battle_data!$A$1:$G$1),0)*0.001,"0%")} -> 200% | AX6: =_xlfn.LET(_xlpm.p,($AV6),_xlpm.p*$AW6+(1-_xlpm.p)) -> 1.1 | AY6: =SUM($AP6:$AT6)*AX6 -> 165 | AZ6: =AA6/30 -> 1 | BA6: =AY6/AZ6 -> 165 | BB6: {=_xlfn.LAMBDA(_xlpm._dps,_xlpm._info_cell,ROUND(IF(_xlpm._dps<=0,-10,LOG(_xlpm._dps/INDEX(_xlfn.TEXTSPLIT(_xlpm._info_cell,"="),2),1.5)),2))($BA6,BB$3)} -> 2.71 | BC6: 2 | BF6: -0.2 | BG6: =BC6*2-BB6-BF6 -> 1.49 | BH6: =$AY6*30/$AA6 -> 165 | BI6: =$AY6*120/($D6+4*$AA6) -> 27.5 | BJ6: 8 | BK6: 2 | BL6: =_xlfn.LET(_xlpm._level_power,2,IF($BK6<>"",BH6/_xlpm._level_power^$BK6,"")) -> 41.25 | BM6: =_xlfn.LET(_xlpm._level_power,2,IF($BK6<>"",BH6/_xlpm._level_power^$BK6,"")) -> 41.25
A7: 1310104 | B7: 长矛 | C7: BasicMelee_Click | D7: 450 | E7: =TEXT(D7/120,"0.00")&" s" -> 3.75 s | F7: FALSE | G7: 0 | H7: =_xlfn.TEXTJOIN(";",1,$I7:$K7) -> 7;24;60 | I7: 7 | J7: 24 | K7: 60 | L7: =_xlfn.TEXTJOIN(";",1,$M7:$O7) -> 0.25;0.6;0.85 | M7: 0.25 | N7: 0.6 | O7: 0.85 | P7: 0.09 | Q7: =R7/120 -> 0.027777778 | R7: =10/3 -> 3.3333333 | S7: attack_1 | T7: attack_2 | U7: se_ag_melee_wield | V7: se_ag_melee_grinding | W7: 2 | X7: {=_xlfn.TEXTJOIN("~",1,Y7:Z7/AA7)} -> 0.333333333333333~0.433333333333333 | Y7: 10 | Z7: 13 | AA7: 30 | AB7: {=_xlfn.TEXTJOIN("~",1,AC7:AD7/AE7)} -> 0.5~0.666666666666667 | AC7: 15 | AD7: 20 | AE7: 30 | AF7: 2.097 | AG7: 6 | AL7: {=_xlfn.TEXTJOIN(";",1,IFERROR(1/AM7:AN7,""))} | AO7: {=_xlfn.TEXTJOIN(";",1,_xlfn.LAMBDA(_xlpm.x,IF(_xlpm.x<>"",OFFSET(_xlpm.x,3-ROW(),0)&"="&_xlpm.x,""))(AP7:AT7))} -> sharp=64 | AP7: 64 | AU7: {=TEXT(VLOOKUP($A7,battle_data!$A:$G,MATCH(INDEX(_xlfn.TEXTSPLIT(AU$3,"|"),1),battle_data!$A$1:$G$1),0)*0.001,"0%")} -> 25% | AV7: {=TEXT(VLOOKUP($A7,battle_data!$A:$G,MATCH(INDEX(_xlfn.TEXTSPLIT(AV$3,"|"),1),battle_data!$A$1:$G$1),0)*0.001,"0%")} -> 20% | AW7: {=TEXT(VLOOKUP($A7,battle_data!$A:$G,MATCH(INDEX(_xlfn.TEXTSPLIT(AW$3,"|"),1),battle_data!$A$1:$G$1),0)*0.001,"0%")} -> 200% | AX7: =_xlfn.LET(_xlpm.p,($AV7),_xlpm.p*$AW7+(1-_xlpm.p)) -> 1.2 | AY7: =SUM($AP7:$AT7)*AX7 -> 76.8 | AZ7: =AA7/30 -> 1 | BA7: =AY7/AZ7 -> 76.8 | BB7: {=_xlfn.LAMBDA(_xlpm._dps,_xlpm._info_cell,ROUND(IF(_xlpm._dps<=0,-10,LOG(_xlpm._dps/INDEX(_xlfn.TEXTSPLIT(_xlpm._info_cell,"="),2),1.5)),2))($BA7,BB$3)} -> 0.82 | BC7: 1 | BF7: -0.05 | BG7: =BC7*2-BB7-BF7 -> 1.23 | BH7: =$AY7*30/$AA7 -> 76.8 | BI7: =$AY7*120/($D7+4*$AA7) -> 16.168421 | BJ7: 5 | BK7: 2 | BL7: =_xlfn.LET(_xlpm._level_power,2,IF($BK7<>"",BH7/_xlpm._level_power^$BK7,"")) -> 19.2 | BM7: =_xlfn.LET(_xlpm._level_power,2,IF($BK7<>"",BH7/_xlpm._level_power^$BK7,"")) -> 19.2
A8: 1310105 | B8: 充气球棒 | C8: DScript_Melee | D8: 0 | E8: =TEXT(D8/120,"0.00")&" s" -> 0.00 s | F8: TRUE | G8: 0 | H8: =_xlfn.TEXTJOIN(";",1,$I8:$K8) -> 0 | I8: 0 | L8: =_xlfn.TEXTJOIN(";",1,$M8:$O8) -> 1 | M8: 1 | S8: attack_1;attack_2 | U8: se_ag_melee_wield | W8: 2 | X8: {=_xlfn.TEXTJOIN("~",1,Y8:Z8/AA8)} -> 0.428571428571429~0.571428571428571 | Y8: 15 | Z8: 20 | AA8: 35 | AF8: 0 | AG8: 8 | AL8: {=_xlfn.TEXTJOIN(";",1,IFERROR(1/AM8:AN8,""))} -> 0.00416666666666667 | AM8: 240 | AO8: {=_xlfn.TEXTJOIN(";",1,_xlfn.LAMBDA(_xlpm.x,IF(_xlpm.x<>"",OFFSET(_xlpm.x,3-ROW(),0)&"="&_xlpm.x,""))(AP8:AT8))} -> blunt=0 | AQ8: 0 | AU8: {=TEXT(VLOOKUP($A8,battle_data!$A:$G,MATCH(INDEX(_xlfn.TEXTSPLIT(AU$3,"|"),1),battle_data!$A$1:$G$1),0)*0.001,"0%")} -> 0% | AV8: {=TEXT(VLOOKUP($A8,battle_data!$A:$G,MATCH(INDEX(_xlfn.TEXTSPLIT(AV$3,"|"),1),battle_data!$A$1:$G$1),0)*0.001,"0%")} -> 60% | AW8: {=TEXT(VLOOKUP($A8,battle_data!$A:$G,MATCH(INDEX(_xlfn.TEXTSPLIT(AW$3,"|"),1),battle_data!$A$1:$G$1),0)*0.001,"0%")} -> 101% | AX8: =_xlfn.LET(_xlpm.p,($AV8),_xlpm.p*$AW8+(1-_xlpm.p)) -> 1.006 | AY8: =SUM($AP8:$AT8)*AX8 -> 0 | BH8: =$AY8*30/$AA8 -> 0 | BI8: =$AY8*120/($D8+4*$AA8) -> 0 | BJ8: 20 | BK8: 1 | BL8: =_xlfn.LET(_xlpm._level_power,2,IF($BK8<>"",BH8/_xlpm._level_power^$BK8,"")) -> 0 | BM8: =_xlfn.LET(_xlpm._level_power,2,IF($BK8<>"",BH8/_xlpm._level_power^$BK8,"")) -> 0
A9: 13101050 | B9: 充气球棒 Lv0 | C9: DScript_Melee | D9: 0 | E9: =TEXT(D9/120,"0.00")&" s" -> 0.00 s | F9: TRUE | G9: 0 | H9: =_xlfn.TEXTJOIN(";",1,$I9:$K9) -> 0 | I9: 0 | L9: =_xlfn.TEXTJOIN(";",1,$M9:$O9) -> 1 | M9: 1 | S9: attack_1;attack_2 | U9: se_ag_melee_wield | W9: 2 | X9: {=_xlfn.TEXTJOIN("~",1,Y9:Z9/AA9)} -> 0.428571428571429~0.571428571428571 | Y9: 15 | Z9: 20 | AA9: 35 | AF9: 0 | AG9: 8 | AL9: {=_xlfn.TEXTJOIN(";",1,IFERROR(1/AM9:AN9,""))} -> 0.00416666666666667 | AM9: 240 | AO9: {=_xlfn.TEXTJOIN(";",1,_xlfn.LAMBDA(_xlpm.x,IF(_xlpm.x<>"",OFFSET(_xlpm.x,3-ROW(),0)&"="&_xlpm.x,""))(AP9:AT9))} -> blunt=0 | AQ9: 0 | AU9: {=TEXT(VLOOKUP($A9,battle_data!$A:$G,MATCH(INDEX(_xlfn.TEXTSPLIT(AU$3,"|"),1),battle_data!$A$1:$G$1),0)*0.001,"0%")} -> 0% | AV9: {=TEXT(VLOOKUP($A9,battle_data!$A:$G,MATCH(INDEX(_xlfn.TEXTSPLIT(AV$3,"|"),1),battle_data!$A$1:$G$1),0)*0.001,"0%")} -> 60% | AW9: {=TEXT(VLOOKUP($A9,battle_data!$A:$G,MATCH(INDEX(_xlfn.TEXTSPLIT(AW$3,"|"),1),battle_data!$A$1:$G$1),0)*0.001,"0%")} -> 100% | AX9: =_xlfn.LET(_xlpm.p,($AV9),_xlpm.p*$AW9+(1-_xlpm.p)) -> 1 | AY9: =SUM($AP9:$AT9)*AX9 -> 0 | AZ9: =AA9/30 -> 1.1666667 | BA9: =AY9/AZ9 -> 0 | BB9: {=_xlfn.LAMBDA(_xlpm._dps,_xlpm._info_cell,ROUND(IF(_xlpm._dps<=0,-10,LOG(_xlpm._dps/INDEX(_xlfn.TEXTSPLIT(_xlpm._info_cell,"="),2),1.5)),2))($BA9,BB$3)} -> -10 | BC9: 0 | BD9: 1 | BE9: {=_xlfn.LAMBDA(_xlpm._lv,_xlpm._rank,_xlpm._base,_xlpm._lv+INDEX(_xlfn.TEXTSPLIT(_xlpm._base,"="),2)^(_xlpm._rank-2)-1)(BC9,BD9,BE$3)} -> -0.5 | BF9: 10.5 | BG9: =BE9*2-BB9-BF9 -> -1.5 | BH9: =$AY9*30/$AA9 -> 0 | BI9: =$AY9*120/($D9+4*$AA9) -> 0 | BJ9: 20 | BK9: 2 | BL9: =_xlfn.LET(_xlpm._level_power,2,IF($BK9<>"",BH9/_xlpm._level_power^$BK9,"")) -> 0 | BM9: =_xlfn.LET(_xlpm._level_power,2,IF($BK9<>"",BH9/_xlpm._level_power^$BK9,"")) -> 0
A10: 13101051 | B10: 充气球棒 Lv1 | C10: DScript_Melee | D10: 0 | E10: =TEXT(D10/120,"0.00")&" s" -> 0.00 s | F10: TRUE | G10: 0 | H10: =_xlfn.TEXTJOIN(";",1,$I10:$K10) -> 0 | I10: 0 | L10: =_xlfn.TEXTJOIN(";",1,$M10:$O10) -> 1 | M10: 1 | S10: attack_1;attack_2 | U10: se_ag_melee_wield | W10: 2 | X10: {=_xlfn.TEXTJOIN("~",1,Y10:Z10/AA10)} -> 0.428571428571429~0.571428571428571 | Y10: 15 | Z10: 20 | AA10: 35 | AF10: 0 | AG10: 8 | AL10: {=_xlfn.TEXTJOIN(";",1,IFERROR(1/AM10:AN10,""))} -> 0.00416666666666667 | AM10: 240 | AO10: {=_xlfn.TEXTJOIN(";",1,_xlfn.LAMBDA(_xlpm.x,IF(_xlpm.x<>"",OFFSET(_xlpm.x,3-ROW(),0)&"="&_xlpm.x,""))(AP10:AT10))} -> blunt=2 | AQ10: 2 | AU10: {=TEXT(VLOOKUP($A10,battle_data!$A:$G,MATCH(INDEX(_xlfn.TEXTSPLIT(AU$3,"|"),1),battle_data!$A$1:$G$1),0)*0.001,"0%")} -> 0% | AV10: {=TEXT(VLOOKUP($A10,battle_data!$A:$G,MATCH(INDEX(_xlfn.TEXTSPLIT(AV$3,"|"),1),battle_data!$A$1:$G$1),0)*0.001,"0%")} -> 60% | AW10: {=TEXT(VLOOKUP($A10,battle_data!$A:$G,MATCH(INDEX(_xlfn.TEXTSPLIT(AW$3,"|"),1),battle_data!$A$1:$G$1),0)*0.001,"0%")} -> 100% | AX10: =_xlfn.LET(_xlpm.p,($AV10),_xlpm.p*$AW10+(1-_xlpm.p)) -> 1 | AY10: =SUM($AP10:$AT10)*AX10 -> 2 | AZ10: =AA10/30 -> 1.1666667 | BA10: =AY10/AZ10 -> 1.7142857 | BB10: {=_xlfn.LAMBDA(_xlpm._dps,_xlpm._info_cell,ROUND(IF(_xlpm._dps<=0,-10,LOG(_xlpm._dps/INDEX(_xlfn.TEXTSPLIT(_xlpm._info_cell,"="),2),1.5)),2))($BA10,BB$3)} -> -8.55 | BC10: 1 | BD10: 1 | BE10: {=_xlfn.LAMBDA(_xlpm._lv,_xlpm._rank,_xlpm._base,_xlpm._lv+INDEX(_xlfn.TEXTSPLIT(_xlpm._base,"="),2)^(_xlpm._rank-2)-1)(BC10,BD10,BE$3)} -> 0.5 | BF10: 8.65 | BG10: =BE10*2-BB10-BF10 -> 0.9 | BH10: =$AY10*30/$AA10 -> 1.7142857 | BI10: =$AY10*120/($D10+4*$AA10) -> 1.7142857 | BJ10: 26 | BK10: 1 | BL10: =_xlfn.LET(_xlpm._level_power,2,IF($BK10<>"",BH10/_xlpm._level_power^$BK10,"")) -> 0.85714286 | BM10: =_xlfn.LET(_xlpm._level_power,2,IF($BK10<>"",BH10/_xlpm._level_power^$BK10,"")) -> 0.85714286
A11: 1310107 | B11: 双刃铡刀 | C11: DScript_Melee_Blade | D11: 0 | E11: =TEXT(D11/120,"0.00")&" s" -> 0.00 s | F11: FALSE | G11: 0 | H11: =_xlfn.TEXTJOIN(";",1,$I11:$K11) -> 0 | I11: 0 | L11: =_xlfn.TEXTJOIN(";",1,$M11:$O11) -> 1 | M11: 1 | S11: attack_1;attack_2 | U11: se_ag_melee_wield | V11: se_ag_melee_grinding | W11: 2 | X11: {=_xlfn.TEXTJOIN("~",1,Y11:Z11/AA11)} -> 0.307692307692308~0.769230769230769 | Y11: 8 | Z11: 20 | AA11: 26 | AF11: 1.7058 | AG11: 5 | AL11: {=_xlfn.TEXTJOIN(";",1,IFERROR(1/AM11:AN11,""))} -> 0.00208333333333333 | AM11: 480 | AO11: {=_xlfn.TEXTJOIN(";",1,_xlfn.LAMBDA(_xlpm.x,IF(_xlpm.x<>"",OFFSET(_xlpm.x,3-ROW(),0)&"="&_xlpm.x,""))(AP11:AT11))} -> sharp=150 | AP11: 150 | AU11: {=TEXT(VLOOKUP($A11,battle_data!$A:$G,MATCH(INDEX(_xlfn.TEXTSPLIT(AU$3,"|"),1),battle_data!$A$1:$G$1),0)*0.001,"0%")} -> 0% | AV11: {=TEXT(VLOOKUP($A11,battle_data!$A:$G,MATCH(INDEX(_xlfn.TEXTSPLIT(AV$3,"|"),1),battle_data!$A$1:$G$1),0)*0.001,"0%")} -> 8% | AW11: {=TEXT(VLOOKUP($A11,battle_data!$A:$G,MATCH(INDEX(_xlfn.TEXTSPLIT(AW$3,"|"),1),battle_data!$A$1:$G$1),0)*0.001,"0%")} -> 130% | AX11: =_xlfn.LET(_xlpm.p,($AV11),_xlpm.p*$AW11+(1-_xlpm.p)) -> 1.024 | AY11: =SUM($AP11:$AT11)*AX11 -> 153.6 | BH11: =$AY11*30/$AA11 -> 177.23077 | BI11: =$AY11*120/($D11+4*$AA11) -> 177.23077 | BJ11: 8 | BK11: 2 | BL11: =_xlfn.LET(_xlpm._level_power,2,IF($BK11<>"",BH11/_xlpm._level_power^$BK11,"")) -> 44.307692 | BM11: =_xlfn.LET(_xlpm._level_power,2,IF($BK11<>"",BH11/_xlpm._level_power^$BK11,"")) -> 44.307692
A12: 13101070 | B12: 双刃铡刀 Lv.0 | C12: DScript_Melee_Blade | D12: 0 | E12: =TEXT(D12/120,"0.00")&" s" -> 0.00 s | F12: FALSE | G12: 0 | H12: =_xlfn.TEXTJOIN(";",1,$I12:$K12) -> 0 | I12: 0 | L12: =_xlfn.TEXTJOIN(";",1,$M12:$O12) -> 1 | M12: 1 | S12: attack_1;attack_2 | U12: se_ag_melee_wield | V12: se_ag_melee_grinding | W12: 2 | X12: {=_xlfn.TEXTJOIN("~",1,Y12:Z12/AA12)} -> 0.307692307692308~0.769230769230769 | Y12: 8 | Z12: 20 | AA12: 26 | AF12: 1.7058 | AG12: 5 | AL12: {=_xlfn.TEXTJOIN(";",1,IFERROR(1/AM12:AN12,""))} -> 0.00208333333333333 | AM12: 480 | AO12: {=_xlfn.TEXTJOIN(";",1,_xlfn.LAMBDA(_xlpm.x,IF(_xlpm.x<>"",OFFSET(_xlpm.x,3-ROW(),0)&"="&_xlpm.x,""))(AP12:AT12))} -> sharp=35 | AP12: 35 | AU12: {=TEXT(VLOOKUP($A12,battle_data!$A:$G,MATCH(INDEX(_xlfn.TEXTSPLIT(AU$3,"|"),1),battle_data!$A$1:$G$1),0)*0.001,"0%")} -> 0% | AV12: {=TEXT(VLOOKUP($A12,battle_data!$A:$G,MATCH(INDEX(_xlfn.TEXTSPLIT(AV$3,"|"),1),battle_data!$A$1:$G$1),0)*0.001,"0%")} -> 8% | AW12: {=TEXT(VLOOKUP($A12,battle_data!$A:$G,MATCH(INDEX(_xlfn.TEXTSPLIT(AW$3,"|"),1),battle_data!$A$1:$G$1),0)*0.001,"0%")} -> 130% | AX12: =_xlfn.LET(_xlpm.p,($AV12),_xlpm.p*$AW12+(1-_xlpm.p)) -> 1.024 | AY12: =SUM($AP12:$AT12)*AX12 -> 35.84 | AZ12: =AA12/30 -> 0.86666667 | BA12: =AY12/AZ12 -> 41.353846 | BB12: {=_xlfn.LAMBDA(_xlpm._dps,_xlpm._info_cell,ROUND(IF(_xlpm._dps<=0,-10,LOG(_xlpm._dps/INDEX(_xlfn.TEXTSPLIT(_xlpm._info_cell,"="),2),1.5)),2))($BA12,BB$3)} -> -0.7 | BC12: 0 | BD12: 1 | BE12: {=_xlfn.LAMBDA(_xlpm._lv,_xlpm._rank,_xlpm._base,_xlpm._lv+INDEX(_xlfn.TEXTSPLIT(_xlpm._base,"="),2)^(_xlpm._rank-2)-1)(BC12,BD12,BE$3)} -> -0.5 | BF12: -0.3 | BG12: =BE12*2-BB12-BF12 -> 0 | BH12: =$AY12*30/$AA12 -> 41.353846 | BI12: =$AY12*120/($D12+4*$AA12) -> 41.353846 | BJ12: 3 | BK12: 2 | BL12: =_xlfn.LET(_xlpm._level_power,2,IF($BK12<>"",BH12/_xlpm._level_power^$BK12,"")) -> 10.338462 | BM12: =_xlfn.LET(_xlpm._level_power,2,IF($BK12<>"",BH12/_xlpm._level_power^$BK12,"")) -> 10.338462
A13: 13101071 | B13: 双刃铡刀 Lv.1 | C13: DScript_Melee_Blade | D13: 0 | E13: =TEXT(D13/120,"0.00")&" s" -> 0.00 s | F13: FALSE | G13: 0 | H13: =_xlfn.TEXTJOIN(";",1,$I13:$K13) -> 0 | I13: 0 | L13: =_xlfn.TEXTJOIN(";",1,$M13:$O13) -> 1 | M13: 1 | S13: attack_1;attack_2 | U13: se_ag_melee_wield | V13: se_ag_melee_grinding | W13: 2 | X13: {=_xlfn.TEXTJOIN("~",1,Y13:Z13/AA13)} -> 0.307692307692308~0.769230769230769 | Y13: 8 | Z13: 20 | AA13: 26 | AF13: 1.7058 | AG13: 5 | AL13: {=_xlfn.TEXTJOIN(";",1,IFERROR(1/AM13:AN13,""))} -> 0.00208333333333333 | AM13: 480 | AO13: {=_xlfn.TEXTJOIN(";",1,_xlfn.LAMBDA(_xlpm.x,IF(_xlpm.x<>"",OFFSET(_xlpm.x,3-ROW(),0)&"="&_xlpm.x,""))(AP13:AT13))} -> sharp=60 | AP13: 60 | AU13: {=TEXT(VLOOKUP($A13,battle_data!$A:$G,MATCH(INDEX(_xlfn.TEXTSPLIT(AU$3,"|"),1),battle_data!$A$1:$G$1),0)*0.001,"0%")} -> 0% | AV13: {=TEXT(VLOOKUP($A13,battle_data!$A:$G,MATCH(INDEX(_xlfn.TEXTSPLIT(AV$3,"|"),1),battle_data!$A$1:$G$1),0)*0.001,"0%")} -> 8% | AW13: {=TEXT(VLOOKUP($A13,battle_data!$A:$G,MATCH(INDEX(_xlfn.TEXTSPLIT(AW$3,"|"),1),battle_data!$A$1:$G$1),0)*0.001,"0%")} -> 130% | AX13: =_xlfn.LET(_xlpm.p,($AV13),_xlpm.p*$AW13+(1-_xlpm.p)) -> 1.024 | AY13: =SUM($AP13:$AT13)*AX13 -> 61.44 | AZ13: =AA13/30 -> 0.86666667 | BA13: =AY13/AZ13 -> 70.892308 | BB13: {=_xlfn.LAMBDA(_xlpm._dps,_xlpm._info_cell,ROUND(IF(_xlpm._dps<=0,-10,LOG(_xlpm._dps/INDEX(_xlfn.TEXTSPLIT(_xlpm._info_cell,"="),2),1.5)),2))($BA13,BB$3)} -> 0.63 | BC13: 1 | BD13: 1 | BE13: {=_xlfn.LAMBDA(_xlpm._lv,_xlpm._rank,_xlpm._base,_xlpm._lv+INDEX(_xlfn.TEXTSPLIT(_xlpm._base,"="),2)^(_xlpm._rank-2)-1)(BC13,BD13,BE$3)} -> 0.5 | BF13: -0.3 | BG13: =BE13*2-BB13-BF13 -> 0.67 | BH13: =$AY13*30/$AA13 -> 70.892308 | BI13: =$AY13*120/($D13+4*$AA13) -> 70.892308 | BJ13: 4 | BK13: 2 | BL13: =_xlfn.LET(_xlpm._level_power,2,IF($BK13<>"",BH13/_xlpm._level_power^$BK13,"")) -> 17.723077 | BM13: =_xlfn.LET(_xlpm._level_power,2,IF($BK13<>"",BH13/_xlpm._level_power^$BK13,"")) -> 17.723077
A14: 13101072 | B14: 双刃铡刀 Lv.2 | C14: DScript_Melee_Blade | D14: 0 | E14: =TEXT(D14/120,"0.00")&" s" -> 0.00 s | F14: FALSE | G14: 0 | H14: =_xlfn.TEXTJOIN(";",1,$I14:$K14) -> 0 | I14: 0 | L14: =_xlfn.TEXTJOIN(";",1,$M14:$O14) -> 1 | M14: 1 | S14: attack_1;attack_2 | U14: se_ag_melee_wield | V14: se_ag_melee_grinding | W14: 2 | X14: {=_xlfn.TEXTJOIN("~",1,Y14:Z14/AA14)} -> 0.307692307692308~0.769230769230769 | Y14: 8 | Z14: 20 | AA14: 26 | AF14: 1.7058 | AG14: 5 | AL14: {=_xlfn.TEXTJOIN(";",1,IFERROR(1/AM14:AN14,""))} -> 0.00208333333333333 | AM14: 480 | AO14: {=_xlfn.TEXTJOIN(";",1,_xlfn.LAMBDA(_xlpm.x,IF(_xlpm.x<>"",OFFSET(_xlpm.x,3-ROW(),0)&"="&_xlpm.x,""))(AP14:AT14))} -> sharp=95 | AP14: 95 | AU14: {=TEXT(VLOOKUP($A14,battle_data!$A:$G,MATCH(INDEX(_xlfn.TEXTSPLIT(AU$3,"|"),1),battle_data!$A$1:$G$1),0)*0.001,"0%")} -> 0% | AV14: {=TEXT(VLOOKUP($A14,battle_data!$A:$G,MATCH(INDEX(_xlfn.TEXTSPLIT(AV$3,"|"),1),battle_data!$A$1:$G$1),0)*0.001,"0%")} -> 8% | AW14: {=TEXT(VLOOKUP($A14,battle_data!$A:$G,MATCH(INDEX(_xlfn.TEXTSPLIT(AW$3,"|"),1),battle_data!$A$1:$G$1),0)*0.001,"0%")} -> 130% | AX14: =_xlfn.LET(_xlpm.p,($AV14),_xlpm.p*$AW14+(1-_xlpm.p)) -> 1.024 | AY14: =SUM($AP14:$AT14)*AX14 -> 97.28 | AZ14: =AA14/30 -> 0.86666667 | BA14: =AY14/AZ14 -> 112.24615 | BB14: {=_xlfn.LAMBDA(_xlpm._dps,_xlpm._info_cell,ROUND(IF(_xlpm._dps<=0,-10,LOG(_xlpm._dps/INDEX(_xlfn.TEXTSPLIT(_xlpm._info_cell,"="),2),1.5)),2))($BA14,BB$3)} -> 1.76 | BC14: 2 | BD14: 1 | BE14: {=_xlfn.LAMBDA(_xlpm._lv,_xlpm._rank,_xlpm._base,_xlpm._lv+INDEX(_xlfn.TEXTSPLIT(_xlpm._base,"="),2)^(_xlpm._rank-2)-1)(BC14,BD14,BE$3)} -> 1.5 | BF14: -0.3 | BG14: =BE14*2-BB14-BF14 -> 1.54 | BH14: =$AY14*30/$AA14 -> 112.24615 | BI14: =$AY14*120/($D14+4*$AA14) -> 112.24615 | BJ14: 5.33 | BK14: 2 | BL14: =_xlfn.LET(_xlpm._level_power,2,IF($BK14<>"",BH14/_xlpm._level_power^$BK14,"")) -> 28.061538 | BM14: =_xlfn.LET(_xlpm._level_power,2,IF($BK14<>"",BH14/_xlpm._level_power^$BK14,"")) -> 28.061538
A15: 13101073 | B15: 双刃铡刀 Lv.3 | C15: DScript_Melee_Blade | D15: 0 | E15: =TEXT(D15/120,"0.00")&" s" -> 0.00 s | F15: FALSE | G15: 0 | H15: =_xlfn.TEXTJOIN(";",1,$I15:$K15) -> 0 | I15: 0 | L15: =_xlfn.TEXTJOIN(";",1,$M15:$O15) -> 1 | M15: 1 | S15: attack_1;attack_2 | U15: se_ag_melee_wield | V15: se_ag_melee_grinding | W15: 2 | X15: {=_xlfn.TEXTJOIN("~",1,Y15:Z15/AA15)} -> 0.307692307692308~0.769230769230769 | Y15: 8 | Z15: 20 | AA15: 26 | AF15: 1.7058 | AG15: 5 | AL15: {=_xlfn.TEXTJOIN(";",1,IFERROR(1/AM15:AN15,""))} -> 0.00208333333333333 | AM15: 480 | AO15: {=_xlfn.TEXTJOIN(";",1,_xlfn.LAMBDA(_xlpm.x,IF(_xlpm.x<>"",OFFSET(_xlpm.x,3-ROW(),0)&"="&_xlpm.x,""))(AP15:AT15))} -> sharp=140 | AP15: 140 | AU15: {=TEXT(VLOOKUP($A15,battle_data!$A:$G,MATCH(INDEX(_xlfn.TEXTSPLIT(AU$3,"|"),1),battle_data!$A$1:$G$1),0)*0.001,"0%")} -> 0% | AV15: {=TEXT(VLOOKUP($A15,battle_data!$A:$G,MATCH(INDEX(_xlfn.TEXTSPLIT(AV$3,"|"),1),battle_data!$A$1:$G$1),0)*0.001,"0%")} -> 8% | AW15: {=TEXT(VLOOKUP($A15,battle_data!$A:$G,MATCH(INDEX(_xlfn.TEXTSPLIT(AW$3,"|"),1),battle_data!$A$1:$G$1),0)*0.001,"0%")} -> 130% | AX15: =_xlfn.LET(_xlpm.p,($AV15),_xlpm.p*$AW15+(1-_xlpm.p)) -> 1.024 | AY15: =SUM($AP15:$AT15)*AX15 -> 143.36 | AZ15: =AA15/30 -> 0.86666667 | BA15: =AY15/AZ15 -> 165.41538 | BB15: {=_xlfn.LAMBDA(_xlpm._dps,_xlpm._info_cell,ROUND(IF(_xlpm._dps<=0,-10,LOG(_xlpm._dps/INDEX(_xlfn.TEXTSPLIT(_xlpm._info_cell,"="),2),1.5)),2))($BA15,BB$3)} -> 2.72 | BC15: 3 | BD15: 1 | BE15: {=_xlfn.LAMBDA(_xlpm._lv,_xlpm._rank,_xlpm._base,_xlpm._lv+INDEX(_xlfn.TEXTSPLIT(_xlpm._base,"="),2)^(_xlpm._rank-2)-1)(BC15,BD15,BE$3)} -> 2.5 | BF15: -0.3 | BG15: =BE15*2-BB15-BF15 -> 2.58 | BH15: =$AY15*30/$AA15 -> 165.41538 | BI15: =$AY15*120/($D15+4*$AA15) -> 165.41538 | BJ15: 7.1 | BK15: 2 | BL15: =_xlfn.LET(_xlpm._level_power,2,IF($BK15<>"",BH15/_xlpm._level_power^$BK15,"")) -> 41.353846 | BM15: =_xlfn.LET(_xlpm._level_power,2,IF($BK15<>"",BH15/_xlpm._level_power^$BK15,"")) -> 41.353846
A16: 1311101 | B16: 执刑木棍 | C16: BasicMelee_Click | D16: 360 | E16: =TEXT(D16/120,"0.00")&" s" -> 3.00 s | F16: TRUE | G16: 0 | H16: =_xlfn.TEXTJOIN(";",1,$I16:$K16) -> 0 | I16: 0 | L16: =_xlfn.TEXTJOIN(";",1,$M16:$O16) -> 1 | M16: 1 | S16: attack_1;attack_2 | U16: se_ag_melee_wield | W16: 2 | X16: {=_xlfn.TEXTJOIN("~",1,Y16:Z16/AA16)} -> 0.25~0.4 | Y16: 5 | Z16: 8 | AA16: 20 | AF16: 1.67 | AG16: 8 | AL16: {=_xlfn.TEXTJOIN(";",1,IFERROR(1/AM16:AN16,""))} | AO16: {=_xlfn.TEXTJOIN(";",1,_xlfn.LAMBDA(_xlpm.x,IF(_xlpm.x<>"",OFFSET(_xlpm.x,3-ROW(),0)&"="&_xlpm.x,""))(AP16:AT16))} -> sharp=10;blunt=30 | AP16: 10 | AQ16: 30 | AU16: {=TEXT(VLOOKUP($A16,battle_data!$A:$G,MATCH(INDEX(_xlfn.TEXTSPLIT(AU$3,"|"),1),battle_data!$A$1:$G$1),0)*0.001,"0%")} -> 60% | AV16: {=TEXT(VLOOKUP($A16,battle_data!$A:$G,MATCH(INDEX(_xlfn.TEXTSPLIT(AV$3,"|"),1),battle_data!$A$1:$G$1),0)*0.001,"0%")} -> 10% | AW16: {=TEXT(VLOOKUP($A16,battle_data!$A:$G,MATCH(INDEX(_xlfn.TEXTSPLIT(AW$3,"|"),1),battle_data!$A$1:$G$1),0)*0.001,"0%")} -> 200% | AX16: =_xlfn.LET(_xlpm.p,($AV16),_xlpm.p*$AW16+(1-_xlpm.p)) -> 1.1 | AY16: =SUM($AP16:$AT16)*AX16 -> 44 | BH16: =$AY16*30/$AA16 -> 66 | BI16: =$AY16*120/($D16+4*$AA16) -> 12 | BJ16: 12 | BK16: 1 | BL16: =_xlfn.LET(_xlpm._level_power,2,IF($BK16<>"",BH16/_xlpm._level_power^$BK16,"")) -> 33 | BM16: =_xlfn.LET(_xlpm._level_power,2,IF($BK16<>"",BH16/_xlpm._level_power^$BK16,"")) -> 33
A17: 1311102 | B17: 执刑斧钺 | C17: BasicMelee_Click | D17: 750 | E17: =TEXT(D17/120,"0.00")&" s" -> 6.25 s | F17: FALSE | G17: 0 | H17: =_xlfn.TEXTJOIN(";",1,$I17:$K17) -> 7;24;60 | I17: 7 | J17: 24 | K17: 60 | L17: =_xlfn.TEXTJOIN(";",1,$M17:$O17) -> 0.25;0.6;0.85 | M17: 0.25 | N17: 0.6 | O17: 0.85 | P17: 0.05 | Q17: =R17/120 -> 0.016666667 | R17: 2 | S17: attack_1;attack_2 | U17: se_ag_melee_wield | V17: se_ag_melee_grinding | W17: 2 | X17: {=_xlfn.TEXTJOIN("~",1,Y17:Z17/AA17)} -> 0.485714285714286~0.571428571428571 | Y17: 17 | Z17: 20 | AA17: 35 | AF17: 1.75 | AG17: 2.5 | AL17: {=_xlfn.TEXTJOIN(";",1,IFERROR(1/AM17:AN17,""))} | AO17: {=_xlfn.TEXTJOIN(";",1,_xlfn.LAMBDA(_xlpm.x,IF(_xlpm.x<>"",OFFSET(_xlpm.x,3-ROW(),0)&"="&_xlpm.x,""))(AP17:AT17))} -> sharp=144;blunt=28 | AP17: 144 | AQ17: 28 | AU17: {=TEXT(VLOOKUP($A17,battle_data!$A:$G,MATCH(INDEX(_xlfn.TEXTSPLIT(AU$3,"|"),1),battle_data!$A$1:$G$1),0)*0.001,"0%")} -> 55% | AV17: {=TEXT(VLOOKUP($A17,battle_data!$A:$G,MATCH(INDEX(_xlfn.TEXTSPLIT(AV$3,"|"),1),battle_data!$A$1:$G$1),0)*0.001,"0%")} -> 10% | AW17: {=TEXT(VLOOKUP($A17,battle_data!$A:$G,MATCH(INDEX(_xlfn.TEXTSPLIT(AW$3,"|"),1),battle_data!$A$1:$G$1),0)*0.001,"0%")} -> 200% | AX17: =_xlfn.LET(_xlpm.p,($AV17),_xlpm.p*$AW17+(1-_xlpm.p)) -> 1.1 | AY17: =SUM($AP17:$AT17)*AX17 -> 189.2 | BH17: =$AY17*30/$AA17 -> 162.17143 | BI17: =$AY17*120/($D17+4*$AA17) -> 25.510112 | BJ17: 15 | BK17: 2 | BL17: =_xlfn.LET(_xlpm._level_power,2,IF($BK17<>"",BH17/_xlpm._level_power^$BK17,"")) -> 40.542857 | BM17: =_xlfn.LET(_xlpm._level_power,2,IF($BK17<>"",BH17/_xlpm._level_power^$BK17,"")) -> 40.542857
A18: 1311801 | B18: 短柄鱼叉 | C18: BasicMelee_Click | D18: 240 | E18: =TEXT(D18/120,"0.00")&" s" -> 2.00 s | F18: FALSE | G18: 0 | H18: =_xlfn.TEXTJOIN(";",1,$I18:$K18) -> 7;24;60 | I18: 7 | J18: 24 | K18: 60 | L18: =_xlfn.TEXTJOIN(";",1,$M18:$O18) -> 0.25;0.6;0.85 | M18: 0.25 | N18: 0.6 | O18: 0.85 | P18: 0.03 | Q18: =R18/120 -> 0.027777778 | R18: =10/3 -> 3.3333333 | T18: attack_1 | U18: se_ag_melee_wield | V18: se_ag_melee_grinding | W18: 1 | X18: {=_xlfn.TEXTJOIN("~",1,Y18:Z18/AA18)} -> 0.4~0.6 | Y18: 10 | Z18: 15 | AA18: 25 | AF18: 1.0188 | AG18: 9 | AL18: {=_xlfn.TEXTJOIN(";",1,IFERROR(1/AM18:AN18,""))} | AO18: {=_xlfn.TEXTJOIN(";",1,_xlfn.LAMBDA(_xlpm.x,IF(_xlpm.x<>"",OFFSET(_xlpm.x,3-ROW(),0)&"="&_xlpm.x,""))(AP18:AT18))} -> sharp=72 | AP18: 72 | AU18: {=TEXT(VLOOKUP($A18,battle_data!$A:$G,MATCH(INDEX(_xlfn.TEXTSPLIT(AU$3,"|"),1),battle_data!$A$1:$G$1),0)*0.001,"0%")} -> 50% | AV18: {=TEXT(VLOOKUP($A18,battle_data!$A:$G,MATCH(INDEX(_xlfn.TEXTSPLIT(AV$3,"|"),1),battle_data!$A$1:$G$1),0)*0.001,"0%")} -> 15% | AW18: {=TEXT(VLOOKUP($A18,battle_data!$A:$G,MATCH(INDEX(_xlfn.TEXTSPLIT(AW$3,"|"),1),battle_data!$A$1:$G$1),0)*0.001,"0%")} -> 300% | AX18: =_xlfn.LET(_xlpm.p,($AV18),_xlpm.p*$AW18+(1-_xlpm.p)) -> 1.3 | AY18: =SUM($AP18:$AT18)*AX18 -> 93.6 | BH18: =$AY18*30/$AA18 -> 112.32 | BI18: =$AY18*120/($D18+4*$AA18) -> 33.035294 | BJ18: 3 | BK18: 1 | BL18: =_xlfn.LET(_xlpm._level_power,2,IF($BK18<>"",BH18/_xlpm._level_power^$BK18,"")) -> 56.16 | BM18: =_xlfn.LET(_xlpm._level_power,2,IF($BK18<>"",BH18/_xlpm._level_power^$BK18,"")) -> 56.16
A19: 1311802 | B19: 海妖触手 | C19: BasicMelee_Click | D19: 300 | E19: =TEXT(D19/120,"0.00")&" s" -> 2.50 s | F19: FALSE | G19: 0 | H19: =_xlfn.TEXTJOIN(";",1,$I19:$K19) -> 0 | I19: 0 | L19: =_xlfn.TEXTJOIN(";",1,$M19:$O19) -> 1 | M19: 1 | S19: attack_1 | U19: se_ag_melee_wield | W19: 1 | X19: {=_xlfn.TEXTJOIN("~",1,Y19:Z19/AA19)} -> 0.4~0.72 | Y19: 10 | Z19: 18 | AA19: 25 | AF19: 1.0188 | AG19: 9 | AL19: {=_xlfn.TEXTJOIN(";",1,IFERROR(1/AM19:AN19,""))} | AO19: {=_xlfn.TEXTJOIN(";",1,_xlfn.LAMBDA(_xlpm.x,IF(_xlpm.x<>"",OFFSET(_xlpm.x,3-ROW(),0)&"="&_xlpm.x,""))(AP19:AT19))} -> blunt=44;acid=22;wrap=11 | AQ19: 44 | AS19: 22 | AT19: 11 | AU19: {=TEXT(VLOOKUP($A19,battle_data!$A:$G,MATCH(INDEX(_xlfn.TEXTSPLIT(AU$3,"|"),1),battle_data!$A$1:$G$1),0)*0.001,"0%")} -> 35% | AV19: {=TEXT(VLOOKUP($A19,battle_data!$A:$G,MATCH(INDEX(_xlfn.TEXTSPLIT(AV$3,"|"),1),battle_data!$A$1:$G$1),0)*0.001,"0%")} -> 0% | AW19: {=TEXT(VLOOKUP($A19,battle_data!$A:$G,MATCH(INDEX(_xlfn.TEXTSPLIT(AW$3,"|"),1),battle_data!$A$1:$G$1),0)*0.001,"0%")} -> 150% | AX19: =_xlfn.LET(_xlpm.p,($AV19),_xlpm.p*$AW19+(1-_xlpm.p)) -> 1 | AY19: =SUM($AP19:$AT19)*AX19 -> 77 | BH19: =$AY19*30/$AA19 -> 92.4 | BI19: =$AY19*120/($D19+4*$AA19) -> 23.1 | BJ19: 6.5 | BK19: 2 | BL19: =_xlfn.LET(_xlpm._level_power,2,IF($BK19<>"",BH19/_xlpm._level_power^$BK19,"")) -> 23.1 | BM19: =_xlfn.LET(_xlpm._level_power,2,IF($BK19<>"",BH19/_xlpm._level_power^$BK19,"")) -> 23.1
A21: 1319001 | B21: AMY棍棒 | C21: DScript_Melee_Baton | D21: 0 | E21: =TEXT(D21/120,"0.00")&" s" -> 0.00 s | F21: TRUE | G21: 0 | H21: =_xlfn.TEXTJOIN(";",1,$I21:$K21) -> 0 | I21: 0 | L21: =_xlfn.TEXTJOIN(";",1,$M21:$O21) -> 1 | M21: 1 | S21: attack_1;attack_2 | U21: se_ag_melee_wield | W21: 2 | X21: {=_xlfn.TEXTJOIN("~",1,Y21:Z21/AA21)} -> 0.25~0.4 | Y21: 5 | Z21: 8 | AA21: 20 | AF21: 1.67 | AG21: 8 | AH21: 0 | AL21: {=_xlfn.TEXTJOIN(";",1,IFERROR(1/AM21:AN21,""))} -> 0.00416666666666667 | AM21: 240 | AO21: {=_xlfn.TEXTJOIN(";",1,_xlfn.LAMBDA(_xlpm.x,IF(_xlpm.x<>"",OFFSET(_xlpm.x,3-ROW(),0)&"="&_xlpm.x,""))(AP21:AT21))} -> sharp=10;blunt=30 | AP21: 10 | AQ21: 30 | AU21: {=TEXT(VLOOKUP($A21,battle_data!$A:$G,MATCH(INDEX(_xlfn.TEXTSPLIT(AU$3,"|"),1),battle_data!$A$1:$G$1),0)*0.001,"0%")} -> 60% | AV21: {=TEXT(VLOOKUP($A21,battle_data!$A:$G,MATCH(INDEX(_xlfn.TEXTSPLIT(AV$3,"|"),1),battle_data!$A$1:$G$1),0)*0.001,"0%")} -> 10% | AW21: {=TEXT(VLOOKUP($A21,battle_data!$A:$G,MATCH(INDEX(_xlfn.TEXTSPLIT(AW$3,"|"),1),battle_data!$A$1:$G$1),0)*0.001,"0%")} -> 200% | AX21: =_xlfn.LET(_xlpm.p,($AV21),_xlpm.p*$AW21+(1-_xlpm.p)) -> 1.1 | AY21: =SUM($AP21:$AT21)*AX21 -> 44 | AZ21: =AA21/30 -> 0.66666667 | BA21: =AY21/AZ21 -> 66 | BB21: {=_xlfn.LAMBDA(_xlpm._dps,_xlpm._info_cell,ROUND(IF(_xlpm._dps<=0,-10,LOG(_xlpm._dps/INDEX(_xlfn.TEXTSPLIT(_xlpm._info_cell,"="),2),1.5)),2))($BA21,BB$3)} -> 0.45 | BC21: 1 | BG21: =BC21*2-BB21-BF21 -> 1.55 | BH21: =$AY21*30/$AA21 -> 66 | BI21: =$AY21*120/($D21+4*$AA21) -> 66 | BJ21: 12 | BK21: 1 | BL21: =_xlfn.LET(_xlpm._level_power,2,IF($BK21<>"",BH21/_xlpm._level_power^$BK21,"")) -> 33 | BM21: =_xlfn.LET(_xlpm._level_power,2,IF($BK21<>"",BH21/_xlpm._level_power^$BK21,"")) -> 33
A22: 1319002 | B22: AMY大剑 | C22: DScript_Melee_Claymore | D22: 0 | E22: =TEXT(D22/120,"0.00")&" s" -> 0.00 s | F22: FALSE | G22: 0 | H22: =_xlfn.TEXTJOIN(";",1,$I22:$K22) -> 7;24;60 | I22: 7 | J22: 24 | K22: 60 | L22: =_xlfn.TEXTJOIN(";",1,$M22:$O22) -> 0.4;0.6;0.85 | M22: 0.4 | N22: 0.6 | O22: 0.85 | P22: 0.1 | Q22: 20 | S22: attack_1;attack_2 | U22: se_ag_melee_wield | V22: se_ag_melee_grinding | W22: 2 | X22: {=_xlfn.TEXTJOIN("~",1,Y22:Z22/AA22)} -> 0.466666666666667~0.6 | Y22: 14 | Z22: 18 | AA22: 30 | AF22: 1.7058 | AG22: 5 | AH22: 1 | AI22: =1/AJ22 -> 0.0083333333 | AJ22: 120 | AK22: =TEXT(AJ22/120,"0.00")&" s" -> 1.00 s | AL22: {=_xlfn.TEXTJOIN(";",1,IFERROR(1/AM22:AN22,""))} -> 0.00208333333333333;0.00833333333333333 | AM22: 480 | AN22: 120 | AO22: {=_xlfn.TEXTJOIN(";",1,_xlfn.LAMBDA(_xlpm.x,IF(_xlpm.x<>"",OFFSET(_xlpm.x,3-ROW(),0)&"="&_xlpm.x,""))(AP22:AT22))} -> sharp=150 | AP22: 150 | AU22: {=TEXT(VLOOKUP($A22,battle_data!$A:$G,MATCH(INDEX(_xlfn.TEXTSPLIT(AU$3,"|"),1),battle_data!$A$1:$G$1),0)*0.001,"0%")} -> 0% | AV22: {=TEXT(VLOOKUP($A22,battle_data!$A:$G,MATCH(INDEX(_xlfn.TEXTSPLIT(AV$3,"|"),1),battle_data!$A$1:$G$1),0)*0.001,"0%")} -> 10% | AW22: {=TEXT(VLOOKUP($A22,battle_data!$A:$G,MATCH(INDEX(_xlfn.TEXTSPLIT(AW$3,"|"),1),battle_data!$A$1:$G$1),0)*0.001,"0%")} -> 200% | AX22: =_xlfn.LET(_xlpm.p,($AV22),_xlpm.p*$AW22+(1-_xlpm.p)) -> 1.1 | AY22: =SUM($AP22:$AT22)*AX22 -> 165 | AZ22: =AA22/30 -> 1 | BA22: =AY22/AZ22 -> 165 | BB22: {=_xlfn.LAMBDA(_xlpm._dps,_xlpm._info_cell,ROUND(IF(_xlpm._dps<=0,-10,LOG(_xlpm._dps/INDEX(_xlfn.TEXTSPLIT(_xlpm._info_cell,"="),2),1.5)),2))($BA22,BB$3)} -> 2.71 | BC22: 2 | BG22: =BC22*2-BB22-BF22 -> 1.29 | BH22: =$AY22*30/$AA22 -> 165 | BI22: =$AY22*120/($D22+4*$AA22) -> 165 | BJ22: 8 | BK22: 2 | BL22: =_xlfn.LET(_xlpm._level_power,2,IF($BK22<>"",BH22/_xlpm._level_power^$BK22,"")) -> 41.25 | BM22: =_xlfn.LET(_xlpm._level_power,2,IF($BK22<>"",BH22/_xlpm._level_power^$BK22,"")) -> 41.25

Sheet fire_logic
A1: logic_id | E1: SE_fire | F1: SE_reloaded | G1: projectile_id | I1: speed | L1: projectile_life_ticks | P1: salvo | Q1: angle | S1: bone_name | T1: capacity | U1: need_loaded_in_barrel_before_shoot | V1: auto_load | W1: reload_num | X1: reload_trigger_speed | Y1: ui_reloading_trigger_ticks | AA1: reload_speed | AB1: ui_reloading_ticks | AE1: job_speed | AI1: tick_percent | AJ1: rapid_fire_tick_percent | AO1: cd | AQ1: damage
A2: uint key | E2: string | F2: string | G2: uint | I2: (float,float) | L2: (int,int) | P2: uint | Q2: float | S2: string | T2: uint | U2: bool | V2: bool | W2: int | X2: float | Y2: int | AA2: float | AB2: int | AE2: float[] | AI2: float | AJ2: float | AO2: int | AQ2: dict<string,int>
A3: 发射逻辑id | B3: 备注1 名称 | C3: 备注2 类型 | D3: 备注3 设备/怪物控制脚本 | E3: 音效-射击 怪物未实装 | F3: 音效-装填完毕 怪物未实装 | G3: 飞射物id | H3: 备注 | I3: 初速度 设备: 随机 怪物: t控制 | J3: 辅助列 初速度 min | K3: 辅助列 初速度 max | L3: 飞射物寿命 | M3: 辅助列 寿命 min | N3: 辅助列 寿命 max | P3: 齐发数 单次射击多个子弹 | Q3: 散布角度 | R3: 精准度 | S3: 飞射物 创建位置 所在骨骼 | T3: 备弹数 弹匣容量 仅设备使用 对怪物无效 | U3: 开火前 是否需上膛 对怪物无效 | V3: 可自动上膛 “开火前需要上膛”配置为true时，该项才有意义 对怪物无效 | W3: 装填数 n<=0: 一次性装填完毕 n>0: 逐发装填具体数量 对怪物无效 | X3: 装填启动速度 设备:进入reload的速率 对怪物无效 | Y3: 装填启动速率 时长辅助 （帧） | Z3: 备注 时长(秒) | AA3: 装填速度 设备:装填速率 reload状态下每两发子弹的装填间隔 对怪物无效 | AB3: 装填速率 时长辅助 （帧） | AC3: 备注1 时长(秒) | AD3: 特殊2 时长修正倍数 | AE3: NPC工作速度 工作1：装填 工作2：射击 对怪物无效 | AF3: 工作1 装填 帧数 | AG3: 工作2 射击 帧数 | AH3: 工作3 弹药搬运 帧数 | AI3: 开火帧（0~1） 在这一时刻创造飞射物 对怪物无效 | AJ3: 后摇帧（0~1） 这一时刻后 进入可被打断的后摇 对怪物无效 | AK3: 射击帧 | AL3: 打断帧 | AM3: 总帧数 | AN3: 最小 动画 攻击 间隔 | AO3: 射击 冷却帧 设备:基础cd 怪物:cd | AP3: 备注 (秒) | AQ3: 伤害 | AR3: sharp | AS3: blunt | AT3: fire | AU3: acid | AV3: wrap | AW3: flash | AX3: armor_piercing |护甲穿透 |对怪物无效 | AY3: critical_chance |暴击率 |对怪物无效 | AZ3: critical_rate |暴击伤害 |对怪物无效 | BA3: 计算参考 暴击修正倍率期望 | BB3: 特殊 单轮齐射总数 | BC3: 计算参考 单轮伤害 | BD3: 特殊 单轮射击耗时 （帧） | BE3: 特殊 单轮装填耗时 （帧） | BF3: 手动交互 单轮总耗时 （秒） | BG3: 计算统计 DPS | BH3: 计算统计 输出等级 base=32 | BI3: 设定 等级 | BJ3: 设定 宽度 | BK3: 战力 等级 base=2 | BL3: 其他属性补正 e.g.. 因手感差、射程近等因素，获得减分 | BM3: 适配 生存等级 | BN3: 计算参考 单轮耗时 (极限) （秒） | BO3: 计算参考 单轮耗时 （常规） （秒） | BP3: 计算参考 单轮DPS | BQ3: 计算参考 装填默认总时长 | BR3: 计算参考 手动DPS 表显max： 300 | BS3: 计算参考 自动DPS 表显max： 300 | BT3: 计算参考 等级 | BU3: 计算参考 手动DPS 表显max： 050 | BV3: 计算参考 自动DPS 表显max： 050
A4: 1320101 | B4: 弓箭 | C4: 设备 | D4: BasicShooter | E4: se_ag_bow_shoot | F4: se_ag_bow_reload | G4: 10001 | H4: =IF(G4<>"",IFERROR(VLOOKUP(G4,t_proj[#All],2,0),"--"),"") -> 箭矢 | I4: =_xlfn.TEXTJOIN("~",1,J4:K4) -> 25~0 | J4: 25 | K4: 0 | L4: =_xlfn.TEXTJOIN("~",1,M4:N4) -> 2400~0 | M4: 2400 | N4: 0 | P4: 1 | Q4: 3 | R4: =IF(Q4="","",1-Q4/20) -> 0.85 | S4: proj_muzzel | T4: 22 | U4: TRUE | V4: FALSE | W4: 1 | X4: =1/Y4 -> 0.0083333333 | Y4: 120 | Z4: =TEXT(Y4/120,"0.00")&" s" -> 1.00 s | AA4: =1/AB4 -> 0.0083333333 | AB4: 120 | AC4: =TEXT(AB4/120,"0.00")&" s" -> 1.00 s | AD4: 1 | AE4: {=_xlfn.TEXTJOIN(";",1,IFERROR(1/AF4:AH4,""))} -> 0.00833333333333333;0.00833333333333333 | AF4: 120 | AG4: 120 | AI4: =AK4/AM4 -> 0.88 | AJ4: =AL4/AM4 -> 0.98 | AK4: 22 | AL4: 24.5 | AM4: 25 | AN4: =($AL4-$AK4)*120/30 -> 10 | AO4: 360 | AP4: =TEXT(AO4/120,"0.00")&" s" -> 3.00 s | AQ4: {=_xlfn.TEXTJOIN(";",1,_xlfn.LAMBDA(_xlpm.x,IF(_xlpm.x<>"",OFFSET(_xlpm.x,3-ROW(),0)&"="&_xlpm.x,""))(AR4:AW4))} -> sharp=52 | AR4: 52 | AX4: {=TEXT(VLOOKUP($A4,battle_data!$A:$G,MATCH(INDEX(_xlfn.TEXTSPLIT(AX$3,"|"),1),battle_data!$A$1:$G$1),0)*0.001,"0%")} -> 20% | AY4: {=TEXT(VLOOKUP($A4,battle_data!$A:$G,MATCH(INDEX(_xlfn.TEXTSPLIT(AY$3,"|"),1),battle_data!$A$1:$G$1),0)*0.001,"0%")} -> 20% | AZ4: {=TEXT(VLOOKUP($A4,battle_data!$A:$G,MATCH(INDEX(_xlfn.TEXTSPLIT(AZ$3,"|"),1),battle_data!$A$1:$G$1),0)*0.001,"0%")} -> 300% | BA4: =_xlfn.LET(_xlpm.p,($AY4),_xlpm.p*$AZ4+(1-_xlpm.p)) -> 1.4 | BC4: =_xlfn.LET(_xlpm._custom_all_ammo,$BB4, _xlpm._all_ammo,IF(_xlpm._custom_all_ammo<>"",_xlpm._custom_all_ammo,$P4*$T4), IF(A4<>"",SUM($AR4:$AW4)*$BA4*_xlpm._all_ammo,"")) -> 1601.6 | BN4: =(($T4-1)*$AL4+$AM4)/30 -> 17.983333 | BO4: =(($T4-1)*($AL4+$AO4/4)+$AM4)/30 -> 80.983333 | BP4: =$BC4/$BO4 -> 19.776909 | BQ4: =$AB4*$AD4*IF($W4<=0,1,$T4)/120 -> 22 | BR4: =$BC4/($BQ4+$BN4) -> 40.05669 | BS4: =$BC4/($BQ4+$BO4) -> 15.552031 | BT4: 0 | BU4: =_xlfn.LET(_xlpm._level_power,2,IF($BT4<>"",BR4/_xlpm._level_power^$BT4,"")) -> 40.05669 | BV4: =_xlfn.LET(_xlpm._level_power,2,IF($BT4<>"",BR4/_xlpm._level_power^$BT4,"")) -> 40.05669
A5: 1320102 | B5: 防身手枪 | C5: 设备 | D5: DScript_Shooter | E5: se_ag_shoot_gun | F5: se_ag_gun_reloaded | G5: 10002 | H5: =IF(G5<>"",IFERROR(VLOOKUP(G5,t_proj[#All],2,0),"--"),"") -> 手枪子弹 | I5: =_xlfn.TEXTJOIN("~",1,J5:K5) -> 85~0 | J5: 85 | K5: 0 | L5: =_xlfn.TEXTJOIN("~",1,M5:N5) -> 360~0 | M5: 360 | N5: 0 | P5: 1 | Q5: 4 | R5: =IF(Q5="","",1-Q5/20) -> 0.8 | S5: proj_muzzel | T5: 17 | U5: FALSE | W5: 1 | X5: =1/Y5 -> 0.025 | Y5: 40 | Z5: =TEXT(Y5/120,"0.00")&" s" -> 0.33 s | AA5: =1/AB5 -> 0.025 | AB5: 40 | AC5: =TEXT(AB5/120,"0.00")&" s" -> 0.33 s | AD5: 1 | AE5: {=_xlfn.TEXTJOIN(";",1,IFERROR(1/AF5:AH5,""))} -> 0.025;0.025 | AF5: 40 | AG5: 40 | AI5: =AK5/AM5 -> 0.3 | AJ5: =AL5/AM5 -> 0.6 | AK5: 3 | AL5: 6 | AM5: 10 | AN5: =($AL5-$AK5)*120/30 -> 12 | AO5: 18 | AP5: =TEXT(AO5/120,"0.00")&" s" -> 0.15 s | AQ5: {=_xlfn.TEXTJOIN(";",1,_xlfn.LAMBDA(_xlpm.x,IF(_xlpm.x<>"",OFFSET(_xlpm.x,3-ROW(),0)&"="&_xlpm.x,""))(AR5:AW5))} -> sharp=21 | AR5: 21 | AX5: {=TEXT(VLOOKUP($A5,battle_data!$A:$G,MATCH(INDEX(_xlfn.TEXTSPLIT(AX$3,"|"),1),battle_data!$A$1:$G$1),0)*0.001,"0%")} -> 0% | AY5: {=TEXT(VLOOKUP($A5,battle_data!$A:$G,MATCH(INDEX(_xlfn.TEXTSPLIT(AY$3,"|"),1),battle_data!$A$1:$G$1),0)*0.001,"0%")} -> 3% | AZ5: {=TEXT(VLOOKUP($A5,battle_data!$A:$G,MATCH(INDEX(_xlfn.TEXTSPLIT(AZ$3,"|"),1),battle_data!$A$1:$G$1),0)*0.001,"0%")} -> 150% | BA5: =_xlfn.LET(_xlpm.p,($AY5),_xlpm.p*$AZ5+(1-_xlpm.p)) -> 1.015 | BC5: =_xlfn.LET(_xlpm._custom_all_ammo,$BB5, _xlpm._all_ammo,IF(_xlpm._custom_all_ammo<>"",_xlpm._custom_all_ammo,$P5*$T5), IF(A5<>"",SUM($AR5:$AW5)*$BA5*_xlpm._all_ammo,"")) -> 362.355 | BN5: =(($T5-1)*$AL5+$AM5)/30 -> 3.5333333 | BO5: =(($T5-1)*($AL5+$AO5/4)+$AM5)/30 -> 5.9333333 | BP5: =$BC5/$BO5 -> 61.071067 | BQ5: =$AB5*$AD5*IF($W5<=0,1,$T5)/120 -> 5.6666667 | BR5: =$BC5/($BQ5+$BN5) -> 39.386413 | BS5: =$BC5/($BQ5+$BO5) -> 31.2375 | BT5: 0 | BU5: =_xlfn.LET(_xlpm._level_power,2,IF(BT5<>"",BR5/_xlpm._level_power^BT5,"")) -> 39.386413 | BV5: =_xlfn.LET(_xlpm._level_power,2,IF($BT5<>"",BR5/_xlpm._level_power^$BT5,"")) -> 39.386413
A6: 13201021 | B6: 防身手枪 | C6: 设备 | D6: DScript_Shooter | E6: se_ag_shoot_gun | F6: se_ag_gun_reloaded | G6: 10002 | H6: =IF(G6<>"",IFERROR(VLOOKUP(G6,t_proj[#All],2,0),"--"),"") -> 手枪子弹 | I6: =_xlfn.TEXTJOIN("~",1,J6:K6) -> 85~0 | J6: 85 | K6: 0 | L6: =_xlfn.TEXTJOIN("~",1,M6:N6) -> 360~0 | M6: 360 | N6: 0 | P6: 1 | Q6: 4 | R6: =IF(Q6="","",1-Q6/20) -> 0.8 | S6: proj_muzzel | T6: 17 | U6: FALSE | W6: 1 | X6: =1/Y6 -> 0.0066666667 | Y6: 150 | Z6: =TEXT(Y6/120,"0.00")&" s" -> 1.25 s | AA6: =1/AB6 -> 0.033333333 | AB6: 30 | AC6: =TEXT(AB6/120,"0.00")&" s" -> 0.25 s | AD6: 1 | AE6: {=_xlfn.TEXTJOIN(";",1,IFERROR(1/AF6:AH6,""))} -> 0.00555555555555556;0.025 | AF6: 180 | AG6: 40 | AI6: =AK6/AM6 -> 0.3 | AJ6: =AL6/AM6 -> 0.6 | AK6: 3 | AL6: 6 | AM6: 10 | AN6: =($AL6-$AK6)*120/30 -> 12 | AO6: 18 | AP6: =TEXT(AO6/120,"0.00")&" s" -> 0.15 s | AQ6: {=_xlfn.TEXTJOIN(";",1,_xlfn.LAMBDA(_xlpm.x,IF(_xlpm.x<>"",OFFSET(_xlpm.x,3-ROW(),0)&"="&_xlpm.x,""))(AR6:AW6))} -> sharp=25 | AR6: 25 | AX6: {=TEXT(VLOOKUP($A6,battle_data!$A:$G,MATCH(INDEX(_xlfn.TEXTSPLIT(AX$3,"|"),1),battle_data!$A$1:$G$1),0)*0.001,"0%")} -> 0% | AY6: {=TEXT(VLOOKUP($A6,battle_data!$A:$G,MATCH(INDEX(_xlfn.TEXTSPLIT(AY$3,"|"),1),battle_data!$A$1:$G$1),0)*0.001,"0%")} -> 3% | AZ6: {=TEXT(VLOOKUP($A6,battle_data!$A:$G,MATCH(INDEX(_xlfn.TEXTSPLIT(AZ$3,"|"),1),battle_data!$A$1:$G$1),0)*0.001,"0%")} -> 150% | BA6: =_xlfn.LET(_xlpm.p,($AY6),_xlpm.p*$AZ6+(1-_xlpm.p)) -> 1.015 | BC6: =_xlfn.LET(_xlpm._custom_all_ammo,$BB6, _xlpm._all_ammo,IF(_xlpm._custom_all_ammo<>"",_xlpm._custom_all_ammo,$P6*$T6), IF(A6<>"",SUM($AR6:$AW6)*$BA6*_xlpm._all_ammo,"")) -> 431.375 | BF6: =_xlfn.LET(_xlpm._ammo,$T6, _xlpm._count_reload,IF($W6>0,_xlfn.CEILING.MATH(_xlpm._ammo/$W6),1), _xlpm._shoot_ticks,IF($BD6<>"",$BD6,($AL6*(_xlpm._ammo-1)+$AM6)*120/30), _xlpm._reload_ticks,IF($BE6<>"",$BE6,$Y6+$AB6*_xlpm._count_reload), (_xlpm._shoot_ticks+_xlpm._reload_ticks)/120 ) -> 9.0333333 | BG6: =BC6/BF6 -> 47.75369 | BH6: {=_xlfn.LAMBDA(_xlpm._dps,_xlpm._info_cell,ROUND(IF(_xlpm._dps<=0,-10,LOG(_xlpm._dps/INDEX(_xlfn.TEXTSPLIT(_xlpm._info_cell,"="),2),1.5)),2))($BG6,BH$3)} -> 0.99 | BI6: 1 | BJ6: 2 | BK6: {=_xlfn.LAMBDA(_xlpm._lv,_xlpm._rank,_xlpm._base,_xlpm._lv+INDEX(_xlfn.TEXTSPLIT(_xlpm._base,"="),2)^(_xlpm._rank-2)-1)(BI6,BJ6,BK$3)} -> 1 | BM6: =BK6*2-BH6-BL6 -> 1.01 | BN6: =(($T6-1)*$AL6+$AM6)/30 -> 3.5333333 | BO6: =(($T6-1)*($AL6+$AO6/4)+$AM6)/30 -> 5.9333333 | BP6: =$BC6/$BO6 -> 72.703652 | BQ6: =$AB6*$AD6*IF($W6<=0,1,$T6)/120 -> 4.25 | BR6: =BP6 -> 72.703652 | BS6: =$BC6/($BQ6+$BO6) -> 42.360884 | BT6: 1 | BU6: =_xlfn.LET(_xlpm._level_power,2,IF(BT6<>"",BR6/_xlpm._level_power^BT6,"")) -> 36.351826 | BV6: =_xlfn.LET(_xlpm._level_power,2,IF($BT6<>"",BR6/_xlpm._level_power^$BT6,"")) -> 36.351826
A7: 13201022 | B7: 前线手枪 | C7: 设备 | D7: DScript_Shooter | E7: se_ag_shoot_gun | F7: se_ag_gun_reloaded | G7: 10002 | H7: =IF(G7<>"",IFERROR(VLOOKUP(G7,t_proj[#All],2,0),"--"),"") -> 手枪子弹 | I7: =_xlfn.TEXTJOIN("~",1,J7:K7) -> 85~0 | J7: 85 | K7: 0 | L7: =_xlfn.TEXTJOIN("~",1,M7:N7) -> 360~0 | M7: 360 | N7: 0 | P7: 1 | Q7: 4 | R7: =IF(Q7="","",1-Q7/20) -> 0.8 | S7: proj_muzzel | T7: 17 | U7: FALSE | W7: 1 | X7: =1/Y7 -> 0.0066666667 | Y7: 150 | Z7: =TEXT(Y7/120,"0.00")&" s" -> 1.25 s | AA7: =1/AB7 -> 0.041666667 | AB7: 24 | AC7: =TEXT(AB7/120,"0.00")&" s" -> 0.20 s | AD7: 1 | AE7: {=_xlfn.TEXTJOIN(";",1,IFERROR(1/AF7:AH7,""))} -> 0.00555555555555556;0.03125 | AF7: 180 | AG7: 32 | AI7: =AK7/AM7 -> 0.3 | AJ7: =AL7/AM7 -> 0.6 | AK7: 3 | AL7: 6 | AM7: 10 | AN7: =($AL7-$AK7)*120/30 -> 12 | AO7: 18 | AP7: =TEXT(AO7/120,"0.00")&" s" -> 0.15 s | AQ7: {=_xlfn.TEXTJOIN(";",1,_xlfn.LAMBDA(_xlpm.x,IF(_xlpm.x<>"",OFFSET(_xlpm.x,3-ROW(),0)&"="&_xlpm.x,""))(AR7:AW7))} -> sharp=34 | AR7: 34 | AX7: {=TEXT(VLOOKUP($A7,battle_data!$A:$G,MATCH(INDEX(_xlfn.TEXTSPLIT(AX$3,"|"),1),battle_data!$A$1:$G$1),0)*0.001,"0%")} -> 0% | AY7: {=TEXT(VLOOKUP($A7,battle_data!$A:$G,MATCH(INDEX(_xlfn.TEXTSPLIT(AY$3,"|"),1),battle_data!$A$1:$G$1),0)*0.001,"0%")} -> 3% | AZ7: {=TEXT(VLOOKUP($A7,battle_data!$A:$G,MATCH(INDEX(_xlfn.TEXTSPLIT(AZ$3,"|"),1),battle_data!$A$1:$G$1),0)*0.001,"0%")} -> 150% | BA7: =_xlfn.LET(_xlpm.p,($AY7),_xlpm.p*$AZ7+(1-_xlpm.p)) -> 1.015 | BC7: =_xlfn.LET(_xlpm._custom_all_ammo,$BB7, _xlpm._all_ammo,IF(_xlpm._custom_all_ammo<>"",_xlpm._custom_all_ammo,$P7*$T7), IF(A7<>"",SUM($AR7:$AW7)*$BA7*_xlpm._all_ammo,"")) -> 586.67 | BF7: =_xlfn.LET(_xlpm._ammo,$T7, _xlpm._count_reload,IF($W7>0,_xlfn.CEILING.MATH(_xlpm._ammo/$W7),1), _xlpm._shoot_ticks,IF($BD7<>"",$BD7,($AL7*(_xlpm._ammo-1)+$AM7)*120/30), _xlpm._reload_ticks,IF($BE7<>"",$BE7,$Y7+$AB7*_xlpm._count_reload), (_xlpm._shoot_ticks+_xlpm._reload_ticks)/120 ) -> 8.1833333 | BG7: =BC7/BF7 -> 71.690835 | BH7: {=_xlfn.LAMBDA(_xlpm._dps,_xlpm._info_cell,ROUND(IF(_xlpm._dps<=0,-10,LOG(_xlpm._dps/INDEX(_xlfn.TEXTSPLIT(_xlpm._info_cell,"="),2),1.5)),2))($BG7,BH$3)} -> 1.99 | BI7: 2 | BJ7: 2 | BK7: {=_xlfn.LAMBDA(_xlpm._lv,_xlpm._rank,_xlpm._base,_xlpm._lv+INDEX(_xlfn.TEXTSPLIT(_xlpm._base,"="),2)^(_xlpm._rank-2)-1)(BI7,BJ7,BK$3)} -> 2 | BM7: =BK7*2-BH7-BL7 -> 2.01 | BN7: =(($T7-1)*$AL7+$AM7)/30 -> 3.5333333 | BO7: =(($T7-1)*($AL7+$AO7/4)+$AM7)/30 -> 5.9333333 | BP7: =$BC7/$BO7 -> 98.876966 | BQ7: =$AB7*$AD7*IF($W7<=0,1,$T7)/120 -> 3.4 | BR7: =BP7 -> 98.876966 | BS7: =$BC7/($BQ7+$BO7) -> 62.8575 | BT7: 1 | BU7: =_xlfn.LET(_xlpm._level_power,2,IF(BT7<>"",BR7/_xlpm._level_power^BT7,"")) -> 49.438483 | BV7: =_xlfn.LET(_xlpm._level_power,2,IF($BT7<>"",BR7/_xlpm._level_power^$BT7,"")) -> 49.438483
A8: 13201023 | B8: 军士长手枪 | C8: 设备 | D8: DScript_Shooter | E8: se_ag_shoot_gun | F8: se_ag_gun_reloaded | G8: 10002 | H8: =IF(G8<>"",IFERROR(VLOOKUP(G8,t_proj[#All],2,0),"--"),"") -> 手枪子弹 | I8: =_xlfn.TEXTJOIN("~",1,J8:K8) -> 85~0 | J8: 85 | K8: 0 | L8: =_xlfn.TEXTJOIN("~",1,M8:N8) -> 360~0 | M8: 360 | N8: 0 | P8: 1 | Q8: 4 | R8: =IF(Q8="","",1-Q8/20) -> 0.8 | S8: proj_muzzel | T8: 17 | U8: FALSE | W8: 1 | X8: =1/Y8 -> 0.0066666667 | Y8: 150 | Z8: =TEXT(Y8/120,"0.00")&" s" -> 1.25 s | AA8: =1/AB8 -> 0.055555556 | AB8: 18 | AC8: =TEXT(AB8/120,"0.00")&" s" -> 0.15 s | AD8: 1 | AE8: {=_xlfn.TEXTJOIN(";",1,IFERROR(1/AF8:AH8,""))} -> 0.00555555555555556;0.0416666666666667 | AF8: 180 | AG8: 24 | AI8: =AK8/AM8 -> 0.3 | AJ8: =AL8/AM8 -> 0.6 | AK8: 3 | AL8: 6 | AM8: 10 | AN8: =($AL8-$AK8)*120/30 -> 12 | AO8: 18 | AP8: =TEXT(AO8/120,"0.00")&" s" -> 0.15 s | AQ8: {=_xlfn.TEXTJOIN(";",1,_xlfn.LAMBDA(_xlpm.x,IF(_xlpm.x<>"",OFFSET(_xlpm.x,3-ROW(),0)&"="&_xlpm.x,""))(AR8:AW8))} -> sharp=45 | AR8: 45 | AX8: {=TEXT(VLOOKUP($A8,battle_data!$A:$G,MATCH(INDEX(_xlfn.TEXTSPLIT(AX$3,"|"),1),battle_data!$A$1:$G$1),0)*0.001,"0%")} -> 0% | AY8: {=TEXT(VLOOKUP($A8,battle_data!$A:$G,MATCH(INDEX(_xlfn.TEXTSPLIT(AY$3,"|"),1),battle_data!$A$1:$G$1),0)*0.001,"0%")} -> 3% | AZ8: {=TEXT(VLOOKUP($A8,battle_data!$A:$G,MATCH(INDEX(_xlfn.TEXTSPLIT(AZ$3,"|"),1),battle_data!$A$1:$G$1),0)*0.001,"0%")} -> 150% | BA8: =_xlfn.LET(_xlpm.p,($AY8),_xlpm.p*$AZ8+(1-_xlpm.p)) -> 1.015 | BC8: =_xlfn.LET(_xlpm._custom_all_ammo,$BB8, _xlpm._all_ammo,IF(_xlpm._custom_all_ammo<>"",_xlpm._custom_all_ammo,$P8*$T8), IF(A8<>"",SUM($AR8:$AW8)*$BA8*_xlpm._all_ammo,"")) -> 776.475 | BF8: =_xlfn.LET(_xlpm._ammo,$T8, _xlpm._count_reload,IF($W8>0,_xlfn.CEILING.MATH(_xlpm._ammo/$W8),1), _xlpm._shoot_ticks,IF($BD8<>"",$BD8,($AL8*(_xlpm._ammo-1)+$AM8)*120/30), _xlpm._reload_ticks,IF($BE8<>"",$BE8,$Y8+$AB8*_xlpm._count_reload), (_xlpm._shoot_ticks+_xlpm._reload_ticks)/120 ) -> 7.3333333 | BG8: =BC8/BF8 -> 105.88295 | BH8: {=_xlfn.LAMBDA(_xlpm._dps,_xlpm._info_cell,ROUND(IF(_xlpm._dps<=0,-10,LOG(_xlpm._dps/INDEX(_xlfn.TEXTSPLIT(_xlpm._info_cell,"="),2),1.5)),2))($BG8,BH$3)} -> 2.95 | BI8: 3 | BJ8: 2 | BK8: {=_xlfn.LAMBDA(_xlpm._lv,_xlpm._rank,_xlpm._base,_xlpm._lv+INDEX(_xlfn.TEXTSPLIT(_xlpm._base,"="),2)^(_xlpm._rank-2)-1)(BI8,BJ8,BK$3)} -> 3 | BM8: =BK8*2-BH8-BL8 -> 3.05 | BN8: =(($T8-1)*$AL8+$AM8)/30 -> 3.5333333 | BO8: =(($T8-1)*($AL8+$AO8/4)+$AM8)/30 -> 5.9333333 | BP8: =$BC8/$BO8 -> 130.86657 | BQ8: =$AB8*$AD8*IF($W8<=0,1,$T8)/120 -> 2.55 | BR8: =BP8 -> 130.86657 | BS8: =$BC8/($BQ8+$BO8) -> 91.52947 | BT8: 1 | BU8: =_xlfn.LET(_xlpm._level_power,2,IF(BT8<>"",BR8/_xlpm._level_power^BT8,"")) -> 65.433287 | BV8: =_xlfn.LET(_xlpm._level_power,2,IF($BT8<>"",BR8/_xlpm._level_power^$BT8,"")) -> 65.433287
A9: 13201029 | B9: 老舅的手枪 | C9: 设备 | D9: DScript_Shooter | E9: se_ag_shoot_gun | F9: se_ag_gun_reloaded | G9: 10002 | H9: =IF(G9<>"",IFERROR(VLOOKUP(G9,t_proj[#All],2,0),"--"),"") -> 手枪子弹 | I9: =_xlfn.TEXTJOIN("~",1,J9:K9) -> 65~85 | J9: 65 | K9: 85 | L9: =_xlfn.TEXTJOIN("~",1,M9:N9) -> 360~0 | M9: 360 | N9: 0 | P9: 1 | Q9: 8 | R9: =IF(Q9="","",1-Q9/20) -> 0.6 | S9: proj_muzzel | T9: 7 | U9: FALSE | W9: 1 | X9: =1/Y9 -> 0.0066666667 | Y9: 150 | Z9: =TEXT(Y9/120,"0.00")&" s" -> 1.25 s | AA9: =1/AB9 -> 0.033333333 | AB9: 30 | AC9: =TEXT(AB9/120,"0.00")&" s" -> 0.25 s | AD9: 1 | AE9: {=_xlfn.TEXTJOIN(";",1,IFERROR(1/AF9:AH9,""))} -> 0.00555555555555556;0.025 | AF9: 180 | AG9: 40 | AI9: =AK9/AM9 -> 0.3 | AJ9: =AL9/AM9 -> 0.6 | AK9: 3 | AL9: 6 | AM9: 10 | AN9: =($AL9-$AK9)*120/30 -> 12 | AO9: 24 | AP9: =TEXT(AO9/120,"0.00")&" s" -> 0.20 s | AQ9: {=_xlfn.TEXTJOIN(";",1,_xlfn.LAMBDA(_xlpm.x,IF(_xlpm.x<>"",OFFSET(_xlpm.x,3-ROW(),0)&"="&_xlpm.x,""))(AR9:AW9))} -> sharp=21 | AR9: 21 | AX9: {=TEXT(VLOOKUP($A9,battle_data!$A:$G,MATCH(INDEX(_xlfn.TEXTSPLIT(AX$3,"|"),1),battle_data!$A$1:$G$1),0)*0.001,"0%")} -> 0% | AY9: {=TEXT(VLOOKUP($A9,battle_data!$A:$G,MATCH(INDEX(_xlfn.TEXTSPLIT(AY$3,"|"),1),battle_data!$A$1:$G$1),0)*0.001,"0%")} -> 3% | AZ9: {=TEXT(VLOOKUP($A9,battle_data!$A:$G,MATCH(INDEX(_xlfn.TEXTSPLIT(AZ$3,"|"),1),battle_data!$A$1:$G$1),0)*0.001,"0%")} -> 150% | BA9: =_xlfn.LET(_xlpm.p,($AY9),_xlpm.p*$AZ9+(1-_xlpm.p)) -> 1.015 | BC9: =_xlfn.LET(_xlpm._custom_all_ammo,$BB9, _xlpm._all_ammo,IF(_xlpm._custom_all_ammo<>"",_xlpm._custom_all_ammo,$P9*$T9), IF(A9<>"",SUM($AR9:$AW9)*$BA9*_xlpm._all_ammo,"")) -> 149.205 | BF9: =_xlfn.LET(_xlpm._ammo,$T9, _xlpm._count_reload,IF($W9>0,_xlfn.CEILING.MATH(_xlpm._ammo/$W9),1), _xlpm._shoot_ticks,IF($BD9<>"",$BD9,($AL9*(_xlpm._ammo-1)+$AM9)*120/30), _xlpm._reload_ticks,IF($BE9<>"",$BE9,$Y9+$AB9*_xlpm._count_reload), (_xlpm._shoot_ticks+_xlpm._reload_ticks)/120 ) -> 4.5333333 | BG9: =BC9/BF9 -> 32.912868 | BH9: {=_xlfn.LAMBDA(_xlpm._dps,_xlpm._info_cell,ROUND(IF(_xlpm._dps<=0,-10,LOG(_xlpm._dps/INDEX(_xlfn.TEXTSPLIT(_xlpm._info_cell,"="),2),1.5)),2))($BG9,BH$3)} -> 0.07 | BI9: 0 | BJ9: 2 | BK9: {=_xlfn.LAMBDA(_xlpm._lv,_xlpm._rank,_xlpm._base,_xlpm._lv+INDEX(_xlfn.TEXTSPLIT(_xlpm._base,"="),2)^(_xlpm._rank-2)-1)(BI9,BJ9,BK$3)} -> 0 | BM9: =BK9*2-BH9-BL9 -> -0.07 | BN9: =(($T9-1)*$AL9+$AM9)/30 -> 1.5333333 | BO9: =(($T9-1)*($AL9+$AO9/4)+$AM9)/30 -> 2.7333333 | BP9: =$BC9/$BO9 -> 54.587195 | BQ9: =$AB9*$AD9*IF($W9<=0,1,$T9)/120 -> 1.75 | BR9: =BP9 -> 54.587195 | BS9: =$BC9/($BQ9+$BO9) -> 33.279926 | BT9: 1 | BU9: =_xlfn.LET(_xlpm._level_power,2,IF(BT9<>"",BR9/_xlpm._level_power^BT9,"")) -> 27.293598 | BV9: =_xlfn.LET(_xlpm._level_power,2,IF($BT9<>"",BR9/_xlpm._level_power^$BT9,"")) -> 27.293598
A10: 1320103 | B10: 喇叭霰弹枪 | C10: 设备 | D10: DScript_Shooter_Shotgun | E10: se_ag_shoot_gun | F10: se_ag_gun_reloaded | G10: 10003 | H10: =IF(G10<>"",IFERROR(VLOOKUP(G10,t_proj[#All],2,0),"--"),"") -> 霰弹 | I10: =_xlfn.TEXTJOIN("~",1,J10:K10) -> 50~110 | J10: 50 | K10: 110 | L10: =_xlfn.TEXTJOIN("~",1,M10:N10) -> 4~22 | M10: 4 | N10: 22 | P10: 20 | Q10: 24 | R10: =IF(Q10="","",1-Q10/20) -> -0.2 | S10: proj_muzzel | T10: 20 | U10: FALSE | W10: 1 | X10: =1/Y10 -> 1 | Y10: 1 | Z10: =TEXT(Y10/120,"0.00")&" s" -> 0.01 s | AA10: =1/AB10 -> 0.020833333 | AB10: =960/20 -> 48 | AC10: =TEXT(AB10/120,"0.00")&" s" -> 0.40 s | AD10: =P10 -> 20 | AE10: {=_xlfn.TEXTJOIN(";",1,IFERROR(1/AF10:AH10,""))} -> 0.0333333333333333;0.0333333333333333 | AF10: 30 | AG10: 30 | AI10: =AK10/AM10 -> 0.7 | AJ10: =AL10/AM10 -> 0.95 | AK10: 7 | AL10: 9.5 | AM10: 10 | AN10: =($AL10-$AK10)*120/30 -> 10 | AO10: 120 | AP10: =TEXT(AO10/120,"0.00")&" s" -> 1.00 s | AQ10: {=_xlfn.TEXTJOIN(";",1,_xlfn.LAMBDA(_xlpm.x,IF(_xlpm.x<>"",OFFSET(_xlpm.x,3-ROW(),0)&"="&_xlpm.x,""))(AR10:AW10))} -> sharp=8;blunt=4;fire=2 | AR10: 8 | AS10: 4 | AT10: 2 | AX10: {=TEXT(VLOOKUP($A10,battle_data!$A:$G,MATCH(INDEX(_xlfn.TEXTSPLIT(AX$3,"|"),1),battle_data!$A$1:$G$1),0)*0.001,"0%")} -> 0% | AY10: {=TEXT(VLOOKUP($A10,battle_data!$A:$G,MATCH(INDEX(_xlfn.TEXTSPLIT(AY$3,"|"),1),battle_data!$A$1:$G$1),0)*0.001,"0%")} -> 2% | AZ10: {=TEXT(VLOOKUP($A10,battle_data!$A:$G,MATCH(INDEX(_xlfn.TEXTSPLIT(AZ$3,"|"),1),battle_data!$A$1:$G$1),0)*0.001,"0%")} -> 150% | BA10: =_xlfn.LET(_xlpm.p,($AY10),_xlpm.p*$AZ10+(1-_xlpm.p)) -> 1.01 | BB10: =$T10 -> 20 | BC10: =_xlfn.LET(_xlpm._custom_all_ammo,$BB10, _xlpm._all_ammo,IF(_xlpm._custom_all_ammo<>"",_xlpm._custom_all_ammo,$P10*$T10), IF(A10<>"",SUM($AR10:$AW10)*$BA10*_xlpm._all_ammo,"")) -> 282.8 | BN10: =(($T10-1)*$AL10+$AM10)/30 -> 6.35 | BO10: =(($T10-1)*($AL10+$AO10/4)+$AM10)/30 -> 25.35 | BP10: =$BC10/$BO10 -> 11.155819 | BQ10: =$AB10*$AD10*IF($W10<=0,1,$T10)/120 -> 160 | BR10: =$BC10/($BQ10+$BN10) -> 1.7000301 | BS10: =$BC10/($BQ10+$BO10) -> 1.5257621 | BT10: 1 | BU10: =_xlfn.LET(_xlpm._level_power,2,IF(BT10<>"",BR10/_xlpm._level_power^BT10,"")) -> 0.85001503 | BV10: =_xlfn.LET(_xlpm._level_power,2,IF($BT10<>"",BR10/_xlpm._level_power^$BT10,"")) -> 0.85001503
A11: 13201030 | B11: 废旧喇叭枪 | C11: 设备 | D11: DScript_Shooter_Shotgun | E11: se_ag_shoot_gun | F11: se_ag_gun_reloaded | G11: 10003 | H11: =IF(G11<>"",IFERROR(VLOOKUP(G11,t_proj[#All],2,0),"--"),"") -> 霰弹 | I11: =_xlfn.TEXTJOIN("~",1,J11:K11) -> 50~110 | J11: 50 | K11: 110 | L11: =_xlfn.TEXTJOIN("~",1,M11:N11) -> 4~22 | M11: 4 | N11: 22 | P11: 16 | Q11: 24 | R11: =IF(Q11="","",1-Q11/20) -> -0.2 | S11: proj_muzzel | T11: 16 | U11: FALSE | W11: 1 | X11: =1/Y11 -> 1 | Y11: 1 | Z11: =TEXT(Y11/120,"0.00")&" s" -> 0.01 s | AA11: =1/AB11 -> 0.016666667 | AB11: =960/16 -> 60 | AC11: =TEXT(AB11/120,"0.00")&" s" -> 0.50 s | AD11: =P11 -> 16 | AE11: {=_xlfn.TEXTJOIN(";",1,IFERROR(1/AF11:AH11,""))} -> 0.0333333333333333;0.0333333333333333 | AF11: 30 | AG11: 30 | AI11: =AK11/AM11 -> 0.7 | AJ11: =AL11/AM11 -> 0.95 | AK11: 7 | AL11: 9.5 | AM11: 10 | AN11: =($AL11-$AK11)*120/30 -> 10 | AO11: 120 | AP11: =TEXT(AO11/120,"0.00")&" s" -> 1.00 s | AQ11: {=_xlfn.TEXTJOIN(";",1,_xlfn.LAMBDA(_xlpm.x,IF(_xlpm.x<>"",OFFSET(_xlpm.x,3-ROW(),0)&"="&_xlpm.x,""))(AR11:AW11))} -> sharp=12;blunt=4 | AR11: 12 | AS11: 4 | AX11: {=TEXT(VLOOKUP($A11,battle_data!$A:$G,MATCH(INDEX(_xlfn.TEXTSPLIT(AX$3,"|"),1),battle_data!$A$1:$G$1),0)*0.001,"0%")} -> 0% | AY11: {=TEXT(VLOOKUP($A11,battle_data!$A:$G,MATCH(INDEX(_xlfn.TEXTSPLIT(AY$3,"|"),1),battle_data!$A$1:$G$1),0)*0.001,"0%")} -> 2% | AZ11: {=TEXT(VLOOKUP($A11,battle_data!$A:$G,MATCH(INDEX(_xlfn.TEXTSPLIT(AZ$3,"|"),1),battle_data!$A$1:$G$1),0)*0.001,"0%")} -> 150% | BA11: =_xlfn.LET(_xlpm.p,($AY11),_xlpm.p*$AZ11+(1-_xlpm.p)) -> 1.01 | BB11: =$T11 -> 16 | BC11: =_xlfn.LET(_xlpm._custom_all_ammo,$BB11, _xlpm._all_ammo,IF(_xlpm._custom_all_ammo<>"",_xlpm._custom_all_ammo,$P11*$T11), IF(A11<>"",SUM($AR11:$AW11)*$BA11*_xlpm._all_ammo,"")) -> 258.56 | BF11: =_xlfn.LET(_xlpm._ammo,$T11, _xlpm._count_reload,IF($W11>0,_xlfn.CEILING.MATH(_xlpm._ammo/$W11),1), _xlpm._shoot_ticks,IF($BD11<>"",$BD11,($AL11*(_xlpm._ammo-1)+$AM11)*120/30), _xlpm._reload_ticks,IF($BE11<>"",$BE11,$Y11+$AB11*_xlpm._count_reload), (_xlpm._shoot_ticks+_xlpm._reload_ticks)/120 ) -> 13.091667 | BG11: =BC11/BF11 -> 19.749968 | BH11: {=_xlfn.LAMBDA(_xlpm._dps,_xlpm._info_cell,ROUND(IF(_xlpm._dps<=0,-10,LOG(_xlpm._dps/INDEX(_xlfn.TEXTSPLIT(_xlpm._info_cell,"="),2),1.5)),2))($BG11,BH$3)} -> -1.19 | BI11: 0 | BJ11: 1 | BK11: {=_xlfn.LAMBDA(_xlpm._lv,_xlpm._rank,_xlpm._base,_xlpm._lv+INDEX(_xlfn.TEXTSPLIT(_xlpm._base,"="),2)^(_xlpm._rank-2)-1)(BI11,BJ11,BK$3)} -> -0.5 | BL11: -0.075 | BM11: =BK11*2-BH11-BL11 -> 0.265 | BN11: =(($T11-1)*$AL11+$AM11)/30 -> 5.0833333 | BO11: =(($T11-1)*($AL11+$AO11/4)+$AM11)/30 -> 20.083333 | BP11: =$BC11/$BO11 -> 12.874357 | BQ11: =$AB11*$AD11*IF($W11<=0,1,$T11)/120 -> 128 | BR11: =$BC11/($BQ11+$BN11) -> 1.9428428 | BS11: =$BC11/($BQ11+$BO11) -> 1.7460439 | BT11: 1 | BU11: =_xlfn.LET(_xlpm._level_power,2,IF(BT11<>"",BR11/_xlpm._level_power^BT11,"")) -> 0.97142142 | BV11: =_xlfn.LET(_xlpm._level_power,2,IF($BT11<>"",BR11/_xlpm._level_power^$BT11,"")) -> 0.97142142
A12: 13201031 | B12: 黄铜喇叭枪 | C12: 设备 | D12: DScript_Shooter_Shotgun | E12: se_ag_shoot_gun | F12: se_ag_gun_reloaded | G12: 10003 | H12: =IF(G12<>"",IFERROR(VLOOKUP(G12,t_proj[#All],2,0),"--"),"") -> 霰弹 | I12: =_xlfn.TEXTJOIN("~",1,J12:K12) -> 50~110 | J12: 50 | K12: 110 | L12: =_xlfn.TEXTJOIN("~",1,M12:N12) -> 4~22 | M12: 4 | N12: 22 | P12: 24 | Q12: 26 | R12: =IF(Q12="","",1-Q12/20) -> -0.3 | S12: proj_muzzel | T12: 24 | U12: FALSE | W12: 1 | X12: =1/Y12 -> 1 | Y12: 1 | Z12: =TEXT(Y12/120,"0.00")&" s" -> 0.01 s | AA12: =1/AB12 -> 0.028571429 | AB12: =840/24 -> 35 | AC12: =TEXT(AB12/120,"0.00")&" s" -> 0.29 s | AD12: =P12 -> 24 | AE12: {=_xlfn.TEXTJOIN(";",1,IFERROR(1/AF12:AH12,""))} -> 0.0333333333333333;0.0333333333333333 | AF12: 30 | AG12: 30 | AI12: =AK12/AM12 -> 0.7 | AJ12: =AL12/AM12 -> 0.95 | AK12: 7 | AL12: 9.5 | AM12: 10 | AN12: =($AL12-$AK12)*120/30 -> 10 | AO12: 120 | AP12: =TEXT(AO12/120,"0.00")&" s" -> 1.00 s | AQ12: {=_xlfn.TEXTJOIN(";",1,_xlfn.LAMBDA(_xlpm.x,IF(_xlpm.x<>"",OFFSET(_xlpm.x,3-ROW(),0)&"="&_xlpm.x,""))(AR12:AW12))} -> sharp=14;blunt=6;fire=2 | AR12: 14 | AS12: 6 | AT12: 2 | AX12: {=TEXT(VLOOKUP($A12,battle_data!$A:$G,MATCH(INDEX(_xlfn.TEXTSPLIT(AX$3,"|"),1),battle_data!$A$1:$G$1),0)*0.001,"0%")} -> 0% | AY12: {=TEXT(VLOOKUP($A12,battle_data!$A:$G,MATCH(INDEX(_xlfn.TEXTSPLIT(AY$3,"|"),1),battle_data!$A$1:$G$1),0)*0.001,"0%")} -> 2% | AZ12: {=TEXT(VLOOKUP($A12,battle_data!$A:$G,MATCH(INDEX(_xlfn.TEXTSPLIT(AZ$3,"|"),1),battle_data!$A$1:$G$1),0)*0.001,"0%")} -> 150% | BA12: =_xlfn.LET(_xlpm.p,($AY12),_xlpm.p*$AZ12+(1-_xlpm.p)) -> 1.01 | BB12: =$T12 -> 24 | BC12: =_xlfn.LET(_xlpm._custom_all_ammo,$BB12, _xlpm._all_ammo,IF(_xlpm._custom_all_ammo<>"",_xlpm._custom_all_ammo,$P12*$T12), IF(A12<>"",SUM($AR12:$AW12)*$BA12*_xlpm._all_ammo,"")) -> 533.28 | BF12: =_xlfn.LET(_xlpm._ammo,$T12, _xlpm._count_reload,IF($W12>0,_xlfn.CEILING.MATH(_xlpm._ammo/$W12),1), _xlpm._shoot_ticks,IF($BD12<>"",$BD12,($AL12*(_xlpm._ammo-1)+$AM12)*120/30), _xlpm._reload_ticks,IF($BE12<>"",$BE12,$Y12+$AB12*_xlpm._count_reload), (_xlpm._shoot_ticks+_xlpm._reload_ticks)/120 ) -> 14.625 | BG12: =BC12/BF12 -> 36.46359 | BH12: {=_xlfn.LAMBDA(_xlpm._dps,_xlpm._info_cell,ROUND(IF(_xlpm._dps<=0,-10,LOG(_xlpm._dps/INDEX(_xlfn.TEXTSPLIT(_xlpm._info_cell,"="),2),1.5)),2))($BG12,BH$3)} -> 0.32 | BI12: 1 | BJ12: 1 | BK12: {=_xlfn.LAMBDA(_xlpm._lv,_xlpm._rank,_xlpm._base,_xlpm._lv+INDEX(_xlfn.TEXTSPLIT(_xlpm._base,"="),2)^(_xlpm._rank-2)-1)(BI12,BJ12,BK$3)} -> 0.5 | BL12: -0.075 | BM12: =BK12*2-BH12-BL12 -> 0.755 | BN12: =(($T12-1)*$AL12+$AM12)/30 -> 7.6166667 | BO12: =(($T12-1)*($AL12+$AO12/4)+$AM12)/30 -> 30.616667 | BP12: =$BC12/$BO12 -> 17.417964 | BQ12: =$AB12*$AD12*IF($W12<=0,1,$T12)/120 -> 168 | BR12: =$BC12/($BQ12+$BN12) -> 3.0366138 | BS12: =$BC12/($BQ12+$BO12) -> 2.684971 | BT12: 1 | BU12: =_xlfn.LET(_xlpm._level_power,2,IF(BT12<>"",BR12/_xlpm._level_power^BT12,"")) -> 1.5183069 | BV12: =_xlfn.LET(_xlpm._level_power,2,IF($BT12<>"",BR12/_xlpm._level_power^$BT12,"")) -> 1.5183069
A13: 13201032 | B13: 精钢喇叭枪 | C13: 设备 | D13: DScript_Shooter_Shotgun | E13: se_ag_shoot_gun | F13: se_ag_gun_reloaded | G13: 10003 | H13: =IF(G13<>"",IFERROR(VLOOKUP(G13,t_proj[#All],2,0),"--"),"") -> 霰弹 | I13: =_xlfn.TEXTJOIN("~",1,J13:K13) -> 50~110 | J13: 50 | K13: 110 | L13: =_xlfn.TEXTJOIN("~",1,M13:N13) -> 4~22 | M13: 4 | N13: 22 | P13: 36 | Q13: 30 | R13: =IF(Q13="","",1-Q13/20) -> -0.5 | S13: proj_muzzel | T13: 36 | U13: FALSE | W13: 1 | X13: =1/Y13 -> 1 | Y13: 1 | Z13: =TEXT(Y13/120,"0.00")&" s" -> 0.01 s | AA13: =1/AB13 -> 0.05 | AB13: 20 | AC13: =TEXT(AB13/120,"0.00")&" s" -> 0.17 s | AD13: =P13 -> 36 | AE13: {=_xlfn.TEXTJOIN(";",1,IFERROR(1/AF13:AH13,""))} -> 0.0333333333333333;0.0333333333333333 | AF13: 30 | AG13: 30 | AI13: =AK13/AM13 -> 0.7 | AJ13: =AL13/AM13 -> 0.95 | AK13: 7 | AL13: 9.5 | AM13: 10 | AN13: =($AL13-$AK13)*120/30 -> 10 | AO13: 120 | AP13: =TEXT(AO13/120,"0.00")&" s" -> 1.00 s | AQ13: {=_xlfn.TEXTJOIN(";",1,_xlfn.LAMBDA(_xlpm.x,IF(_xlpm.x<>"",OFFSET(_xlpm.x,3-ROW(),0)&"="&_xlpm.x,""))(AR13:AW13))} -> sharp=18;blunt=9;fire=4 | AR13: 18 | AS13: 9 | AT13: 4 | AX13: {=TEXT(VLOOKUP($A13,battle_data!$A:$G,MATCH(INDEX(_xlfn.TEXTSPLIT(AX$3,"|"),1),battle_data!$A$1:$G$1),0)*0.001,"0%")} -> 0% | AY13: {=TEXT(VLOOKUP($A13,battle_data!$A:$G,MATCH(INDEX(_xlfn.TEXTSPLIT(AY$3,"|"),1),battle_data!$A$1:$G$1),0)*0.001,"0%")} -> 2% | AZ13: {=TEXT(VLOOKUP($A13,battle_data!$A:$G,MATCH(INDEX(_xlfn.TEXTSPLIT(AZ$3,"|"),1),battle_data!$A$1:$G$1),0)*0.001,"0%")} -> 150% | BA13: =_xlfn.LET(_xlpm.p,($AY13),_xlpm.p*$AZ13+(1-_xlpm.p)) -> 1.01 | BB13: =$T13 -> 36 | BC13: =_xlfn.LET(_xlpm._custom_all_ammo,$BB13, _xlpm._all_ammo,IF(_xlpm._custom_all_ammo<>"",_xlpm._custom_all_ammo,$P13*$T13), IF(A13<>"",SUM($AR13:$AW13)*$BA13*_xlpm._all_ammo,"")) -> 1127.16 | BF13: =_xlfn.LET(_xlpm._ammo,$T13, _xlpm._count_reload,IF($W13>0,_xlfn.CEILING.MATH(_xlpm._ammo/$W13),1), _xlpm._shoot_ticks,IF($BD13<>"",$BD13,($AL13*(_xlpm._ammo-1)+$AM13)*120/30), _xlpm._reload_ticks,IF($BE13<>"",$BE13,$Y13+$AB13*_xlpm._count_reload), (_xlpm._shoot_ticks+_xlpm._reload_ticks)/120 ) -> 17.425 | BG13: =BC13/BF13 -> 64.68637 | BH13: {=_xlfn.LAMBDA(_xlpm._dps,_xlpm._info_cell,ROUND(IF(_xlpm._dps<=0,-10,LOG(_xlpm._dps/INDEX(_xlfn.TEXTSPLIT(_xlpm._info_cell,"="),2),1.5)),2))($BG13,BH$3)} -> 1.74 | BI13: 2 | BJ13: 1 | BK13: {=_xlfn.LAMBDA(_xlpm._lv,_xlpm._rank,_xlpm._base,_xlpm._lv+INDEX(_xlfn.TEXTSPLIT(_xlpm._base,"="),2)^(_xlpm._rank-2)-1)(BI13,BJ13,BK$3)} -> 1.5 | BL13: -0.075 | BM13: =BK13*2-BH13-BL13 -> 1.335 | BN13: =(($T13-1)*$AL13+$AM13)/30 -> 11.416667 | BO13: =(($T13-1)*($AL13+$AO13/4)+$AM13)/30 -> 46.416667 | BP13: =$BC13/$BO13 -> 24.283519 | BQ13: =$AB13*$AD13*IF($W13<=0,1,$T13)/120 -> 216 | BR13: =$BC13/($BQ13+$BN13) -> 4.956365 | BS13: =$BC13/($BQ13+$BO13) -> 4.2953064 | BT13: 1 | BU13: =_xlfn.LET(_xlpm._level_power,2,IF(BT13<>"",BR13/_xlpm._level_power^BT13,"")) -> 2.4781825 | BV13: =_xlfn.LET(_xlpm._level_power,2,IF($BT13<>"",BR13/_xlpm._level_power^$BT13,"")) -> 2.4781825
A14: 13201033 | B14: 钨金喇叭枪 | C14: 设备 | D14: DScript_Shooter_Shotgun | E14: se_ag_shoot_gun | F14: se_ag_gun_reloaded | G14: 10003 | H14: =IF(G14<>"",IFERROR(VLOOKUP(G14,t_proj[#All],2,0),"--"),"") -> 霰弹 | I14: =_xlfn.TEXTJOIN("~",1,J14:K14) -> 50~110 | J14: 50 | K14: 110 | L14: =_xlfn.TEXTJOIN("~",1,M14:N14) -> 4~22 | M14: 4 | N14: 22 | P14: 52 | Q14: 36 | R14: =IF(Q14="","",1-Q14/20) -> -0.8 | S14: proj_muzzel | T14: 52 | U14: FALSE | W14: 1 | X14: =1/Y14 -> 1 | Y14: 1 | Z14: =TEXT(Y14/120,"0.00")&" s" -> 0.01 s | AA14: =1/AB14 -> 0.083333333 | AB14: 12 | AC14: =TEXT(AB14/120,"0.00")&" s" -> 0.10 s | AD14: =P14 -> 52 | AE14: {=_xlfn.TEXTJOIN(";",1,IFERROR(1/AF14:AH14,""))} -> 0.0333333333333333;0.0333333333333333 | AF14: 30 | AG14: 30 | AI14: =AK14/AM14 -> 0.7 | AJ14: =AL14/AM14 -> 0.95 | AK14: 7 | AL14: 9.5 | AM14: 10 | AN14: =($AL14-$AK14)*120/30 -> 10 | AO14: 120 | AP14: =TEXT(AO14/120,"0.00")&" s" -> 1.00 s | AQ14: {=_xlfn.TEXTJOIN(";",1,_xlfn.LAMBDA(_xlpm.x,IF(_xlpm.x<>"",OFFSET(_xlpm.x,3-ROW(),0)&"="&_xlpm.x,""))(AR14:AW14))} -> sharp=24;blunt=13;fire=6 | AR14: 24 | AS14: 13 | AT14: 6 | AX14: {=TEXT(VLOOKUP($A14,battle_data!$A:$G,MATCH(INDEX(_xlfn.TEXTSPLIT(AX$3,"|"),1),battle_data!$A$1:$G$1),0)*0.001,"0%")} -> 0% | AY14: {=TEXT(VLOOKUP($A14,battle_data!$A:$G,MATCH(INDEX(_xlfn.TEXTSPLIT(AY$3,"|"),1),battle_data!$A$1:$G$1),0)*0.001,"0%")} -> 2% | AZ14: {=TEXT(VLOOKUP($A14,battle_data!$A:$G,MATCH(INDEX(_xlfn.TEXTSPLIT(AZ$3,"|"),1),battle_data!$A$1:$G$1),0)*0.001,"0%")} -> 150% | BA14: =_xlfn.LET(_xlpm.p,($AY14),_xlpm.p*$AZ14+(1-_xlpm.p)) -> 1.01 | BB14: =$T14 -> 52 | BC14: =_xlfn.LET(_xlpm._custom_all_ammo,$BB14, _xlpm._all_ammo,IF(_xlpm._custom_all_ammo<>"",_xlpm._custom_all_ammo,$P14*$T14), IF(A14<>"",SUM($AR14:$AW14)*$BA14*_xlpm._all_ammo,"")) -> 2258.36 | BF14: =_xlfn.LET(_xlpm._ammo,$T14, _xlpm._count_reload,IF($W14>0,_xlfn.CEILING.MATH(_xlpm._ammo/$W14),1), _xlpm._shoot_ticks,IF($BD14<>"",$BD14,($AL14*(_xlpm._ammo-1)+$AM14)*120/30), _xlpm._reload_ticks,IF($BE14<>"",$BE14,$Y14+$AB14*_xlpm._count_reload), (_xlpm._shoot_ticks+_xlpm._reload_ticks)/120 ) -> 21.691667 | BG14: =BC14/BF14 -> 104.11187 | BH14: {=_xlfn.LAMBDA(_xlpm._dps,_xlpm._info_cell,ROUND(IF(_xlpm._dps<=0,-10,LOG(_xlpm._dps/INDEX(_xlfn.TEXTSPLIT(_xlpm._info_cell,"="),2),1.5)),2))($BG14,BH$3)} -> 2.91 | BI14: 3 | BJ14: 1 | BK14: {=_xlfn.LAMBDA(_xlpm._lv,_xlpm._rank,_xlpm._base,_xlpm._lv+INDEX(_xlfn.TEXTSPLIT(_xlpm._base,"="),2)^(_xlpm._rank-2)-1)(BI14,BJ14,BK$3)} -> 2.5 | BL14: -0.075 | BM14: =BK14*2-BH14-BL14 -> 2.165 | BN14: =(($T14-1)*$AL14+$AM14)/30 -> 16.483333 | BO14: =(($T14-1)*($AL14+$AO14/4)+$AM14)/30 -> 67.483333 | BP14: =$BC14/$BO14 -> 33.465448 | BQ14: =$AB14*$AD14*IF($W14<=0,1,$T14)/120 -> 270.4 | BR14: =$BC14/($BQ14+$BN14) -> 7.8720502 | BS14: =$BC14/($BQ14+$BO14) -> 6.6838455 | BT14: 1 | BU14: =_xlfn.LET(_xlpm._level_power,2,IF(BT14<>"",BR14/_xlpm._level_power^BT14,"")) -> 3.9360251 | BV14: =_xlfn.LET(_xlpm._level_power,2,IF($BT14<>"",BR14/_xlpm._level_power^$BT14,"")) -> 3.9360251
A15: 1320104 | B15: 转轮机枪 | C15: 设备 | D15: DScript_Shooter_Gatlin | E15: se_ag_shoot_gatlin | F15: se_ag_gun_reloaded | G15: 10011 | H15: =IF(G15<>"",IFERROR(VLOOKUP(G15,t_proj[#All],2,0),"--"),"") -> 机枪子弹 | I15: =_xlfn.TEXTJOIN("~",1,J15:K15) -> 120~0 | J15: 120 | K15: 0 | L15: =_xlfn.TEXTJOIN("~",1,M15:N15) -> 360~0 | M15: 360 | N15: 0 | P15: 1 | Q15: 7.5 | R15: =IF(Q15="","",1-Q15/20) -> 0.625 | S15: proj_muzzel | T15: 150 | U15: FALSE | W15: 0 | X15: =1/Y15 -> 0.0033333333 | Y15: 300 | Z15: =TEXT(Y15/120,"0.00")&" s" -> 2.50 s | AA15: =1/AB15 -> 1 | AB15: 1 | AC15: =TEXT(AB15/120,"0.00")&" s" -> 0.01 s | AD15: 1 | AE15: {=_xlfn.TEXTJOIN(";",1,IFERROR(1/AF15:AH15,""))} -> 0.00333333333333333;1;0.00833333333333333 | AF15: 300 | AG15: 1 | AH15: 120 | AI15: =AK15/AM15 -> 0 | AJ15: =AL15/AM15 -> 0 | AK15: 0 | AL15: 0 | AM15: 6 | AN15: =($AL15-$AK15)*120/30 -> 0 | AO15: 0 | AP15: =TEXT(AO15/120,"0.00")&" s" -> 0.00 s | AQ15: {=_xlfn.TEXTJOIN(";",1,_xlfn.LAMBDA(_xlpm.x,IF(_xlpm.x<>"",OFFSET(_xlpm.x,3-ROW(),0)&"="&_xlpm.x,""))(AR15:AW15))} -> sharp=78 | AR15: 78 | AX15: {=TEXT(VLOOKUP($A15,battle_data!$A:$G,MATCH(INDEX(_xlfn.TEXTSPLIT(AX$3,"|"),1),battle_data!$A$1:$G$1),0)*0.001,"0%")} -> 0% | AY15: {=TEXT(VLOOKUP($A15,battle_data!$A:$G,MATCH(INDEX(_xlfn.TEXTSPLIT(AY$3,"|"),1),battle_data!$A$1:$G$1),0)*0.001,"0%")} -> 1% | AZ15: {=TEXT(VLOOKUP($A15,battle_data!$A:$G,MATCH(INDEX(_xlfn.TEXTSPLIT(AZ$3,"|"),1),battle_data!$A$1:$G$1),0)*0.001,"0%")} -> 110% | BA15: =_xlfn.LET(_xlpm.p,($AY15),_xlpm.p*$AZ15+(1-_xlpm.p)) -> 1.001 | BC15: =_xlfn.LET(_xlpm._custom_all_ammo,$BB15, _xlpm._all_ammo,IF(_xlpm._custom_all_ammo<>"",_xlpm._custom_all_ammo,$P15*$T15), IF(A15<>"",SUM($AR15:$AW15)*$BA15*_xlpm._all_ammo,"")) -> 11711.7 | BN15: =(($T15-1)*$AL15+$AM15)/30 -> 0.2 | BO15: =(($T15-1)*($AL15+$AO15/4)+$AM15)/30 -> 0.2 | BP15: =$BC15/$BO15 -> 58558.5 | BQ15: =$AB15*$AD15*IF($W15<=0,1,$T15)/120 -> 0.0083333333 | BR15: =$BC15/($BQ15+$BN15) -> 56216.16 | BS15: =$BC15/($BQ15+$BO15) -> 56216.16 | BT15: 4 | BU15: =_xlfn.LET(_xlpm._level_power,2,IF(BT15<>"",BR15/_xlpm._level_power^BT15,"")) -> 3513.51 | BV15: =_xlfn.LET(_xlpm._level_power,2,IF($BT15<>"",BR15/_xlpm._level_power^$BT15,"")) -> 3513.51
A16: 13201043 | B16: 转轮机枪 Lv.3 | C16: 设备 | D16: DScript_Shooter_Gatlin | E16: se_ag_shoot_gatlin | F16: se_ag_gun_reloaded | G16: 10011 | H16: =IF(G16<>"",IFERROR(VLOOKUP(G16,t_proj[#All],2,0),"--"),"") -> 机枪子弹 | I16: =_xlfn.TEXTJOIN("~",1,J16:K16) -> 120~0 | J16: 120 | K16: 0 | L16: =_xlfn.TEXTJOIN("~",1,M16:N16) -> 360~0 | M16: 360 | N16: 0 | P16: 1 | Q16: 7.5 | R16: =IF(Q16="","",1-Q16/20) -> 0.625 | S16: proj_muzzel | T16: 50 | U16: FALSE | W16: 0 | X16: =1/Y16 -> 0.0033333333 | Y16: 300 | Z16: =TEXT(Y16/120,"0.00")&" s" -> 2.50 s | AA16: =1/AB16 -> 1 | AB16: 1 | AC16: =TEXT(AB16/120,"0.00")&" s" -> 0.01 s | AD16: 1 | AE16: {=_xlfn.TEXTJOIN(";",1,IFERROR(1/AF16:AH16,""))} -> 0.00333333333333333;1;0.00833333333333333 | AF16: 300 | AG16: 1 | AH16: 120 | AI16: =AK16/AM16 -> 0 | AJ16: =AL16/AM16 -> 0 | AK16: 0 | AL16: 0 | AM16: 6 | AN16: =($AL16-$AK16)*120/30 -> 0 | AO16: 0 | AP16: =TEXT(AO16/120,"0.00")&" s" -> 0.00 s | AQ16: {=_xlfn.TEXTJOIN(";",1,_xlfn.LAMBDA(_xlpm.x,IF(_xlpm.x<>"",OFFSET(_xlpm.x,3-ROW(),0)&"="&_xlpm.x,""))(AR16:AW16))} -> sharp=58 | AR16: 58 | AX16: {=TEXT(VLOOKUP($A16,battle_data!$A:$G,MATCH(INDEX(_xlfn.TEXTSPLIT(AX$3,"|"),1),battle_data!$A$1:$G$1),0)*0.001,"0%")} -> 0% | AY16: {=TEXT(VLOOKUP($A16,battle_data!$A:$G,MATCH(INDEX(_xlfn.TEXTSPLIT(AY$3,"|"),1),battle_data!$A$1:$G$1),0)*0.001,"0%")} -> 1% | AZ16: {=TEXT(VLOOKUP($A16,battle_data!$A:$G,MATCH(INDEX(_xlfn.TEXTSPLIT(AZ$3,"|"),1),battle_data!$A$1:$G$1),0)*0.001,"0%")} -> 110% | BA16: =_xlfn.LET(_xlpm.p,($AY16),_xlpm.p*$AZ16+(1-_xlpm.p)) -> 1.001 | BC16: =_xlfn.LET(_xlpm._custom_all_ammo,$BB16, _xlpm._all_ammo,IF(_xlpm._custom_all_ammo<>"",_xlpm._custom_all_ammo,$P16*$T16), IF(A16<>"",SUM($AR16:$AW16)*$BA16*_xlpm._all_ammo,"")) -> 2902.9 | BD16: 1442 | BF16: =_xlfn.LET(_xlpm._ammo,$T16, _xlpm._count_reload,IF($W16>0,_xlfn.CEILING.MATH(_xlpm._ammo/$W16),1), _xlpm._shoot_ticks,IF($BD16<>"",$BD16,($AL16*(_xlpm._ammo-1)+$AM16)*120/30), _xlpm._reload_ticks,IF($BE16<>"",$BE16,$Y16+$AB16*_xlpm._count_reload), (_xlpm._shoot_ticks+_xlpm._reload_ticks)/120 ) -> 14.525 | BG16: =BC16/BF16 -> 199.85542 | BH16: {=_xlfn.LAMBDA(_xlpm._dps,_xlpm._info_cell,ROUND(IF(_xlpm._dps<=0,-10,LOG(_xlpm._dps/INDEX(_xlfn.TEXTSPLIT(_xlpm._info_cell,"="),2),1.5)),2))($BG16,BH$3)} -> 4.52 | BI16: 3 | BJ16: 3 | BK16: {=_xlfn.LAMBDA(_xlpm._lv,_xlpm._rank,_xlpm._base,_xlpm._lv+INDEX(_xlfn.TEXTSPLIT(_xlpm._base,"="),2)^(_xlpm._rank-2)-1)(BI16,BJ16,BK$3)} -> 4 | BL16: -0.02 | BM16: =BK16*2-BH16-BL16 -> 3.5 | BN16: =(($T16-1)*$AL16+$AM16)/30 -> 0.2 | BO16: =(($T16-1)*($AL16+$AO16/4)+$AM16)/30 -> 0.2 | BP16: =$BC16/$BO16 -> 14514.5 | BQ16: =$AB16*$AD16*IF($W16<=0,1,$T16)/120 -> 0.0083333333 | BR16: =BP16 -> 14514.5 | BS16: =$BC16/($BQ16+$BO16) -> 13933.92 | BT16: 4 | BU16: =_xlfn.LET(_xlpm._level_power,2,IF(BT16<>"",BR16/_xlpm._level_power^BT16,"")) -> 907.15625 | BV16: =_xlfn.LET(_xlpm._level_power,2,IF($BT16<>"",BR16/_xlpm._level_power^$BT16,"")) -> 907.15625
A17: 13201044 | B17: 转轮机枪 Lv.4 | C17: 设备 | D17: DScript_Shooter_Gatlin | E17: se_ag_shoot_gatlin | F17: se_ag_gun_reloaded | G17: 10011 | H17: =IF(G17<>"",IFERROR(VLOOKUP(G17,t_proj[#All],2,0),"--"),"") -> 机枪子弹 | I17: =_xlfn.TEXTJOIN("~",1,J17:K17) -> 120~0 | J17: 120 | K17: 0 | L17: =_xlfn.TEXTJOIN("~",1,M17:N17) -> 360~0 | M17: 360 | N17: 0 | P17: 1 | Q17: 7.5 | R17: =IF(Q17="","",1-Q17/20) -> 0.625 | S17: proj_muzzel | T17: 100 | U17: FALSE | W17: 0 | X17: =1/Y17 -> 0.0033333333 | Y17: 300 | Z17: =TEXT(Y17/120,"0.00")&" s" -> 2.50 s | AA17: =1/AB17 -> 1 | AB17: 1 | AC17: =TEXT(AB17/120,"0.00")&" s" -> 0.01 s | AD17: 1 | AE17: {=_xlfn.TEXTJOIN(";",1,IFERROR(1/AF17:AH17,""))} -> 0.00333333333333333;1;0.00833333333333333 | AF17: 300 | AG17: 1 | AH17: 120 | AI17: =AK17/AM17 -> 0 | AJ17: =AL17/AM17 -> 0 | AK17: 0 | AL17: 0 | AM17: 6 | AN17: =($AL17-$AK17)*120/30 -> 0 | AO17: 0 | AP17: =TEXT(AO17/120,"0.00")&" s" -> 0.00 s | AQ17: {=_xlfn.TEXTJOIN(";",1,_xlfn.LAMBDA(_xlpm.x,IF(_xlpm.x<>"",OFFSET(_xlpm.x,3-ROW(),0)&"="&_xlpm.x,""))(AR17:AW17))} -> sharp=68 | AR17: 68 | AX17: {=TEXT(VLOOKUP($A17,battle_data!$A:$G,MATCH(INDEX(_xlfn.TEXTSPLIT(AX$3,"|"),1),battle_data!$A$1:$G$1),0)*0.001,"0%")} -> 0% | AY17: {=TEXT(VLOOKUP($A17,battle_data!$A:$G,MATCH(INDEX(_xlfn.TEXTSPLIT(AY$3,"|"),1),battle_data!$A$1:$G$1),0)*0.001,"0%")} -> 1% | AZ17: {=TEXT(VLOOKUP($A17,battle_data!$A:$G,MATCH(INDEX(_xlfn.TEXTSPLIT(AZ$3,"|"),1),battle_data!$A$1:$G$1),0)*0.001,"0%")} -> 110% | BA17: =_xlfn.LET(_xlpm.p,($AY17),_xlpm.p*$AZ17+(1-_xlpm.p)) -> 1.001 | BC17: =_xlfn.LET(_xlpm._custom_all_ammo,$BB17, _xlpm._all_ammo,IF(_xlpm._custom_all_ammo<>"",_xlpm._custom_all_ammo,$P17*$T17), IF(A17<>"",SUM($AR17:$AW17)*$BA17*_xlpm._all_ammo,"")) -> 6806.8 | BD17: 2560 | BF17: =_xlfn.LET(_xlpm._ammo,$T17, _xlpm._count_reload,IF($W17>0,_xlfn.CEILING.MATH(_xlpm._ammo/$W17),1), _xlpm._shoot_ticks,IF($BD17<>"",$BD17,($AL17*(_xlpm._ammo-1)+$AM17)*120/30), _xlpm._reload_ticks,IF($BE17<>"",$BE17,$Y17+$AB17*_xlpm._count_reload), (_xlpm._shoot_ticks+_xlpm._reload_ticks)/120 ) -> 23.841667 | BG17: =BC17/BF17 -> 285.50017 | BH17: {=_xlfn.LAMBDA(_xlpm._dps,_xlpm._info_cell,ROUND(IF(_xlpm._dps<=0,-10,LOG(_xlpm._dps/INDEX(_xlfn.TEXTSPLIT(_xlpm._info_cell,"="),2),1.5)),2))($BG17,BH$3)} -> 5.4 | BI17: 4 | BJ17: 3 | BK17: {=_xlfn.LAMBDA(_xlpm._lv,_xlpm._rank,_xlpm._base,_xlpm._lv+INDEX(_xlfn.TEXTSPLIT(_xlpm._base,"="),2)^(_xlpm._rank-2)-1)(BI17,BJ17,BK$3)} -> 5 | BL17: -0.02 | BM17: =BK17*2-BH17-BL17 -> 4.62 | BN17: =(($T17-1)*$AL17+$AM17)/30 -> 0.2 | BO17: =(($T17-1)*($AL17+$AO17/4)+$AM17)/30 -> 0.2 | BP17: =$BC17/$BO17 -> 34034 | BQ17: =$AB17*$AD17*IF($W17<=0,1,$T17)/120 -> 0.0083333333 | BR17: =BP17 -> 34034 | BS17: =$BC17/($BQ17+$BO17) -> 32672.64 | BT17: 4 | BU17: =_xlfn.LET(_xlpm._level_power,2,IF(BT17<>"",BR17/_xlpm._level_power^BT17,"")) -> 2127.125 | BV17: =_xlfn.LET(_xlpm._level_power,2,IF($BT17<>"",BR17/_xlpm._level_power^$BT17,"")) -> 2127.125
A18: 1320105 | B18: 机关箭匣 | C18: 设备 | D18: BasicShooter | E18: se_ag_bow_shoot | F18: se_ag_gun_reloaded | G18: 10001 | H18: =IF(G18<>"",IFERROR(VLOOKUP(G18,t_proj[#All],2,0),"--"),"") -> 箭矢 | I18: =_xlfn.TEXTJOIN("~",1,J18:K18) -> 20~25 | J18: 20 | K18: 25 | L18: =_xlfn.TEXTJOIN("~",1,M18:N18) -> 2400~0 | M18: 2400 | N18: 0 | P18: 1 | Q18: 6 | R18: =IF(Q18="","",1-Q18/20) -> 0.7 | S18: proj_muzzel | T18: 25 | U18: FALSE | X18: =1/Y18 -> 0.0043859649 | Y18: 228 | Z18: =TEXT(Y18/120,"0.00")&" s" -> 1.90 s | AA18: =1/AB18 -> 0.0043859649 | AB18: 228 | AC18: =TEXT(AB18/120,"0.00")&" s" -> 1.90 s | AD18: 1 | AE18: {=_xlfn.TEXTJOIN(";",1,IFERROR(1/AF18:AH18,""))} -> 0.0043859649122807;0.0043859649122807 | AF18: 228 | AG18: 228 | AI18: =AK18/AM18 -> 0.41666667 | AJ18: =AL18/AM18 -> 0.75 | AK18: 5 | AL18: 9 | AM18: 12 | AN18: =($AL18-$AK18)*120/30 -> 16 | AO18: 120 | AP18: =TEXT(AO18/120,"0.00")&" s" -> 1.00 s | AQ18: {=_xlfn.TEXTJOIN(";",1,_xlfn.LAMBDA(_xlpm.x,IF(_xlpm.x<>"",OFFSET(_xlpm.x,3-ROW(),0)&"="&_xlpm.x,""))(AR18:AW18))} -> sharp=42 | AR18: 42 | AX18: {=TEXT(VLOOKUP($A18,battle_data!$A:$G,MATCH(INDEX(_xlfn.TEXTSPLIT(AX$3,"|"),1),battle_data!$A$1:$G$1),0)*0.001,"0%")} -> 20% | AY18: {=TEXT(VLOOKUP($A18,battle_data!$A:$G,MATCH(INDEX(_xlfn.TEXTSPLIT(AY$3,"|"),1),battle_data!$A$1:$G$1),0)*0.001,"0%")} -> 20% | AZ18: {=TEXT(VLOOKUP($A18,battle_data!$A:$G,MATCH(INDEX(_xlfn.TEXTSPLIT(AZ$3,"|"),1),battle_data!$A$1:$G$1),0)*0.001,"0%")} -> 300% | BA18: =_xlfn.LET(_xlpm.p,($AY18),_xlpm.p*$AZ18+(1-_xlpm.p)) -> 1.4 | BC18: =_xlfn.LET(_xlpm._custom_all_ammo,$BB18, _xlpm._all_ammo,IF(_xlpm._custom_all_ammo<>"",_xlpm._custom_all_ammo,$P18*$T18), IF(A18<>"",SUM($AR18:$AW18)*$BA18*_xlpm._all_ammo,"")) -> 1470 | BI18: 2 | BN18: =(($T18-1)*$AL18+$AM18)/30 -> 7.6 | BO18: =(($T18-1)*($AL18+$AO18/4)+$AM18)/30 -> 31.6 | BP18: =$BC18/$BO18 -> 46.518987 | BQ18: =$AB18*$AD18*IF($W18<=0,1,$T18)/120 -> 1.9 | BR18: =$BC18/($BQ18+$BN18) -> 154.73684 | BS18: =$BC18/($BQ18+$BO18) -> 43.880597 | BT18: 2 | BU18: =_xlfn.LET(_xlpm._level_power,2,IF(BT18<>"",BR18/_xlpm._level_power^BT18,"")) -> 38.684211 | BV18: =_xlfn.LET(_xlpm._level_power,2,IF($BT18<>"",BR18/_xlpm._level_power^$BT18,"")) -> 38.684211
A19: 1320106 | B19: 火箭爆弹 | C19: 设备 | D19: BasicShooter_Click | E19: se_pixabay_shoot_rocket | F19: se_ag_gun_reloaded | G19: 10006 | H19: =IF(G19<>"",IFERROR(VLOOKUP(G19,t_proj[#All],2,0),"--"),"") -> 火箭弹 | I19: =_xlfn.TEXTJOIN("~",1,J19:K19) | L19: =_xlfn.TEXTJOIN("~",1,M19:N19) -> 105~0 | M19: 105 | N19: 0 | P19: 1 | Q19: 3 | R19: =IF(Q19="","",1-Q19/20) -> 0.85 | S19: proj_muzzel | T19: 3 | U19: FALSE | W19: 1 | X19: =1/Y19 -> 0.0066666667 | Y19: 150 | Z19: =TEXT(Y19/120,"0.00")&" s" -> 1.25 s | AA19: =1/AB19 -> 0.0066666667 | AB19: 150 | AC19: =TEXT(AB19/120,"0.00")&" s" -> 1.25 s | AD19: 1 | AE19: {=_xlfn.TEXTJOIN(";",1,IFERROR(1/AF19:AH19,""))} -> 0.00666666666666667;0.00666666666666667 | AF19: 150 | AG19: 150 | AI19: =AK19/AM19 -> 0.19230769 | AJ19: =AL19/AM19 -> 0.96153846 | AK19: 5 | AL19: 25 | AM19: 26 | AN19: =($AL19-$AK19)*120/30 -> 80 | AO19: 120 | AP19: =TEXT(AO19/120,"0.00")&" s" -> 1.00 s | AQ19: {=_xlfn.TEXTJOIN(";",1,_xlfn.LAMBDA(_xlpm.x,IF(_xlpm.x<>"",OFFSET(_xlpm.x,3-ROW(),0)&"="&_xlpm.x,""))(AR19:AW19))} -> blunt=1 | AS19: 1 | AX19: {=TEXT(VLOOKUP($A19,battle_data!$A:$G,MATCH(INDEX(_xlfn.TEXTSPLIT(AX$3,"|"),1),battle_data!$A$1:$G$1),0)*0.001,"0%")} -> 0% | AY19: {=TEXT(VLOOKUP($A19,battle_data!$A:$G,MATCH(INDEX(_xlfn.TEXTSPLIT(AY$3,"|"),1),battle_data!$A$1:$G$1),0)*0.001,"0%")} -> 0% | AZ19: {=TEXT(VLOOKUP($A19,battle_data!$A:$G,MATCH(INDEX(_xlfn.TEXTSPLIT(AZ$3,"|"),1),battle_data!$A$1:$G$1),0)*0.001,"0%")} -> 150% | BA19: =_xlfn.LET(_xlpm.p,($AY19),_xlpm.p*$AZ19+(1-_xlpm.p)) -> 1 | BC19: =_xlfn.LET(_xlpm._custom_all_ammo,$BB19, _xlpm._all_ammo,IF(_xlpm._custom_all_ammo<>"",_xlpm._custom_all_ammo,$P19*$T19), IF(A19<>"",SUM($AR19:$AW19)*$BA19*_xlpm._all_ammo,"")) -> 3 | BN19: =(($T19-1)*$AL19+$AM19)/30 -> 2.5333333 | BO19: =(($T19-1)*($AL19+$AO19/4)+$AM19)/30 -> 4.5333333 | BP19: =$BC19/$BO19 -> 0.66176471 | BQ19: =$AB19*$AD19*IF($W19<=0,1,$T19)/120 -> 3.75 | BR19: =$BC19/($BQ19+$BN19) -> 0.47745358 | BS19: =$BC19/($BQ19+$BO19) -> 0.36217304 | BU19: =_xlfn.LET(_xlpm._level_power,2,IF(BT19<>"",BR19/_xlpm._level_power^BT19,"")) | BV19: =_xlfn.LET(_xlpm._level_power,2,IF($BT19<>"",BR19/_xlpm._level_power^$BT19,""))
A20: 1320107 | B20: 土制火箭爆弹 | C20: 设备 | D20: BasicShooter | E20: se_pixabay_shoot_rocket | F20: se_ag_gun_reloaded | G20: 10007 | H20: =IF(G20<>"",IFERROR(VLOOKUP(G20,t_proj[#All],2,0),"--"),"") -> 土制火箭弹 | I20: =_xlfn.TEXTJOIN("~",1,J20:K20) | L20: =_xlfn.TEXTJOIN("~",1,M20:N20) -> 95~480 | M20: 95 | N20: 480 | P20: 1 | Q20: 5 | R20: =IF(Q20="","",1-Q20/20) -> 0.75 | S20: proj_muzzel | T20: 3 | U20: FALSE | W20: 1 | X20: =1/Y20 -> 0.0055555556 | Y20: 180 | Z20: =TEXT(Y20/120,"0.00")&" s" -> 1.50 s | AA20: =1/AB20 -> 0.0055555556 | AB20: 180 | AC20: =TEXT(AB20/120,"0.00")&" s" -> 1.50 s | AD20: 1 | AE20: {=_xlfn.TEXTJOIN(";",1,IFERROR(1/AF20:AH20,""))} -> 0.00555555555555556;0.00555555555555556 | AF20: 180 | AG20: 180 | AI20: =AK20/AM20 -> 0.19230769 | AJ20: =AL20/AM20 -> 0.96153846 | AK20: 5 | AL20: 25 | AM20: 26 | AN20: =($AL20-$AK20)*120/30 -> 80 | AO20: 120 | AP20: =TEXT(AO20/120,"0.00")&" s" -> 1.00 s | AQ20: {=_xlfn.TEXTJOIN(";",1,_xlfn.LAMBDA(_xlpm.x,IF(_xlpm.x<>"",OFFSET(_xlpm.x,3-ROW(),0)&"="&_xlpm.x,""))(AR20:AW20))} -> blunt=1 | AS20: 1 | AX20: {=TEXT(VLOOKUP($A20,battle_data!$A:$G,MATCH(INDEX(_xlfn.TEXTSPLIT(AX$3,"|"),1),battle_data!$A$1:$G$1),0)*0.001,"0%")} -> 0% | AY20: {=TEXT(VLOOKUP($A20,battle_data!$A:$G,MATCH(INDEX(_xlfn.TEXTSPLIT(AY$3,"|"),1),battle_data!$A$1:$G$1),0)*0.001,"0%")} -> 0% | AZ20: {=TEXT(VLOOKUP($A20,battle_data!$A:$G,MATCH(INDEX(_xlfn.TEXTSPLIT(AZ$3,"|"),1),battle_data!$A$1:$G$1),0)*0.001,"0%")} -> 0% | BA20: =_xlfn.LET(_xlpm.p,($AY20),_xlpm.p*$AZ20+(1-_xlpm.p)) -> 1 | BC20: =_xlfn.LET(_xlpm._custom_all_ammo,$BB20, _xlpm._all_ammo,IF(_xlpm._custom_all_ammo<>"",_xlpm._custom_all_ammo,$P20*$T20), IF(A20<>"",SUM($AR20:$AW20)*$BA20*_xlpm._all_ammo,"")) -> 3 | BN20: =(($T20-1)*$AL20+$AM20)/30 -> 2.5333333 | BO20: =(($T20-1)*($AL20+$AO20/4)+$AM20)/30 -> 4.5333333 | BP20: =$BC20/$BO20 -> 0.66176471 | BQ20: =$AB20*$AD20*IF($W20<=0,1,$T20)/120 -> 4.5 | BR20: =$BC20/($BQ20+$BN20) -> 0.42654028 | BS20: =$BC20/($BQ20+$BO20) -> 0.33210332 | BU20: =_xlfn.LET(_xlpm._level_power,2,IF(BT20<>"",BR20/_xlpm._level_power^BT20,"")) | BV20: =_xlfn.LET(_xlpm._level_power,2,IF($BT20<>"",BR20/_xlpm._level_power^$BT20,""))
A21: 1320108 | B21: 单发火枪 | C21: 设备 | D21: BasicShooter | E21: se_ag_shoot_sniper | F21: se_ag_gun_reloaded | G21: 10005 | H21: =IF(G21<>"",IFERROR(VLOOKUP(G21,t_proj[#All],2,0),"--"),"") -> 步枪子弹 | I21: =_xlfn.TEXTJOIN("~",1,J21:K21) -> 160~0 | J21: 160 | K21: 0 | L21: =_xlfn.TEXTJOIN("~",1,M21:N21) -> 360~0 | M21: 360 | N21: 0 | P21: 1 | Q21: 2 | R21: =IF(Q21="","",1-Q21/20) -> 0.9 | S21: proj_muzzel | T21: 5 | U21: TRUE | V21: FALSE | W21: 1 | X21: =1/Y21 -> 0.011111111 | Y21: 90 | Z21: =TEXT(Y21/120,"0.00")&" s" -> 0.75 s | AA21: =1/AB21 -> 0.011111111 | AB21: 90 | AC21: =TEXT(AB21/120,"0.00")&" s" -> 0.75 s | AD21: 1 | AE21: {=_xlfn.TEXTJOIN(";",1,IFERROR(1/AF21:AH21,""))} -> 0.0111111111111111;0.0111111111111111 | AF21: 90 | AG21: 90 | AI21: =AK21/AM21 -> 0.6 | AJ21: =AL21/AM21 -> 0.8 | AK21: 6 | AL21: 8 | AM21: 10 | AN21: =($AL21-$AK21)*120/30 -> 8 | AO21: 400 | AP21: =TEXT(AO21/120,"0.00")&" s" -> 3.33 s | AQ21: {=_xlfn.TEXTJOIN(";",1,_xlfn.LAMBDA(_xlpm.x,IF(_xlpm.x<>"",OFFSET(_xlpm.x,3-ROW(),0)&"="&_xlpm.x,""))(AR21:AW21))} -> sharp=72 | AR21: 72 | AX21: {=TEXT(VLOOKUP($A21,battle_data!$A:$G,MATCH(INDEX(_xlfn.TEXTSPLIT(AX$3,"|"),1),battle_data!$A$1:$G$1),0)*0.001,"0%")} -> 0% | AY21: {=TEXT(VLOOKUP($A21,battle_data!$A:$G,MATCH(INDEX(_xlfn.TEXTSPLIT(AY$3,"|"),1),battle_data!$A$1:$G$1),0)*0.001,"0%")} -> 2% | AZ21: {=TEXT(VLOOKUP($A21,battle_data!$A:$G,MATCH(INDEX(_xlfn.TEXTSPLIT(AZ$3,"|"),1),battle_data!$A$1:$G$1),0)*0.001,"0%")} -> 150% | BA21: =_xlfn.LET(_xlpm.p,($AY21),_xlpm.p*$AZ21+(1-_xlpm.p)) -> 1.01 | BC21: =_xlfn.LET(_xlpm._custom_all_ammo,$BB21, _xlpm._all_ammo,IF(_xlpm._custom_all_ammo<>"",_xlpm._custom_all_ammo,$P21*$T21), IF(A21<>"",SUM($AR21:$AW21)*$BA21*_xlpm._all_ammo,"")) -> 363.6 | BI21: 1 | BN21: =(($T21-1)*$AL21+$AM21)/30 -> 1.4 | BO21: =(($T21-1)*($AL21+$AO21/4)+$AM21)/30 -> 14.733333 | BP21: =$BC21/$BO21 -> 24.678733 | BQ21: =$AB21*$AD21*IF($W21<=0,1,$T21)/120 -> 3.75 | BR21: =$BC21/($BQ21+$BN21) -> 70.601942 | BS21: =$BC21/($BQ21+$BO21) -> 19.671776 | BT21: 1 | BU21: =_xlfn.LET(_xlpm._level_power,2,IF(BT21<>"",BR21/_xlpm._level_power^BT21,"")) -> 35.300971 | BV21: =_xlfn.LET(_xlpm._level_power,2,IF($BT21<>"",BR21/_xlpm._level_power^$BT21,"")) -> 35.300971
A22: 1320109 | B22: 命运手枪 | C22: 设备 | D22: BasicShooter | E22: se_ag_shoot_gun | F22: se_ag_gun_reloaded | G22: 10002 | H22: =IF(G22<>"",IFERROR(VLOOKUP(G22,t_proj[#All],2,0),"--"),"") -> 手枪子弹 | I22: =_xlfn.TEXTJOIN("~",1,J22:K22) -> 85~0 | J22: 85 | K22: 0 | L22: =_xlfn.TEXTJOIN("~",1,M22:N22) -> 360~0 | M22: 360 | N22: 0 | P22: 1 | Q22: 4 | R22: =IF(Q22="","",1-Q22/20) -> 0.8 | S22: proj_muzzel | T22: 7 | U22: FALSE | X22: =1/Y22 -> 0.0074074074 | Y22: 135 | Z22: =TEXT(Y22/120,"0.00")&" s" -> 1.13 s | AA22: =1/AB22 -> 0.0074074074 | AB22: 135 | AC22: =TEXT(AB22/120,"0.00")&" s" -> 1.13 s | AD22: 1 | AE22: {=_xlfn.TEXTJOIN(";",1,IFERROR(1/AF22:AH22,""))} -> 0.00740740740740741;0.00740740740740741 | AF22: 135 | AG22: 135 | AI22: =AK22/AM22 -> 0.5 | AJ22: =AL22/AM22 -> 0.9 | AK22: 5 | AL22: 9 | AM22: 10 | AN22: =($AL22-$AK22)*120/30 -> 16 | AO22: 40 | AP22: =TEXT(AO22/120,"0.00")&" s" -> 0.33 s | AQ22: {=_xlfn.TEXTJOIN(";",1,_xlfn.LAMBDA(_xlpm.x,IF(_xlpm.x<>"",OFFSET(_xlpm.x,3-ROW(),0)&"="&_xlpm.x,""))(AR22:AW22))} -> sharp=8 | AR22: 8 | AX22: {=TEXT(VLOOKUP($A22,battle_data!$A:$G,MATCH(INDEX(_xlfn.TEXTSPLIT(AX$3,"|"),1),battle_data!$A$1:$G$1),0)*0.001,"0%")} -> 0% | AY22: {=TEXT(VLOOKUP($A22,battle_data!$A:$G,MATCH(INDEX(_xlfn.TEXTSPLIT(AY$3,"|"),1),battle_data!$A$1:$G$1),0)*0.001,"0%")} -> 50% | AZ22: {=TEXT(VLOOKUP($A22,battle_data!$A:$G,MATCH(INDEX(_xlfn.TEXTSPLIT(AZ$3,"|"),1),battle_data!$A$1:$G$1),0)*0.001,"0%")} -> 500% | BA22: =_xlfn.LET(_xlpm.p,($AY22),_xlpm.p*$AZ22+(1-_xlpm.p)) -> 3 | BC22: =_xlfn.LET(_xlpm._custom_all_ammo,$BB22, _xlpm._all_ammo,IF(_xlpm._custom_all_ammo<>"",_xlpm._custom_all_ammo,$P22*$T22), IF(A22<>"",SUM($AR22:$AW22)*$BA22*_xlpm._all_ammo,"")) -> 168 | BN22: =(($T22-1)*$AL22+$AM22)/30 -> 2.1333333 | BO22: =(($T22-1)*($AL22+$AO22/4)+$AM22)/30 -> 4.1333333 | BP22: =$BC22/$BO22 -> 40.645161 | BQ22: =$AB22*$AD22*IF($W22<=0,1,$T22)/120 -> 1.125 | BR22: =$BC22/($BQ22+$BN22) -> 51.560102 | BS22: =$BC22/($BQ22+$BO22) -> 31.949287 | BU22: =_xlfn.LET(_xlpm._level_power,2,IF(BT22<>"",BR22/_xlpm._level_power^BT22,"")) | BV22: =_xlfn.LET(_xlpm._level_power,2,IF($BT22<>"",BR22/_xlpm._level_power^$BT22,""))
A23: 1320111 | B23: 轻机枪 | C23: 设备 | D23: BasicShooter_Click | E23: se_ag_shoot_gatlin | F23: se_ag_gun_reloaded | G23: 10005 | H23: =IF(G23<>"",IFERROR(VLOOKUP(G23,t_proj[#All],2,0),"--"),"") -> 步枪子弹 | I23: =_xlfn.TEXTJOIN("~",1,J23:K23) -> 110~0 | J23: 110 | K23: 0 | L23: =_xlfn.TEXTJOIN("~",1,M23:N23) -> 240~0 | M23: 240 | N23: 0 | P23: 1 | Q23: 6.5 | R23: =IF(Q23="","",1-Q23/20) -> 0.675 | S23: proj_muzzel | T23: 20 | U23: TRUE | V23: TRUE | W23: 1 | X23: =1/Y23 -> 0.016666667 | Y23: 60 | Z23: =TEXT(Y23/120,"0.00")&" s" -> 0.50 s | AA23: =1/AB23 -> 0.016666667 | AB23: 60 | AC23: =TEXT(AB23/120,"0.00")&" s" -> 0.50 s | AD23: 1 | AE23: {=_xlfn.TEXTJOIN(";",1,IFERROR(1/AF23:AH23,""))} -> 0.0166666666666667;0.0166666666666667 | AF23: 60 | AG23: 60 | AI23: =AK23/AM23 -> 0.33333333 | AJ23: =AL23/AM23 -> 0.66666667 | AK23: 2 | AL23: 4 | AM23: 6 | AN23: =($AL23-$AK23)*120/30 -> 8 | AO23: 300 | AP23: =TEXT(AO23/120,"0.00")&" s" -> 2.50 s | AQ23: {=_xlfn.TEXTJOIN(";",1,_xlfn.LAMBDA(_xlpm.x,IF(_xlpm.x<>"",OFFSET(_xlpm.x,3-ROW(),0)&"="&_xlpm.x,""))(AR23:AW23))} -> sharp=66 | AR23: 66 | AX23: {=TEXT(VLOOKUP($A23,battle_data!$A:$G,MATCH(INDEX(_xlfn.TEXTSPLIT(AX$3,"|"),1),battle_data!$A$1:$G$1),0)*0.001,"0%")} -> 0% | AY23: {=TEXT(VLOOKUP($A23,battle_data!$A:$G,MATCH(INDEX(_xlfn.TEXTSPLIT(AY$3,"|"),1),battle_data!$A$1:$G$1),0)*0.001,"0%")} -> 2% | AZ23: {=TEXT(VLOOKUP($A23,battle_data!$A:$G,MATCH(INDEX(_xlfn.TEXTSPLIT(AZ$3,"|"),1),battle_data!$A$1:$G$1),0)*0.001,"0%")} -> 150% | BA23: =_xlfn.LET(_xlpm.p,($AY23),_xlpm.p*$AZ23+(1-_xlpm.p)) -> 1.01 | BC23: =_xlfn.LET(_xlpm._custom_all_ammo,$BB23, _xlpm._all_ammo,IF(_xlpm._custom_all_ammo<>"",_xlpm._custom_all_ammo,$P23*$T23), IF(A23<>"",SUM($AR23:$AW23)*$BA23*_xlpm._all_ammo,"")) -> 1333.2 | BI23: 2 | BN23: =(($T23-1)*$AL23+$AM23)/30 -> 2.7333333 | BO23: =(($T23-1)*($AL23+$AO23/4)+$AM23)/30 -> 50.233333 | BP23: =$BC23/$BO23 -> 26.540146 | BQ23: =$AB23*$AD23*IF($W23<=0,1,$T23)/120 -> 10 | BR23: =$BC23/($BQ23+$BN23) -> 104.70157 | BS23: =$BC23/($BQ23+$BO23) -> 22.133924 | BT23: 2 | BU23: =_xlfn.LET(_xlpm._level_power,2,IF(BT23<>"",BR23/_xlpm._level_power^BT23,"")) -> 26.175393 | BV23: =_xlfn.LET(_xlpm._level_power,2,IF($BT23<>"",BR23/_xlpm._level_power^$BT23,"")) -> 26.175393
A24: 1320112 | B24: 左轮手枪 | C24: 设备 | D24: DScript_Shooter_Revolver | E24: se_ag_shoot_gun | F24: se_ag_gun_reloaded | G24: 10002 | H24: =IF(G24<>"",IFERROR(VLOOKUP(G24,t_proj[#All],2,0),"--"),"") -> 手枪子弹 | I24: =_xlfn.TEXTJOIN("~",1,J24:K24) -> 60~75 | J24: 60 | K24: 75 | L24: =_xlfn.TEXTJOIN("~",1,M24:N24) -> 180~0 | M24: 180 | N24: 0 | P24: 1 | Q24: 8 | R24: =IF(Q24="","",1-Q24/20) -> 0.6 | S24: proj_muzzel | T24: 6 | U24: FALSE | W24: 1 | X24: =1/Y24 -> 0.0055555556 | Y24: 180 | Z24: =TEXT(Y24/120,"0.00")&" s" -> 1.50 s | AA24: =1/AB24 -> 0.0055555556 | AB24: 180 | AC24: =TEXT(AB24/120,"0.00")&" s" -> 1.50 s | AD24: 0.5 | AE24: {=_xlfn.TEXTJOIN(";",1,IFERROR(1/AF24:AH24,""))} -> 0.00555555555555556;0.00555555555555556 | AF24: 180 | AG24: 180 | AI24: =AK24/AM24 -> 0.25 | AJ24: =AL24/AM24 -> 0.375 | AK24: 3 | AL24: 4.5 | AM24: 12 | AN24: =($AL24-$AK24)*120/30 -> 6 | AO24: 10 | AP24: =TEXT(AO24/120,"0.00")&" s" -> 0.08 s | AQ24: {=_xlfn.TEXTJOIN(";",1,_xlfn.LAMBDA(_xlpm.x,IF(_xlpm.x<>"",OFFSET(_xlpm.x,3-ROW(),0)&"="&_xlpm.x,""))(AR24:AW24))} -> sharp=38 | AR24: 38 | AX24: {=TEXT(VLOOKUP($A24,battle_data!$A:$G,MATCH(INDEX(_xlfn.TEXTSPLIT(AX$3,"|"),1),battle_data!$A$1:$G$1),0)*0.001,"0%")} -> 0% | AY24: {=TEXT(VLOOKUP($A24,battle_data!$A:$G,MATCH(INDEX(_xlfn.TEXTSPLIT(AY$3,"|"),1),battle_data!$A$1:$G$1),0)*0.001,"0%")} -> 10% | AZ24: {=TEXT(VLOOKUP($A24,battle_data!$A:$G,MATCH(INDEX(_xlfn.TEXTSPLIT(AZ$3,"|"),1),battle_data!$A$1:$G$1),0)*0.001,"0%")} -> 200% | BA24: =_xlfn.LET(_xlpm.p,($AY24),_xlpm.p*$AZ24+(1-_xlpm.p)) -> 1.1 | BC24: =_xlfn.LET(_xlpm._custom_all_ammo,$BB24, _xlpm._all_ammo,IF(_xlpm._custom_all_ammo<>"",_xlpm._custom_all_ammo,$P24*$T24), IF(A24<>"",SUM($AR24:$AW24)*$BA24*_xlpm._all_ammo,"")) -> 250.8 | BN24: =(($T24-1)*$AL24+$AM24)/30 -> 1.15 | BO24: =(($T24-1)*($AL24+$AO24/4)+$AM24)/30 -> 1.5666667 | BP24: =$BC24/$BO24 -> 160.08511 | BQ24: =$AB24*$AD24*IF($W24<=0,1,$T24)/120 -> 4.5 | BR24: =$BC24/($BQ24+$BN24) -> 44.389381 | BS24: =$BC24/($BQ24+$BO24) -> 41.340659 | BT24: 0 | BU24: =_xlfn.LET(_xlpm._level_power,2,IF(BT24<>"",BR24/_xlpm._level_power^BT24,"")) -> 44.389381 | BV24: =_xlfn.LET(_xlpm._level_power,2,IF($BT24<>"",BR24/_xlpm._level_power^$BT24,"")) -> 44.389381
A25: 13201120 | B25: 锈铁左轮 | C25: 设备 | D25: DScript_Shooter_Revolver | E25: se_ag_shoot_gun | F25: se_ag_gun_reloaded | G25: 10002 | H25: =IF(G25<>"",IFERROR(VLOOKUP(G25,t_proj[#All],2,0),"--"),"") -> 手枪子弹 | I25: =_xlfn.TEXTJOIN("~",1,J25:K25) -> 60~75 | J25: 60 | K25: 75 | L25: =_xlfn.TEXTJOIN("~",1,M25:N25) -> 180~0 | M25: 180 | N25: 0 | P25: 1 | Q25: 7 | R25: =IF(Q25="","",1-Q25/20) -> 0.65 | S25: proj_muzzel | T25: 6 | U25: FALSE | W25: 1 | X25: =1/Y25 -> 1 | Y25: 1 | Z25: =TEXT(Y25/120,"0.00")&" s" -> 0.01 s | AA25: =1/AB25 -> 0.0055555556 | AB25: 180 | AC25: =TEXT(AB25/120,"0.00")&" s" -> 1.50 s | AD25: 0.5 | AE25: {=_xlfn.TEXTJOIN(";",1,IFERROR(1/AF25:AH25,""))} -> 0.00555555555555556;0.0166666666666667 | AF25: 180 | AG25: 60 | AI25: =AK25/AM25 -> 0.16666667 | AJ25: =AL25/AM25 -> 0.16666667 | AK25: 2 | AL25: 2 | AM25: 12 | AN25: =($AL25-$AK25)*120/30 -> 0 | AO25: 6 | AP25: =TEXT(AO25/120,"0.00")&" s" -> 0.05 s | AQ25: {=_xlfn.TEXTJOIN(";",1,_xlfn.LAMBDA(_xlpm.x,IF(_xlpm.x<>"",OFFSET(_xlpm.x,3-ROW(),0)&"="&_xlpm.x,""))(AR25:AW25))} -> sharp=30 | AR25: 30 | AX25: {=TEXT(VLOOKUP($A25,battle_data!$A:$G,MATCH(INDEX(_xlfn.TEXTSPLIT(AX$3,"|"),1),battle_data!$A$1:$G$1),0)*0.001,"0%")} -> 0% | AY25: {=TEXT(VLOOKUP($A25,battle_data!$A:$G,MATCH(INDEX(_xlfn.TEXTSPLIT(AY$3,"|"),1),battle_data!$A$1:$G$1),0)*0.001,"0%")} -> 10% | AZ25: {=TEXT(VLOOKUP($A25,battle_data!$A:$G,MATCH(INDEX(_xlfn.TEXTSPLIT(AZ$3,"|"),1),battle_data!$A$1:$G$1),0)*0.001,"0%")} -> 200% | BA25: =_xlfn.LET(_xlpm.p,($AY25),_xlpm.p*$AZ25+(1-_xlpm.p)) -> 1.1 | BC25: =_xlfn.LET(_xlpm._custom_all_ammo,$BB25, _xlpm._all_ammo,IF(_xlpm._custom_all_ammo<>"",_xlpm._custom_all_ammo,$P25*$T25), IF(A25<>"",SUM($AR25:$AW25)*$BA25*_xlpm._all_ammo,"")) -> 198 | BE25: =AB25+60 -> 240 | BF25: =_xlfn.LET(_xlpm._ammo,$T25, _xlpm._count_reload,IF($W25>0,_xlfn.CEILING.MATH(_xlpm._ammo/$W25),1), _xlpm._shoot_ticks,IF($BD25<>"",$BD25,($AL25*(_xlpm._ammo-1)+$AM25)*120/30), _xlpm._reload_ticks,IF($BE25<>"",$BE25,$Y25+$AB25*_xlpm._count_reload), (_xlpm._shoot_ticks+_xlpm._reload_ticks)/120 ) -> 2.7333333 | BG25: =BC25/BF25 -> 72.439024 | BH25: {=_xlfn.LAMBDA(_xlpm._dps,_xlpm._info_cell,ROUND(IF(_xlpm._dps<=0,-10,LOG(_xlpm._dps/INDEX(_xlfn.TEXTSPLIT(_xlpm._info_cell,"="),2),1.5)),2))($BG25,BH$3)} -> 2.01 | BI25: 0 | BJ25: 2 | BK25: {=_xlfn.LAMBDA(_xlpm._lv,_xlpm._rank,_xlpm._base,_xlpm._lv+INDEX(_xlfn.TEXTSPLIT(_xlpm._base,"="),2)^(_xlpm._rank-2)-1)(BI25,BJ25,BK$3)} -> 0 | BL25: -1 | BM25: =BK25*2-BH25-BL25 -> -1.01 | BN25: =(($T25-1)*$AL25+$AM25)/30 -> 0.73333333 | BO25: =(($T25-1)*($AL25+$AO25/4)+$AM25)/30 -> 0.98333333 | BP25: =$BC25/$BO25 -> 201.35593 | BQ25: =$AB25*$AD25*IF($W25<=0,1,$T25)/120 -> 4.5 | BR25: =BP25 -> 201.35593 | BS25: =$BC25/($BQ25+$BO25) -> 36.109422 | BT25: 0 | BU25: =_xlfn.LET(_xlpm._level_power,2,IF(BT25<>"",BR25/_xlpm._level_power^BT25,"")) -> 201.35593 | BV25: =_xlfn.LET(_xlpm._level_power,2,IF($BT25<>"",BR25/_xlpm._level_power^$BT25,"")) -> 201.35593
A26: 13201121 | B26: 民用左轮 | C26: 设备 | D26: DScript_Shooter_Revolver | E26: se_ag_shoot_gun | F26: se_ag_gun_reloaded | G26: 10002 | H26: =IF(G26<>"",IFERROR(VLOOKUP(G26,t_proj[#All],2,0),"--"),"") -> 手枪子弹 | I26: =_xlfn.TEXTJOIN("~",1,J26:K26) -> 70~80 | J26: 70 | K26: 80 | L26: =_xlfn.TEXTJOIN("~",1,M26:N26) -> 180~0 | M26: 180 | N26: 0 | P26: 1 | Q26: 6.5 | R26: =IF(Q26="","",1-Q26/20) -> 0.675 | S26: proj_muzzel | T26: 6 | U26: FALSE | W26: 1 | X26: =1/Y26 -> 1 | Y26: 1 | Z26: =TEXT(Y26/120,"0.00")&" s" -> 0.01 s | AA26: =1/AB26 -> 0.005952381 | AB26: 168 | AC26: =TEXT(AB26/120,"0.00")&" s" -> 1.40 s | AD26: 0.5 | AE26: {=_xlfn.TEXTJOIN(";",1,IFERROR(1/AF26:AH26,""))} -> 0.00595238095238095;0.0166666666666667 | AF26: 168 | AG26: 60 | AI26: =AK26/AM26 -> 0.16666667 | AJ26: =AL26/AM26 -> 0.16666667 | AK26: 2 | AL26: 2 | AM26: 12 | AN26: =($AL26-$AK26)*120/30 -> 0 | AO26: 6 | AP26: =TEXT(AO26/120,"0.00")&" s" -> 0.05 s | AQ26: {=_xlfn.TEXTJOIN(";",1,_xlfn.LAMBDA(_xlpm.x,IF(_xlpm.x<>"",OFFSET(_xlpm.x,3-ROW(),0)&"="&_xlpm.x,""))(AR26:AW26))} -> sharp=38 | AR26: 38 | AX26: {=TEXT(VLOOKUP($A26,battle_data!$A:$G,MATCH(INDEX(_xlfn.TEXTSPLIT(AX$3,"|"),1),battle_data!$A$1:$G$1),0)*0.001,"0%")} -> 0% | AY26: {=TEXT(VLOOKUP($A26,battle_data!$A:$G,MATCH(INDEX(_xlfn.TEXTSPLIT(AY$3,"|"),1),battle_data!$A$1:$G$1),0)*0.001,"0%")} -> 15% | AZ26: {=TEXT(VLOOKUP($A26,battle_data!$A:$G,MATCH(INDEX(_xlfn.TEXTSPLIT(AZ$3,"|"),1),battle_data!$A$1:$G$1),0)*0.001,"0%")} -> 220% | BA26: =_xlfn.LET(_xlpm.p,($AY26),_xlpm.p*$AZ26+(1-_xlpm.p)) -> 1.18 | BC26: =_xlfn.LET(_xlpm._custom_all_ammo,$BB26, _xlpm._all_ammo,IF(_xlpm._custom_all_ammo<>"",_xlpm._custom_all_ammo,$P26*$T26), IF(A26<>"",SUM($AR26:$AW26)*$BA26*_xlpm._all_ammo,"")) -> 269.04 | BE26: =AB26+60 -> 228 | BF26: =_xlfn.LET(_xlpm._ammo,$T26, _xlpm._count_reload,IF($W26>0,_xlfn.CEILING.MATH(_xlpm._ammo/$W26),1), _xlpm._shoot_ticks,IF($BD26<>"",$BD26,($AL26*(_xlpm._ammo-1)+$AM26)*120/30), _xlpm._reload_ticks,IF($BE26<>"",$BE26,$Y26+$AB26*_xlpm._count_reload), (_xlpm._shoot_ticks+_xlpm._reload_ticks)/120 ) -> 2.6333333 | BG26: =BC26/BF26 -> 102.16709 | BH26: {=_xlfn.LAMBDA(_xlpm._dps,_xlpm._info_cell,ROUND(IF(_xlpm._dps<=0,-10,LOG(_xlpm._dps/INDEX(_xlfn.TEXTSPLIT(_xlpm._info_cell,"="),2),1.5)),2))($BG26,BH$3)} -> 2.86 | BI26: 1 | BJ26: 2 | BK26: {=_xlfn.LAMBDA(_xlpm._lv,_xlpm._rank,_xlpm._base,_xlpm._lv+INDEX(_xlfn.TEXTSPLIT(_xlpm._base,"="),2)^(_xlpm._rank-2)-1)(BI26,BJ26,BK$3)} -> 1 | BL26: -0.8 | BM26: =BK26*2-BH26-BL26 -> -0.06 | BN26: =(($T26-1)*$AL26+$AM26)/30 -> 0.73333333 | BO26: =(($T26-1)*($AL26+$AO26/4)+$AM26)/30 -> 0.98333333 | BP26: =$BC26/$BO26 -> 273.6 | BQ26: =$AB26*$AD26*IF($W26<=0,1,$T26)/120 -> 4.2 | BR26: =BP26 -> 273.6 | BS26: =$BC26/($BQ26+$BO26) -> 51.904823 | BT26: 0 | BU26: =_xlfn.LET(_xlpm._level_power,2,IF(BT26<>"",BR26/_xlpm._level_power^BT26,"")) -> 273.6 | BV26: =_xlfn.LET(_xlpm._level_power,2,IF($BT26<>"",BR26/_xlpm._level_power^$BT26,"")) -> 273.6
A27: 13201122 | B27: 爆破者左轮 | C27: 设备 | D27: DScript_Shooter_Revolver | E27: se_ag_shoot_gun | F27: se_ag_gun_reloaded | G27: 10002 | H27: =IF(G27<>"",IFERROR(VLOOKUP(G27,t_proj[#All],2,0),"--"),"") -> 手枪子弹 | I27: =_xlfn.TEXTJOIN("~",1,J27:K27) -> 80~85 | J27: 80 | K27: 85 | L27: =_xlfn.TEXTJOIN("~",1,M27:N27) -> 180~0 | M27: 180 | N27: 0 | P27: 1 | Q27: 6 | R27: =IF(Q27="","",1-Q27/20) -> 0.7 | S27: proj_muzzel | T27: 6 | U27: FALSE | W27: 1 | X27: =1/Y27 -> 1 | Y27: 1 | Z27: =TEXT(Y27/120,"0.00")&" s" -> 0.01 s | AA27: =1/AB27 -> 0.0064102564 | AB27: 156 | AC27: =TEXT(AB27/120,"0.00")&" s" -> 1.30 s | AD27: 0.5 | AE27: {=_xlfn.TEXTJOIN(";",1,IFERROR(1/AF27:AH27,""))} -> 0.00641025641025641;0.0166666666666667 | AF27: 156 | AG27: 60 | AI27: =AK27/AM27 -> 0.16666667 | AJ27: =AL27/AM27 -> 0.16666667 | AK27: 2 | AL27: 2 | AM27: 12 | AN27: =($AL27-$AK27)*120/30 -> 0 | AO27: 6 | AP27: =TEXT(AO27/120,"0.00")&" s" -> 0.05 s | AQ27: {=_xlfn.TEXTJOIN(";",1,_xlfn.LAMBDA(_xlpm.x,IF(_xlpm.x<>"",OFFSET(_xlpm.x,3-ROW(),0)&"="&_xlpm.x,""))(AR27:AW27))} -> sharp=48;fire=4 | AR27: 48 | AT27: 4 | AX27: {=TEXT(VLOOKUP($A27,battle_data!$A:$G,MATCH(INDEX(_xlfn.TEXTSPLIT(AX$3,"|"),1),battle_data!$A$1:$G$1),0)*0.001,"0%")} -> 0% | AY27: {=TEXT(VLOOKUP($A27,battle_data!$A:$G,MATCH(INDEX(_xlfn.TEXTSPLIT(AY$3,"|"),1),battle_data!$A$1:$G$1),0)*0.001,"0%")} -> 20% | AZ27: {=TEXT(VLOOKUP($A27,battle_data!$A:$G,MATCH(INDEX(_xlfn.TEXTSPLIT(AZ$3,"|"),1),battle_data!$A$1:$G$1),0)*0.001,"0%")} -> 240% | BA27: =_xlfn.LET(_xlpm.p,($AY27),_xlpm.p*$AZ27+(1-_xlpm.p)) -> 1.28 | BC27: =_xlfn.LET(_xlpm._custom_all_ammo,$BB27, _xlpm._all_ammo,IF(_xlpm._custom_all_ammo<>"",_xlpm._custom_all_ammo,$P27*$T27), IF(A27<>"",SUM($AR27:$AW27)*$BA27*_xlpm._all_ammo,"")) -> 399.36 | BE27: =AB27+60 -> 216 | BF27: =_xlfn.LET(_xlpm._ammo,$T27, _xlpm._count_reload,IF($W27>0,_xlfn.CEILING.MATH(_xlpm._ammo/$W27),1), _xlpm._shoot_ticks,IF($BD27<>"",$BD27,($AL27*(_xlpm._ammo-1)+$AM27)*120/30), _xlpm._reload_ticks,IF($BE27<>"",$BE27,$Y27+$AB27*_xlpm._count_reload), (_xlpm._shoot_ticks+_xlpm._reload_ticks)/120 ) -> 2.5333333 | BG27: =BC27/BF27 -> 157.64211 | BH27: {=_xlfn.LAMBDA(_xlpm._dps,_xlpm._info_cell,ROUND(IF(_xlpm._dps<=0,-10,LOG(_xlpm._dps/INDEX(_xlfn.TEXTSPLIT(_xlpm._info_cell,"="),2),1.5)),2))($BG27,BH$3)} -> 3.93 | BI27: 2 | BJ27: 2 | BK27: {=_xlfn.LAMBDA(_xlpm._lv,_xlpm._rank,_xlpm._base,_xlpm._lv+INDEX(_xlfn.TEXTSPLIT(_xlpm._base,"="),2)^(_xlpm._rank-2)-1)(BI27,BJ27,BK$3)} -> 2 | BL27: -0.6 | BM27: =BK27*2-BH27-BL27 -> 0.67 | BN27: =(($T27-1)*$AL27+$AM27)/30 -> 0.73333333 | BO27: =(($T27-1)*($AL27+$AO27/4)+$AM27)/30 -> 0.98333333 | BP27: =$BC27/$BO27 -> 406.12881 | BQ27: =$AB27*$AD27*IF($W27<=0,1,$T27)/120 -> 3.9 | BR27: =BP27 -> 406.12881 | BS27: =$BC27/($BQ27+$BO27) -> 81.780205 | BT27: 0 | BU27: =_xlfn.LET(_xlpm._level_power,2,IF(BT27<>"",BR27/_xlpm._level_power^BT27,"")) -> 406.12881 | BV27: =_xlfn.LET(_xlpm._level_power,2,IF($BT27<>"",BR27/_xlpm._level_power^$BT27,"")) -> 406.12881
A28: 1320113 | B28: 猎龙弩炮 | C28: 设备 | D28: Shooter_Huge_Ballista | E28: se_ag_shoot_catapult | F28: se_ag_gun_reloaded | G28: 10009 | H28: =IF(G28<>"",IFERROR(VLOOKUP(G28,t_proj[#All],2,0),"--"),"") -> 巨大弩箭 | I28: =_xlfn.TEXTJOIN("~",1,J28:K28) -> 38~42 | J28: 38 | K28: 42 | L28: =_xlfn.TEXTJOIN("~",1,M28:N28) -> 2000~0 | M28: 2000 | N28: 0 | P28: 1 | Q28: 4 | R28: =IF(Q28="","",1-Q28/20) -> 0.8 | S28: proj_muzzel | T28: 1 | U28: FALSE | W28: 0 | X28: =1/Y28 -> 0.0022222222 | Y28: 450 | Z28: =TEXT(Y28/120,"0.00")&" s" -> 3.75 s | AA28: =1/AB28 -> 0.0022222222 | AB28: 450 | AC28: =TEXT(AB28/120,"0.00")&" s" -> 3.75 s | AD28: 1 | AE28: {=_xlfn.TEXTJOIN(";",1,IFERROR(1/AF28:AH28,""))} -> 0.00222222222222222;0.00222222222222222 | AF28: 450 | AG28: 450 | AI28: =AK28/AM28 -> 0.88 | AJ28: =AL28/AM28 -> 0.98 | AK28: 22 | AL28: 24.5 | AM28: 25 | AN28: 10 | AO28: 240 | AP28: =TEXT(AO28/120,"0.00")&" s" -> 2.00 s | AQ28: {=_xlfn.TEXTJOIN(";",1,_xlfn.LAMBDA(_xlpm.x,IF(_xlpm.x<>"",OFFSET(_xlpm.x,3-ROW(),0)&"="&_xlpm.x,""))(AR28:AW28))} -> sharp=825;blunt=45 | AR28: 825 | AS28: 45 | AX28: {=TEXT(VLOOKUP($A28,battle_data!$A:$G,MATCH(INDEX(_xlfn.TEXTSPLIT(AX$3,"|"),1),battle_data!$A$1:$G$1),0)*0.001,"0%")} -> 30% | AY28: {=TEXT(VLOOKUP($A28,battle_data!$A:$G,MATCH(INDEX(_xlfn.TEXTSPLIT(AY$3,"|"),1),battle_data!$A$1:$G$1),0)*0.001,"0%")} -> 20% | AZ28: {=TEXT(VLOOKUP($A28,battle_data!$A:$G,MATCH(INDEX(_xlfn.TEXTSPLIT(AZ$3,"|"),1),battle_data!$A$1:$G$1),0)*0.001,"0%")} -> 300% | BA28: =_xlfn.LET(_xlpm.p,($AY28),_xlpm.p*$AZ28+(1-_xlpm.p)) -> 1.4 | BC28: =_xlfn.LET(_xlpm._custom_all_ammo,$BB28, _xlpm._all_ammo,IF(_xlpm._custom_all_ammo<>"",_xlpm._custom_all_ammo,$P28*$T28), IF(A28<>"",SUM($AR28:$AW28)*$BA28*_xlpm._all_ammo,"")) -> 1218 | BI28: 3 | BN28: =(($T28-1)*$AL28+$AM28)/30 -> 0.83333333 | BO28: =(($T28-1)*($AL28+$AO28/4)+$AM28)/30 -> 0.83333333 | BP28: =$BC28/$BO28 -> 1461.6 | BQ28: =$AB28*$AD28*IF($W28<=0,1,$T28)/120 -> 3.75 | BR28: =$BC28/($BQ28+$BN28) -> 265.74545 | BS28: =$BC28/($BQ28+$BO28) -> 265.74545 | BT28: 3 | BU28: =_xlfn.LET(_xlpm._level_power,2,IF(BT28<>"",BR28/_xlpm._level_power^BT28,"")) -> 33.218182 | BV28: =_xlfn.LET(_xlpm._level_power,2,IF($BT28<>"",BR28/_xlpm._level_power^$BT28,"")) -> 33.218182
A29: 1320114 | B29: 车载投石器 | C29: 设备 | D29: Shooter_Trebuchet | E29: se_ag_shoot_catapult | F29: se_ag_gun_reloaded | G29: 10004 | H29: =IF(G29<>"",IFERROR(VLOOKUP(G29,t_proj[#All],2,0),"--"),"") -> 石块 | I29: =_xlfn.TEXTJOIN("~",1,J29:K29) -> 8~10 | J29: 8 | K29: 10 | L29: =_xlfn.TEXTJOIN("~",1,M29:N29) -> 2000~0 | M29: 2000 | N29: 0 | P29: 1 | Q29: 8 | R29: =IF(Q29="","",1-Q29/20) -> 0.6 | S29: proj_muzzel | T29: 1 | U29: FALSE | W29: 0 | X29: =1/Y29 -> 0.0027777778 | Y29: 360 | Z29: =TEXT(Y29/120,"0.00")&" s" -> 3.00 s | AA29: =1/AB29 -> 0.0027777778 | AB29: 360 | AC29: =TEXT(AB29/120,"0.00")&" s" -> 3.00 s | AD29: 1 | AE29: {=_xlfn.TEXTJOIN(";",1,IFERROR(1/AF29:AH29,""))} -> 0.00277777777777778;0.00277777777777778 | AF29: 360 | AG29: 360 | AI29: =AK29/AM29 -> 0.53125 | AJ29: =AL29/AM29 -> 0.875 | AK29: 17 | AL29: 28 | AM29: 32 | AN29: =($AL29-$AK29)*120/30 -> 44 | AO29: 360 | AP29: =TEXT(AO29/120,"0.00")&" s" -> 3.00 s | AQ29: {=_xlfn.TEXTJOIN(";",1,_xlfn.LAMBDA(_xlpm.x,IF(_xlpm.x<>"",OFFSET(_xlpm.x,3-ROW(),0)&"="&_xlpm.x,""))(AR29:AW29))} -> blunt=999 | AS29: 999 | AX29: {=TEXT(VLOOKUP($A29,battle_data!$A:$G,MATCH(INDEX(_xlfn.TEXTSPLIT(AX$3,"|"),1),battle_data!$A$1:$G$1),0)*0.001,"0%")} -> 50% | AY29: {=TEXT(VLOOKUP($A29,battle_data!$A:$G,MATCH(INDEX(_xlfn.TEXTSPLIT(AY$3,"|"),1),battle_data!$A$1:$G$1),0)*0.001,"0%")} -> 1% | AZ29: {=TEXT(VLOOKUP($A29,battle_data!$A:$G,MATCH(INDEX(_xlfn.TEXTSPLIT(AZ$3,"|"),1),battle_data!$A$1:$G$1),0)*0.001,"0%")} -> 110% | BA29: =_xlfn.LET(_xlpm.p,($AY29),_xlpm.p*$AZ29+(1-_xlpm.p)) -> 1.001 | BC29: =_xlfn.LET(_xlpm._custom_all_ammo,$BB29, _xlpm._all_ammo,IF(_xlpm._custom_all_ammo<>"",_xlpm._custom_all_ammo,$P29*$T29), IF(A29<>"",SUM($AR29:$AW29)*$BA29*_xlpm._all_ammo,"")) -> 999.999 | BI29: 3 | BN29: =(($T29-1)*$AL29+$AM29)/30 -> 1.0666667 | BO29: =(($T29-1)*($AL29+$AO29/4)+$AM29)/30 -> 1.0666667 | BP29: =$BC29/$BO29 -> 937.49906 | BQ29: =$AB29*$AD29*IF($W29<=0,1,$T29)/120 -> 3 | BR29: =$BC29/($BQ29+$BN29) -> 245.90139 | BS29: =$BC29/($BQ29+$BO29) -> 245.90139 | BT29: 3 | BU29: =_xlfn.LET(_xlpm._level_power,2,IF(BT29<>"",BR29/_xlpm._level_power^BT29,"")) -> 30.737674 | BV29: =_xlfn.LET(_xlpm._level_power,2,IF($BT29<>"",BR29/_xlpm._level_power^$BT29,"")) -> 30.737674
A30: 1320115 | B30: 滚木 | C30: 设备 | D30: Roll_Wood | E30: se_ag_shoot_catapult | F30: se_ag_gun_reloaded | G30: 10010 | H30: =IF(G30<>"",IFERROR(VLOOKUP(G30,t_proj[#All],2,0),"--"),"") -> 滚木 | I30: =_xlfn.TEXTJOIN("~",1,J30:K30) -> 0.1~1.2 | J30: 0.1 | K30: 1.2 | L30: =_xlfn.TEXTJOIN("~",1,M30:N30) -> 2400~0 | M30: 2400 | N30: 0 | P30: 1 | Q30: 120 | R30: =IF(Q30="","",1-Q30/20) -> -5 | S30: proj_muzzel | T30: 3 | U30: FALSE | X30: =1/Y30 -> 0.013333333 | Y30: 75 | Z30: =TEXT(Y30/120,"0.00")&" s" -> 0.63 s | AA30: =1/AB30 -> 0.013333333 | AB30: 75 | AC30: =TEXT(AB30/120,"0.00")&" s" -> 0.63 s | AD30: 1 | AE30: {=_xlfn.TEXTJOIN(";",1,IFERROR(1/AF30:AH30,""))} -> 0.0133333333333333;0.0133333333333333 | AF30: 75 | AG30: 75 | AI30: =AK30/AM30 -> 0.2 | AJ30: =AL30/AM30 -> 0.3 | AK30: 4 | AL30: 6 | AM30: 20 | AN30: =($AL30-$AK30)*120/30 -> 8 | AO30: 132 | AP30: =TEXT(AO30/120,"0.00")&" s" -> 1.10 s | AQ30: {=_xlfn.TEXTJOIN(";",1,_xlfn.LAMBDA(_xlpm.x,IF(_xlpm.x<>"",OFFSET(_xlpm.x,3-ROW(),0)&"="&_xlpm.x,""))(AR30:AW30))} -> blunt=200 | AS30: 200 | AX30: {=TEXT(VLOOKUP($A30,battle_data!$A:$G,MATCH(INDEX(_xlfn.TEXTSPLIT(AX$3,"|"),1),battle_data!$A$1:$G$1),0)*0.001,"0%")} -> 50% | AY30: {=TEXT(VLOOKUP($A30,battle_data!$A:$G,MATCH(INDEX(_xlfn.TEXTSPLIT(AY$3,"|"),1),battle_data!$A$1:$G$1),0)*0.001,"0%")} -> 1% | AZ30: {=TEXT(VLOOKUP($A30,battle_data!$A:$G,MATCH(INDEX(_xlfn.TEXTSPLIT(AZ$3,"|"),1),battle_data!$A$1:$G$1),0)*0.001,"0%")} -> 110% | BA30: =_xlfn.LET(_xlpm.p,($AY30),_xlpm.p*$AZ30+(1-_xlpm.p)) -> 1.001 | BC30: =_xlfn.LET(_xlpm._custom_all_ammo,$BB30, _xlpm._all_ammo,IF(_xlpm._custom_all_ammo<>"",_xlpm._custom_all_ammo,$P30*$T30), IF(A30<>"",SUM($AR30:$AW30)*$BA30*_xlpm._all_ammo,"")) -> 600.6 | BI30: 3 | BN30: =(($T30-1)*$AL30+$AM30)/30 -> 1.0666667 | BO30: =(($T30-1)*($AL30+$AO30/4)+$AM30)/30 -> 3.2666667 | BP30: =$BC30/$BO30 -> 183.85714 | BQ30: =$AB30*$AD30*IF($W30<=0,1,$T30)/120 -> 0.625 | BR30: =$BC30/($BQ30+$BN30) -> 355.03448 | BS30: =$BC30/($BQ30+$BO30) -> 154.32976 | BT30: 3 | BU30: =_xlfn.LET(_xlpm._level_power,2,IF(BT30<>"",BR30/_xlpm._level_power^BT30,"")) -> 44.37931 | BV30: =_xlfn.LET(_xlpm._level_power,2,IF($BT30<>"",BR30/_xlpm._level_power^$BT30,"")) -> 44.37931
H31: =IF(G31<>"",IFERROR(VLOOKUP(G31,t_proj[#All],2,0),"--"),"") | R31: =IF(Q31="","",1-Q31/20) | AE31: {=_xlfn.TEXTJOIN(";",1,IFERROR(1/AF31:AH31,""))} | AQ31: {=_xlfn.TEXTJOIN(";",1,_xlfn.LAMBDA(_xlpm.x,IF(_xlpm.x<>"",OFFSET(_xlpm.x,3-ROW(),0)&"="&_xlpm.x,""))(AR31:AW31))} | BC31: =_xlfn.LET(_xlpm._custom_all_ammo,$BB31, _xlpm._all_ammo,IF(_xlpm._custom_all_ammo<>"",_xlpm._custom_all_ammo,$P31*$T31), IF(A31<>"",SUM($AR31:$AW31)*$BA31*_xlpm._all_ammo,"")) | BU31: =_xlfn.LET(_xlpm._level_power,2,IF(BT31<>"",BR31/_xlpm._level_power^BT31,"")) | BV31: =_xlfn.LET(_xlpm._level_power,2,IF($BT31<>"",BR31/_xlpm._level_power^$BT31,""))
A32: 1321101 | B32: 镇暴左轮 | C32: 设备 | D32: BasicShooter_Click | E32: se_ag_shoot_gun | F32: se_ag_gun_reloaded | G32: 10002 | H32: =IF(G32<>"",IFERROR(VLOOKUP(G32,t_proj[#All],2,0),"--"),"") -> 手枪子弹 | I32: =_xlfn.TEXTJOIN("~",1,J32:K32) -> 99~0 | J32: 99 | K32: 0 | L32: =_xlfn.TEXTJOIN("~",1,M32:N32) -> 180~0 | M32: 180 | N32: 0 | P32: 1 | Q32: 6 | R32: =IF(Q32="","",1-Q32/20) -> 0.7 | S32: proj_muzzel | T32: 6 | U32: FALSE | W32: 1 | X32: =1/Y32 -> 0.0066666667 | Y32: 150 | Z32: =TEXT(Y32/120,"0.00")&" s" -> 1.25 s | AA32: =1/AB32 -> 0.0066666667 | AB32: 150 | AC32: =TEXT(AB32/120,"0.00")&" s" -> 1.25 s | AD32: 0.5 | AE32: {=_xlfn.TEXTJOIN(";",1,IFERROR(1/AF32:AH32,""))} -> 0.00666666666666667;0.00666666666666667 | AF32: 150 | AG32: 150 | AI32: =AK32/AM32 -> 0.25 | AJ32: =AL32/AM32 -> 0.375 | AK32: 3 | AL32: 4.5 | AM32: 12 | AN32: =($AL32-$AK32)*120/30 -> 6 | AO32: 180 | AP32: =TEXT(AO32/120,"0.00")&" s" -> 1.50 s | AQ32: {=_xlfn.TEXTJOIN(";",1,_xlfn.LAMBDA(_xlpm.x,IF(_xlpm.x<>"",OFFSET(_xlpm.x,3-ROW(),0)&"="&_xlpm.x,""))(AR32:AW32))} -> sharp=64 | AR32: 64 | AX32: {=TEXT(VLOOKUP($A32,battle_data!$A:$G,MATCH(INDEX(_xlfn.TEXTSPLIT(AX$3,"|"),1),battle_data!$A$1:$G$1),0)*0.001,"0%")} -> 0% | AY32: {=TEXT(VLOOKUP($A32,battle_data!$A:$G,MATCH(INDEX(_xlfn.TEXTSPLIT(AY$3,"|"),1),battle_data!$A$1:$G$1),0)*0.001,"0%")} -> 2% | AZ32: {=TEXT(VLOOKUP($A32,battle_data!$A:$G,MATCH(INDEX(_xlfn.TEXTSPLIT(AZ$3,"|"),1),battle_data!$A$1:$G$1),0)*0.001,"0%")} -> 150% | BA32: =_xlfn.LET(_xlpm.p,($AY32),_xlpm.p*$AZ32+(1-_xlpm.p)) -> 1.01 | BC32: =_xlfn.LET(_xlpm._custom_all_ammo,$BB32, _xlpm._all_ammo,IF(_xlpm._custom_all_ammo<>"",_xlpm._custom_all_ammo,$P32*$T32), IF(A32<>"",SUM($AR32:$AW32)*$BA32*_xlpm._all_ammo,"")) -> 387.84 | BI32: 1 | BN32: =(($T32-1)*$AL32+$AM32)/30 -> 1.15 | BO32: =(($T32-1)*($AL32+$AO32/4)+$AM32)/30 -> 8.65 | BP32: =$BC32/$BO32 -> 44.836994 | BQ32: =$AB32*$AD32*IF($W32<=0,1,$T32)/120 -> 3.75 | BR32: =$BC32/($BQ32+$BN32) -> 79.15102 | BS32: =$BC32/($BQ32+$BO32) -> 31.277419 | BT32: 1 | BU32: =_xlfn.LET(_xlpm._level_power,2,IF(BT32<>"",BR32/_xlpm._level_power^BT32,"")) -> 39.57551 | BV32: =_xlfn.LET(_xlpm._level_power,2,IF($BT32<>"",BR32/_xlpm._level_power^$BT32,"")) -> 39.57551
A33: 1321102 | B33: 镇暴霰弹枪 | C33: 设备 | D33: BasicShooter | E33: se_ag_shoot_shotgun | F33: se_ag_gun_reloaded | G33: 10003 | H33: =IF(G33<>"",IFERROR(VLOOKUP(G33,t_proj[#All],2,0),"--"),"") -> 霰弹 | I33: =_xlfn.TEXTJOIN("~",1,J33:K33) -> 60~100 | J33: 60 | K33: 100 | L33: =_xlfn.TEXTJOIN("~",1,M33:N33) -> 12~24 | M33: 12 | N33: 24 | P33: 12 | Q33: 12.5 | R33: =IF(Q33="","",1-Q33/20) -> 0.375 | S33: proj_muzzel | T33: 4 | U33: FALSE | W33: 1 | X33: =1/Y33 -> 0.013333333 | Y33: 75 | Z33: =TEXT(Y33/120,"0.00")&" s" -> 0.63 s | AA33: =1/AB33 -> 0.013333333 | AB33: 75 | AC33: =TEXT(AB33/120,"0.00")&" s" -> 0.63 s | AD33: 1 | AE33: {=_xlfn.TEXTJOIN(";",1,IFERROR(1/AF33:AH33,""))} -> 0.0133333333333333;0.0133333333333333 | AF33: 75 | AG33: 75 | AI33: =AK33/AM33 -> 0.2 | AJ33: =AL33/AM33 -> 0.3 | AK33: 4 | AL33: 6 | AM33: 20 | AN33: =($AL33-$AK33)*120/30 -> 8 | AO33: 132 | AP33: =TEXT(AO33/120,"0.00")&" s" -> 1.10 s | AQ33: {=_xlfn.TEXTJOIN(";",1,_xlfn.LAMBDA(_xlpm.x,IF(_xlpm.x<>"",OFFSET(_xlpm.x,3-ROW(),0)&"="&_xlpm.x,""))(AR33:AW33))} -> sharp=14 | AR33: 14 | AX33: {=TEXT(VLOOKUP($A33,battle_data!$A:$G,MATCH(INDEX(_xlfn.TEXTSPLIT(AX$3,"|"),1),battle_data!$A$1:$G$1),0)*0.001,"0%")} -> 0% | AY33: {=TEXT(VLOOKUP($A33,battle_data!$A:$G,MATCH(INDEX(_xlfn.TEXTSPLIT(AY$3,"|"),1),battle_data!$A$1:$G$1),0)*0.001,"0%")} -> 2% | AZ33: {=TEXT(VLOOKUP($A33,battle_data!$A:$G,MATCH(INDEX(_xlfn.TEXTSPLIT(AZ$3,"|"),1),battle_data!$A$1:$G$1),0)*0.001,"0%")} -> 150% | BA33: =_xlfn.LET(_xlpm.p,($AY33),_xlpm.p*$AZ33+(1-_xlpm.p)) -> 1.01 | BC33: =_xlfn.LET(_xlpm._custom_all_ammo,$BB33, _xlpm._all_ammo,IF(_xlpm._custom_all_ammo<>"",_xlpm._custom_all_ammo,$P33*$T33), IF(A33<>"",SUM($AR33:$AW33)*$BA33*_xlpm._all_ammo,"")) -> 678.72 | BI33: 2 | BN33: =(($T33-1)*$AL33+$AM33)/30 -> 1.2666667 | BO33: =(($T33-1)*($AL33+$AO33/4)+$AM33)/30 -> 4.5666667 | BP33: =$BC33/$BO33 -> 148.62482 | BQ33: =$AB33*$AD33*IF($W33<=0,1,$T33)/120 -> 2.5 | BR33: =$BC33/($BQ33+$BN33) -> 180.19115 | BS33: =$BC33/($BQ33+$BO33) -> 96.045283 | BT33: 2 | BU33: =_xlfn.LET(_xlpm._level_power,2,IF(BT33<>"",BR33/_xlpm._level_power^BT33,"")) -> 45.047788 | BV33: =_xlfn.LET(_xlpm._level_power,2,IF($BT33<>"",BR33/_xlpm._level_power^$BT33,"")) -> 45.047788
H34: =IF(G34<>"",IFERROR(VLOOKUP(G34,t_proj[#All],2,0),"--"),"") | R34: =IF(Q34="","",1-Q34/20) | AE34: {=_xlfn.TEXTJOIN(";",1,IFERROR(1/AF34:AH34,""))} | AQ34: {=_xlfn.TEXTJOIN(";",1,_xlfn.LAMBDA(_xlpm.x,IF(_xlpm.x<>"",OFFSET(_xlpm.x,3-ROW(),0)&"="&_xlpm.x,""))(AR34:AW34))} | BC34: =_xlfn.LET(_xlpm._custom_all_ammo,$BB34, _xlpm._all_ammo,IF(_xlpm._custom_all_ammo<>"",_xlpm._custom_all_ammo,$P34*$T34), IF(A34<>"",SUM($AR34:$AW34)*$BA34*_xlpm._all_ammo,""))
A35: 1321104 | B35: 气球枪 | C35: 设备 | D35: Shooter_Balloon | E35: se_ag_shoot_gun | F35: se_ag_gun_reloaded | G35: 1301 | H35: =IF(G35<>"",IFERROR(VLOOKUP(G35,t_proj[#All],2,0),"--"),"") -> -- | I35: =_xlfn.TEXTJOIN("~",1,J35:K35) -> 85~0 | J35: 85 | K35: 0 | L35: =_xlfn.TEXTJOIN("~",1,M35:N35) -> 360~0 | M35: 360 | N35: 0 | P35: 1 | Q35: 4 | R35: =IF(Q35="","",1-Q35/20) -> 0.8 | S35: proj_muzzel | T35: 12 | U35: FALSE | X35: =1/Y35 -> 0.0074074074 | Y35: 135 | Z35: =TEXT(Y35/120,"0.00")&" s" -> 1.13 s | AA35: =1/AB35 -> 0.0074074074 | AB35: 135 | AC35: =TEXT(AB35/120,"0.00")&" s" -> 1.13 s | AD35: 1 | AE35: {=_xlfn.TEXTJOIN(";",1,IFERROR(1/AF35:AH35,""))} -> 0.00740740740740741;0.00740740740740741 | AF35: 135 | AG35: 135 | AI35: =AK35/AM35 -> 0.6 | AJ35: =AL35/AM35 -> 0.9 | AK35: 6 | AL35: 9 | AM35: 10 | AN35: =($AL35-$AK35)*120/30 -> 12 | AO35: 20 | AP35: =TEXT(AO35/120,"0.00")&" s" -> 0.17 s | AQ35: {=_xlfn.TEXTJOIN(";",1,_xlfn.LAMBDA(_xlpm.x,IF(_xlpm.x<>"",OFFSET(_xlpm.x,3-ROW(),0)&"="&_xlpm.x,""))(AR35:AW35))} | BA35: =_xlfn.LET(_xlpm.p,($AY35),_xlpm.p*$AZ35+(1-_xlpm.p)) -> 1 | BC35: =_xlfn.LET(_xlpm._custom_all_ammo,$BB35, _xlpm._all_ammo,IF(_xlpm._custom_all_ammo<>"",_xlpm._custom_all_ammo,$P35*$T35), IF(A35<>"",SUM($AR35:$AW35)*$BA35*_xlpm._all_ammo,"")) -> 0 | BN35: =(($T35-1)*$AL35+$AM35)/30 -> 3.6333333 | BO35: =(($T35-1)*($AL35+$AO35/4)+$AM35)/30 -> 5.4666667 | BP35: =$BC35/$BO35 -> 0 | BQ35: =$AB35*$AD35*IF($W35<=0,1,$T35)/120 -> 1.125 | BR35: =$BC35/($BQ35+$BN35) -> 0 | BS35: =$BC35/($BQ35+$BO35) -> 0 | BU35: =_xlfn.LET(_xlpm._level_power,2,IF(BT35<>"",BR35/_xlpm._level_power^BT35,"")) | BV35: =_xlfn.LET(_xlpm._level_power,2,IF($BT35<>"",BR35/_xlpm._level_power^$BT35,""))
H36: =IF(G36<>"",IFERROR(VLOOKUP(G36,t_proj[#All],2,0),"--"),"") | R36: =IF(Q36="","",1-Q36/20) | AE36: {=_xlfn.TEXTJOIN(";",1,IFERROR(1/AF36:AH36,""))} | AQ36: {=_xlfn.TEXTJOIN(";",1,_xlfn.LAMBDA(_xlpm.x,IF(_xlpm.x<>"",OFFSET(_xlpm.x,3-ROW(),0)&"="&_xlpm.x,""))(AR36:AW36))} | BC36: =_xlfn.LET(_xlpm._custom_all_ammo,$BB36, _xlpm._all_ammo,IF(_xlpm._custom_all_ammo<>"",_xlpm._custom_all_ammo,$P36*$T36), IF(A36<>"",SUM($AR36:$AW36)*$BA36*_xlpm._all_ammo,"")) | BU36: =_xlfn.LET(_xlpm._level_power,2,IF(BT36<>"",BR36/_xlpm._level_power^BT36,"")) | BV36: =_xlfn.LET(_xlpm._level_power,2,IF($BT36<>"",BR36/_xlpm._level_power^$BT36,""))
A37: 1329001 | B37: amy左轮手枪 | C37: 设备 | D37: DScript_Shooter_Revolver | E37: se_ag_shoot_gun | F37: se_ag_gun_reloaded | G37: 10002 | H37: =IF(G37<>"",IFERROR(VLOOKUP(G37,t_proj[#All],2,0),"--"),"") -> 手枪子弹 | I37: =_xlfn.TEXTJOIN("~",1,J37:K37) -> 60~75 | J37: 60 | K37: 75 | L37: =_xlfn.TEXTJOIN("~",1,M37:N37) -> 180~0 | M37: 180 | N37: 0 | P37: 1 | Q37: 8 | R37: =IF(Q37="","",1-Q37/20) -> 0.6 | S37: proj_muzzel | T37: 6 | U37: FALSE | W37: 1 | X37: =1/Y37 -> 1 | Y37: 1 | Z37: =TEXT(Y37/120,"0.00")&" s" -> 0.01 s | AA37: =1/AB37 -> 0.0083333333 | AB37: 120 | AC37: =TEXT(AB37/120,"0.00")&" s" -> 1.00 s | AD37: 0.5 | AE37: {=_xlfn.TEXTJOIN(";",1,IFERROR(1/AF37:AH37,""))} -> 0.00833333333333333;0.0166666666666667 | AF37: 120 | AG37: 60 | AI37: =AK37/AM37 -> 0.25 | AJ37: =AL37/AM37 -> 0.375 | AK37: 3 | AL37: 4.5 | AM37: 12 | AN37: =($AL37-$AK37)*120/30 -> 6 | AO37: 10 | AP37: =TEXT(AO37/120,"0.00")&" s" -> 0.08 s | AQ37: {=_xlfn.TEXTJOIN(";",1,_xlfn.LAMBDA(_xlpm.x,IF(_xlpm.x<>"",OFFSET(_xlpm.x,3-ROW(),0)&"="&_xlpm.x,""))(AR37:AW37))} -> sharp=38 | AR37: 38 | AX37: {=TEXT(VLOOKUP($A37,battle_data!$A:$G,MATCH(INDEX(_xlfn.TEXTSPLIT(AX$3,"|"),1),battle_data!$A$1:$G$1),0)*0.001,"0%")} -> 0% | AY37: {=TEXT(VLOOKUP($A37,battle_data!$A:$G,MATCH(INDEX(_xlfn.TEXTSPLIT(AY$3,"|"),1),battle_data!$A$1:$G$1),0)*0.001,"0%")} -> 10% | AZ37: {=TEXT(VLOOKUP($A37,battle_data!$A:$G,MATCH(INDEX(_xlfn.TEXTSPLIT(AZ$3,"|"),1),battle_data!$A$1:$G$1),0)*0.001,"0%")} -> 200% | BA37: =_xlfn.LET(_xlpm.p,($AY37),_xlpm.p*$AZ37+(1-_xlpm.p)) -> 1.1 | BC37: =_xlfn.LET(_xlpm._custom_all_ammo,$BB37, _xlpm._all_ammo,IF(_xlpm._custom_all_ammo<>"",_xlpm._custom_all_ammo,$P37*$T37), IF(A37<>"",SUM($AR37:$AW37)*$BA37*_xlpm._all_ammo,"")) -> 250.8 | BN37: =(($T37-1)*$AL37+$AM37)/30 -> 1.15 | BO37: =(($T37-1)*($AL37+$AO37/4)+$AM37)/30 -> 1.5666667 | BP37: =$BC37/$BO37 -> 160.08511 | BQ37: =$AB37*$AD37*IF($W37<=0,1,$T37)/120 -> 3 | BR37: =BP37 -> 160.08511 | BS37: =$BC37/($BQ37+$BO37) -> 54.919708 | BT37: 0 | BU37: =_xlfn.LET(_xlpm._level_power,2,IF(BT37<>"",BR37/_xlpm._level_power^BT37,"")) -> 160.08511 | BV37: =_xlfn.LET(_xlpm._level_power,2,IF($BT37<>"",BR37/_xlpm._level_power^$BT37,"")) -> 160.08511
H38: =IF(G38<>"",IFERROR(VLOOKUP(G38,t_proj[#All],2,0),"--"),"") | R38: =IF(Q38="","",1-Q38/20) | AE38: {=_xlfn.TEXTJOIN(";",1,IFERROR(1/AF38:AH38,""))} | AQ38: {=_xlfn.TEXTJOIN(";",1,_xlfn.LAMBDA(_xlpm.x,IF(_xlpm.x<>"",OFFSET(_xlpm.x,3-ROW(),0)&"="&_xlpm.x,""))(AR38:AW38))} | BC38: =_xlfn.LET(_xlpm._custom_all_ammo,$BB38, _xlpm._all_ammo,IF(_xlpm._custom_all_ammo<>"",_xlpm._custom_all_ammo,$P38*$T38), IF(A38<>"",SUM($AR38:$AW38)*$BA38*_xlpm._all_ammo,"")) | BU38: =_xlfn.LET(_xlpm._level_power,2,IF(BT38<>"",BR38/_xlpm._level_power^BT38,"")) | BV38: =_xlfn.LET(_xlpm._level_power,2,IF($BT38<>"",BR38/_xlpm._level_power^$BT38,""))
A39: 1330104 | B39: 飞针陀螺 | C39: 设备 | D39: Shooter_Gyroscope | E39: se_ag_shoot_needle | F39: se_ag_gun_reloaded | G39: 10008 | H39: =IF(G39<>"",IFERROR(VLOOKUP(G39,t_proj[#All],2,0),"--"),"") -> 飞针 | I39: =_xlfn.TEXTJOIN("~",1,J39:K39) -> 3~5 | J39: 3 | K39: 5 | L39: =_xlfn.TEXTJOIN("~",1,M39:N39) -> 2000~0 | M39: 2000 | N39: 0 | P39: 1 | Q39: 30 | R39: =IF(Q39="","",1-Q39/20) -> -0.5 | S39: proj_muzzel | T39: 490 | U39: FALSE | X39: =1/Y39 -> 0.0052083333 | Y39: 192 | Z39: =TEXT(Y39/120,"0.00")&" s" -> 1.60 s | AA39: =1/AB39 -> 0.0052083333 | AB39: 192 | AC39: =TEXT(AB39/120,"0.00")&" s" -> 1.60 s | AD39: 1 | AE39: {=_xlfn.TEXTJOIN(";",1,IFERROR(1/AF39:AH39,""))} -> 0.00520833333333333;0.00520833333333333 | AF39: 192 | AG39: 192 | AI39: =AK39/AM39 -> 0.5 | AJ39: =AL39/AM39 -> 0.55 | AK39: 5 | AL39: 5.5 | AM39: 10 | AN39: =($AL39-$AK39)*120/30 -> 2 | AO39: 10 | AP39: =TEXT(AO39/120,"0.00")&" s" -> 0.08 s | AQ39: {=_xlfn.TEXTJOIN(";",1,_xlfn.LAMBDA(_xlpm.x,IF(_xlpm.x<>"",OFFSET(_xlpm.x,3-ROW(),0)&"="&_xlpm.x,""))(AR39:AW39))} -> sharp=12 | AR39: 12 | AX39: {=TEXT(VLOOKUP($A39,battle_data!$A:$G,MATCH(INDEX(_xlfn.TEXTSPLIT(AX$3,"|"),1),battle_data!$A$1:$G$1),0)*0.001,"0%")} -> 0% | AY39: {=TEXT(VLOOKUP($A39,battle_data!$A:$G,MATCH(INDEX(_xlfn.TEXTSPLIT(AY$3,"|"),1),battle_data!$A$1:$G$1),0)*0.001,"0%")} -> 0% | AZ39: {=TEXT(VLOOKUP($A39,battle_data!$A:$G,MATCH(INDEX(_xlfn.TEXTSPLIT(AZ$3,"|"),1),battle_data!$A$1:$G$1),0)*0.001,"0%")} -> 0% | BA39: =_xlfn.LET(_xlpm.p,($AY39),_xlpm.p*$AZ39+(1-_xlpm.p)) -> 1 | BC39: =_xlfn.LET(_xlpm._custom_all_ammo,$BB39, _xlpm._all_ammo,IF(_xlpm._custom_all_ammo<>"",_xlpm._custom_all_ammo,$P39*$T39), IF(A39<>"",SUM($AR39:$AW39)*$BA39*_xlpm._all_ammo,"")) -> 5880 | BI39: 1 | BN39: =(($T39-1)*$AL39+$AM39)/30 -> 89.983333 | BO39: =(($T39-1)*($AL39+$AO39/4)+$AM39)/30 -> 130.73333 | BP39: =$BC39/$BO39 -> 44.977053 | BQ39: =$AB39*$AD39*IF($W39<=0,1,$T39)/120 -> 1.6 | BR39: =$BC39/($BQ39+$BN39) -> 64.203822 | BS39: =$BC39/($BQ39+$BO39) -> 44.433249 | BT39: 1 | BU39: =_xlfn.LET(_xlpm._level_power,2,IF(BT39<>"",BR39/_xlpm._level_power^BT39,"")) -> 32.101911 | BV39: =_xlfn.LET(_xlpm._level_power,2,IF($BT39<>"",BR39/_xlpm._level_power^$BT39,"")) -> 32.101911
H40: =IF(G40<>"",IFERROR(VLOOKUP(G40,t_proj[#All],2,0),"--"),"") | R40: =IF(Q40="","",1-Q40/20) | AQ40: {=_xlfn.TEXTJOIN(";",1,_xlfn.LAMBDA(_xlpm.x,IF(_xlpm.x<>"",OFFSET(_xlpm.x,3-ROW(),0)&"="&_xlpm.x,""))(AR40:AW40))} | BC40: =IF(A40<>"",SUM($AR40:$AW40)*$BA40*$P40*$T40,"") | BU40: =_xlfn.LET(_xlpm._level_power,2,IF(BT40<>"",BR40/_xlpm._level_power^BT40,"")) | BV40: =_xlfn.LET(_xlpm._level_power,2,IF($BT40<>"",BR40/_xlpm._level_power^$BT40,""))
H41: =IF(G41<>"",IFERROR(VLOOKUP(G41,t_proj[#All],2,0),"--"),"") | R41: =IF(Q41="","",1-Q41/20) | AQ41: {=_xlfn.TEXTJOIN(";",1,_xlfn.LAMBDA(_xlpm.x,IF(_xlpm.x<>"",OFFSET(_xlpm.x,3-ROW(),0)&"="&_xlpm.x,""))(AR41:AW41))} | BC41: =IF(A41<>"",SUM($AR41:$AW41)*$BA41*$P41*$T41,"")
H42: =IF(G42<>"",IFERROR(VLOOKUP(G42,t_proj[#All],2,0),"--"),"") | R42: =IF(Q42="","",1-Q42/20) | AQ42: {=_xlfn.TEXTJOIN(";",1,_xlfn.LAMBDA(_xlpm.x,IF(_xlpm.x<>"",OFFSET(_xlpm.x,3-ROW(),0)&"="&_xlpm.x,""))(AR42:AW42))} | BC42: =IF(A42<>"",SUM($AR42:$AW42)*$BA42*$P42*$T42,"")
A43: 201104 | B43: 地宫洞穴人 | C43: 怪物 | D43: dungeon_caveman | G43: 20101 | H43: =IF(G43<>"",IFERROR(VLOOKUP(G43,t_proj[#All],2,0),"--"),"") -> 洞穴人(标枪) | I43: =_xlfn.TEXTJOIN("~",1,J43:K43) -> 5~12 | J43: 5 | K43: 12 | L43: =_xlfn.TEXTJOIN("~",1,M43:N43) -> 1500~0 | M43: 1500 | N43: 0 | P43: 1 | Q43: 2 | R43: =IF(Q43="","",1-Q43/20) -> 0.9 | S43: proj_muzzel | T43: 1 | AM43: 30 | AO43: 360 | AP43: =TEXT(AO43/120,"0.00")&" s" -> 3.00 s | AQ43: {=_xlfn.TEXTJOIN(";",1,_xlfn.LAMBDA(_xlpm.x,IF(_xlpm.x<>"",OFFSET(_xlpm.x,3-ROW(),0)&"="&_xlpm.x,""))(AR43:AW43))} -> sharp=5 | AR43: 5 | BA43: =_xlfn.LET(_xlpm.p,($AY43),_xlpm.p*$AZ43+(1-_xlpm.p)) -> 1 | BC43: =IF(A43<>"",SUM($AR43:$AW43)*$BA43*$P43*$T43,"") -> 5 | BN43: =(($T43-1)*$AL43+$AM43)/30 -> 1 | BO43: =(($T43-1)*($AL43+$AO43/4)+$AM43)/30 -> 1 | BP43: =$BC43/$BO43 -> 5
A44: 201105 | B44: 地宫跳虫骑手 | C44: 怪物 | D44: dungeon_springtail_rider | G44: 20101 | H44: =IF(G44<>"",IFERROR(VLOOKUP(G44,t_proj[#All],2,0),"--"),"") -> 洞穴人(标枪) | I44: =_xlfn.TEXTJOIN("~",1,J44:K44) -> 4.5~11.5 | J44: 4.5 | K44: 11.5 | L44: =_xlfn.TEXTJOIN("~",1,M44:N44) -> 1500~0 | M44: 1500 | N44: 0 | P44: 1 | Q44: 2.5 | R44: =IF(Q44="","",1-Q44/20) -> 0.875 | S44: proj_muzzel | T44: 1 | AM44: 30 | AO44: 240 | AP44: =TEXT(AO44/120,"0.00")&" s" -> 2.00 s | AQ44: {=_xlfn.TEXTJOIN(";",1,_xlfn.LAMBDA(_xlpm.x,IF(_xlpm.x<>"",OFFSET(_xlpm.x,3-ROW(),0)&"="&_xlpm.x,""))(AR44:AW44))} -> sharp=6 | AR44: 6 | BA44: =_xlfn.LET(_xlpm.p,($AY44),_xlpm.p*$AZ44+(1-_xlpm.p)) -> 1 | BC44: =IF(A44<>"",SUM($AR44:$AW44)*$BA44*$P44*$T44,"") -> 6 | BN44: =(($T44-1)*$AL44+$AM44)/30 -> 1 | BO44: =(($T44-1)*($AL44+$AO44/4)+$AM44)/30 -> 1 | BP44: =$BC44/$BO44 -> 6
A45: 201106 | B45: 地宫蝙蝠骑手 | C45: 怪物 | D45: dungeon_bat_rider | G45: 20101 | H45: =IF(G45<>"",IFERROR(VLOOKUP(G45,t_proj[#All],2,0),"--"),"") -> 洞穴人(标枪) | I45: =_xlfn.TEXTJOIN("~",1,J45:K45) -> 4.5~11 | J45: 4.5 | K45: 11 | L45: =_xlfn.TEXTJOIN("~",1,M45:N45) -> 1500~0 | M45: 1500 | N45: 0 | P45: 1 | Q45: 3 | R45: =IF(Q45="","",1-Q45/20) -> 0.85 | S45: proj_muzzel | T45: 1 | AM45: 35 | AO45: 960 | AP45: =TEXT(AO45/120,"0.00")&" s" -> 8.00 s | AQ45: {=_xlfn.TEXTJOIN(";",1,_xlfn.LAMBDA(_xlpm.x,IF(_xlpm.x<>"",OFFSET(_xlpm.x,3-ROW(),0)&"="&_xlpm.x,""))(AR45:AW45))} -> sharp=6 | AR45: 6 | BA45: =_xlfn.LET(_xlpm.p,($AY45),_xlpm.p*$AZ45+(1-_xlpm.p)) -> 1 | BC45: =IF(A45<>"",SUM($AR45:$AW45)*$BA45*$P45*$T45,"") -> 6 | BN45: =(($T45-1)*$AL45+$AM45)/30 -> 1.1666667 | BO45: =(($T45-1)*($AL45+$AO45/4)+$AM45)/30 -> 1.1666667 | BP45: =$BC45/$BO45 -> 5.1428571
A46: 201107 | B46: 洞穴人流浪者 | C46: 怪物 | D46: dungeon_caveman_wanderer | G46: 20102 | H46: =IF(G46<>"",IFERROR(VLOOKUP(G46,t_proj[#All],2,0),"--"),"") -> 洞穴人流浪者 | I46: =_xlfn.TEXTJOIN("~",1,J46:K46) -> 5.5~15 | J46: 5.5 | K46: 15 | L46: =_xlfn.TEXTJOIN("~",1,M46:N46) -> 1500~0 | M46: 1500 | N46: 0 | P46: 1 | Q46: 2 | R46: =IF(Q46="","",1-Q46/20) -> 0.9 | S46: proj_muzzel | T46: 1 | AM46: 30 | AO46: 180 | AP46: =TEXT(AO46/120,"0.00")&" s" -> 1.50 s | AQ46: {=_xlfn.TEXTJOIN(";",1,_xlfn.LAMBDA(_xlpm.x,IF(_xlpm.x<>"",OFFSET(_xlpm.x,3-ROW(),0)&"="&_xlpm.x,""))(AR46:AW46))} -> blunt=2 | AS46: 2 | BA46: =_xlfn.LET(_xlpm.p,($AY46),_xlpm.p*$AZ46+(1-_xlpm.p)) -> 1 | BC46: =IF(A46<>"",SUM($AR46:$AW46)*$BA46*$P46*$T46,"") -> 2 | BN46: =(($T46-1)*$AL46+$AM46)/30 -> 1 | BO46: =(($T46-1)*($AL46+$AO46/4)+$AM46)/30 -> 1 | BP46: =$BC46/$BO46 -> 2
A47: 201108 | B47: 洞穴人纵火者 | C47: 怪物 | D47: dungeon_caveman_arsonist | G47: 20103 | H47: =IF(G47<>"",IFERROR(VLOOKUP(G47,t_proj[#All],2,0),"--"),"") -> 洞穴人纵火者 | I47: =_xlfn.TEXTJOIN("~",1,J47:K47) -> 4~9 | J47: 4 | K47: 9 | L47: =_xlfn.TEXTJOIN("~",1,M47:N47) -> 1500~0 | M47: 1500 | N47: 0 | P47: 1 | Q47: 2.5 | R47: =IF(Q47="","",1-Q47/20) -> 0.875 | S47: proj_muzzel | T47: 1 | AM47: 30 | AO47: 720 | AP47: =TEXT(AO47/120,"0.00")&" s" -> 6.00 s | AQ47: {=_xlfn.TEXTJOIN(";",1,_xlfn.LAMBDA(_xlpm.x,IF(_xlpm.x<>"",OFFSET(_xlpm.x,3-ROW(),0)&"="&_xlpm.x,""))(AR47:AW47))} -> sharp=4 | AR47: 4 | BA47: =_xlfn.LET(_xlpm.p,($AY47),_xlpm.p*$AZ47+(1-_xlpm.p)) -> 1 | BC47: =IF(A47<>"",SUM($AR47:$AW47)*$BA47*$P47*$T47,"") -> 4 | BN47: =(($T47-1)*$AL47+$AM47)/30 -> 1 | BO47: =(($T47-1)*($AL47+$AO47/4)+$AM47)/30 -> 1 | BP47: =$BC47/$BO47 -> 4
A48: 201109 | B48: 洞穴人暴徒 | C48: 怪物 | D48: dungeon_caveman_mob | G48: 20104 | H48: =IF(G48<>"",IFERROR(VLOOKUP(G48,t_proj[#All],2,0),"--"),"") -> 洞穴人暴徒 | I48: =_xlfn.TEXTJOIN("~",1,J48:K48) -> 5~12 | J48: 5 | K48: 12 | L48: =_xlfn.TEXTJOIN("~",1,M48:N48) -> 1500~0 | M48: 1500 | N48: 0 | P48: 1 | Q48: 2 | R48: =IF(Q48="","",1-Q48/20) -> 0.9 | S48: proj_muzzel | T48: 1 | AM48: 30 | AO48: 540 | AP48: =TEXT(AO48/120,"0.00")&" s" -> 4.50 s | AQ48: {=_xlfn.TEXTJOIN(";",1,_xlfn.LAMBDA(_xlpm.x,IF(_xlpm.x<>"",OFFSET(_xlpm.x,3-ROW(),0)&"="&_xlpm.x,""))(AR48:AW48))} -> sharp=5;fire=2 | AR48: 5 | AT48: 2 | BA48: =_xlfn.LET(_xlpm.p,($AY48),_xlpm.p*$AZ48+(1-_xlpm.p)) -> 1 | BC48: =IF(A48<>"",SUM($AR48:$AW48)*$BA48*$P48*$T48,"") -> 7 | BN48: =(($T48-1)*$AL48+$AM48)/30 -> 1 | BO48: =(($T48-1)*($AL48+$AO48/4)+$AM48)/30 -> 1 | BP48: =$BC48/$BO48 -> 7
H49: =IF(G49<>"",IFERROR(VLOOKUP(G49,t_proj[#All],2,0),"--"),"") | R49: =IF(Q49="","",1-Q49/20)
A50: 201709 | B50: 大仙人掌 | C50: 怪物 | D50: Desert_Gaint_Cactus | G50: 20701 | H50: 大仙人掌 | I50: =_xlfn.TEXTJOIN("~",1,J50:K50) -> 22~26 | J50: 22 | K50: 26 | L50: =_xlfn.TEXTJOIN("~",1,M50:N50) -> 50~60 | M50: 50 | N50: 60 | P50: 1 | Q50: 0 | R50: =IF(Q50="","",1-Q50/20) -> 1 | S50: proj_muzzel | T50: 1 | AM50: 30 | AO50: 2048 | AP50: =TEXT(AO50/120,"0.00")&" s" -> 17.07 s | AQ50: {=_xlfn.TEXTJOIN(";",1,_xlfn.LAMBDA(_xlpm.x,IF(_xlpm.x<>"",OFFSET(_xlpm.x,3-ROW(),0)&"="&_xlpm.x,""))(AR50:AW50))} -> sharp=3 | AR50: 3 | BA50: =_xlfn.LET(_xlpm.p,($AY50),_xlpm.p*$AZ50+(1-_xlpm.p)) -> 1 | BC50: =IF(A50<>"",SUM($AR50:$AW50)*$BA50*$P50*$T50,"") -> 3 | BN50: =(($T50-1)*$AL50+$AM50)/30 -> 1 | BO50: =(($T50-1)*($AL50+$AO50/4)+$AM50)/30 -> 1 | BP50: =$BC50/$BO50 -> 3
A51: 201710 | B51: 小仙人掌 | C51: 怪物 | D51: Desert_Gaint_Cactus | G51: 20701 | H51: 小仙人掌 | I51: =_xlfn.TEXTJOIN("~",1,J51:K51) -> 16~20 | J51: 16 | K51: 20 | L51: =_xlfn.TEXTJOIN("~",1,M51:N51) -> 30~40 | M51: 30 | N51: 40 | P51: 1 | Q51: 0 | R51: =IF(Q51="","",1-Q51/20) -> 1 | S51: proj_muzzel | T51: 1 | AM51: 30 | AO51: 2048 | AP51: =TEXT(AO51/120,"0.00")&" s" -> 17.07 s | AQ51: {=_xlfn.TEXTJOIN(";",1,_xlfn.LAMBDA(_xlpm.x,IF(_xlpm.x<>"",OFFSET(_xlpm.x,3-ROW(),0)&"="&_xlpm.x,""))(AR51:AW51))} -> sharp=2 | AR51: 2 | BA51: =_xlfn.LET(_xlpm.p,($AY51),_xlpm.p*$AZ51+(1-_xlpm.p)) -> 1 | BC51: =IF(A51<>"",SUM($AR51:$AW51)*$BA51*$P51*$T51,"") -> 2 | BN51: =(($T51-1)*$AL51+$AM51)/30 -> 1 | BO51: =(($T51-1)*($AL51+$AO51/4)+$AM51)/30 -> 1 | BP51: =$BC51/$BO51 -> 2
H52: =IF(G52<>"",IFERROR(VLOOKUP(G52,t_proj[#All],2,0),"--"),"") | R52: =IF(Q52="","",1-Q52/20) | AQ52: {=_xlfn.TEXTJOIN(";",1,_xlfn.LAMBDA(_xlpm.x,IF(_xlpm.x<>"",OFFSET(_xlpm.x,3-ROW(),0)&"="&_xlpm.x,""))(AR52:AW52))}
A53: 201804 | B53: 鲶鱼 | C53: 怪物 | D53: Lake_CatFish | G53: 20801 | H53: =IF(G53<>"",IFERROR(VLOOKUP(G53,t_proj[#All],2,0),"--"),"") -> 鲶鱼 | I53: =_xlfn.TEXTJOIN("~",1,J53:K53) -> 7~9 | J53: 7 | K53: 9 | L53: =_xlfn.TEXTJOIN("~",1,M53:N53) -> 900~0 | M53: 900 | N53: 0 | P53: 1 | Q53: 20 | R53: =IF(Q53="","",1-Q53/20) -> 0 | S53: proj_muzzel | T53: 1 | AM53: 30 | AO53: 180 | AP53: =TEXT(AO53/120,"0.00")&" s" -> 1.50 s | AQ53: {=_xlfn.TEXTJOIN(";",1,_xlfn.LAMBDA(_xlpm.x,IF(_xlpm.x<>"",OFFSET(_xlpm.x,3-ROW(),0)&"="&_xlpm.x,""))(AR53:AW53))} -> acid=5 | AU53: 5 | BA53: =_xlfn.LET(_xlpm.p,($AY53),_xlpm.p*$AZ53+(1-_xlpm.p)) -> 1 | BC53: =IF(A53<>"",SUM($AR53:$AW53)*$BA53*$P53*$T53,"") -> 5 | BN53: =(($T53-1)*$AL53+$AM53)/30 -> 1 | BO53: =(($T53-1)*($AL53+$AO53/4)+$AM53)/30 -> 1 | BP53: =$BC53/$BO53 -> 5
A54: 201810 | B54: 混沌沼泽怪 | C54: 怪物 | D54: Lake_Swamp | G54: 20802 | H54: =IF(G54<>"",IFERROR(VLOOKUP(G54,t_proj[#All],2,0),"--"),"") -> 沼泽怪 | I54: =_xlfn.TEXTJOIN("~",1,J54:K54) -> 7~9 | J54: 7 | K54: 9 | L54: =_xlfn.TEXTJOIN("~",1,M54:N54) -> 900~0 | M54: 900 | N54: 0 | P54: 1 | Q54: 20 | R54: =IF(Q54="","",1-Q54/20) -> 0 | S54: proj_muzzel | T54: 1 | AM54: 30 | AO54: 180 | AP54: =TEXT(AO54/120,"0.00")&" s" -> 1.50 s | AQ54: {=_xlfn.TEXTJOIN(";",1,_xlfn.LAMBDA(_xlpm.x,IF(_xlpm.x<>"",OFFSET(_xlpm.x,3-ROW(),0)&"="&_xlpm.x,""))(AR54:AW54))} -> acid=6 | AU54: 6 | BA54: =_xlfn.LET(_xlpm.p,($AY54),_xlpm.p*$AZ54+(1-_xlpm.p)) -> 1 | BC54: =IF(A54<>"",SUM($AR54:$AW54)*$BA54*$P54*$T54,"") -> 6 | BN54: =(($T54-1)*$AL54+$AM54)/30 -> 1 | BO54: =(($T54-1)*($AL54+$AO54/4)+$AM54)/30 -> 1 | BP54: =$BC54/$BO54 -> 6
A55: 201813 | B55: 贝壳乌贼 | C55: 怪物 | D55: Lake_Squid | G55: 20803 | H55: =IF(G55<>"",IFERROR(VLOOKUP(G55,t_proj[#All],2,0),"--"),"") -> 贝壳乌贼 | I55: =_xlfn.TEXTJOIN("~",1,J55:K55) -> 16~20 | J55: 16 | K55: 20 | L55: =_xlfn.TEXTJOIN("~",1,M55:N55) -> 120~0 | M55: 120 | N55: 0 | P55: 1 | Q55: 10 | R55: =IF(Q55="","",1-Q55/20) -> 0.5 | S55: proj_muzzel | T55: 1 | AM55: 30 | AO55: 180 | AP55: =TEXT(AO55/120,"0.00")&" s" -> 1.50 s | AQ55: {=_xlfn.TEXTJOIN(";",1,_xlfn.LAMBDA(_xlpm.x,IF(_xlpm.x<>"",OFFSET(_xlpm.x,3-ROW(),0)&"="&_xlpm.x,""))(AR55:AW55))} -> acid=4 | AU55: 4 | BA55: =_xlfn.LET(_xlpm.p,($AY55),_xlpm.p*$AZ55+(1-_xlpm.p)) -> 1 | BC55: =IF(A55<>"",SUM($AR55:$AW55)*$BA55*$P55*$T55,"") -> 4 | BN55: =(($T55-1)*$AL55+$AM55)/30 -> 1 | BO55: =(($T55-1)*($AL55+$AO55/4)+$AM55)/30 -> 1 | BP55: =$BC55/$BO55 -> 4
A56: 201870 | B56: 缠绕水藻 | C56: 怪物 | D56: Lake_Tangler | G56: 20804 | H56: =IF(G56<>"",IFERROR(VLOOKUP(G56,t_proj[#All],2,0),"--"),"") -> 缠绕水藻 | I56: =_xlfn.TEXTJOIN("~",1,J56:K56) -> 10~20 | J56: 10 | K56: 20 | L56: =_xlfn.TEXTJOIN("~",1,M56:N56) -> 600~0 | M56: 600 | N56: 0 | P56: 1 | Q56: 10 | R56: =IF(Q56="","",1-Q56/20) -> 0.5 | S56: proj_muzzel | T56: 1 | AM56: 30 | AO56: 2048 | AP56: =TEXT(AO56/120,"0.00")&" s" -> 17.07 s | AQ56: {=_xlfn.TEXTJOIN(";",1,_xlfn.LAMBDA(_xlpm.x,IF(_xlpm.x<>"",OFFSET(_xlpm.x,3-ROW(),0)&"="&_xlpm.x,""))(AR56:AW56))} -> sharp=4;wrap=4 | AR56: 4 | AV56: 4 | BA56: =_xlfn.LET(_xlpm.p,($AY56),_xlpm.p*$AZ56+(1-_xlpm.p)) -> 1 | BC56: =IF(A56<>"",SUM($AR56:$AW56)*$BA56*$P56*$T56,"") -> 8 | BN56: =(($T56-1)*$AL56+$AM56)/30 -> 1 | BO56: =(($T56-1)*($AL56+$AO56/4)+$AM56)/30 -> 1 | BP56: =$BC56/$BO56 -> 8

Sheet -飞射物
A1: 飞射物id与名称
A2: id | B2: name | C2: desc
A3: 10001 | B3: 箭矢 | C3: 大型箭矢，重量 150g每支
A4: 10002 | B4: 手枪子弹 | C4: 铅弹，重量 50g每发
A5: 10003 | B5: 霰弹 | C5: 喇叭霰弹枪 霰弹
A6: 10004 | B6: 石块 | C6: 投石器 石块
A7: 10005 | B7: 步枪子弹 | C7: 相比手枪子弹更重
A8: 10006 | B8: 火箭弹 | C8: 火箭弹
A9: 10007 | B9: 土制火箭弹 | C9: 土制火箭弹
A10: 10008 | B10: 飞针 | C10: 飞针陀螺 飞针
A11: 10009 | B11: 巨大弩箭 | C11: 猎龙弩炮的弩箭
A12: 10010 | B12: 滚木 | C12: 巨大的原木
A13: 10011 | B13: 机枪子弹 | C13: 加特林机枪的子弹
A15: 20101 | B15: 洞穴人(标枪) | C15: 飞矛/标枪
... A25: 20804 | B25: 缠绕水藻 | C25: 海藻团

Sheet hook_logic
A1: logic_id | D1: cd | F1: speed_shooting | G1: speed_hooked | H1: speed_reeling_in | I1: elasticity | J1: breaking_overlength | K1: damage_hit | L1: damage_by_period | M1: damage_interval
A2: uint key | D2: int | F2: float | G2: float | H2: float | I2: float | J2: float | K2: dict<string,int> | L2: dict<string,int> | M2: int
A3: 钩索逻辑id | B3: 备注1 设备 | C3: 备注2 控制脚本 | D3: 攻击间隔 (帧) | E3: 备注 (秒) | F3: 发射速度 钩爪初始速度 | G3: 回收速度 钩住怪物时 | H3: 回收速度 空军时 | I3: 弹性系数 | J3: 断裂长度（超长） | K3: 命中初始伤害 | L3: 持续伤害 | M3: 持续伤害间隔 (帧) | N3: 计算参考 hooking DPS
A4: 1350101 | B4: 拖曳钩索 | C4: BasicHook | D4: 960 | E4: =TEXT(D4/120,"0.00")&" s" -> 8.00 s | F4: 21 | G4: 6 | H4: 10 | I4: 200 | J4: 3 | K4: sharp=2 | L4: sharp=1 | M4: 60 | N4: =$L4*120/$M4 -> #VALUE!
A5: 1350102 | B5: 货运吊臂 | C5: BasicHook | D5: 1440 | E5: =TEXT(D5/120,"0.00")&" s" -> 12.00 s | F5: 18 | G5: 3 | H5: 8 | I5: 200 | J5: 3 | K5: sharp=1 | L5: sharp=1 | M5: 60 | N5: =$L5*120/$M5 -> #VALUE!
A6: 1350103 | B6: 商队塔吊 | C6: BasicHook | D6: 1080 | E6: =TEXT(D6/120,"0.00")&" s" -> 9.00 s | F6: 18 | G6: 3 | H6: 8 | I6: 200 | J6: 3 | K6: sharp=1 | L6: sharp=1 | M6: 60 | N6: =$L6*120/$M6 -> #VALUE!
A7: 1351101 | B7: 捕奴肉钩 | C7: BasicHook | D7: 480 | E7: =TEXT(D7/120,"0.00")&" s" -> 4.00 s | F7: 24 | G7: 7 | H7: 8 | I7: 225 | J7: 3 | K7: sharp=15 | L7: sharp=1 | M7: 120 | N7: =$L7*120/$M7 -> #VALUE!
A8: 1351102 | B8: 执刑人挂钩 | C8: BasicHook | D8: 1440 | E8: =TEXT(D8/120,"0.00")&" s" -> 12.00 s | F8: 15 | G8: 2.5 | H8: 4 | I8: 250 | J8: 3 | K8: sharp=5 | L8: sharp=4 | M8: 60 | N8: =$L8*120/$M8 -> #VALUE!

Sheet ram_logic
A1: logic_id | D1: SE_hit_enemy | E1: SE_rotate | F1: damage | M1: v_threshold | O1: damage_v_coef | P1: ft | Q1: ft_v_coef | AG1: collision_rotate_coef | AI1: ui_rotate_coef | AL1: knock_y
A2: uint key | D2: string | E2: string | F2: dict<string,int> | M2: float | O2: float | P2: float | Q2: float | AG2: float | AI2: float | AL2: float
A3: 撞角逻辑id | B3: 备注1 设备 | C3: 备注2 设备控制脚本 | D3: 音效-撞到敌人 | E3: 音效-摇动旋转 | F3: 伤害 基础伤害 | G3: sharp | H3: blunt | I3: fire | J3: acid | K3: wrap | L3: flash | M3: 伤害生效时 相对速度阈值 | N3: UI Text 伤害 速度加成 | O3: 伤害 速度加成 | P3: 击退 基础击退 | Q3: 击退 速度加成 | R3: 计算参考 速度加成后 击退 (以速度=7.5计) | S3: armor_piercing |护甲穿透 | T3: critical_chance |暴击率 | U3: critical_rate |暴击伤害 | V3: 计算参考 暴击修正倍率期望 | W3: 计算参考 无修正 攻击伤害 | X3: 计算参考 速度加成后 攻击伤害 (以速度=7.5计) | Y3: 计算统计 均伤 | Z3: 计算统计 输出等级 base=32 | AA3: 设定 等级 | AB3: 设定 宽度 | AC3: 战力 等级 base=2 | AD3: 其他属性补正 e.g.. 因手感差、射程近等因素，获得减分 | AE3: 补正原因说明 | AF3: 适配 生存等级 | AG3: 碰撞旋转系数 | AH3: 配置辅助 | AI3: ui旋转系数 玩家手动旋转时的效率 | AJ3: 配置辅助 | AK3: 计算参考 相对旋转效率 | AL3: 击飞方向y 以x=1计
A4: 1360101 | B4: 刺矛撞角 | C4: DScript_Ram | D4: se_ag_ram_hit_piercing | E4: se_ram_rotate | F4: {=_xlfn.TEXTJOIN(";",1,_xlfn.LAMBDA(_xlpm.x,IF(_xlpm.x<>"",OFFSET(_xlpm.x,3-ROW(),0)&"="&_xlpm.x,""))(G4:L4))} -> sharp=8 | G4: 8 | M4: 3 | N4: 超高 | O4: 0.8 | P4: 3 | Q4: 0.5 | R4: =Q4*7.5*P4 -> 11.25 | S4: {=TEXT(VLOOKUP($A4,battle_data!$A:$G,MATCH(INDEX(_xlfn.TEXTSPLIT(S$3,"|"),1),battle_data!$A$1:$G$1),0)*0.001,"0%")} -> 20% | T4: {=TEXT(VLOOKUP($A4,battle_data!$A:$G,MATCH(INDEX(_xlfn.TEXTSPLIT(T$3,"|"),1),battle_data!$A$1:$G$1),0)*0.001,"0%")} -> 10% | U4: {=TEXT(VLOOKUP($A4,battle_data!$A:$G,MATCH(INDEX(_xlfn.TEXTSPLIT(U$3,"|"),1),battle_data!$A$1:$G$1),0)*0.001,"0%")} -> 200% | V4: =_xlfn.LET(_xlpm.p,($T4),_xlpm.p*$U4+(1-_xlpm.p)) -> 1.1 | W4: =SUM($G4:$L4)*V4 -> 8.8 | X4: =PRODUCT(W4,7.5,O4) -> 52.8 | AG4: =AH4/1000 -> 0.008 | AH4: 8 | AI4: =AJ4/1000 -> 0.44 | AJ4: 440 | AK4: =AI4/AG4 -> 55 | AL4: 0.5
A5: 13601010 | B5: 刺矛撞角 Lv.0 | C5: DScript_Ram | D5: se_ag_ram_hit_piercing | E5: se_ram_rotate | F5: {=_xlfn.TEXTJOIN(";",1,_xlfn.LAMBDA(_xlpm.x,IF(_xlpm.x<>"",OFFSET(_xlpm.x,3-ROW(),0)&"="&_xlpm.x,""))(G5:L5))} -> sharp=8 | G5: 8 | M5: 3 | N5: 超高 | O5: 0.8 | P5: 3 | Q5: 0.5 | R5: =Q5*7.5*P5 -> 11.25 | S5: {=TEXT(VLOOKUP($A5,battle_data!$A:$G,MATCH(INDEX(_xlfn.TEXTSPLIT(S$3,"|"),1),battle_data!$A$1:$G$1),0)*0.001,"0%")} -> 20% | T5: {=TEXT(VLOOKUP($A5,battle_data!$A:$G,MATCH(INDEX(_xlfn.TEXTSPLIT(T$3,"|"),1),battle_data!$A$1:$G$1),0)*0.001,"0%")} -> 10% | U5: {=TEXT(VLOOKUP($A5,battle_data!$A:$G,MATCH(INDEX(_xlfn.TEXTSPLIT(U$3,"|"),1),battle_data!$A$1:$G$1),0)*0.001,"0%")} -> 200% | V5: =_xlfn.LET(_xlpm.p,($T5),_xlpm.p*$U5+(1-_xlpm.p)) -> 1.1 | W5: =SUM($G5:$L5)*V5 -> 8.8 | X5: =PRODUCT(W5,7.5,O5) -> 52.8 | Y5: =AVERAGE(W5:X5) -> 30.8 | Z5: {=_xlfn.LAMBDA(_xlpm._dps,_xlpm._info_cell,ROUND(IF(_xlpm._dps<=0,-10,LOG(_xlpm._dps/INDEX(_xlfn.TEXTSPLIT(_xlpm._info_cell,"="),2),1.5)),2))($Y5,Z$3)} -> -0.09 | AA5: 0 | AB5: 1 | AC5: {=_xlfn.LAMBDA(_xlpm._lv,_xlpm._rank,_xlpm._base,_xlpm._lv+INDEX(_xlfn.TEXTSPLIT(_xlpm._base,"="),2)^(_xlpm._rank-2)-1)(AA5,AB5,AC$3)} -> -0.5 | AF5: =AC5*2-Z5-AD5 -> -0.91 | AG5: =AH5/1000 -> 0.008 | AH5: 8 | AI5: =AJ5/1000 -> 0.44 | AJ5: 440 | AK5: =AI5/AG5 -> 55 | AL5: 0.5
A6: 13601011 | B6: 刺矛撞角 Lv.1 | C6: DScript_Ram | D6: se_ag_ram_hit_piercing | E6: se_ram_rotate | F6: {=_xlfn.TEXTJOIN(";",1,_xlfn.LAMBDA(_xlpm.x,IF(_xlpm.x<>"",OFFSET(_xlpm.x,3-ROW(),0)&"="&_xlpm.x,""))(G6:L6))} -> sharp=12 | G6: 12 | M6: 3 | N6: 超高 | O6: 0.8 | P6: 3 | Q6: 0.5 | R6: =Q6*7.5*P6 -> 11.25 | S6: {=TEXT(VLOOKUP($A6,battle_data!$A:$G,MATCH(INDEX(_xlfn.TEXTSPLIT(S$3,"|"),1),battle_data!$A$1:$G$1),0)*0.001,"0%")} -> 20% | T6: {=TEXT(VLOOKUP($A6,battle_data!$A:$G,MATCH(INDEX(_xlfn.TEXTSPLIT(T$3,"|"),1),battle_data!$A$1:$G$1),0)*0.001,"0%")} -> 10% | U6: {=TEXT(VLOOKUP($A6,battle_data!$A:$G,MATCH(INDEX(_xlfn.TEXTSPLIT(U$3,"|"),1),battle_data!$A$1:$G$1),0)*0.001,"0%")} -> 200% | V6: =_xlfn.LET(_xlpm.p,($T6),_xlpm.p*$U6+(1-_xlpm.p)) -> 1.1 | W6: =SUM($G6:$L6)*V6 -> 13.2 | X6: =PRODUCT(W6,7.5,O6) -> 79.2 | Y6: =AVERAGE(W6:X6) -> 46.2 | Z6: {=_xlfn.LAMBDA(_xlpm._dps,_xlpm._info_cell,ROUND(IF(_xlpm._dps<=0,-10,LOG(_xlpm._dps/INDEX(_xlfn.TEXTSPLIT(_xlpm._info_cell,"="),2),1.5)),2))($Y6,Z$3)} -> 0.91 | AA6: 1 | AB6: 1 | AC6: {=_xlfn.LAMBDA(_xlpm._lv,_xlpm._rank,_xlpm._base,_xlpm._lv+INDEX(_xlfn.TEXTSPLIT(_xlpm._base,"="),2)^(_xlpm._rank-2)-1)(AA6,AB6,AC$3)} -> 0.5 | AF6: =AC6*2-Z6-AD6 -> 0.09 | AG6: =AH6/1000 -> 0.008 | AH6: 8 | AI6: =AJ6/1000 -> 0.44 | AJ6: 440 | AK6: =AI6/AG6 -> 55 | AL6: 0.5
A7: 13601012 | B7: 刺矛撞角 Lv.2 | C7: DScript_Ram | D7: se_ag_ram_hit_piercing | E7: se_ram_rotate | F7: {=_xlfn.TEXTJOIN(";",1,_xlfn.LAMBDA(_xlpm.x,IF(_xlpm.x<>"",OFFSET(_xlpm.x,3-ROW(),0)&"="&_xlpm.x,""))(G7:L7))} -> sharp=18 | G7: 18 | M7: 3 | N7: 超高 | O7: 0.8 | P7: 3 | Q7: 0.5 | R7: =Q7*7.5*P7 -> 11.25 | S7: {=TEXT(VLOOKUP($A7,battle_data!$A:$G,MATCH(INDEX(_xlfn.TEXTSPLIT(S$3,"|"),1),battle_data!$A$1:$G$1),0)*0.001,"0%")} -> 20% | T7: {=TEXT(VLOOKUP($A7,battle_data!$A:$G,MATCH(INDEX(_xlfn.TEXTSPLIT(T$3,"|"),1),battle_data!$A$1:$G$1),0)*0.001,"0%")} -> 10% | U7: {=TEXT(VLOOKUP($A7,battle_data!$A:$G,MATCH(INDEX(_xlfn.TEXTSPLIT(U$3,"|"),1),battle_data!$A$1:$G$1),0)*0.001,"0%")} -> 200% | V7: =_xlfn.LET(_xlpm.p,($T7),_xlpm.p*$U7+(1-_xlpm.p)) -> 1.1 | W7: =SUM($G7:$L7)*V7 -> 19.8 | X7: =PRODUCT(W7,7.5,O7) -> 118.8 | Y7: =AVERAGE(W7:X7) -> 69.3 | Z7: {=_xlfn.LAMBDA(_xlpm._dps,_xlpm._info_cell,ROUND(IF(_xlpm._dps<=0,-10,LOG(_xlpm._dps/INDEX(_xlfn.TEXTSPLIT(_xlpm._info_cell,"="),2),1.5)),2))($Y7,Z$3)} -> 1.91 | AA7: 2 | AB7: 1 | AC7: {=_xlfn.LAMBDA(_xlpm._lv,_xlpm._rank,_xlpm._base,_xlpm._lv+INDEX(_xlfn.TEXTSPLIT(_xlpm._base,"="),2)^(_xlpm._rank-2)-1)(AA7,AB7,AC$3)} -> 1.5 | AF7: =AC7*2-Z7-AD7 -> 1.09 | AG7: =AH7/1000 -> 0.008 | AH7: 8 | AI7: =AJ7/1000 -> 0.44 | AJ7: 440 | AK7: =AI7/AG7 -> 55 | AL7: 0.5
A8: 1360102 | B8: 金属铲斗 | C8: DScript_Ram | D8: se_ag_ram_hit_piercing | E8: se_ram_rotate | F8: {=_xlfn.TEXTJOIN(";",1,_xlfn.LAMBDA(_xlpm.x,IF(_xlpm.x<>"",OFFSET(_xlpm.x,3-ROW(),0)&"="&_xlpm.x,""))(G8:L8))} -> sharp=5;blunt=4 | G8: 5 | H8: 4 | M8: 3.3 | N8: 中 | O8: 0.4 | P8: 4 | Q8: 0.45 | R8: =Q8*7.5*P8 -> 13.5 | S8: {=TEXT(VLOOKUP($A8,battle_data!$A:$G,MATCH(INDEX(_xlfn.TEXTSPLIT(S$3,"|"),1),battle_data!$A$1:$G$1),0)*0.001,"0%")} -> 0% | T8: {=TEXT(VLOOKUP($A8,battle_data!$A:$G,MATCH(INDEX(_xlfn.TEXTSPLIT(T$3,"|"),1),battle_data!$A$1:$G$1),0)*0.001,"0%")} -> 2% | U8: {=TEXT(VLOOKUP($A8,battle_data!$A:$G,MATCH(INDEX(_xlfn.TEXTSPLIT(U$3,"|"),1),battle_data!$A$1:$G$1),0)*0.001,"0%")} -> 150% | V8: =_xlfn.LET(_xlpm.p,($T8),_xlpm.p*$U8+(1-_xlpm.p)) -> 1.01 | W8: =SUM($G8:$L8)*V8 -> 9.09 | X8: =PRODUCT(W8,7.5,O8) -> 27.27 | AG8: =AH8/1000 -> 0.002 | AH8: 2 | AI8: =AJ8/1000 -> 0.095 | AJ8: 95 | AK8: =AI8/AG8 -> 47.5 | AL8: 0.45
A9: 13601022 | B9: 金属铲斗 Lv.2 | C9: DScript_Ram | D9: se_ag_ram_hit_piercing | E9: se_ram_rotate | F9: {=_xlfn.TEXTJOIN(";",1,_xlfn.LAMBDA(_xlpm.x,IF(_xlpm.x<>"",OFFSET(_xlpm.x,3-ROW(),0)&"="&_xlpm.x,""))(G9:L9))} -> sharp=10;blunt=9 | G9: 10 | H9: 9 | M9: 3.3 | N9: 中 | O9: 0.4 | P9: 4 | Q9: 0.45 | R9: =Q9*7.5*P9 -> 13.5 | S9: {=TEXT(VLOOKUP($A9,battle_data!$A:$G,MATCH(INDEX(_xlfn.TEXTSPLIT(S$3,"|"),1),battle_data!$A$1:$G$1),0)*0.001,"0%")} -> 0% | T9: {=TEXT(VLOOKUP($A9,battle_data!$A:$G,MATCH(INDEX(_xlfn.TEXTSPLIT(T$3,"|"),1),battle_data!$A$1:$G$1),0)*0.001,"0%")} -> 2% | U9: {=TEXT(VLOOKUP($A9,battle_data!$A:$G,MATCH(INDEX(_xlfn.TEXTSPLIT(U$3,"|"),1),battle_data!$A$1:$G$1),0)*0.001,"0%")} -> 150% | V9: =_xlfn.LET(_xlpm.p,($T9),_xlpm.p*$U9+(1-_xlpm.p)) -> 1.01 | W9: =SUM($G9:$L9)*V9 -> 19.19 | X9: =PRODUCT(W9,7.5,O9) -> 57.57 | Y9: =AVERAGE(W9:X9) -> 38.38 | Z9: {=_xlfn.LAMBDA(_xlpm._dps,_xlpm._info_cell,ROUND(IF(_xlpm._dps<=0,-10,LOG(_xlpm._dps/INDEX(_xlfn.TEXTSPLIT(_xlpm._info_cell,"="),2),1.5)),2))($Y9,Z$3)} -> 0.45 | AA9: 2 | AB9: 1 | AC9: {=_xlfn.LAMBDA(_xlpm._lv,_xlpm._rank,_xlpm._base,_xlpm._lv+INDEX(_xlfn.TEXTSPLIT(_xlpm._base,"="),2)^(_xlpm._rank-2)-1)(AA9,AB9,AC$3)} -> 1.5 | AD9: -0.8 | AE9: 笨重 | AF9: =AC9*2-Z9-AD9 -> 3.35 | AG9: =AH9/1000 -> 0.002 | AH9: 2 | AI9: =AJ9/1000 -> 0.095 | AJ9: 95 | AK9: =AI9/AG9 -> 47.5 | AL9: 0.45
A10: 13601023 | B10: 金属铲斗 Lv.3 | C10: DScript_Ram | D10: se_ag_ram_hit_piercing | E10: se_ram_rotate | F10: {=_xlfn.TEXTJOIN(";",1,_xlfn.LAMBDA(_xlpm.x,IF(_xlpm.x<>"",OFFSET(_xlpm.x,3-ROW(),0)&"="&_xlpm.x,""))(G10:L10))} -> sharp=12;blunt=18 | G10: 12 | H10: 18 | M10: 3.3 | N10: 中 | O10: 0.4 | P10: 4 | Q10: 0.45 | R10: =Q10*7.5*P10 -> 13.5 | S10: {=TEXT(VLOOKUP($A10,battle_data!$A:$G,MATCH(INDEX(_xlfn.TEXTSPLIT(S$3,"|"),1),battle_data!$A$1:$G$1),0)*0.001,"0%")} -> 0% | T10: {=TEXT(VLOOKUP($A10,battle_data!$A:$G,MATCH(INDEX(_xlfn.TEXTSPLIT(T$3,"|"),1),battle_data!$A$1:$G$1),0)*0.001,"0%")} -> 2% | U10: {=TEXT(VLOOKUP($A10,battle_data!$A:$G,MATCH(INDEX(_xlfn.TEXTSPLIT(U$3,"|"),1),battle_data!$A$1:$G$1),0)*0.001,"0%")} -> 150% | V10: =_xlfn.LET(_xlpm.p,($T10),_xlpm.p*$U10+(1-_xlpm.p)) -> 1.01 | W10: =SUM($G10:$L10)*V10 -> 30.3 | X10: =PRODUCT(W10,7.5,O10) -> 90.9 | Y10: =AVERAGE(W10:X10) -> 60.6 | Z10: {=_xlfn.LAMBDA(_xlpm._dps,_xlpm._info_cell,ROUND(IF(_xlpm._dps<=0,-10,LOG(_xlpm._dps/INDEX(_xlfn.TEXTSPLIT(_xlpm._info_cell,"="),2),1.5)),2))($Y10,Z$3)} -> 1.57 | AA10: 3 | AB10: 1 | AC10: {=_xlfn.LAMBDA(_xlpm._lv,_xlpm._rank,_xlpm._base,_xlpm._lv+INDEX(_xlfn.TEXTSPLIT(_xlpm._base,"="),2)^(_xlpm._rank-2)-1)(AA10,AB10,AC$3)} -> 2.5 | AD10: -1.1 | AE10: 笨重 | AF10: =AC10*2-Z10-AD10 -> 4.53 | AG10: =AH10/1000 -> 0.002 | AH10: 2 | AI10: =AJ10/1000 -> 0.095 | AJ10: 95 | AK10: =AI10/AG10 -> 47.5 | AL10: 0.45
A11: 1360103 | B11: 蘑菇挡板 | C11: DScript_Ram | D11: se_ag_ram_hit_bouncing | E11: se_ram_rotate | F11: {=_xlfn.TEXTJOIN(";",1,_xlfn.LAMBDA(_xlpm.x,IF(_xlpm.x<>"",OFFSET(_xlpm.x,3-ROW(),0)&"="&_xlpm.x,""))(G11:L11))} -> blunt=2 | H11: 2 | M11: 1 | N11: 极低 | O11: 0.1 | P11: 9 | Q11: 1.2 | R11: =Q11*7.5*P11 -> 81 | S11: {=TEXT(VLOOKUP($A11,battle_data!$A:$G,MATCH(INDEX(_xlfn.TEXTSPLIT(S$3,"|"),1),battle_data!$A$1:$G$1),0)*0.001,"0%")} -> 0% | T11: {=TEXT(VLOOKUP($A11,battle_data!$A:$G,MATCH(INDEX(_xlfn.TEXTSPLIT(T$3,"|"),1),battle_data!$A$1:$G$1),0)*0.001,"0%")} -> 1% | U11: {=TEXT(VLOOKUP($A11,battle_data!$A:$G,MATCH(INDEX(_xlfn.TEXTSPLIT(U$3,"|"),1),battle_data!$A$1:$G$1),0)*0.001,"0%")} -> 150% | V11: =_xlfn.LET(_xlpm.p,($T11),_xlpm.p*$U11+(1-_xlpm.p)) -> 1.005 | W11: =SUM($G11:$L11)*V11 -> 2.01 | X11: =PRODUCT(W11,7.5,O11) -> 1.5075 | AG11: =AH11/1000 -> 0.005 | AH11: 5 | AI11: =AJ11/1000 -> 0.22 | AJ11: 220 | AK11: =AI11/AG11 -> 44 | AL11: 0.18
A12: 13601030 | B12: 蘑菇挡板 Lv.0 | C12: DScript_Ram | D12: se_ag_ram_hit_bouncing | E12: se_ram_rotate | F12: {=_xlfn.TEXTJOIN(";",1,_xlfn.LAMBDA(_xlpm.x,IF(_xlpm.x<>"",OFFSET(_xlpm.x,3-ROW(),0)&"="&_xlpm.x,""))(G12:L12))} -> blunt=2 | H12: 2 | M12: 1 | N12: 极低 | O12: 0.1 | P12: 9 | Q12: 1.2 | R12: =Q12*7.5*P12 -> 81 | S12: {=TEXT(VLOOKUP($A12,battle_data!$A:$G,MATCH(INDEX(_xlfn.TEXTSPLIT(S$3,"|"),1),battle_data!$A$1:$G$1),0)*0.001,"0%")} -> 0% | T12: {=TEXT(VLOOKUP($A12,battle_data!$A:$G,MATCH(INDEX(_xlfn.TEXTSPLIT(T$3,"|"),1),battle_data!$A$1:$G$1),0)*0.001,"0%")} -> 1% | U12: {=TEXT(VLOOKUP($A12,battle_data!$A:$G,MATCH(INDEX(_xlfn.TEXTSPLIT(U$3,"|"),1),battle_data!$A$1:$G$1),0)*0.001,"0%")} -> 150% | V12: =_xlfn.LET(_xlpm.p,($T12),_xlpm.p*$U12+(1-_xlpm.p)) -> 1.005 | W12: =SUM($G12:$L12)*V12 -> 2.01 | X12: =PRODUCT(W12,7.5,O12) -> 1.5075 | Y12: =AVERAGE(W12:X12) -> 1.75875 | Z12: {=_xlfn.LAMBDA(_xlpm._dps,_xlpm._info_cell,ROUND(IF(_xlpm._dps<=0,-10,LOG(_xlpm._dps/INDEX(_xlfn.TEXTSPLIT(_xlpm._info_cell,"="),2),1.5)),2))($Y12,Z$3)} -> -7.16 | AA12: 0 | AB12: 1 | AC12: {=_xlfn.LAMBDA(_xlpm._lv,_xlpm._rank,_xlpm._base,_xlpm._lv+INDEX(_xlfn.TEXTSPLIT(_xlpm._base,"="),2)^(_xlpm._rank-2)-1)(AA12,AB12,AC$3)} -> -0.5 | AD12: 6 | AE12: 超高弹力 | AF12: =AC12*2-Z12-AD12 -> 0.16 | AG12: =AH12/1000 -> 0.005 | AH12: 5 | AI12: =AJ12/1000 -> 0.22 | AJ12: 220 | AK12: =AI12/AG12 -> 44 | AL12: 0.18
A13: 13601031 | B13: 蘑菇挡板 Lv.1 | C13: DScript_Ram | D13: se_ag_ram_hit_bouncing | E13: se_ram_rotate | F13: {=_xlfn.TEXTJOIN(";",1,_xlfn.LAMBDA(_xlpm.x,IF(_xlpm.x<>"",OFFSET(_xlpm.x,3-ROW(),0)&"="&_xlpm.x,""))(G13:L13))} -> blunt=4 | H13: 4 | M13: 1 | N13: 极低 | O13: 0.1 | P13: 11 | Q13: 1.6 | R13: =Q13*7.5*P13 -> 132 | S13: {=TEXT(VLOOKUP($A13,battle_data!$A:$G,MATCH(INDEX(_xlfn.TEXTSPLIT(S$3,"|"),1),battle_data!$A$1:$G$1),0)*0.001,"0%")} -> 0% | T13: {=TEXT(VLOOKUP($A13,battle_data!$A:$G,MATCH(INDEX(_xlfn.TEXTSPLIT(T$3,"|"),1),battle_data!$A$1:$G$1),0)*0.001,"0%")} -> 1% | U13: {=TEXT(VLOOKUP($A13,battle_data!$A:$G,MATCH(INDEX(_xlfn.TEXTSPLIT(U$3,"|"),1),battle_data!$A$1:$G$1),0)*0.001,"0%")} -> 150% | V13: =_xlfn.LET(_xlpm.p,($T13),_xlpm.p*$U13+(1-_xlpm.p)) -> 1.005 | W13: =SUM($G13:$L13)*V13 -> 4.02 | X13: =PRODUCT(W13,7.5,O13) -> 3.015 | Y13: =AVERAGE(W13:X13) -> 3.5175 | Z13: {=_xlfn.LAMBDA(_xlpm._dps,_xlpm._info_cell,ROUND(IF(_xlpm._dps<=0,-10,LOG(_xlpm._dps/INDEX(_xlfn.TEXTSPLIT(_xlpm._info_cell,"="),2),1.5)),2))($Y13,Z$3)} -> -5.45 | AA13: 1 | AB13: 1 | AC13: {=_xlfn.LAMBDA(_xlpm._lv,_xlpm._rank,_xlpm._base,_xlpm._lv+INDEX(_xlfn.TEXTSPLIT(_xlpm._base,"="),2)^(_xlpm._rank-2)-1)(AA13,AB13,AC$3)} -> 0.5 | AD13: 5 | AE13: 超高弹力 | AF13: =AC13*2-Z13-AD13 -> 1.45 | AG13: =AH13/1000 -> 0.005 | AH13: 5 | AI13: =AJ13/1000 -> 0.22 | AJ13: 220 | AK13: =AI13/AG13 -> 44 | AL13: 0.18
A14: 1361801 | B14: 长柄鱼叉 | C14: DScript_Ram | D14: se_ag_ram_hit_piercing | E14: se_ram_rotate | F14: {=_xlfn.TEXTJOIN(";",1,_xlfn.LAMBDA(_xlpm.x,IF(_xlpm.x<>"",OFFSET(_xlpm.x,3-ROW(),0)&"="&_xlpm.x,""))(G14:L14))} -> sharp=6;acid=1 | G14: 6 | J14: 1 | M14: 3 | N14: 高 | O14: 0.6 | P14: 2 | Q14: 0.4 | R14: =Q14*7.5*P14 -> 6 | S14: {=TEXT(VLOOKUP($A14,battle_data!$A:$G,MATCH(INDEX(_xlfn.TEXTSPLIT(S$3,"|"),1),battle_data!$A$1:$G$1),0)*0.001,"0%")} -> 50% | T14: {=TEXT(VLOOKUP($A14,battle_data!$A:$G,MATCH(INDEX(_xlfn.TEXTSPLIT(T$3,"|"),1),battle_data!$A$1:$G$1),0)*0.001,"0%")} -> 15% | U14: {=TEXT(VLOOKUP($A14,battle_data!$A:$G,MATCH(INDEX(_xlfn.TEXTSPLIT(U$3,"|"),1),battle_data!$A$1:$G$1),0)*0.001,"0%")} -> 300% | V14: =_xlfn.LET(_xlpm.p,($T14),_xlpm.p*$U14+(1-_xlpm.p)) -> 1.3 | W14: =SUM($G14:$L14)*V14 -> 9.1 | X14: =PRODUCT(W14,7.5,O14) -> 40.95 | AG14: =AH14/1000 -> 0.006 | AH14: 6 | AI14: =AJ14/1000 -> 0.9 | AJ14: 900 | AK14: =AI14/AG14 -> 150 | AL14: 0.5
A15: 13618011 | B15: 长柄鱼叉 Lv.1 | C15: DScript_Ram | D15: se_ag_ram_hit_piercing | E15: se_ram_rotate | F15: {=_xlfn.TEXTJOIN(";",1,_xlfn.LAMBDA(_xlpm.x,IF(_xlpm.x<>"",OFFSET(_xlpm.x,3-ROW(),0)&"="&_xlpm.x,""))(G15:L15))} -> sharp=11 | G15: 11 | M15: 3 | N15: 高 | O15: 0.6 | P15: 2 | Q15: 0.4 | R15: =Q15*7.5*P15 -> 6 | S15: {=TEXT(VLOOKUP($A15,battle_data!$A:$G,MATCH(INDEX(_xlfn.TEXTSPLIT(S$3,"|"),1),battle_data!$A$1:$G$1),0)*0.001,"0%")} -> 50% | T15: {=TEXT(VLOOKUP($A15,battle_data!$A:$G,MATCH(INDEX(_xlfn.TEXTSPLIT(T$3,"|"),1),battle_data!$A$1:$G$1),0)*0.001,"0%")} -> 15% | U15: {=TEXT(VLOOKUP($A15,battle_data!$A:$G,MATCH(INDEX(_xlfn.TEXTSPLIT(U$3,"|"),1),battle_data!$A$1:$G$1),0)*0.001,"0%")} -> 300% | V15: =_xlfn.LET(_xlpm.p,($T15),_xlpm.p*$U15+(1-_xlpm.p)) -> 1.3 | W15: =SUM($G15:$L15)*V15 -> 14.3 | X15: =PRODUCT(W15,7.5,O15) -> 64.35 | Y15: =AVERAGE(W15:X15) -> 39.325 | Z15: {=_xlfn.LAMBDA(_xlpm._dps,_xlpm._info_cell,ROUND(IF(_xlpm._dps<=0,-10,LOG(_xlpm._dps/INDEX(_xlfn.TEXTSPLIT(_xlpm._info_cell,"="),2),1.5)),2))($Y15,Z$3)} -> 0.51 | AA15: 1 | AB15: 1 | AC15: {=_xlfn.LAMBDA(_xlpm._lv,_xlpm._rank,_xlpm._base,_xlpm._lv+INDEX(_xlfn.TEXTSPLIT(_xlpm._base,"="),2)^(_xlpm._rank-2)-1)(AA15,AB15,AC$3)} -> 0.5 | AD15: 0.5 | AE15: 廉价 | AF15: =AC15*2-Z15-AD15 -> -0.01 | AG15: =AH15/1000 -> 0.006 | AH15: 6 | AI15: =AJ15/1000 -> 0.9 | AJ15: 900 | AK15: =AI15/AG15 -> 150 | AL15: 0.5
A16: 13618012 | B16: 长柄鱼叉 Lv.2 | C16: DScript_Ram | D16: se_ag_ram_hit_piercing | E16: se_ram_rotate | F16: {=_xlfn.TEXTJOIN(";",1,_xlfn.LAMBDA(_xlpm.x,IF(_xlpm.x<>"",OFFSET(_xlpm.x,3-ROW(),0)&"="&_xlpm.x,""))(G16:L16))} -> sharp=16;acid=1 | G16: 16 | J16: 1 | M16: 3 | N16: 高 | O16: 0.6 | P16: 2 | Q16: 0.4 | R16: =Q16*7.5*P16 -> 6 | S16: {=TEXT(VLOOKUP($A16,battle_data!$A:$G,MATCH(INDEX(_xlfn.TEXTSPLIT(S$3,"|"),1),battle_data!$A$1:$G$1),0)*0.001,"0%")} -> 50% | T16: {=TEXT(VLOOKUP($A16,battle_data!$A:$G,MATCH(INDEX(_xlfn.TEXTSPLIT(T$3,"|"),1),battle_data!$A$1:$G$1),0)*0.001,"0%")} -> 15% | U16: {=TEXT(VLOOKUP($A16,battle_data!$A:$G,MATCH(INDEX(_xlfn.TEXTSPLIT(U$3,"|"),1),battle_data!$A$1:$G$1),0)*0.001,"0%")} -> 300% | V16: =_xlfn.LET(_xlpm.p,($T16),_xlpm.p*$U16+(1-_xlpm.p)) -> 1.3 | W16: =SUM($G16:$L16)*V16 -> 22.1 | X16: =PRODUCT(W16,7.5,O16) -> 99.45 | Y16: =AVERAGE(W16:X16) -> 60.775 | Z16: {=_xlfn.LAMBDA(_xlpm._dps,_xlpm._info_cell,ROUND(IF(_xlpm._dps<=0,-10,LOG(_xlpm._dps/INDEX(_xlfn.TEXTSPLIT(_xlpm._info_cell,"="),2),1.5)),2))($Y16,Z$3)} -> 1.58 | AA16: 2 | AB16: 1 | AC16: {=_xlfn.LAMBDA(_xlpm._lv,_xlpm._rank,_xlpm._base,_xlpm._lv+INDEX(_xlfn.TEXTSPLIT(_xlpm._base,"="),2)^(_xlpm._rank-2)-1)(AA16,AB16,AC$3)} -> 1.5 | AD16: 0.5 | AE16: 廉价 | AF16: =AC16*2-Z16-AD16 -> 0.92 | AG16: =AH16/1000 -> 0.006 | AH16: 6 | AI16: =AJ16/1000 -> 0.9 | AJ16: 900 | AK16: =AI16/AG16 -> 150 | AL16: 0.5
A17: 13618013 | B17: 长柄鱼叉 Lv.3 | C17: DScript_Ram | D17: se_ag_ram_hit_piercing | E17: se_ram_rotate | F17: {=_xlfn.TEXTJOIN(";",1,_xlfn.LAMBDA(_xlpm.x,IF(_xlpm.x<>"",OFFSET(_xlpm.x,3-ROW(),0)&"="&_xlpm.x,""))(G17:L17))} -> sharp=24;acid=4 | G17: 24 | J17: 4 | M17: 3 | N17: 高 | O17: 0.6 | P17: 2 | Q17: 0.4 | R17: =Q17*7.5*P17 -> 6 | S17: {=TEXT(VLOOKUP($A17,battle_data!$A:$G,MATCH(INDEX(_xlfn.TEXTSPLIT(S$3,"|"),1),battle_data!$A$1:$G$1),0)*0.001,"0%")} -> 50% | T17: {=TEXT(VLOOKUP($A17,battle_data!$A:$G,MATCH(INDEX(_xlfn.TEXTSPLIT(T$3,"|"),1),battle_data!$A$1:$G$1),0)*0.001,"0%")} -> 15% | U17: {=TEXT(VLOOKUP($A17,battle_data!$A:$G,MATCH(INDEX(_xlfn.TEXTSPLIT(U$3,"|"),1),battle_data!$A$1:$G$1),0)*0.001,"0%")} -> 300% | V17: =_xlfn.LET(_xlpm.p,($T17),_xlpm.p*$U17+(1-_xlpm.p)) -> 1.3 | W17: =SUM($G17:$L17)*V17 -> 36.4 | X17: =PRODUCT(W17,7.5,O17) -> 163.8 | Y17: =AVERAGE(W17:X17) -> 100.1 | Z17: {=_xlfn.LAMBDA(_xlpm._dps,_xlpm._info_cell,ROUND(IF(_xlpm._dps<=0,-10,LOG(_xlpm._dps/INDEX(_xlfn.TEXTSPLIT(_xlpm._info_cell,"="),2),1.5)),2))($Y17,Z$3)} -> 2.81 | AA17: 3 | AB17: 1 | AC17: {=_xlfn.LAMBDA(_xlpm._lv,_xlpm._rank,_xlpm._base,_xlpm._lv+INDEX(_xlfn.TEXTSPLIT(_xlpm._base,"="),2)^(_xlpm._rank-2)-1)(AA17,AB17,AC$3)} -> 2.5 | AD17: 0.5 | AE17: 廉价 | AF17: =AC17*2-Z17-AD17 -> 1.69 | AG17: =AH17/1000 -> 0.006 | AH17: 6 | AI17: =AJ17/1000 -> 0.9 | AJ17: 900 | AK17: =AI17/AG17 -> 150 | AL17: 0.5

Sheet other_logic
A1: logic_id | D1: se_1 | F1: animevent_prct_1 | J1: job_speed | M1: damage | T1: knockback_ft | U1: diy_prms
A2: uint key | D2: string | F2: float | J2: float[] | M2: dict<string,int> | T2: float | U2: dict<string,string>
A3: 其他逻辑id | B3: 备注1 设备 | C3: 备注2 设备控制脚本 | D3: 音效1 | E3: 音效1 说明 | F3: 动画1 时间点 | G3: 动画1 事件帧 | H3: 动画1 总帧数 | I3: 动画1 说明 | J3: NPC工作速度 工作1：攻击 工作2：维护 | K3: 工作1 帧数 | L3: 工作2 帧数 | M3: 伤害 | N3: sharp | O3: blunt | P3: fire | Q3: acid | R3: wrap | S3: flash | T3: 击退力度 | U3: 自定义参数 | V3: diy_prm Type | W3: prm_01 | X3: prm_02 | Y3: prm_03 | Z3: prm_04 | AA3: prm_05 | AB3: prm_06 | AC3: armor_piercing |护甲穿透 | AD3: critical_chance |暴击率 | AE3: critical_rate |暴击伤害 | AF3: 计算参考 单次攻击基础 总伤害 | AG3: 计算参考 暴击修正倍率期望 | AH3: 计算参考 单次攻击 暴击修正 总伤害 | AI3: 伤害计算模型 | AJ3: 计算参考 单轮伤害 | AK3: 手动交互 单轮总耗时 （秒） | AL3: *时长说明 | AM3: 计算统计 DPS | AN3: 倍乘补正 e.g.. 因大范围AOE、对数底数差异等，获得倍乘补正。 | AO3: 计算统计 输出等级 base=32 | AP3: 设定 等级 | AQ3: 设定 宽度 | AR3: 战力 等级 base=2 | AS3: 其他属性补正 e.g.. 因手感差、射程近等因素，获得减分 | AT3: 补正原因说明 | AU3: 适配 生存等级
A4: 1310106 | B4: 圆锯 | C4: DScript_Melee_Charge | D4: 电锯转动声 | E4: 电锯转动声 | F4: 0 | G4: 0 | H4: 0 | J4: {=_xlfn.TEXTJOIN(";",1,IFERROR(1/K4:L4,""))} -> 0.00208333333333333;0.00833333333333333 | K4: 480 | L4: 120 | M4: {=_xlfn.TEXTJOIN(";",1,_xlfn.LAMBDA(_xlpm.x,IF(_xlpm.x<>"",OFFSET(_xlpm.x,3-ROW(),0)&"="&_xlpm.x,""))(N4:S4))} -> sharp=10 | N4: 10 | T4: 0.5 | U4: {=_xlfn.LET(_xlpm._prms,_xlfn._xlws.FILTER(tb_prms[prm],tb_prms[Type]=$V4), _xlpm._pv_pair,_xlfn.MAP(_xlpm._prms,_xlfn.TAKE(TRANSPOSE(W4:AB4),ROWS(_xlpm._prms)),_xlfn.LAMBDA(_xlpm._p,_xlpm._v,_xlpm._p&"="&_xlpm._v)), IFERROR(_xlfn.TEXTJOIN(";",0,_xlpm._pv_pair),""))} -> atk_gap=12;charge_rate=0.001;charge_level=1;consume_rate=0.001 | V4: Melee_Charge | W4: 12 | X4: 0.001 | Y4: 1 | Z4: 0.001 | AA4: —— | AB4: —— | AC4: {=TEXT(VLOOKUP($A4,battle_data!$A:$G,MATCH(INDEX(_xlfn.TEXTSPLIT(AC$3,"|"),1),battle_data!$A$1:$G$1),0)*0.001,"0%")} -> 20% | AD4: {=TEXT(VLOOKUP($A4,battle_data!$A:$G,MATCH(INDEX(_xlfn.TEXTSPLIT(AD$3,"|"),1),battle_data!$A$1:$G$1),0)*0.001,"0%")} -> 20% | AE4: {=TEXT(VLOOKUP($A4,battle_data!$A:$G,MATCH(INDEX(_xlfn.TEXTSPLIT(AE$3,"|"),1),battle_data!$A$1:$G$1),0)*0.001,"0%")} -> 105% | AF4: =SUM($N4:$S4) -> 10 | AG4: =_xlfn.LET(_xlpm.p,($AD4),_xlpm.p*$AE4+(1-_xlpm.p)) -> 1.01 | AH4: =IF(A4="","",AF4*AG4) -> 10.1 | AI4: Melee_Charge | AJ4: {=IF($A4="","",_xlfn.SWITCH($AI4, "Melee_Charge",$AH4/$Z4/$W4, "Special_Car_Bomb",$AH4*$W4, "" ))} -> 841.66667
A5: 13101061 | B5: 圆锯 Lv.1 | C5: DScript_Melee_Charge | D5: 电锯转动声 | E5: 电锯转动声 | F5: 0 | G5: 0 | H5: 0 | J5: {=_xlfn.TEXTJOIN(";",1,IFERROR(1/K5:L5,""))} -> 0.00208333333333333;0.00833333333333333 | K5: 480 | L5: 120 | M5: {=_xlfn.TEXTJOIN(";",1,_xlfn.LAMBDA(_xlpm.x,IF(_xlpm.x<>"",OFFSET(_xlpm.x,3-ROW(),0)&"="&_xlpm.x,""))(N5:S5))} -> sharp=20 | N5: 20 | T5: 0.5 | U5: {=_xlfn.LET(_xlpm._prms,_xlfn._xlws.FILTER(tb_prms[prm],tb_prms[Type]=$V5), _xlpm._pv_pair,_xlfn.MAP(_xlpm._prms,_xlfn.TAKE(TRANSPOSE(W5:AB5),ROWS(_xlpm._prms)),_xlfn.LAMBDA(_xlpm._p,_xlpm._v,_xlpm._p&"="&_xlpm._v)), IFERROR(_xlfn.TEXTJOIN(";",0,_xlpm._pv_pair),""))} -> atk_gap=12;charge_rate=0.0006;charge_level=1;consume_rate=0.0022 | V5: Melee_Charge | W5: 12 | X5: 0.0006 | Y5: 1 | Z5: 0.0022 | AA5: —— | AB5: —— | AC5: {=TEXT(VLOOKUP($A5,battle_data!$A:$G,MATCH(INDEX(_xlfn.TEXTSPLIT(AC$3,"|"),1),battle_data!$A$1:$G$1),0)*0.001,"0%")} -> 20% | AD5: {=TEXT(VLOOKUP($A5,battle_data!$A:$G,MATCH(INDEX(_xlfn.TEXTSPLIT(AD$3,"|"),1),battle_data!$A$1:$G$1),0)*0.001,"0%")} -> 20% | AE5: {=TEXT(VLOOKUP($A5,battle_data!$A:$G,MATCH(INDEX(_xlfn.TEXTSPLIT(AE$3,"|"),1),battle_data!$A$1:$G$1),0)*0.001,"0%")} -> 105% | AF5: =SUM($N5:$S5) -> 20 | AG5: =_xlfn.LET(_xlpm.p,($AD5),_xlpm.p*$AE5+(1-_xlpm.p)) -> 1.01 | AH5: =IF(A5="","",AF5*AG5) -> 20.2 | AI5: Melee_Charge | AJ5: {=IF($A5="","",_xlfn.SWITCH($AI5, "Melee_Charge",$AH5/$Z5/$W5, "Special_Car_Bomb",$AH5*$W5, "" ))} -> 765.15152 | AK5: =(1/X5+1/Z5)/120 -> 17.676768 | AL5: 充放电总时长 | AM5: =AJ5/AK5 -> 43.285714 | AN5: =_xlfn.LET(_xlpm._normal32_to_melee55,32/55, _xlpm._aoe_coef,1.6, _xlpm._normal32_to_melee55*_xlpm._aoe_coef) -> 0.93090909 | AO5: {=_xlfn.LAMBDA(_xlpm._dps,_xlpm._info_cell,_xlpm._muldps,ROUND(IF(_xlpm._dps<=0,-10,LOG(_xlpm._dps*IF(_xlpm._muldps,_xlpm._muldps,1)/INDEX(_xlfn.TEXTSPLIT(_xlpm._info_cell,"="),2),1.5)),2))($AM5,AO$3,$AN5)} -> 0.57 | AP5: 1 | AQ5: 1 | AR5: {=_xlfn.LAMBDA(_xlpm._lv,_xlpm._rank,_xlpm._base,_xlpm._lv+INDEX(_xlfn.TEXTSPLIT(_xlpm._base,"="),2)^(_xlpm._rank-2)-1)(AP5,AQ5,AR$3)} -> 0.5 | AS5: -0.8 | AT5: 攻击距离极近 | AU5: =AR5*2-AO5-AS5 -> 1.23
A6: 13101062 | B6: 圆锯 Lv.2 | C6: DScript_Melee_Charge | D6: 电锯转动声 | E6: 电锯转动声 | F6: 0 | G6: 0 | H6: 0 | J6: {=_xlfn.TEXTJOIN(";",1,IFERROR(1/K6:L6,""))} -> 0.00208333333333333;0.00833333333333333 | K6: 480 | L6: 120 | M6: {=_xlfn.TEXTJOIN(";",1,_xlfn.LAMBDA(_xlpm.x,IF(_xlpm.x<>"",OFFSET(_xlpm.x,3-ROW(),0)&"="&_xlpm.x,""))(N6:S6))} -> sharp=28 | N6: 28 | T6: 0.5 | U6: {=_xlfn.LET(_xlpm._prms,_xlfn._xlws.FILTER(tb_prms[prm],tb_prms[Type]=$V6), _xlpm._pv_pair,_xlfn.MAP(_xlpm._prms,_xlfn.TAKE(TRANSPOSE(W6:AB6),ROWS(_xlpm._prms)),_xlfn.LAMBDA(_xlpm._p,_xlpm._v,_xlpm._p&"="&_xlpm._v)), IFERROR(_xlfn.TEXTJOIN(";",0,_xlpm._pv_pair),""))} -> atk_gap=12;charge_rate=0.00072;charge_level=1;consume_rate=0.0022 | V6: Melee_Charge | W6: 12 | X6: 0.00072 | Y6: 1 | Z6: 0.0022 | AA6: —— | AB6: —— | AC6: {=TEXT(VLOOKUP($A6,battle_data!$A:$G,MATCH(INDEX(_xlfn.TEXTSPLIT(AC$3,"|"),1),battle_data!$A$1:$G$1),0)*0.001,"0%")} -> 20% | AD6: {=TEXT(VLOOKUP($A6,battle_data!$A:$G,MATCH(INDEX(_xlfn.TEXTSPLIT(AD$3,"|"),1),battle_data!$A$1:$G$1),0)*0.001,"0%")} -> 20% | AE6: {=TEXT(VLOOKUP($A6,battle_data!$A:$G,MATCH(INDEX(_xlfn.TEXTSPLIT(AE$3,"|"),1),battle_data!$A$1:$G$1),0)*0.001,"0%")} -> 105% | AF6: =SUM($N6:$S6) -> 28 | AG6: =_xlfn.LET(_xlpm.p,($AD6),_xlpm.p*$AE6+(1-_xlpm.p)) -> 1.01 | AH6: =IF(A6="","",AF6*AG6) -> 28.28 | AI6: Melee_Charge | AJ6: {=IF($A6="","",_xlfn.SWITCH($AI6, "Melee_Charge",$AH6/$Z6/$W6, "Special_Car_Bomb",$AH6*$W6, "" ))} -> 1071.2121 | AK6: =(1/X6+1/Z6)/120 -> 15.361953 | AL6: 充放电总时长 | AM6: =AJ6/AK6 -> 69.731507 | AN6: =_xlfn.LET(_xlpm._normal32_to_melee55,32/55, _xlpm._aoe_coef,1.6, _xlpm._normal32_to_melee55*_xlpm._aoe_coef) -> 0.93090909 | AO6: {=_xlfn.LAMBDA(_xlpm._dps,_xlpm._info_cell,_xlpm._muldps,ROUND(IF(_xlpm._dps<=0,-10,LOG(_xlpm._dps*IF(_xlpm._muldps,_xlpm._muldps,1)/INDEX(_xlfn.TEXTSPLIT(_xlpm._info_cell,"="),2),1.5)),2))($AM6,AO$3,$AN6)} -> 1.74 | AP6: 2 | AQ6: 1 | AR6: {=_xlfn.LAMBDA(_xlpm._lv,_xlpm._rank,_xlpm._base,_xlpm._lv+INDEX(_xlfn.TEXTSPLIT(_xlpm._base,"="),2)^(_xlpm._rank-2)-1)(AP6,AQ6,AR$3)} -> 1.5 | AS6: -0.8 | AT6: 攻击距离极近 | AU6: =AR6*2-AO6-AS6 -> 2.06
A7: 13101063 | B7: 圆锯 Lv.3 | C7: DScript_Melee_Charge | D7: 电锯转动声 | E7: 电锯转动声 | F7: 0 | G7: 0 | H7: 0 | J7: {=_xlfn.TEXTJOIN(";",1,IFERROR(1/K7:L7,""))} -> 0.00208333333333333;0.00833333333333333 | K7: 480 | L7: 120 | M7: {=_xlfn.TEXTJOIN(";",1,_xlfn.LAMBDA(_xlpm.x,IF(_xlpm.x<>"",OFFSET(_xlpm.x,3-ROW(),0)&"="&_xlpm.x,""))(N7:S7))} -> sharp=40 | N7: 40 | T7: 0.5 | U7: {=_xlfn.LET(_xlpm._prms,_xlfn._xlws.FILTER(tb_prms[prm],tb_prms[Type]=$V7), _xlpm._pv_pair,_xlfn.MAP(_xlpm._prms,_xlfn.TAKE(TRANSPOSE(W7:AB7),ROWS(_xlpm._prms)),_xlfn.LAMBDA(_xlpm._p,_xlpm._v,_xlpm._p&"="&_xlpm._v)), IFERROR(_xlfn.TEXTJOIN(";",0,_xlpm._pv_pair),""))} -> atk_gap=12;charge_rate=0.00084;charge_level=1;consume_rate=0.0022 | V7: Melee_Charge | W7: 12 | X7: 0.00084 | Y7: 1 | Z7: 0.0022 | AA7: —— | AB7: —— | AC7: {=TEXT(VLOOKUP($A7,battle_data!$A:$G,MATCH(INDEX(_xlfn.TEXTSPLIT(AC$3,"|"),1),battle_data!$A$1:$G$1),0)*0.001,"0%")} -> 20% | AD7: {=TEXT(VLOOKUP($A7,battle_data!$A:$G,MATCH(INDEX(_xlfn.TEXTSPLIT(AD$3,"|"),1),battle_data!$A$1:$G$1),0)*0.001,"0%")} -> 20% | AE7: {=TEXT(VLOOKUP($A7,battle_data!$A:$G,MATCH(INDEX(_xlfn.TEXTSPLIT(AE$3,"|"),1),battle_data!$A$1:$G$1),0)*0.001,"0%")} -> 105% | AF7: =SUM($N7:$S7) -> 40 | AG7: =_xlfn.LET(_xlpm.p,($AD7),_xlpm.p*$AE7+(1-_xlpm.p)) -> 1.01 | AH7: =IF(A7="","",AF7*AG7) -> 40.4 | AI7: Melee_Charge | AJ7: {=IF($A7="","",_xlfn.SWITCH($AI7, "Melee_Charge",$AH7/$Z7/$W7, "Special_Car_Bomb",$AH7*$W7, "" ))} -> 1530.303 | AK7: =(1/X7+1/Z7)/120 -> 13.708514 | AL7: 充放电总时长 | AM7: =AJ7/AK7 -> 111.63158 | AN7: =_xlfn.LET(_xlpm._normal32_to_melee55,32/55, _xlpm._aoe_coef,1.6, _xlpm._normal32_to_melee55*_xlpm._aoe_coef) -> 0.93090909 | AO7: {=_xlfn.LAMBDA(_xlpm._dps,_xlpm._info_cell,_xlpm._muldps,ROUND(IF(_xlpm._dps<=0,-10,LOG(_xlpm._dps*IF(_xlpm._muldps,_xlpm._muldps,1)/INDEX(_xlfn.TEXTSPLIT(_xlpm._info_cell,"="),2),1.5)),2))($AM7,AO$3,$AN7)} -> 2.9 | AP7: 3 | AQ7: 1 | AR7: {=_xlfn.LAMBDA(_xlpm._lv,_xlpm._rank,_xlpm._base,_xlpm._lv+INDEX(_xlfn.TEXTSPLIT(_xlpm._base,"="),2)^(_xlpm._rank-2)-1)(AP7,AQ7,AR$3)} -> 2.5 | AS7: -0.8 | AT7: 攻击距离极近 | AU7: =AR7*2-AO7-AS7 -> 2.9
A8: 13101064 | B8: 圆锯 Lv.4 | C8: DScript_Melee_Charge | D8: 电锯转动声 | E8: 电锯转动声 | F8: 0 | G8: 0 | H8: 0 | J8: {=_xlfn.TEXTJOIN(";",1,IFERROR(1/K8:L8,""))} -> 0.00208333333333333;0.00833333333333333 | K8: 480 | L8: 120 | M8: {=_xlfn.TEXTJOIN(";",1,_xlfn.LAMBDA(_xlpm.x,IF(_xlpm.x<>"",OFFSET(_xlpm.x,3-ROW(),0)&"="&_xlpm.x,""))(N8:S8))} -> sharp=57 | N8: 57 | T8: 0.5 | U8: {=_xlfn.LET(_xlpm._prms,_xlfn._xlws.FILTER(tb_prms[prm],tb_prms[Type]=$V8), _xlpm._pv_pair,_xlfn.MAP(_xlpm._prms,_xlfn.TAKE(TRANSPOSE(W8:AB8),ROWS(_xlpm._prms)),_xlfn.LAMBDA(_xlpm._p,_xlpm._v,_xlpm._p&"="&_xlpm._v)), IFERROR(_xlfn.TEXTJOIN(";",0,_xlpm._pv_pair),""))} -> atk_gap=12;charge_rate=0.00096;charge_level=1;consume_rate=0.0022 | V8: Melee_Charge | W8: 12 | X8: 0.00096 | Y8: 1 | Z8: 0.0022 | AA8: —— | AB8: —— | AC8: {=TEXT(VLOOKUP($A8,battle_data!$A:$G,MATCH(INDEX(_xlfn.TEXTSPLIT(AC$3,"|"),1),battle_data!$A$1:$G$1),0)*0.001,"0%")} -> 20% | AD8: {=TEXT(VLOOKUP($A8,battle_data!$A:$G,MATCH(INDEX(_xlfn.TEXTSPLIT(AD$3,"|"),1),battle_data!$A$1:$G$1),0)*0.001,"0%")} -> 20% | AE8: {=TEXT(VLOOKUP($A8,battle_data!$A:$G,MATCH(INDEX(_xlfn.TEXTSPLIT(AE$3,"|"),1),battle_data!$A$1:$G$1),0)*0.001,"0%")} -> 105% | AF8: =SUM($N8:$S8) -> 57 | AG8: =_xlfn.LET(_xlpm.p,($AD8),_xlpm.p*$AE8+(1-_xlpm.p)) -> 1.01 | AH8: =IF(A8="","",AF8*AG8) -> 57.57 | AI8: Melee_Charge | AJ8: {=IF($A8="","",_xlfn.SWITCH($AI8, "Melee_Charge",$AH8/$Z8/$W8, "Special_Car_Bomb",$AH8*$W8, "" ))} -> 2180.6818 | AK8: =(1/X8+1/Z8)/120 -> 12.468434 | AL8: 充放电总时长 | AM8: =AJ8/AK8 -> 174.8962 | AN8: =_xlfn.LET(_xlpm._normal32_to_melee55,32/55, _xlpm._aoe_coef,1.6, _xlpm._normal32_to_melee55*_xlpm._aoe_coef) -> 0.93090909 | AO8: {=_xlfn.LAMBDA(_xlpm._dps,_xlpm._info_cell,_xlpm._muldps,ROUND(IF(_xlpm._dps<=0,-10,LOG(_xlpm._dps*IF(_xlpm._muldps,_xlpm._muldps,1)/INDEX(_xlfn.TEXTSPLIT(_xlpm._info_cell,"="),2),1.5)),2))($AM8,AO$3,$AN8)} -> 4.01 | AP8: 4 | AQ8: 1 | AR8: {=_xlfn.LAMBDA(_xlpm._lv,_xlpm._rank,_xlpm._base,_xlpm._lv+INDEX(_xlfn.TEXTSPLIT(_xlpm._base,"="),2)^(_xlpm._rank-2)-1)(AP8,AQ8,AR$3)} -> 3.5 | AS8: -0.8 | AT8: 攻击距离极近 | AU8: =AR8*2-AO8-AS8 -> 3.79
AH9: =IF(A9="","",AF9*AG9) | AJ9: {=IF($A9="","",_xlfn.SWITCH($AI9, "Melee_Charge",$AH9/$Z9/$W9, "Special_Car_Bomb",$AH9*$W9, "" ))}
A10: 1330101 | B10: 火焰喷射器 | C10: DScript_Melee_Charge_Rocket | D10: 喷火声 | E10: 喷火声 | F10: 0 | G10: 0 | H10: 0 | J10: {=_xlfn.TEXTJOIN(";",1,IFERROR(1/K10:L10,""))} -> 0.00208333333333333 | K10: 480 | M10: {=_xlfn.TEXTJOIN(";",1,_xlfn.LAMBDA(_xlpm.x,IF(_xlpm.x<>"",OFFSET(_xlpm.x,3-ROW(),0)&"="&_xlpm.x,""))(N10:S10))} -> fire=2 | P10: 2 | T10: 0.5 | U10: {=_xlfn.LET(_xlpm._prms,_xlfn._xlws.FILTER(tb_prms[prm],tb_prms[Type]=$V10), _xlpm._pv_pair,_xlfn.MAP(_xlpm._prms,_xlfn.TAKE(TRANSPOSE(W10:AB10),ROWS(_xlpm._prms)),_xlfn.LAMBDA(_xlpm._p,_xlpm._v,_xlpm._p&"="&_xlpm._v)), IFERROR(_xlfn.TEXTJOIN(";",0,_xlpm._pv_pair),""))} -> atk_gap=12;charge_rate=0.00032;charge_level=1;consume_rate=0.0011;acc=30;max_speedX=16 | V10: Melee_Charge_Rocket | W10: 12 | X10: 0.00032 | Y10: 1 | Z10: 0.0011 | AA10: 30 | AB10: 16 | AC10: {=TEXT(VLOOKUP($A10,battle_data!$A:$G,MATCH(INDEX(_xlfn.TEXTSPLIT(AC$3,"|"),1),battle_data!$A$1:$G$1),0)*0.001,"0%")} -> 0% | AD10: {=TEXT(VLOOKUP($A10,battle_data!$A:$G,MATCH(INDEX(_xlfn.TEXTSPLIT(AD$3,"|"),1),battle_data!$A$1:$G$1),0)*0.001,"0%")} -> 0% | AE10: {=TEXT(VLOOKUP($A10,battle_data!$A:$G,MATCH(INDEX(_xlfn.TEXTSPLIT(AE$3,"|"),1),battle_data!$A$1:$G$1),0)*0.001,"0%")} -> 100% | AF10: =SUM($N10:$S10) -> 2 | AG10: =_xlfn.LET(_xlpm.p,($AD10),_xlpm.p*$AE10+(1-_xlpm.p)) -> 1 | AH10: =IF(A10="","",AF10*AG10) -> 2 | AI10: Melee_Charge | AJ10: {=IF($A10="","",_xlfn.SWITCH($AI10, "Melee_Charge",$AH10/$Z10/$W10, "Special_Car_Bomb",$AH10*$W10, "" ))} -> 151.51515
A11: 13301012 | B11: 火焰喷射器 Lv.2 | C11: DScript_Melee_Charge_Rocket | D11: 喷火声 | E11: 喷火声 | F11: 0 | G11: 0 | H11: 0 | J11: {=_xlfn.TEXTJOIN(";",1,IFERROR(1/K11:L11,""))} -> 0.00208333333333333 | K11: 480 | M11: {=_xlfn.TEXTJOIN(";",1,_xlfn.LAMBDA(_xlpm.x,IF(_xlpm.x<>"",OFFSET(_xlpm.x,3-ROW(),0)&"="&_xlpm.x,""))(N11:S11))} -> fire=9 | P11: 9 | T11: 0.5 | U11: {=_xlfn.LET(_xlpm._prms,_xlfn._xlws.FILTER(tb_prms[prm],tb_prms[Type]=$V11), _xlpm._pv_pair,_xlfn.MAP(_xlpm._prms,_xlfn.TAKE(TRANSPOSE(W11:AB11),ROWS(_xlpm._prms)),_xlfn.LAMBDA(_xlpm._p,_xlpm._v,_xlpm._p&"="&_xlpm._v)), IFERROR(_xlfn.TEXTJOIN(";",0,_xlpm._pv_pair),""))} -> atk_gap=12;charge_rate=0.00032;charge_level=1;consume_rate=0.00121;acc=2;max_speedX=16 | V11: Melee_Charge_Rocket | W11: 12 | X11: 0.00032 | Y11: 1 | Z11: 0.00121 | AA11: 2 | AB11: 16 | AC11: {=TEXT(VLOOKUP($A11,battle_data!$A:$G,MATCH(INDEX(_xlfn.TEXTSPLIT(AC$3,"|"),1),battle_data!$A$1:$G$1),0)*0.001,"0%")} -> 0% | AD11: {=TEXT(VLOOKUP($A11,battle_data!$A:$G,MATCH(INDEX(_xlfn.TEXTSPLIT(AD$3,"|"),1),battle_data!$A$1:$G$1),0)*0.001,"0%")} -> 0% | AE11: {=TEXT(VLOOKUP($A11,battle_data!$A:$G,MATCH(INDEX(_xlfn.TEXTSPLIT(AE$3,"|"),1),battle_data!$A$1:$G$1),0)*0.001,"0%")} -> 100% | AF11: =SUM($N11:$S11) -> 9 | AG11: 2 | AH11: =IF(A11="","",AF11*AG11) -> 18 | AI11: Melee_Charge | AJ11: {=IF($A11="","",_xlfn.SWITCH($AI11, "Melee_Charge",$AH11/$Z11/$W11, "Special_Car_Bomb",$AH11*$W11, "" ))} -> 1239.6694 | AK11: =(1/X11+1/Z11)/120 -> 32.928719 | AL11: 充放电总时长 | AM11: =AJ11/AK11 -> 37.647059 | AN11: 1.5 | AO11: {=_xlfn.LAMBDA(_xlpm._dps,_xlpm._info_cell,_xlpm._muldps,ROUND(IF(_xlpm._dps<=0,-10,LOG(_xlpm._dps*IF(_xlpm._muldps,_xlpm._muldps,1)/INDEX(_xlfn.TEXTSPLIT(_xlpm._info_cell,"="),2),1.5)),2))($AM11,AO$3,$AN11)} -> 1.4 | AP11: 2 | AQ11: 1 | AR11: {=_xlfn.LAMBDA(_xlpm._lv,_xlpm._rank,_xlpm._base,_xlpm._lv+INDEX(_xlfn.TEXTSPLIT(_xlpm._base,"="),2)^(_xlpm._rank-2)-1)(AP11,AQ11,AR$3)} -> 1.5 | AS11: 0.9 | AT11: 可用于冲刺 | AU11: =AR11*2-AO11-AS11 -> 0.7
A12: 13301013 | B12: 火焰喷射器 Lv.3 | C12: DScript_Melee_Charge_Rocket | D12: 喷火声 | E12: 喷火声 | F12: 0 | G12: 0 | H12: 0 | J12: {=_xlfn.TEXTJOIN(";",1,IFERROR(1/K12:L12,""))} -> 0.00208333333333333 | K12: 480 | M12: {=_xlfn.TEXTJOIN(";",1,_xlfn.LAMBDA(_xlpm.x,IF(_xlpm.x<>"",OFFSET(_xlpm.x,3-ROW(),0)&"="&_xlpm.x,""))(N12:S12))} -> fire=10 | P12: 10 | T12: 0.5 | U12: {=_xlfn.LET(_xlpm._prms,_xlfn._xlws.FILTER(tb_prms[prm],tb_prms[Type]=$V12), _xlpm._pv_pair,_xlfn.MAP(_xlpm._prms,_xlfn.TAKE(TRANSPOSE(W12:AB12),ROWS(_xlpm._prms)),_xlfn.LAMBDA(_xlpm._p,_xlpm._v,_xlpm._p&"="&_xlpm._v)), IFERROR(_xlfn.TEXTJOIN(";",0,_xlpm._pv_pair),""))} -> atk_gap=12;charge_rate=0.00032;charge_level=1;consume_rate=0.0011;acc=2.44948974278318;max_speedX=20 | V12: Melee_Charge_Rocket | W12: 12 | X12: 0.00032 | Y12: 1 | Z12: 0.0011 | AA12: 2.4494897 | AB12: 20 | AC12: {=TEXT(VLOOKUP($A12,battle_data!$A:$G,MATCH(INDEX(_xlfn.TEXTSPLIT(AC$3,"|"),1),battle_data!$A$1:$G$1),0)*0.001,"0%")} -> 0% | AD12: {=TEXT(VLOOKUP($A12,battle_data!$A:$G,MATCH(INDEX(_xlfn.TEXTSPLIT(AD$3,"|"),1),battle_data!$A$1:$G$1),0)*0.001,"0%")} -> 0% | AE12: {=TEXT(VLOOKUP($A12,battle_data!$A:$G,MATCH(INDEX(_xlfn.TEXTSPLIT(AE$3,"|"),1),battle_data!$A$1:$G$1),0)*0.001,"0%")} -> 100% | AF12: =SUM($N12:$S12) -> 10 | AG12: 3 | AH12: =IF(A12="","",AF12*AG12) -> 30 | AI12: Melee_Charge | AJ12: {=IF($A12="","",_xlfn.SWITCH($AI12, "Melee_Charge",$AH12/$Z12/$W12, "Special_Car_Bomb",$AH12*$W12, "" ))} -> 2272.7273 | AK12: =(1/X12+1/Z12)/120 -> 33.617424 | AL12: 充放电总时长 | AM12: =AJ12/AK12 -> 67.605634 | AN12: 1.5 | AO12: {=_xlfn.LAMBDA(_xlpm._dps,_xlpm._info_cell,_xlpm._muldps,ROUND(IF(_xlpm._dps<=0,-10,LOG(_xlpm._dps*IF(_xlpm._muldps,_xlpm._muldps,1)/INDEX(_xlfn.TEXTSPLIT(_xlpm._info_cell,"="),2),1.5)),2))($AM12,AO$3,$AN12)} -> 2.84 | AP12: 3 | AQ12: 1 | AR12: {=_xlfn.LAMBDA(_xlpm._lv,_xlpm._rank,_xlpm._base,_xlpm._lv+INDEX(_xlfn.TEXTSPLIT(_xlpm._base,"="),2)^(_xlpm._rank-2)-1)(AP12,AQ12,AR$3)} -> 2.5 | AS12: 0.75 | AT12: 可用于冲刺 | AU12: =AR12*2-AO12-AS12 -> 1.41
A13: 13301014 | B13: 火焰喷射器 Lv.4 | C13: DScript_Melee_Charge_Rocket | D13: 喷火声 | E13: 喷火声 | F13: 0 | G13: 0 | H13: 0 | J13: {=_xlfn.TEXTJOIN(";",1,IFERROR(1/K13:L13,""))} -> 0.00208333333333333 | K13: 480 | M13: {=_xlfn.TEXTJOIN(";",1,_xlfn.LAMBDA(_xlpm.x,IF(_xlpm.x<>"",OFFSET(_xlpm.x,3-ROW(),0)&"="&_xlpm.x,""))(N13:S13))} -> fire=12 | P13: 12 | T13: 0.5 | U13: {=_xlfn.LET(_xlpm._prms,_xlfn._xlws.FILTER(tb_prms[prm],tb_prms[Type]=$V13), _xlpm._pv_pair,_xlfn.MAP(_xlpm._prms,_xlfn.TAKE(TRANSPOSE(W13:AB13),ROWS(_xlpm._prms)),_xlfn.LAMBDA(_xlpm._p,_xlpm._v,_xlpm._p&"="&_xlpm._v)), IFERROR(_xlfn.TEXTJOIN(";",0,_xlpm._pv_pair),""))} -> atk_gap=12;charge_rate=0.00032;charge_level=1;consume_rate=0.001;acc=3;max_speedX=25 | V13: Melee_Charge_Rocket | W13: 12 | X13: 0.00032 | Y13: 1 | Z13: 0.001 | AA13: 3 | AB13: 25 | AC13: {=TEXT(VLOOKUP($A13,battle_data!$A:$G,MATCH(INDEX(_xlfn.TEXTSPLIT(AC$3,"|"),1),battle_data!$A$1:$G$1),0)*0.001,"0%")} -> 0% | AD13: {=TEXT(VLOOKUP($A13,battle_data!$A:$G,MATCH(INDEX(_xlfn.TEXTSPLIT(AD$3,"|"),1),battle_data!$A$1:$G$1),0)*0.001,"0%")} -> 0% | AE13: {=TEXT(VLOOKUP($A13,battle_data!$A:$G,MATCH(INDEX(_xlfn.TEXTSPLIT(AE$3,"|"),1),battle_data!$A$1:$G$1),0)*0.001,"0%")} -> 100% | AF13: =SUM($N13:$S13) -> 12 | AG13: 4 | AH13: =IF(A13="","",AF13*AG13) -> 48 | AI13: Melee_Charge | AJ13: {=IF($A13="","",_xlfn.SWITCH($AI13, "Melee_Charge",$AH13/$Z13/$W13, "Special_Car_Bomb",$AH13*$W13, "" ))} -> 4000 | AK13: =(1/X13+1/Z13)/120 -> 34.375 | AL13: 充放电总时长 | AM13: =AJ13/AK13 -> 116.36364 | AN13: 1.5 | AO13: {=_xlfn.LAMBDA(_xlpm._dps,_xlpm._info_cell,_xlpm._muldps,ROUND(IF(_xlpm._dps<=0,-10,LOG(_xlpm._dps*IF(_xlpm._muldps,_xlpm._muldps,1)/INDEX(_xlfn.TEXTSPLIT(_xlpm._info_cell,"="),2),1.5)),2))($AM13,AO$3,$AN13)} -> 4.18 | AP13: 4 | AQ13: 1 | AR13: {=_xlfn.LAMBDA(_xlpm._lv,_xlpm._rank,_xlpm._base,_xlpm._lv+INDEX(_xlfn.TEXTSPLIT(_xlpm._base,"="),2)^(_xlpm._rank-2)-1)(AP13,AQ13,AR$3)} -> 3.5 | AS13: 0.6 | AT13: 可用于冲刺 | AU13: =AR13*2-AO13-AS13 -> 2.22
AH14: =IF(A14="","",AF14*AG14) | AJ14: {=IF($A14="","",_xlfn.SWITCH($AI14, "Melee_Charge",$AH14/$Z14/$W14, "Special_Car_Bomb",$AH14*$W14, "" ))}
A15: 1330102 | B15: 慑敌战鼓 | C15: War_Drum | D15: se_ag_beat_drum | E15: 鼓槌敲鼓声 | F15: =G15/H15 -> 0.65 | G15: 13 | H15: 20 | I15: 敲鼓时间点 | J15: {=_xlfn.TEXTJOIN(";",1,IFERROR(1/K15:L15,""))} | M15: {=_xlfn.TEXTJOIN(";",1,_xlfn.LAMBDA(_xlpm.x,IF(_xlpm.x<>"",OFFSET(_xlpm.x,3-ROW(),0)&"="&_xlpm.x,""))(N15:S15))} -> blunt=12 | O15: 12 | T15: 19 | U15: {=_xlfn.LET(_xlpm._prms,_xlfn._xlws.FILTER(tb_prms[prm],tb_prms[Type]=$V15), _xlpm._pv_pair,_xlfn.MAP(_xlpm._prms,_xlfn.TAKE(TRANSPOSE(W15:AB15),ROWS(_xlpm._prms)),_xlfn.LAMBDA(_xlpm._p,_xlpm._v,_xlpm._p&"="&_xlpm._v)), IFERROR(_xlfn.TEXTJOIN(";",0,_xlpm._pv_pair),""))} | V15: None | W15: —— | X15: —— | Y15: —— | Z15: —— | AA15: —— | AB15: —— | AC15: {=TEXT(VLOOKUP($A15,battle_data!$A:$G,MATCH(INDEX(_xlfn.TEXTSPLIT(AC$3,"|"),1),battle_data!$A$1:$G$1),0)*0.001,"0%")} -> 80% | AD15: {=TEXT(VLOOKUP($A15,battle_data!$A:$G,MATCH(INDEX(_xlfn.TEXTSPLIT(AD$3,"|"),1),battle_data!$A$1:$G$1),0)*0.001,"0%")} -> 0% | AE15: {=TEXT(VLOOKUP($A15,battle_data!$A:$G,MATCH(INDEX(_xlfn.TEXTSPLIT(AE$3,"|"),1),battle_data!$A$1:$G$1),0)*0.001,"0%")} -> 150% | AF15: =SUM($N15:$S15) -> 12 | AG15: =_xlfn.LET(_xlpm.p,($AD15),_xlpm.p*$AE15+(1-_xlpm.p)) -> 1 | AH15: =IF(A15="","",AF15*AG15) -> 12 | AI15: None | AJ15: {=IF($A15="","",_xlfn.SWITCH($AI15, "Melee_Charge",$AH15/$Z15/$W15, "Special_Car_Bomb",$AH15*$W15, "" ))}
AH16: =IF(A16="","",AF16*AG16) | AJ16: {=IF($A16="","",_xlfn.SWITCH($AI16, "Melee_Charge",$AH16/$Z16/$W16, "Special_Car_Bomb",$AH16*$W16, "" ))}
A17: 1330106 | B17: 采矿炸弹 | C17: DScript_Special_CarBomb | D17: 炸药爆炸声 | E17: 炸药爆炸声 | F17: 0 | G17: 0 | H17: 0 | J17: {=_xlfn.TEXTJOIN(";",1,IFERROR(1/K17:L17,""))} -> 0.00208333333333333 | K17: 480 | M17: {=_xlfn.TEXTJOIN(";",1,_xlfn.LAMBDA(_xlpm.x,IF(_xlpm.x<>"",OFFSET(_xlpm.x,3-ROW(),0)&"="&_xlpm.x,""))(N17:S17))} -> blunt=10;fire=10 | O17: 10 | P17: 10 | T17: 20 | U17: {=_xlfn.LET(_xlpm._prms,_xlfn._xlws.FILTER(tb_prms[prm],tb_prms[Type]=$V17), _xlpm._pv_pair,_xlfn.MAP(_xlpm._prms,_xlfn.TAKE(TRANSPOSE(W17:AB17),ROWS(_xlpm._prms)),_xlfn.LAMBDA(_xlpm._p,_xlpm._v,_xlpm._p&"="&_xlpm._v)), IFERROR(_xlfn.TEXTJOIN(";",0,_xlpm._pv_pair),""))} -> usage=3;burst_speed=15;before_atk_sec=0.1;cd=1 | V17: Special_Car_Bomb | W17: 3 | X17: 15 | Y17: 0.1 | Z17: 1 | AA17: —— | AB17: —— | AC17: {=TEXT(VLOOKUP($A17,battle_data!$A:$G,MATCH(INDEX(_xlfn.TEXTSPLIT(AC$3,"|"),1),battle_data!$A$1:$G$1),0)*0.001,"0%")} -> 0% | AD17: {=TEXT(VLOOKUP($A17,battle_data!$A:$G,MATCH(INDEX(_xlfn.TEXTSPLIT(AD$3,"|"),1),battle_data!$A$1:$G$1),0)*0.001,"0%")} -> 0% | AE17: {=TEXT(VLOOKUP($A17,battle_data!$A:$G,MATCH(INDEX(_xlfn.TEXTSPLIT(AE$3,"|"),1),battle_data!$A$1:$G$1),0)*0.001,"0%")} -> 100% | AF17: =SUM($N17:$S17) -> 20 | AG17: =_xlfn.LET(_xlpm.p,($AD17),_xlpm.p*$AE17+(1-_xlpm.p)) -> 1 | AH17: =IF(A17="","",AF17*AG17) -> 20 | AI17: Special_Car_Bomb | AJ17: {=IF($A17="","",_xlfn.SWITCH($AI17, "Melee_Charge",$AH17/$Z17/$W17, "Special_Car_Bomb",$AH17*$W17, "" ))} -> 60
A18: 13301060 | B18: 采矿炸弹 Lv.0 | C18: DScript_Special_CarBomb | D18: 炸药爆炸声 | E18: 炸药爆炸声 | F18: 0 | G18: 0 | H18: 0 | J18: {=_xlfn.TEXTJOIN(";",1,IFERROR(1/K18:L18,""))} -> 0.00208333333333333 | K18: 480 | M18: {=_xlfn.TEXTJOIN(";",1,_xlfn.LAMBDA(_xlpm.x,IF(_xlpm.x<>"",OFFSET(_xlpm.x,3-ROW(),0)&"="&_xlpm.x,""))(N18:S18))} -> blunt=144;fire=144;flash=72 | O18: 144 | P18: 144 | S18: 72 | T18: 20 | U18: {=_xlfn.LET(_xlpm._prms,_xlfn._xlws.FILTER(tb_prms[prm],tb_prms[Type]=$V18), _xlpm._pv_pair,_xlfn.MAP(_xlpm._prms,_xlfn.TAKE(TRANSPOSE(W18:AB18),ROWS(_xlpm._prms)),_xlfn.LAMBDA(_xlpm._p,_xlpm._v,_xlpm._p&"="&_xlpm._v)), IFERROR(_xlfn.TEXTJOIN(";",0,_xlpm._pv_pair),""))} -> usage=1;burst_speed=15;before_atk_sec=0.1;cd=5 | V18: Special_Car_Bomb | W18: 1 | X18: 15 | Y18: 0.1 | Z18: 5 | AA18: —— | AB18: —— | AC18: {=TEXT(VLOOKUP($A18,battle_data!$A:$G,MATCH(INDEX(_xlfn.TEXTSPLIT(AC$3,"|"),1),battle_data!$A$1:$G$1),0)*0.001,"0%")} -> 0% | AD18: {=TEXT(VLOOKUP($A18,battle_data!$A:$G,MATCH(INDEX(_xlfn.TEXTSPLIT(AD$3,"|"),1),battle_data!$A$1:$G$1),0)*0.001,"0%")} -> 0% | AE18: {=TEXT(VLOOKUP($A18,battle_data!$A:$G,MATCH(INDEX(_xlfn.TEXTSPLIT(AE$3,"|"),1),battle_data!$A$1:$G$1),0)*0.001,"0%")} -> 100% | AF18: =SUM($N18:$S18) -> 360 | AG18: =_xlfn.LET(_xlpm.p,($AD18),_xlpm.p*$AE18+(1-_xlpm.p)) -> 1 | AH18: =IF(A18="","",AF18*AG18) -> 360 | AI18: Special_Car_Bomb | AJ18: {=IF($A18="","",_xlfn.SWITCH($AI18, "Melee_Charge",$AH18/$Z18/$W18, "Special_Car_Bomb",$AH18*$W18, "" ))} -> 360 | AK18: 120 | AL18: 单场景时长 | AM18: =AJ18/AK18 -> 3 | AN18: 3 | AO18: {=_xlfn.LAMBDA(_xlpm._dps,_xlpm._info_cell,_xlpm._muldps,ROUND(IF(_xlpm._dps<=0,-10,LOG(_xlpm._dps*IF(_xlpm._muldps,_xlpm._muldps,1)/INDEX(_xlfn.TEXTSPLIT(_xlpm._info_cell,"="),2),1.5)),2))($AM18,AO$3,$AN18)} -> -3.13 | AP18: 0 | AQ18: 1 | AR18: {=_xlfn.LAMBDA(_xlpm._lv,_xlpm._rank,_xlpm._base,_xlpm._lv+INDEX(_xlfn.TEXTSPLIT(_xlpm._base,"="),2)^(_xlpm._rank-2)-1)(AP18,AQ18,AR$3)} -> -0.5 | AS18: 2.5 | AT18: 可用于紧急脱困 | AU18: =AR18*2-AO18-AS18 -> -0.37
A19: 13301061 | B19: 采矿炸弹 Lv.1 | C19: DScript_Special_CarBomb | D19: 炸药爆炸声 | E19: 炸药爆炸声 | F19: 0 | G19: 0 | H19: 0 | J19: {=_xlfn.TEXTJOIN(";",1,IFERROR(1/K19:L19,""))} -> 0.00208333333333333 | K19: 480 | M19: {=_xlfn.TEXTJOIN(";",1,_xlfn.LAMBDA(_xlpm.x,IF(_xlpm.x<>"",OFFSET(_xlpm.x,3-ROW(),0)&"="&_xlpm.x,""))(N19:S19))} -> blunt=144;fire=144;flash=72 | O19: 144 | P19: 144 | S19: 72 | T19: 20 | U19: {=_xlfn.LET(_xlpm._prms,_xlfn._xlws.FILTER(tb_prms[prm],tb_prms[Type]=$V19), _xlpm._pv_pair,_xlfn.MAP(_xlpm._prms,_xlfn.TAKE(TRANSPOSE(W19:AB19),ROWS(_xlpm._prms)),_xlfn.LAMBDA(_xlpm._p,_xlpm._v,_xlpm._p&"="&_xlpm._v)), IFERROR(_xlfn.TEXTJOIN(";",0,_xlpm._pv_pair),""))} -> usage=2;burst_speed=15;before_atk_sec=0.1;cd=5 | V19: Special_Car_Bomb | W19: 2 | X19: 15 | Y19: 0.1 | Z19: 5 | AA19: —— | AB19: —— | AC19: {=TEXT(VLOOKUP($A19,battle_data!$A:$G,MATCH(INDEX(_xlfn.TEXTSPLIT(AC$3,"|"),1),battle_data!$A$1:$G$1),0)*0.001,"0%")} -> 0% | AD19: {=TEXT(VLOOKUP($A19,battle_data!$A:$G,MATCH(INDEX(_xlfn.TEXTSPLIT(AD$3,"|"),1),battle_data!$A$1:$G$1),0)*0.001,"0%")} -> 0% | AE19: {=TEXT(VLOOKUP($A19,battle_data!$A:$G,MATCH(INDEX(_xlfn.TEXTSPLIT(AE$3,"|"),1),battle_data!$A$1:$G$1),0)*0.001,"0%")} -> 100% | AF19: =SUM($N19:$S19) -> 360 | AG19: =_xlfn.LET(_xlpm.p,($AD19),_xlpm.p*$AE19+(1-_xlpm.p)) -> 1 | AH19: =IF(A19="","",AF19*AG19) -> 360 | AI19: Special_Car_Bomb | AJ19: {=IF($A19="","",_xlfn.SWITCH($AI19, "Melee_Charge",$AH19/$Z19/$W19, "Special_Car_Bomb",$AH19*$W19, "" ))} -> 720 | AK19: 120 | AL19: 单场景时长 | AM19: =AJ19/AK19 -> 6 | AN19: 3 | AO19: {=_xlfn.LAMBDA(_xlpm._dps,_xlpm._info_cell,_xlpm._muldps,ROUND(IF(_xlpm._dps<=0,-10,LOG(_xlpm._dps*IF(_xlpm._muldps,_xlpm._muldps,1)/INDEX(_xlfn.TEXTSPLIT(_xlpm._info_cell,"="),2),1.5)),2))($AM19,AO$3,$AN19)} -> -1.42 | AP19: 1 | AQ19: 1 | AR19: {=_xlfn.LAMBDA(_xlpm._lv,_xlpm._rank,_xlpm._base,_xlpm._lv+INDEX(_xlfn.TEXTSPLIT(_xlpm._base,"="),2)^(_xlpm._rank-2)-1)(AP19,AQ19,AR$3)} -> 0.5 | AS19: 2.5 | AT19: 可用于紧急脱困 | AU19: =AR19*2-AO19-AS19 -> -0.08
A20: 13301062 | B20: 采矿炸弹 Lv.2 | C20: DScript_Special_CarBomb | D20: 炸药爆炸声 | E20: 炸药爆炸声 | F20: 0 | G20: 0 | H20: 0 | J20: {=_xlfn.TEXTJOIN(";",1,IFERROR(1/K20:L20,""))} -> 0.00208333333333333 | K20: 480 | M20: {=_xlfn.TEXTJOIN(";",1,_xlfn.LAMBDA(_xlpm.x,IF(_xlpm.x<>"",OFFSET(_xlpm.x,3-ROW(),0)&"="&_xlpm.x,""))(N20:S20))} -> blunt=216;fire=216;flash=108 | O20: 216 | P20: 216 | S20: 108 | T20: 20 | U20: {=_xlfn.LET(_xlpm._prms,_xlfn._xlws.FILTER(tb_prms[prm],tb_prms[Type]=$V20), _xlpm._pv_pair,_xlfn.MAP(_xlpm._prms,_xlfn.TAKE(TRANSPOSE(W20:AB20),ROWS(_xlpm._prms)),_xlfn.LAMBDA(_xlpm._p,_xlpm._v,_xlpm._p&"="&_xlpm._v)), IFERROR(_xlfn.TEXTJOIN(";",0,_xlpm._pv_pair),""))} -> usage=2;burst_speed=15;before_atk_sec=0.1;cd=5 | V20: Special_Car_Bomb | W20: 2 | X20: 15 | Y20: 0.1 | Z20: 5 | AA20: —— | AB20: —— | AC20: {=TEXT(VLOOKUP($A20,battle_data!$A:$G,MATCH(INDEX(_xlfn.TEXTSPLIT(AC$3,"|"),1),battle_data!$A$1:$G$1),0)*0.001,"0%")} -> 0% | AD20: {=TEXT(VLOOKUP($A20,battle_data!$A:$G,MATCH(INDEX(_xlfn.TEXTSPLIT(AD$3,"|"),1),battle_data!$A$1:$G$1),0)*0.001,"0%")} -> 0% | AE20: {=TEXT(VLOOKUP($A20,battle_data!$A:$G,MATCH(INDEX(_xlfn.TEXTSPLIT(AE$3,"|"),1),battle_data!$A$1:$G$1),0)*0.001,"0%")} -> 100% | AF20: =SUM($N20:$S20) -> 540 | AG20: =_xlfn.LET(_xlpm.p,($AD20),_xlpm.p*$AE20+(1-_xlpm.p)) -> 1 | AH20: =IF(A20="","",AF20*AG20) -> 540 | AI20: Special_Car_Bomb | AJ20: {=IF($A20="","",_xlfn.SWITCH($AI20, "Melee_Charge",$AH20/$Z20/$W20, "Special_Car_Bomb",$AH20*$W20, "" ))} -> 1080 | AK20: 120 | AL20: 单场景时长 | AM20: =AJ20/AK20 -> 9 | AN20: 3 | AO20: {=_xlfn.LAMBDA(_xlpm._dps,_xlpm._info_cell,_xlpm._muldps,ROUND(IF(_xlpm._dps<=0,-10,LOG(_xlpm._dps*IF(_xlpm._muldps,_xlpm._muldps,1)/INDEX(_xlfn.TEXTSPLIT(_xlpm._info_cell,"="),2),1.5)),2))($AM20,AO$3,$AN20)} -> -0.42 | AP20: 2 | AQ20: 1 | AR20: {=_xlfn.LAMBDA(_xlpm._lv,_xlpm._rank,_xlpm._base,_xlpm._lv+INDEX(_xlfn.TEXTSPLIT(_xlpm._base,"="),2)^(_xlpm._rank-2)-1)(AP20,AQ20,AR$3)} -> 1.5 | AS20: 2.5 | AT20: 可用于紧急脱困 | AU20: =AR20*2-AO20-AS20 -> 0.92
A21: 13301063 | B21: 采矿炸弹 Lv.3 | C21: DScript_Special_CarBomb | D21: 炸药爆炸声 | E21: 炸药爆炸声 | F21: 0 | G21: 0 | H21: 0 | J21: {=_xlfn.TEXTJOIN(";",1,IFERROR(1/K21:L21,""))} -> 0.00208333333333333 | K21: 480 | M21: {=_xlfn.TEXTJOIN(";",1,_xlfn.LAMBDA(_xlpm.x,IF(_xlpm.x<>"",OFFSET(_xlpm.x,3-ROW(),0)&"="&_xlpm.x,""))(N21:S21))} -> blunt=216;fire=216;flash=108 | O21: 216 | P21: 216 | S21: 108 | T21: 20 | U21: {=_xlfn.LET(_xlpm._prms,_xlfn._xlws.FILTER(tb_prms[prm],tb_prms[Type]=$V21), _xlpm._pv_pair,_xlfn.MAP(_xlpm._prms,_xlfn.TAKE(TRANSPOSE(W21:AB21),ROWS(_xlpm._prms)),_xlfn.LAMBDA(_xlpm._p,_xlpm._v,_xlpm._p&"="&_xlpm._v)), IFERROR(_xlfn.TEXTJOIN(";",0,_xlpm._pv_pair),""))} -> usage=3;burst_speed=15;before_atk_sec=0.1;cd=5 | V21: Special_Car_Bomb | W21: 3 | X21: 15 | Y21: 0.1 | Z21: 5 | AA21: —— | AB21: —— | AC21: {=TEXT(VLOOKUP($A21,battle_data!$A:$G,MATCH(INDEX(_xlfn.TEXTSPLIT(AC$3,"|"),1),battle_data!$A$1:$G$1),0)*0.001,"0%")} -> 0% | AD21: {=TEXT(VLOOKUP($A21,battle_data!$A:$G,MATCH(INDEX(_xlfn.TEXTSPLIT(AD$3,"|"),1),battle_data!$A$1:$G$1),0)*0.001,"0%")} -> 0% | AE21: {=TEXT(VLOOKUP($A21,battle_data!$A:$G,MATCH(INDEX(_xlfn.TEXTSPLIT(AE$3,"|"),1),battle_data!$A$1:$G$1),0)*0.001,"0%")} -> 100% | AF21: =SUM($N21:$S21) -> 540 | AG21: =_xlfn.LET(_xlpm.p,($AD21),_xlpm.p*$AE21+(1-_xlpm.p)) -> 1 | AH21: =IF(A21="","",AF21*AG21) -> 540 | AI21: Special_Car_Bomb | AJ21: {=IF($A21="","",_xlfn.SWITCH($AI21, "Melee_Charge",$AH21/$Z21/$W21, "Special_Car_Bomb",$AH21*$W21, "" ))} -> 1620 | AK21: 120 | AL21: 单场景时长 | AM21: =AJ21/AK21 -> 13.5 | AN21: 3 | AO21: {=_xlfn.LAMBDA(_xlpm._dps,_xlpm._info_cell,_xlpm._muldps,ROUND(IF(_xlpm._dps<=0,-10,LOG(_xlpm._dps*IF(_xlpm._muldps,_xlpm._muldps,1)/INDEX(_xlfn.TEXTSPLIT(_xlpm._info_cell,"="),2),1.5)),2))($AM21,AO$3,$AN21)} -> 0.58 | AP21: 3 | AQ21: 1 | AR21: {=_xlfn.LAMBDA(_xlpm._lv,_xlpm._rank,_xlpm._base,_xlpm._lv+INDEX(_xlfn.TEXTSPLIT(_xlpm._base,"="),2)^(_xlpm._rank-2)-1)(AP21,AQ21,AR$3)} -> 2.5 | AS21: 2.5 | AT21: 可用于紧急脱困 | AU21: =AR21*2-AO21-AS21 -> 1.92
A22: 13301064 | B22: 采矿炸弹 Lv.4 | C22: DScript_Special_CarBomb | D22: 炸药爆炸声 | E22: 炸药爆炸声 | F22: 0 | G22: 0 | H22: 0 | J22: {=_xlfn.TEXTJOIN(";",1,IFERROR(1/K22:L22,""))} -> 0.00208333333333333 | K22: 480 | M22: {=_xlfn.TEXTJOIN(";",1,_xlfn.LAMBDA(_xlpm.x,IF(_xlpm.x<>"",OFFSET(_xlpm.x,3-ROW(),0)&"="&_xlpm.x,""))(N22:S22))} -> blunt=324;fire=324;flash=162 | O22: 324 | P22: 324 | S22: 162 | T22: 20 | U22: {=_xlfn.LET(_xlpm._prms,_xlfn._xlws.FILTER(tb_prms[prm],tb_prms[Type]=$V22), _xlpm._pv_pair,_xlfn.MAP(_xlpm._prms,_xlfn.TAKE(TRANSPOSE(W22:AB22),ROWS(_xlpm._prms)),_xlfn.LAMBDA(_xlpm._p,_xlpm._v,_xlpm._p&"="&_xlpm._v)), IFERROR(_xlfn.TEXTJOIN(";",0,_xlpm._pv_pair),""))} -> usage=3;burst_speed=15;before_atk_sec=0.1;cd=5 | V22: Special_Car_Bomb | W22: 3 | X22: 15 | Y22: 0.1 | Z22: 5 | AA22: —— | AB22: —— | AC22: {=TEXT(VLOOKUP($A22,battle_data!$A:$G,MATCH(INDEX(_xlfn.TEXTSPLIT(AC$3,"|"),1),battle_data!$A$1:$G$1),0)*0.001,"0%")} -> 0% | AD22: {=TEXT(VLOOKUP($A22,battle_data!$A:$G,MATCH(INDEX(_xlfn.TEXTSPLIT(AD$3,"|"),1),battle_data!$A$1:$G$1),0)*0.001,"0%")} -> 0% | AE22: {=TEXT(VLOOKUP($A22,battle_data!$A:$G,MATCH(INDEX(_xlfn.TEXTSPLIT(AE$3,"|"),1),battle_data!$A$1:$G$1),0)*0.001,"0%")} -> 100% | AF22: =SUM($N22:$S22) -> 810 | AG22: =_xlfn.LET(_xlpm.p,($AD22),_xlpm.p*$AE22+(1-_xlpm.p)) -> 1 | AH22: =IF(A22="","",AF22*AG22) -> 810 | AI22: Special_Car_Bomb | AJ22: {=IF($A22="","",_xlfn.SWITCH($AI22, "Melee_Charge",$AH22/$Z22/$W22, "Special_Car_Bomb",$AH22*$W22, "" ))} -> 2430 | AK22: 120 | AL22: 单场景时长 | AM22: =AJ22/AK22 -> 20.25 | AN22: 3 | AO22: {=_xlfn.LAMBDA(_xlpm._dps,_xlpm._info_cell,_xlpm._muldps,ROUND(IF(_xlpm._dps<=0,-10,LOG(_xlpm._dps*IF(_xlpm._muldps,_xlpm._muldps,1)/INDEX(_xlfn.TEXTSPLIT(_xlpm._info_cell,"="),2),1.5)),2))($AM22,AO$3,$AN22)} -> 1.58 | AP22: 4 | AQ22: 1 | AR22: {=_xlfn.LAMBDA(_xlpm._lv,_xlpm._rank,_xlpm._base,_xlpm._lv+INDEX(_xlfn.TEXTSPLIT(_xlpm._base,"="),2)^(_xlpm._rank-2)-1)(AP22,AQ22,AR$3)} -> 3.5 | AS22: 2.5 | AT22: 可用于紧急脱困 | AU22: =AR22*2-AO22-AS22 -> 2.92
