Workbook

Sheet monster
A1: id | B1: name | E1: sub_table_name | F1: sub_table_key | G1: SE_attack | H1: hp | I1: def | J1: mass | K1: is_block_car | L1: is_elite | M1: diy_atk | T1: ts | U1: dodge | V1: base_speed | X1: max_force | Y1: is_follow | Z1: k_hurt | AA1: monster_view | AC1: monster_behaviour_tree | AD1: fire_logic | AE1: feedback | AF1: loot_list | AG1: death_vfx | AM1: enemy_tags | AN1: component | AO1: sub_monsters | AT1: diy_prms
A2: uint key | B2: string | E2: string | F2: string | G2: string | H2: int | I2: int | J2: float | K2: bool | L2: bool | M2: dict<string,int> | T2: int | U2: int | V2: float | X2: float | Y2: bool | Z2: dict<string,int> | AA2: string | AC2: string | AD2: int | AE2: float | AF2: dict<uint,float> | AG2: string[] | AM2: string[] | AN2: uint[] | AO2: dict<string,int> | AT2: dict<string,string>
A3: 怪物id | B3: 怪物名称 查localization表id | C3: 备注1 地区 | D3: 备注2 名称 | G3: 攻击音效 | H3: 血量 | I3: 减伤 | J3: 重量 | K3: 阻碍车辆 | M3: 伤害 近战用 | N3: sharp | O3: blunt | P3: fire | Q3: acid | R3: wrap | S3: flash | T3: 必中 0~100 | U3: 闪避 0~100 | V3: 基础速度 飞行用 灰色表示数据将由后方自定义参数控制 | W3: 辅助列 加速度 | X3: 推力最大值 飞行用 | Y3: 是否幽浮 飞行用 | Z3: 伤害修正 | AA3: 预制体 address | AB3: unity resource name | AC3: ai控制脚本 Scripts/World/Enemys/BT | AD3: 射击逻辑 | AE3: 阻力系数 | AF3: 掉落物列表 dict<loot表id, 概率> 概率配置值1 = 100% | AG3: 死亡特效 null = 不播放任何特效 | AH3: 辅助列1 | AI3: 辅助列2 | AJ3: 辅助列3 | AK3: 辅助列4 | AL3: 辅助列5 | AM3: 怪物标签 | AN3: 组合 | AO3: 组合 | AP3: 辅助列3 | AQ3: 辅助列3 | AR3: 辅助列3 | AS3: 辅助列3 | AT3: 自定义参数
A4: 201101 | B4: =_xlfn.TEXTJOIN("_",1,"enemy",$A4) -> enemy_201101 | C4: 地宫 | D4: 地宫蝙蝠 | G4: se_ag_bat_bite | H4: 26 | I4: 0 | J4: 2.4 | M4: {=_xlfn.TEXTJOIN(";",1,_xlfn.LAMBDA(_xlpm.x,IF(_xlpm.x<>"",OFFSET(_xlpm.x,3-ROW(),0)&"="&_xlpm.x,""))(N4:S4))} -> sharp=6 | N4: 6 | AA4: =_xlfn.TEXTJOIN("_",1,"monster",$A4,$AB4) -> monster_201101_dungeon_bat | AB4: dungeon_bat | AC4: =_xlfn.TEXTJOIN("_",1,"BT",$AB4) -> BT_dungeon_bat | AE4: 0.25 | AF4: =_xlfn.XLOOKUP(A4,'-loot_list辅助配置表'!A:A,'-loot_list辅助配置表'!V:V) -> 10000=0.0048;600109=0.0001 | AG4: =_xlfn.TEXTJOIN(";",1,AH4:AL4) -> vfx_monster_die_1;vfx_monster_die_2;vfx_monster_die_3;vfx_monster_die_4 | AH4: vfx_monster_die_1 | AI4: vfx_monster_die_2 | AJ4: vfx_monster_die_3 | AK4: vfx_monster_die_4 | AN4: 0 | AO4: {=_xlfn.TEXTJOIN(";",1,IF(AP4:AQ4<>"",AP4:AQ4&"="&AR4:AS4,""))}
A5: 201102 | B5: =_xlfn.TEXTJOIN("_",1,"enemy",$A5) -> enemy_201102 | C5: 地宫 | D5: 自爆甲虫 | H5: 2 | I5: -1 | J5: 0.8 | M5: {=_xlfn.TEXTJOIN(";",1,_xlfn.LAMBDA(_xlpm.x,IF(_xlpm.x<>"",OFFSET(_xlpm.x,3-ROW(),0)&"="&_xlpm.x,""))(N5:S5))} -> sharp=10 | N5: 10 | AA5: =_xlfn.TEXTJOIN("_",1,"monster",$A5,$AB5) -> monster_201102_dungeon_beatle | AB5: dungeon_beatle | AC5: =_xlfn.TEXTJOIN("_",1,"BT",$AB5) -> BT_dungeon_beatle | AE5: 0.1 | AF5: =_xlfn.XLOOKUP(A5,'-loot_list辅助配置表'!A:A,'-loot_list辅助配置表'!V:V) | AG5: =_xlfn.TEXTJOIN(";",1,AH5:AL5) -> vfx_monster_die_1;vfx_monster_die_2;vfx_monster_die_3;vfx_monster_die_4;vfx_monster_die_explosion | AH5: vfx_monster_die_1 | AI5: vfx_monster_die_2 | AJ5: vfx_monster_die_3 | AK5: vfx_monster_die_4 | AL5: vfx_monster_die_explosion | AN5: 0 | AO5: {=_xlfn.TEXTJOIN(";",1,IF(AP5:AQ5<>"",AP5:AQ5&"="&AR5:AS5,""))}
A6: 201103 | B6: =_xlfn.TEXTJOIN("_",1,"enemy",$A6) -> enemy_201103 | C6: 地宫 | D6: 跳虫 | H6: 44 | I6: 0 | J6: 7.5 | K6: TRUE | M6: {=_xlfn.TEXTJOIN(";",1,_xlfn.LAMBDA(_xlpm.x,IF(_xlpm.x<>"",OFFSET(_xlpm.x,3-ROW(),0)&"="&_xlpm.x,""))(N6:S6))} -> sharp=6 | N6: 6 | AA6: =_xlfn.TEXTJOIN("_",1,"monster",$A6,$AB6) -> monster_201103_dungeon_springtail | AB6: dungeon_springtail | AC6: =_xlfn.TEXTJOIN("_",1,"BT",$AB6) -> BT_dungeon_springtail | AE6: 0.12 | AF6: =_xlfn.XLOOKUP(A6,'-loot_list辅助配置表'!A:A,'-loot_list辅助配置表'!V:V) -> 10000=0.0048;600109=0.0001 | AG6: =_xlfn.TEXTJOIN(";",1,AH6:AL6) -> vfx_monster_die_1;vfx_monster_die_2;vfx_monster_die_3;vfx_monster_die_4 | AH6: vfx_monster_die_1 | AI6: vfx_monster_die_2 | AJ6: vfx_monster_die_3 | AK6: vfx_monster_die_4 | AN6: 0 | AO6: {=_xlfn.TEXTJOIN(";",1,IF(AP6:AQ6<>"",AP6:AQ6&"="&AR6:AS6,""))}
A7: 201104 | B7: =_xlfn.TEXTJOIN("_",1,"enemy",$A7) -> enemy_201104 | C7: 地宫 | D7: 地宫洞穴人 | H7: 66 | I7: 1 | J7: 20 | K7: TRUE | M7: {=_xlfn.TEXTJOIN(";",1,_xlfn.LAMBDA(_xlpm.x,IF(_xlpm.x<>"",OFFSET(_xlpm.x,3-ROW(),0)&"="&_xlpm.x,""))(N7:S7))} -> sharp=7 | N7: 7 | AA7: =_xlfn.TEXTJOIN("_",1,"monster",$A7,$AB7) -> monster_201104_dungeon_caveman | AB7: dungeon_caveman | AC7: =_xlfn.TEXTJOIN("_",1,"BT",$AB7) -> BT_dungeon_caveman | AD7: =A7 -> 201104 | AE7: 0.17 | AF7: =_xlfn.XLOOKUP(A7,'-loot_list辅助配置表'!A:A,'-loot_list辅助配置表'!V:V) -> 10000=0.0048;600109=0.0001 | AG7: =_xlfn.TEXTJOIN(";",1,AH7:AL7) -> vfx_monster_die_1;vfx_monster_die_2;vfx_monster_die_3;vfx_monster_die_4 | AH7: vfx_monster_die_1 | AI7: vfx_monster_die_2 | AJ7: vfx_monster_die_3 | AK7: vfx_monster_die_4 | AN7: 0 | AO7: {=_xlfn.TEXTJOIN(";",1,IF(AP7:AQ7<>"",AP7:AQ7&"="&AR7:AS7,""))}
A8: 201105 | B8: =_xlfn.TEXTJOIN("_",1,"enemy",$A8) -> enemy_201105 | C8: 地宫 | D8: 跳虫骑手 | H8: 55 | I8: 2 | J8: 27.5 | K8: TRUE | M8: {=_xlfn.TEXTJOIN(";",1,_xlfn.LAMBDA(_xlpm.x,IF(_xlpm.x<>"",OFFSET(_xlpm.x,3-ROW(),0)&"="&_xlpm.x,""))(N8:S8))} | AA8: =_xlfn.TEXTJOIN("_",1,"monster",$A8,$AB8) -> monster_201105_dungeon_springtail_rider | AB8: dungeon_springtail_rider | AC8: =_xlfn.TEXTJOIN("_",1,"BT",$AB8) -> BT_dungeon_springtail_rider | AD8: =A8 -> 201105 | AE8: 0.2 | AF8: =_xlfn.XLOOKUP(A8,'-loot_list辅助配置表'!A:A,'-loot_list辅助配置表'!V:V) | AG8: =_xlfn.TEXTJOIN(";",1,AH8:AL8) -> vfx_monster_die_1;vfx_monster_die_2;vfx_monster_die_3;vfx_monster_die_4;null | AH8: vfx_monster_die_1 | AI8: vfx_monster_die_2 | AJ8: vfx_monster_die_3 | AK8: vfx_monster_die_4 | AL8: null | AN8: 201103;201104 | AO8: {=_xlfn.TEXTJOIN(";",1,IF(AP8:AQ8<>"",AP8:AQ8&"="&AR8:AS8,""))} -> Mount=201103;Rider=201104 | AP8: Mount | AQ8: Rider | AR8: 201103 | AS8: 201104
A9: 201106 | B9: =_xlfn.TEXTJOIN("_",1,"enemy",$A9) -> enemy_201106 | C9: 地宫 | D9: 蝙蝠骑手 | H9: 33 | I9: 1 | J9: 22.4 | M9: {=_xlfn.TEXTJOIN(";",1,_xlfn.LAMBDA(_xlpm.x,IF(_xlpm.x<>"",OFFSET(_xlpm.x,3-ROW(),0)&"="&_xlpm.x,""))(N9:S9))} | AA9: =_xlfn.TEXTJOIN("_",1,"monster",$A9,$AB9) -> monster_201106_dungeon_bat_rider | AB9: dungeon_bat_rider | AC9: =_xlfn.TEXTJOIN("_",1,"BT",$AB9) -> BT_dungeon_bat_rider | AD9: =A9 -> 201106 | AE9: 0.2 | AF9: =_xlfn.XLOOKUP(A9,'-loot_list辅助配置表'!A:A,'-loot_list辅助配置表'!V:V) | AG9: =_xlfn.TEXTJOIN(";",1,AH9:AL9) -> vfx_monster_die_1;vfx_monster_die_2;vfx_monster_die_3;vfx_monster_die_4;null | AH9: vfx_monster_die_1 | AI9: vfx_monster_die_2 | AJ9: vfx_monster_die_3 | AK9: vfx_monster_die_4 | AL9: null | AN9: 201101;201104 | AO9: {=_xlfn.TEXTJOIN(";",1,IF(AP9:AQ9<>"",AP9:AQ9&"="&AR9:AS9,""))} -> Mount=201101;Rider=201104 | AP9: Mount | AQ9: Rider | AR9: 201101 | AS9: 201104
A10: 201107 | B10: =_xlfn.TEXTJOIN("_",1,"enemy",$A10) -> enemy_201107 | C10: 地宫 | D10: 流浪洞穴人 | H10: 44 | I10: 0 | J10: 20 | K10: TRUE | M10: {=_xlfn.TEXTJOIN(";",1,_xlfn.LAMBDA(_xlpm.x,IF(_xlpm.x<>"",OFFSET(_xlpm.x,3-ROW(),0)&"="&_xlpm.x,""))(N10:S10))} | AA10: =_xlfn.TEXTJOIN("_",1,"monster",$A10,$AB10) -> monster_201107_dungeon_caveman_wanderer | AB10: dungeon_caveman_wanderer | AC10: =_xlfn.TEXTJOIN("_",1,"BT",$AB10) -> BT_dungeon_caveman_wanderer | AD10: =A10 -> 201107 | AE10: 0.17 | AF10: =_xlfn.XLOOKUP(A10,'-loot_list辅助配置表'!A:A,'-loot_list辅助配置表'!V:V) -> 10000=0.0048;600109=0.0001 | AG10: =_xlfn.TEXTJOIN(";",1,AH10:AL10) -> vfx_monster_die_1;vfx_monster_die_2;vfx_monster_die_3;vfx_monster_die_4 | AH10: vfx_monster_die_1 | AI10: vfx_monster_die_2 | AJ10: vfx_monster_die_3 | AK10: vfx_monster_die_4 | AN10: 0 | AO10: {=_xlfn.TEXTJOIN(";",1,IF(AP10:AQ10<>"",AP10:AQ10&"="&AR10:AS10,""))}
A11: 201108 | B11: =_xlfn.TEXTJOIN("_",1,"enemy",$A11) -> enemy_201108 | C11: 地宫 | D11: 纵火洞穴人 | H11: 52 | I11: 0 | J11: 20 | K11: TRUE | M11: {=_xlfn.TEXTJOIN(";",1,_xlfn.LAMBDA(_xlpm.x,IF(_xlpm.x<>"",OFFSET(_xlpm.x,3-ROW(),0)&"="&_xlpm.x,""))(N11:S11))} | AA11: =_xlfn.TEXTJOIN("_",1,"monster",$A11,$AB11) -> monster_201108_dungeon_caveman_arsonist | AB11: dungeon_caveman_arsonist | AC11: BT_dungeon_caveman_wanderer | AD11: =A11 -> 201108 | AE11: 0.17 | AF11: =_xlfn.XLOOKUP(A11,'-loot_list辅助配置表'!A:A,'-loot_list辅助配置表'!V:V) -> 10000=0.0048;600109=0.0001 | AG11: =_xlfn.TEXTJOIN(";",1,AH11:AL11) -> vfx_monster_die_1;vfx_monster_die_2;vfx_monster_die_3;vfx_monster_die_4 | AH11: vfx_monster_die_1 | AI11: vfx_monster_die_2 | AJ11: vfx_monster_die_3 | AK11: vfx_monster_die_4 | AN11: 0 | AO11: {=_xlfn.TEXTJOIN(";",1,IF(AP11:AQ11<>"",AP11:AQ11&"="&AR11:AS11,""))}
A12: 201109 | B12: =_xlfn.TEXTJOIN("_",1,"enemy",$A12) -> enemy_201109 | C12: 地宫 | D12: 暴徒洞穴人 | H12: 59 | I12: 0 | J12: 20 | K12: TRUE | M12: {=_xlfn.TEXTJOIN(";",1,_xlfn.LAMBDA(_xlpm.x,IF(_xlpm.x<>"",OFFSET(_xlpm.x,3-ROW(),0)&"="&_xlpm.x,""))(N12:S12))} | AA12: =_xlfn.TEXTJOIN("_",1,"monster",$A12,$AB12) -> monster_201109_dungeon_caveman_mob | AB12: dungeon_caveman_mob | AC12: BT_dungeon_caveman_wanderer | AD12: =A12 -> 201109 | AE12: 0.17 | AF12: =_xlfn.XLOOKUP(A12,'-loot_list辅助配置表'!A:A,'-loot_list辅助配置表'!V:V) -> 10000=0.0048;600109=0.0001 | AG12: =_xlfn.TEXTJOIN(";",1,AH12:AL12) -> vfx_monster_die_1;vfx_monster_die_2;vfx_monster_die_3;vfx_monster_die_4 | AH12: vfx_monster_die_1 | AI12: vfx_monster_die_2 | AJ12: vfx_monster_die_3 | AK12: vfx_monster_die_4 | AN12: 0 | AO12: {=_xlfn.TEXTJOIN(";",1,IF(AP12:AQ12<>"",AP12:AQ12&"="&AR12:AS12,""))}
A14: 211101 | B14: =_xlfn.TEXTJOIN("_",1,"enemy",$A14) -> enemy_211101 | C14: 地宫 | D14: 地宫捕奴车-近战 | E14: sub_monster_car | F14: 1 | J14: 1200 | M14: {=_xlfn.TEXTJOIN(";",1,_xlfn.LAMBDA(_xlpm.x,IF(_xlpm.x<>"",OFFSET(_xlpm.x,3-ROW(),0)&"="&_xlpm.x,""))(N14:S14))} -> sharp=20 | N14: 20 | AF14: =_xlfn.XLOOKUP(A14,'-loot_list辅助配置表'!A:A,'-loot_list辅助配置表'!V:V) -> 10000=0.1 | AG14: =_xlfn.TEXTJOIN(";",1,AH14:AL14) -> vfx_monster_die_1;vfx_monster_die_2;vfx_monster_die_3;vfx_monster_die_4 | AH14: vfx_monster_die_1 | AI14: vfx_monster_die_2 | AJ14: vfx_monster_die_3 | AK14: vfx_monster_die_4
A15: 211102 | B15: =_xlfn.TEXTJOIN("_",1,"enemy",$A15) -> enemy_211102 | C15: 地宫 | D15: 地宫捕奴车-远程 | E15: sub_monster_car | F15: 2 | J15: 1200 | M15: {=_xlfn.TEXTJOIN(";",1,_xlfn.LAMBDA(_xlpm.x,IF(_xlpm.x<>"",OFFSET(_xlpm.x,3-ROW(),0)&"="&_xlpm.x,""))(N15:S15))} -> sharp=20 | N15: 20 | AF15: =_xlfn.XLOOKUP(A15,'-loot_list辅助配置表'!A:A,'-loot_list辅助配置表'!V:V) -> 10000=0.1 | AG15: =_xlfn.TEXTJOIN(";",1,AH15:AL15) -> vfx_monster_die_1;vfx_monster_die_2;vfx_monster_die_3;vfx_monster_die_4 | AH15: vfx_monster_die_1 | AI15: vfx_monster_die_2 | AJ15: vfx_monster_die_3 | AK15: vfx_monster_die_4
A16: 211111 | B16: =_xlfn.TEXTJOIN("_",1,"enemy",$A16) -> enemy_211111 | C16: 地宫 | D16: 地宫装甲车-近战 | E16: sub_monster_car | F16: =A16 -> 211111 | J16: 5000 | M16: {=_xlfn.TEXTJOIN(";",1,_xlfn.LAMBDA(_xlpm.x,IF(_xlpm.x<>"",OFFSET(_xlpm.x,3-ROW(),0)&"="&_xlpm.x,""))(N16:S16))} -> sharp=20 | N16: 20 | AF16: =_xlfn.XLOOKUP(A16,'-loot_list辅助配置表'!A:A,'-loot_list辅助配置表'!V:V) -> 10000=0.1 | AG16: =_xlfn.TEXTJOIN(";",1,AH16:AL16) -> vfx_monster_die_1;vfx_monster_die_2;vfx_monster_die_3;vfx_monster_die_4 | AH16: vfx_monster_die_1 | AI16: vfx_monster_die_2 | AJ16: vfx_monster_die_3 | AK16: vfx_monster_die_4
A17: 211112 | B17: =_xlfn.TEXTJOIN("_",1,"enemy",$A17) -> enemy_211112 | C17: 地宫 | D17: 地宫装甲车-远程 | E17: sub_monster_car | F17: =A17 -> 211112 | J17: 5000 | M17: {=_xlfn.TEXTJOIN(";",1,_xlfn.LAMBDA(_xlpm.x,IF(_xlpm.x<>"",OFFSET(_xlpm.x,3-ROW(),0)&"="&_xlpm.x,""))(N17:S17))} -> sharp=20 | N17: 20 | AF17: =_xlfn.XLOOKUP(A17,'-loot_list辅助配置表'!A:A,'-loot_list辅助配置表'!V:V) -> 10000=0.1 | AG17: =_xlfn.TEXTJOIN(";",1,AH17:AL17) -> vfx_monster_die_1;vfx_monster_die_2;vfx_monster_die_3;vfx_monster_die_4 | AH17: vfx_monster_die_1 | AI17: vfx_monster_die_2 | AJ17: vfx_monster_die_3 | AK17: vfx_monster_die_4
A19: 201401 | B19: =_xlfn.TEXTJOIN("_",1,"enemy",$A19) -> enemy_201401 | C19: 树梢 | D19: 古灯 | G19: se_ag_bat_bite | H19: 19 | I19: 0 | J19: 4 | M19: {=_xlfn.TEXTJOIN(";",1,_xlfn.LAMBDA(_xlpm.x,IF(_xlpm.x<>"",OFFSET(_xlpm.x,3-ROW(),0)&"="&_xlpm.x,""))(N19:S19))} -> sharp=5 | N19: 5 | V19: 10 | W19: 25 | X19: =$W19*$J19 -> 100 | AA19: =_xlfn.TEXTJOIN("_",1,"monster",$A19,$AB19) -> monster_201401_Treetop_Lamp | AB19: Treetop_Lamp | AC19: =_xlfn.TEXTJOIN("_",1,"BT",$AB19) -> BT_Treetop_Lamp | AE19: 0.15 | AF19: =_xlfn.XLOOKUP(A19,'-loot_list辅助配置表'!A:A,'-loot_list辅助配置表'!V:V) -> 10000=0.0048;600404=0.0001 | AG19: =_xlfn.TEXTJOIN(";",1,AH19:AL19) -> vfx_monster_die_1;vfx_monster_die_2;vfx_monster_die_3;vfx_monster_die_4 | AH19: vfx_monster_die_1 | AI19: vfx_monster_die_2 | AJ19: vfx_monster_die_3 | AK19: vfx_monster_die_4 | AN19: 0 | AO19: {=_xlfn.TEXTJOIN(";",1,IF(AP19:AQ19<>"",AP19:AQ19&"="&AR19:AS19,""))} | AT19: {=_xlfn.LET(_xlpm._tb,"tb_diy_0"&MID(A19,4,1),_xlfn.TEXTJOIN(";",1,_xlfn.MAP(INDIRECT(_xlpm._tb&"[id]"),INDIRECT(_xlpm._tb&"[parm_key]"),INDIRECT(_xlpm._tb&"[parm_value]"),_xlfn.LAMBDA(_xlpm._id,_xlpm._k,_xlpm._v,IF(_xlpm._id=A19,_xlpm._k&"="&_xlpm._v,"")))))}
A20: 201402 | B20: =_xlfn.TEXTJOIN("_",1,"enemy",$A20) -> enemy_201402 | C20: 树梢 | D20: 毒刺果实丛 | G20: se_ag_bat_bite | H20: 33 | I20: 0 | J20: 4 | M20: {=_xlfn.TEXTJOIN(";",1,_xlfn.LAMBDA(_xlpm.x,IF(_xlpm.x<>"",OFFSET(_xlpm.x,3-ROW(),0)&"="&_xlpm.x,""))(N20:S20))} | V20: 10 | W20: 25 | X20: =$W20*$J20 -> 100 | AA20: =_xlfn.TEXTJOIN("_",1,"monster",$A20,$AB20) -> monster_201402_Treetop_Berry_Bush | AB20: Treetop_Berry_Bush | AC20: =_xlfn.TEXTJOIN("_",1,"BT",$AB20) -> BT_Treetop_Berry_Bush | AE20: 0.15 | AF20: =_xlfn.XLOOKUP(A20,'-loot_list辅助配置表'!A:A,'-loot_list辅助配置表'!V:V) -> 10000=0.0048;600404=0.0001 | AG20: =_xlfn.TEXTJOIN(";",1,AH20:AL20) -> vfx_monster_die_1;vfx_monster_die_2;vfx_monster_die_3;vfx_monster_die_4 | AH20: vfx_monster_die_1 | AI20: vfx_monster_die_2 | AJ20: vfx_monster_die_3 | AK20: vfx_monster_die_4 | AN20: 0 | AO20: {=_xlfn.TEXTJOIN(";",1,IF(AP20:AQ20<>"",AP20:AQ20&"="&AR20:AS20,""))} | AT20: {=_xlfn.LET(_xlpm._tb,"tb_diy_0"&MID(A20,4,1),_xlfn.TEXTJOIN(";",1,_xlfn.MAP(INDIRECT(_xlpm._tb&"[id]"),INDIRECT(_xlpm._tb&"[parm_key]"),INDIRECT(_xlpm._tb&"[parm_value]"),_xlfn.LAMBDA(_xlpm._id,_xlpm._k,_xlpm._v,IF(_xlpm._id=A20,_xlpm._k&"="&_xlpm._v,"")))))} -> SUB_CELL_COUNT=4;SUB_CELL_POS_X_AREA=-0.5,0.5;SUB_CELL_POS_Y_AREA=-1.5,0
A21: 201403 | B21: =_xlfn.TEXTJOIN("_",1,"enemy",$A21) -> enemy_201403 | C21: 树梢 | D21: 毒刺果实 | G21: se_ag_bat_bite | H21: 18 | I21: 0 | J21: 4.5 | K21: TRUE | M21: {=_xlfn.TEXTJOIN(";",1,_xlfn.LAMBDA(_xlpm.x,IF(_xlpm.x<>"",OFFSET(_xlpm.x,3-ROW(),0)&"="&_xlpm.x,""))(N21:S21))} -> sharp=7 | N21: 7 | V21: 10 | W21: 25 | X21: =$W21*$J21 -> 112.5 | AA21: =_xlfn.TEXTJOIN("_",1,"monster",$A21,$AB21) -> monster_201403_Treetop_Berry | AB21: Treetop_Berry | AC21: =_xlfn.TEXTJOIN("_",1,"BT",$AB21) -> BT_Treetop_Berry | AE21: 0.15 | AF21: =_xlfn.XLOOKUP(A21,'-loot_list辅助配置表'!A:A,'-loot_list辅助配置表'!V:V) | AG21: =_xlfn.TEXTJOIN(";",1,AH21:AL21) -> vfx_monster_die_1;vfx_monster_die_2;vfx_monster_die_3;vfx_monster_die_4;vfx_monster_die_explode1 | AH21: vfx_monster_die_1 | AI21: vfx_monster_die_2 | AJ21: vfx_monster_die_3 | AK21: vfx_monster_die_4 | AL21: vfx_monster_die_explode1 | AN21: 0 | AO21: {=_xlfn.TEXTJOIN(";",1,IF(AP21:AQ21<>"",AP21:AQ21&"="&AR21:AS21,""))} | AT21: {=_xlfn.LET(_xlpm._tb,"tb_diy_0"&MID(A21,4,1),_xlfn.TEXTJOIN(";",1,_xlfn.MAP(INDIRECT(_xlpm._tb&"[id]"),INDIRECT(_xlpm._tb&"[parm_key]"),INDIRECT(_xlpm._tb&"[parm_value]"),_xlfn.LAMBDA(_xlpm._id,_xlpm._k,_xlpm._v,IF(_xlpm._id=A21,_xlpm._k&"="&_xlpm._v,"")))))}
A22: 201404 | B22: =_xlfn.TEXTJOIN("_",1,"enemy",$A22) -> enemy_201404 | C22: 树梢 | D22: 画中仙 | G22: se_ag_bat_bite | H22: 19 | I22: 0 | J22: 4 | M22: {=_xlfn.TEXTJOIN(";",1,_xlfn.LAMBDA(_xlpm.x,IF(_xlpm.x<>"",OFFSET(_xlpm.x,3-ROW(),0)&"="&_xlpm.x,""))(N22:S22))} -> sharp=5 | N22: 5 | V22: 10 | W22: 25 | X22: =$W22*$J22 -> 100 | AA22: =_xlfn.TEXTJOIN("_",1,"monster",$A22,$AB22) -> monster_201404_Treetop_Fairy | AB22: Treetop_Fairy | AC22: =_xlfn.TEXTJOIN("_",1,"BT",$AB22) -> BT_Treetop_Fairy | AE22: 0.15 | AF22: =_xlfn.XLOOKUP(A22,'-loot_list辅助配置表'!A:A,'-loot_list辅助配置表'!V:V) -> 10000=0.0048;600404=0.0001 | AG22: =_xlfn.TEXTJOIN(";",1,AH22:AL22) -> vfx_monster_die_1;vfx_monster_die_2;vfx_monster_die_3;vfx_monster_die_4 | AH22: vfx_monster_die_1 | AI22: vfx_monster_die_2 | AJ22: vfx_monster_die_3 | AK22: vfx_monster_die_4 | AN22: 0 | AO22: {=_xlfn.TEXTJOIN(";",1,IF(AP22:AQ22<>"",AP22:AQ22&"="&AR22:AS22,""))} | AT22: {=_xlfn.LET(_xlpm._tb,"tb_diy_0"&MID(A22,4,1),_xlfn.TEXTJOIN(";",1,_xlfn.MAP(INDIRECT(_xlpm._tb&"[id]"),INDIRECT(_xlpm._tb&"[parm_key]"),INDIRECT(_xlpm._tb&"[parm_value]"),_xlfn.LAMBDA(_xlpm._id,_xlpm._k,_xlpm._v,IF(_xlpm._id=A22,_xlpm._k&"="&_xlpm._v,"")))))} -> FLYAROUND_DEG=20,170;FLYAROUND_RADIUS=7,10;FLYAROUND_COUNT_MAX=6;FLYAROUND_COUNT_MIN=4;CREATE_CD_AREA=4,6;CREATE_INTERVAL_SEC=0.2;SUB_CELL_COUNT_SINGLE=3;SUB_CELL_SPEED_AREA=1,2
A23: 201405 | B23: =_xlfn.TEXTJOIN("_",1,"enemy",$A23) -> enemy_201405 | C23: 树梢 | D23: 鱼妖 | G23: se_ag_bat_bite | H23: 10 | I23: 0 | J23: 9.9 | M23: {=_xlfn.TEXTJOIN(";",1,_xlfn.LAMBDA(_xlpm.x,IF(_xlpm.x<>"",OFFSET(_xlpm.x,3-ROW(),0)&"="&_xlpm.x,""))(N23:S23))} -> sharp=5 | N23: 5 | V23: 10 | W23: 25 | X23: =$W23*$J23 -> 247.5 | AA23: =_xlfn.TEXTJOIN("_",1,"monster",$A23,$AB23) -> monster_201405_Treetop_Fish | AB23: Treetop_Fish | AC23: =_xlfn.TEXTJOIN("_",1,"BT",$AB23) -> BT_Treetop_Fish | AE23: 0.15 | AF23: =_xlfn.XLOOKUP(A23,'-loot_list辅助配置表'!A:A,'-loot_list辅助配置表'!V:V) | AG23: =_xlfn.TEXTJOIN(";",1,AH23:AL23) -> vfx_monster_die_1;vfx_monster_die_2;vfx_monster_die_3;vfx_monster_die_4 | AH23: vfx_monster_die_1 | AI23: vfx_monster_die_2 | AJ23: vfx_monster_die_3 | AK23: vfx_monster_die_4 | AN23: 0 | AO23: {=_xlfn.TEXTJOIN(";",1,IF(AP23:AQ23<>"",AP23:AQ23&"="&AR23:AS23,""))} | AT23: {=_xlfn.LET(_xlpm._tb,"tb_diy_0"&MID(A23,4,1),_xlfn.TEXTJOIN(";",1,_xlfn.MAP(INDIRECT(_xlpm._tb&"[id]"),INDIRECT(_xlpm._tb&"[parm_key]"),INDIRECT(_xlpm._tb&"[parm_value]"),_xlfn.LAMBDA(_xlpm._id,_xlpm._k,_xlpm._v,IF(_xlpm._id=A23,_xlpm._k&"="&_xlpm._v,"")))))} -> EXPLOSION_RADIUS=1.2;BEHIT_RADIUS=1
A24: 201406 | B24: =_xlfn.TEXTJOIN("_",1,"enemy",$A24) -> enemy_201406 | C24: 树梢 | D24: 鬼瓮 | G24: se_ag_bat_bite | H24: 1 | I24: 0 | J24: 10 | K24: TRUE | M24: {=_xlfn.TEXTJOIN(";",1,_xlfn.LAMBDA(_xlpm.x,IF(_xlpm.x<>"",OFFSET(_xlpm.x,3-ROW(),0)&"="&_xlpm.x,""))(N24:S24))} | V24: 10 | W24: 25 | X24: =$W24*$J24 -> 250 | AA24: =_xlfn.TEXTJOIN("_",1,"monster",$A24,$AB24) -> monster_201406_Treetop_Vase | AB24: Treetop_Vase | AC24: =_xlfn.TEXTJOIN("_",1,"BT",$AB24) -> BT_Treetop_Vase | AE24: 0.15 | AF24: =_xlfn.XLOOKUP(A24,'-loot_list辅助配置表'!A:A,'-loot_list辅助配置表'!V:V) -> 10000=0.0048;600404=0.0001 | AG24: =_xlfn.TEXTJOIN(";",1,AH24:AL24) -> vfx_monster_die_1;vfx_monster_die_2;vfx_monster_die_3;vfx_monster_die_4 | AH24: vfx_monster_die_1 | AI24: vfx_monster_die_2 | AJ24: vfx_monster_die_3 | AK24: vfx_monster_die_4 | AN24: 0 | AO24: {=_xlfn.TEXTJOIN(";",1,IF(AP24:AQ24<>"",AP24:AQ24&"="&AR24:AS24,""))} | AT24: {=_xlfn.LET(_xlpm._tb,"tb_diy_0"&MID(A24,4,1),_xlfn.TEXTJOIN(";",1,_xlfn.MAP(INDIRECT(_xlpm._tb&"[id]"),INDIRECT(_xlpm._tb&"[parm_key]"),INDIRECT(_xlpm._tb&"[parm_value]"),_xlfn.LAMBDA(_xlpm._id,_xlpm._k,_xlpm._v,IF(_xlpm._id=A24,_xlpm._k&"="&_xlpm._v,"")))))} -> CREATE_COUNT_AREA=0,3
A25: 201407 | B25: =_xlfn.TEXTJOIN("_",1,"enemy",$A25) -> enemy_201407 | C25: 树梢 | D25: 鬼狰 | G25: se_ag_bat_bite | H25: 6 | I25: 0 | J25: 9.9 | M25: {=_xlfn.TEXTJOIN(";",1,_xlfn.LAMBDA(_xlpm.x,IF(_xlpm.x<>"",OFFSET(_xlpm.x,3-ROW(),0)&"="&_xlpm.x,""))(N25:S25))} -> sharp=2 | N25: 2 | U25: 50 | V25: 2 | W25: 2 | X25: =$W25*$J25 -> 19.8 | AA25: =_xlfn.TEXTJOIN("_",1,"monster",$A25,$AB25) -> monster_201407_Treetop_Ghost | AB25: Treetop_Ghost | AC25: =_xlfn.TEXTJOIN("_",1,"BT",$AB25) -> BT_Treetop_Ghost | AE25: 0.15 | AF25: =_xlfn.XLOOKUP(A25,'-loot_list辅助配置表'!A:A,'-loot_list辅助配置表'!V:V) | AG25: =_xlfn.TEXTJOIN(";",1,AH25:AL25) -> vfx_monster_die_1;vfx_monster_die_2;vfx_monster_die_3;vfx_monster_die_4 | AH25: vfx_monster_die_1 | AI25: vfx_monster_die_2 | AJ25: vfx_monster_die_3 | AK25: vfx_monster_die_4 | AN25: 0 | AO25: {=_xlfn.TEXTJOIN(";",1,IF(AP25:AQ25<>"",AP25:AQ25&"="&AR25:AS25,""))} | AT25: {=_xlfn.LET(_xlpm._tb,"tb_diy_0"&MID(A25,4,1),_xlfn.TEXTJOIN(";",1,_xlfn.MAP(INDIRECT(_xlpm._tb&"[id]"),INDIRECT(_xlpm._tb&"[parm_key]"),INDIRECT(_xlpm._tb&"[parm_value]"),_xlfn.LAMBDA(_xlpm._id,_xlpm._k,_xlpm._v,IF(_xlpm._id=A25,_xlpm._k&"="&_xlpm._v,"")))))} -> FLYAROUND_DEG=20,170;FLYAROUND_RADIUS=1,5;ATTACK_CD_SEC=3.5
A26: 201408 | B26: =_xlfn.TEXTJOIN("_",1,"enemy",$A26) -> enemy_201408 | C26: 树梢 | D26: 铁针鸟 | G26: se_ag_bat_bite | H26: 19 | I26: 0 | J26: 4 | M26: {=_xlfn.TEXTJOIN(";",1,_xlfn.LAMBDA(_xlpm.x,IF(_xlpm.x<>"",OFFSET(_xlpm.x,3-ROW(),0)&"="&_xlpm.x,""))(N26:S26))} -> sharp=5 | N26: 5 | V26: 10 | W26: 25 | X26: =$W26*$J26 -> 100 | AA26: =_xlfn.TEXTJOIN("_",1,"monster",$A26,$AB26) -> monster_201408_Treetop_Spike_Bird | AB26: Treetop_Spike_Bird | AC26: =_xlfn.TEXTJOIN("_",1,"BT",$AB26) -> BT_Treetop_Spike_Bird | AE26: 0.15 | AF26: =_xlfn.XLOOKUP(A26,'-loot_list辅助配置表'!A:A,'-loot_list辅助配置表'!V:V) -> 10000=0.0048;600404=0.0001 | AG26: =_xlfn.TEXTJOIN(";",1,AH26:AL26) -> vfx_monster_die_1;vfx_monster_die_2;vfx_monster_die_3;vfx_monster_die_4 | AH26: vfx_monster_die_1 | AI26: vfx_monster_die_2 | AJ26: vfx_monster_die_3 | AK26: vfx_monster_die_4 | AN26: 0 | AO26: {=_xlfn.TEXTJOIN(";",1,IF(AP26:AQ26<>"",AP26:AQ26&"="&AR26:AS26,""))} | AT26: {=_xlfn.LET(_xlpm._tb,"tb_diy_0"&MID(A26,4,1),_xlfn.TEXTJOIN(";",1,_xlfn.MAP(INDIRECT(_xlpm._tb&"[id]"),INDIRECT(_xlpm._tb&"[parm_key]"),INDIRECT(_xlpm._tb&"[parm_value]"),_xlfn.LAMBDA(_xlpm._id,_xlpm._k,_xlpm._v,IF(_xlpm._id=A26,_xlpm._k&"="&_xlpm._v,"")))))}
A27: 201409 | B27: =_xlfn.TEXTJOIN("_",1,"enemy",$A27) -> enemy_201409 | C27: 树梢 | D27: 密林松鼠 | G27: se_ag_bat_bite | H27: 19 | I27: 0 | J27: 4 | M27: {=_xlfn.TEXTJOIN(";",1,_xlfn.LAMBDA(_xlpm.x,IF(_xlpm.x<>"",OFFSET(_xlpm.x,3-ROW(),0)&"="&_xlpm.x,""))(N27:S27))} -> sharp=5 | N27: 5 | V27: 10 | W27: 25 | X27: =$W27*$J27 -> 100 | AA27: =_xlfn.TEXTJOIN("_",1,"monster",$A27,$AB27) -> monster_201409_Treetop_Squirrel | AB27: Treetop_Squirrel | AC27: =_xlfn.TEXTJOIN("_",1,"BT",$AB27) -> BT_Treetop_Squirrel | AE27: 0.15 | AF27: =_xlfn.XLOOKUP(A27,'-loot_list辅助配置表'!A:A,'-loot_list辅助配置表'!V:V) -> 10000=0.0048;600404=0.0001 | AG27: =_xlfn.TEXTJOIN(";",1,AH27:AL27) -> vfx_monster_die_1;vfx_monster_die_2;vfx_monster_die_3;vfx_monster_die_4 | AH27: vfx_monster_die_1 | AI27: vfx_monster_die_2 | AJ27: vfx_monster_die_3 | AK27: vfx_monster_die_4 | AN27: 0 | AO27: {=_xlfn.TEXTJOIN(";",1,IF(AP27:AQ27<>"",AP27:AQ27&"="&AR27:AS27,""))} | AT27: {=_xlfn.LET(_xlpm._tb,"tb_diy_0"&MID(A27,4,1),_xlfn.TEXTJOIN(";",1,_xlfn.MAP(INDIRECT(_xlpm._tb&"[id]"),INDIRECT(_xlpm._tb&"[parm_key]"),INDIRECT(_xlpm._tb&"[parm_value]"),_xlfn.LAMBDA(_xlpm._id,_xlpm._k,_xlpm._v,IF(_xlpm._id=A27,_xlpm._k&"="&_xlpm._v,"")))))}
A28: 201410 | B28: =_xlfn.TEXTJOIN("_",1,"enemy",$A28) -> enemy_201410 | C28: 树梢 | D28: 暴躁金尾猴 | G28: se_ag_bat_bite | H28: 19 | I28: 0 | J28: 4 | M28: {=_xlfn.TEXTJOIN(";",1,_xlfn.LAMBDA(_xlpm.x,IF(_xlpm.x<>"",OFFSET(_xlpm.x,3-ROW(),0)&"="&_xlpm.x,""))(N28:S28))} -> sharp=5 | N28: 5 | V28: 10 | W28: 25 | X28: =$W28*$J28 -> 100 | AA28: =_xlfn.TEXTJOIN("_",1,"monster",$A28,$AB28) -> monster_201410_Treetop_Monkey | AB28: Treetop_Monkey | AC28: =_xlfn.TEXTJOIN("_",1,"BT",$AB28) -> BT_Treetop_Monkey | AE28: 0.15 | AF28: =_xlfn.XLOOKUP(A28,'-loot_list辅助配置表'!A:A,'-loot_list辅助配置表'!V:V) -> 10000=0.0048;600404=0.0001 | AG28: =_xlfn.TEXTJOIN(";",1,AH28:AL28) -> vfx_monster_die_1;vfx_monster_die_2;vfx_monster_die_3;vfx_monster_die_4 | AH28: vfx_monster_die_1 | AI28: vfx_monster_die_2 | AJ28: vfx_monster_die_3 | AK28: vfx_monster_die_4 | AN28: 0 | AO28: {=_xlfn.TEXTJOIN(";",1,IF(AP28:AQ28<>"",AP28:AQ28&"="&AR28:AS28,""))} | AT28: {=_xlfn.LET(_xlpm._tb,"tb_diy_0"&MID(A28,4,1),_xlfn.TEXTJOIN(";",1,_xlfn.MAP(INDIRECT(_xlpm._tb&"[id]"),INDIRECT(_xlpm._tb&"[parm_key]"),INDIRECT(_xlpm._tb&"[parm_value]"),_xlfn.LAMBDA(_xlpm._id,_xlpm._k,_xlpm._v,IF(_xlpm._id=A28,_xlpm._k&"="&_xlpm._v,"")))))}
A29: 201411 | B29: =_xlfn.TEXTJOIN("_",1,"enemy",$A29) -> enemy_201411 | C29: 树梢 | D29: 祖蜂 | G29: se_ag_bat_bite | H29: 19 | I29: 0 | J29: 4 | M29: {=_xlfn.TEXTJOIN(";",1,_xlfn.LAMBDA(_xlpm.x,IF(_xlpm.x<>"",OFFSET(_xlpm.x,3-ROW(),0)&"="&_xlpm.x,""))(N29:S29))} -> sharp=5 | N29: 5 | V29: 10 | W29: 25 | X29: =$W29*$J29 -> 100 | AA29: =_xlfn.TEXTJOIN("_",1,"monster",$A29,$AB29) -> monster_201411_Treetop_Bee | AB29: Treetop_Bee | AC29: =_xlfn.TEXTJOIN("_",1,"BT",$AB29) -> BT_Treetop_Bee | AE29: 0.15 | AF29: =_xlfn.XLOOKUP(A29,'-loot_list辅助配置表'!A:A,'-loot_list辅助配置表'!V:V) -> 10000=0.0048;600404=0.0001 | AG29: =_xlfn.TEXTJOIN(";",1,AH29:AL29) -> vfx_monster_die_1;vfx_monster_die_2;vfx_monster_die_3;vfx_monster_die_4 | AH29: vfx_monster_die_1 | AI29: vfx_monster_die_2 | AJ29: vfx_monster_die_3 | AK29: vfx_monster_die_4 | AN29: 0 | AO29: {=_xlfn.TEXTJOIN(";",1,IF(AP29:AQ29<>"",AP29:AQ29&"="&AR29:AS29,""))} | AT29: {=_xlfn.LET(_xlpm._tb,"tb_diy_0"&MID(A29,4,1),_xlfn.TEXTJOIN(";",1,_xlfn.MAP(INDIRECT(_xlpm._tb&"[id]"),INDIRECT(_xlpm._tb&"[parm_key]"),INDIRECT(_xlpm._tb&"[parm_value]"),_xlfn.LAMBDA(_xlpm._id,_xlpm._k,_xlpm._v,IF(_xlpm._id=A29,_xlpm._k&"="&_xlpm._v,"")))))}
A30: 201412 | B30: =_xlfn.TEXTJOIN("_",1,"enemy",$A30) -> enemy_201412 | C30: 树梢 | D30: 幼祖蜂 | G30: se_ag_bat_bite | H30: 19 | I30: 0 | J30: 4 | M30: {=_xlfn.TEXTJOIN(";",1,_xlfn.LAMBDA(_xlpm.x,IF(_xlpm.x<>"",OFFSET(_xlpm.x,3-ROW(),0)&"="&_xlpm.x,""))(N30:S30))} -> sharp=5 | N30: 5 | V30: 10 | W30: 25 | X30: =$W30*$J30 -> 100 | AA30: =_xlfn.TEXTJOIN("_",1,"monster",$A30,$AB30) -> monster_201412_Treetop_Young_Bee | AB30: Treetop_Young_Bee | AC30: =_xlfn.TEXTJOIN("_",1,"BT",$AB30) -> BT_Treetop_Young_Bee | AE30: 0.15 | AF30: =_xlfn.XLOOKUP(A30,'-loot_list辅助配置表'!A:A,'-loot_list辅助配置表'!V:V) | AG30: =_xlfn.TEXTJOIN(";",1,AH30:AL30) -> vfx_monster_die_1;vfx_monster_die_2;vfx_monster_die_3;vfx_monster_die_4 | AH30: vfx_monster_die_1 | AI30: vfx_monster_die_2 | AJ30: vfx_monster_die_3 | AK30: vfx_monster_die_4 | AN30: 0 | AO30: {=_xlfn.TEXTJOIN(";",1,IF(AP30:AQ30<>"",AP30:AQ30&"="&AR30:AS30,""))} | AT30: {=_xlfn.LET(_xlpm._tb,"tb_diy_0"&MID(A30,4,1),_xlfn.TEXTJOIN(";",1,_xlfn.MAP(INDIRECT(_xlpm._tb&"[id]"),INDIRECT(_xlpm._tb&"[parm_key]"),INDIRECT(_xlpm._tb&"[parm_value]"),_xlfn.LAMBDA(_xlpm._id,_xlpm._k,_xlpm._v,IF(_xlpm._id=A30,_xlpm._k&"="&_xlpm._v,"")))))}
A31: 201413 | B31: =_xlfn.TEXTJOIN("_",1,"enemy",$A31) -> enemy_201413 | C31: 树梢 | D31: 春花雀（蓝） | G31: se_ag_bat_bite | H31: 19 | I31: 0 | J31: 4 | M31: {=_xlfn.TEXTJOIN(";",1,_xlfn.LAMBDA(_xlpm.x,IF(_xlpm.x<>"",OFFSET(_xlpm.x,3-ROW(),0)&"="&_xlpm.x,""))(N31:S31))} -> sharp=5 | N31: 5 | V31: 10 | W31: 25 | X31: =$W31*$J31 -> 100 | AA31: =_xlfn.TEXTJOIN("_",1,"monster",$A31,$AB31) -> monster_201413_Treetop_Blue_Sparrow | AB31: Treetop_Blue_Sparrow | AC31: =_xlfn.TEXTJOIN("_",1,"BT",$AB31) -> BT_Treetop_Blue_Sparrow | AE31: 0.15 | AF31: =_xlfn.XLOOKUP(A31,'-loot_list辅助配置表'!A:A,'-loot_list辅助配置表'!V:V) -> 10000=0.0048;600404=0.0001 | AG31: =_xlfn.TEXTJOIN(";",1,AH31:AL31) -> vfx_monster_die_1;vfx_monster_die_2;vfx_monster_die_3;vfx_monster_die_4 | AH31: vfx_monster_die_1 | AI31: vfx_monster_die_2 | AJ31: vfx_monster_die_3 | AK31: vfx_monster_die_4 | AN31: 0 | AO31: {=_xlfn.TEXTJOIN(";",1,IF(AP31:AQ31<>"",AP31:AQ31&"="&AR31:AS31,""))} | AT31: {=_xlfn.LET(_xlpm._tb,"tb_diy_0"&MID(A31,4,1),_xlfn.TEXTJOIN(";",1,_xlfn.MAP(INDIRECT(_xlpm._tb&"[id]"),INDIRECT(_xlpm._tb&"[parm_key]"),INDIRECT(_xlpm._tb&"[parm_value]"),_xlfn.LAMBDA(_xlpm._id,_xlpm._k,_xlpm._v,IF(_xlpm._id=A31,_xlpm._k&"="&_xlpm._v,"")))))}
A32: 201414 | B32: =_xlfn.TEXTJOIN("_",1,"enemy",$A32) -> enemy_201414 | C32: 树梢 | D32: 春花雀（红） | G32: se_ag_bat_bite | H32: 19 | I32: 0 | J32: 4 | M32: {=_xlfn.TEXTJOIN(";",1,_xlfn.LAMBDA(_xlpm.x,IF(_xlpm.x<>"",OFFSET(_xlpm.x,3-ROW(),0)&"="&_xlpm.x,""))(N32:S32))} -> sharp=5 | N32: 5 | V32: 10 | W32: 25 | X32: =$W32*$J32 -> 100 | AA32: =_xlfn.TEXTJOIN("_",1,"monster",$A32,$AB32) -> monster_201414_Treetop_Red_Sparrow | AB32: Treetop_Red_Sparrow | AC32: =_xlfn.TEXTJOIN("_",1,"BT",$AB32) -> BT_Treetop_Red_Sparrow | AE32: 0.15 | AF32: =_xlfn.XLOOKUP(A32,'-loot_list辅助配置表'!A:A,'-loot_list辅助配置表'!V:V) -> 10000=0.0048;600404=0.0001 | AG32: =_xlfn.TEXTJOIN(";",1,AH32:AL32) -> vfx_monster_die_1;vfx_monster_die_2;vfx_monster_die_3;vfx_monster_die_4 | AH32: vfx_monster_die_1 | AI32: vfx_monster_die_2 | AJ32: vfx_monster_die_3 | AK32: vfx_monster_die_4 | AN32: 0 | AO32: {=_xlfn.TEXTJOIN(";",1,IF(AP32:AQ32<>"",AP32:AQ32&"="&AR32:AS32,""))} | AT32: {=_xlfn.LET(_xlpm._tb,"tb_diy_0"&MID(A32,4,1),_xlfn.TEXTJOIN(";",1,_xlfn.MAP(INDIRECT(_xlpm._tb&"[id]"),INDIRECT(_xlpm._tb&"[parm_key]"),INDIRECT(_xlpm._tb&"[parm_value]"),_xlfn.LAMBDA(_xlpm._id,_xlpm._k,_xlpm._v,IF(_xlpm._id=A32,_xlpm._k&"="&_xlpm._v,"")))))}
A33: 201415 | B33: =_xlfn.TEXTJOIN("_",1,"enemy",$A33) -> enemy_201415 | C33: 树梢 | D33: 春花雀（黄） | G33: se_ag_bat_bite | H33: 19 | I33: 0 | J33: 4 | M33: {=_xlfn.TEXTJOIN(";",1,_xlfn.LAMBDA(_xlpm.x,IF(_xlpm.x<>"",OFFSET(_xlpm.x,3-ROW(),0)&"="&_xlpm.x,""))(N33:S33))} -> sharp=5 | N33: 5 | V33: 10 | W33: 25 | X33: =$W33*$J33 -> 100 | AA33: =_xlfn.TEXTJOIN("_",1,"monster",$A33,$AB33) -> monster_201415_Treetop_Yellow_Sparrow | AB33: Treetop_Yellow_Sparrow | AC33: =_xlfn.TEXTJOIN("_",1,"BT",$AB33) -> BT_Treetop_Yellow_Sparrow | AE33: 0.15 | AF33: =_xlfn.XLOOKUP(A33,'-loot_list辅助配置表'!A:A,'-loot_list辅助配置表'!V:V) -> 10000=0.0048;600404=0.0001 | AG33: =_xlfn.TEXTJOIN(";",1,AH33:AL33) -> vfx_monster_die_1;vfx_monster_die_2;vfx_monster_die_3;vfx_monster_die_4 | AH33: vfx_monster_die_1 | AI33: vfx_monster_die_2 | AJ33: vfx_monster_die_3 | AK33: vfx_monster_die_4 | AN33: 0 | AO33: {=_xlfn.TEXTJOIN(";",1,IF(AP33:AQ33<>"",AP33:AQ33&"="&AR33:AS33,""))} | AT33: {=_xlfn.LET(_xlpm._tb,"tb_diy_0"&MID(A33,4,1),_xlfn.TEXTJOIN(";",1,_xlfn.MAP(INDIRECT(_xlpm._tb&"[id]"),INDIRECT(_xlpm._tb&"[parm_key]"),INDIRECT(_xlpm._tb&"[parm_value]"),_xlfn.LAMBDA(_xlpm._id,_xlpm._k,_xlpm._v,IF(_xlpm._id=A33,_xlpm._k&"="&_xlpm._v,"")))))}
A34: 201416 | B34: =_xlfn.TEXTJOIN("_",1,"enemy",$A34) -> enemy_201416 | C34: 树梢 | D34: 绿枝粟粟民 | G34: se_ag_bat_bite | H34: 19 | I34: 0 | J34: 4 | M34: {=_xlfn.TEXTJOIN(";",1,_xlfn.LAMBDA(_xlpm.x,IF(_xlpm.x<>"",OFFSET(_xlpm.x,3-ROW(),0)&"="&_xlpm.x,""))(N34:S34))} -> sharp=5 | N34: 5 | V34: 10 | W34: 25 | X34: =$W34*$J34 -> 100 | AA34: =_xlfn.TEXTJOIN("_",1,"monster",$A34,$AB34) -> monster_201416_Treetop_Branch_SuSu | AB34: Treetop_Branch_SuSu | AC34: =_xlfn.TEXTJOIN("_",1,"BT",$AB34) -> BT_Treetop_Branch_SuSu | AE34: 0.15 | AF34: =_xlfn.XLOOKUP(A34,'-loot_list辅助配置表'!A:A,'-loot_list辅助配置表'!V:V) -> 10000=0.0048;600404=0.0001 | AG34: =_xlfn.TEXTJOIN(";",1,AH34:AL34) -> vfx_monster_die_1;vfx_monster_die_2;vfx_monster_die_3;vfx_monster_die_4 | AH34: vfx_monster_die_1 | AI34: vfx_monster_die_2 | AJ34: vfx_monster_die_3 | AK34: vfx_monster_die_4 | AN34: 0 | AO34: {=_xlfn.TEXTJOIN(";",1,IF(AP34:AQ34<>"",AP34:AQ34&"="&AR34:AS34,""))} | AT34: {=_xlfn.LET(_xlpm._tb,"tb_diy_0"&MID(A34,4,1),_xlfn.TEXTJOIN(";",1,_xlfn.MAP(INDIRECT(_xlpm._tb&"[id]"),INDIRECT(_xlpm._tb&"[parm_key]"),INDIRECT(_xlpm._tb&"[parm_value]"),_xlfn.LAMBDA(_xlpm._id,_xlpm._k,_xlpm._v,IF(_xlpm._id=A34,_xlpm._k&"="&_xlpm._v,"")))))}
A35: 201417 | B35: =_xlfn.TEXTJOIN("_",1,"enemy",$A35) -> enemy_201417 | C35: 树梢 | D35: 悬铃粟粟民 | G35: se_ag_bat_bite | H35: 19 | I35: 0 | J35: 4 | M35: {=_xlfn.TEXTJOIN(";",1,_xlfn.LAMBDA(_xlpm.x,IF(_xlpm.x<>"",OFFSET(_xlpm.x,3-ROW(),0)&"="&_xlpm.x,""))(N35:S35))} -> sharp=5 | N35: 5 | V35: 10 | W35: 25 | X35: =$W35*$J35 -> 100 | AA35: =_xlfn.TEXTJOIN("_",1,"monster",$A35,$AB35) -> monster_201417_Treetop_Bell_SuSu | AB35: Treetop_Bell_SuSu | AC35: =_xlfn.TEXTJOIN("_",1,"BT",$AB35) -> BT_Treetop_Bell_SuSu | AE35: 0.15 | AF35: =_xlfn.XLOOKUP(A35,'-loot_list辅助配置表'!A:A,'-loot_list辅助配置表'!V:V) -> 10000=0.0048;600404=0.0001 | AG35: =_xlfn.TEXTJOIN(";",1,AH35:AL35) -> vfx_monster_die_1;vfx_monster_die_2;vfx_monster_die_3;vfx_monster_die_4 | AH35: vfx_monster_die_1 | AI35: vfx_monster_die_2 | AJ35: vfx_monster_die_3 | AK35: vfx_monster_die_4 | AN35: 0 | AO35: {=_xlfn.TEXTJOIN(";",1,IF(AP35:AQ35<>"",AP35:AQ35&"="&AR35:AS35,""))} | AT35: {=_xlfn.LET(_xlpm._tb,"tb_diy_0"&MID(A35,4,1),_xlfn.TEXTJOIN(";",1,_xlfn.MAP(INDIRECT(_xlpm._tb&"[id]"),INDIRECT(_xlpm._tb&"[parm_key]"),INDIRECT(_xlpm._tb&"[parm_value]"),_xlfn.LAMBDA(_xlpm._id,_xlpm._k,_xlpm._v,IF(_xlpm._id=A35,_xlpm._k&"="&_xlpm._v,"")))))}
A36: 201418 | B36: =_xlfn.TEXTJOIN("_",1,"enemy",$A36) -> enemy_201418 | C36: 树梢 | D36: 缓慢魔法飞弹 | G36: se_ag_bat_bite | H36: 19 | I36: 0 | J36: 4 | M36: {=_xlfn.TEXTJOIN(";",1,_xlfn.LAMBDA(_xlpm.x,IF(_xlpm.x<>"",OFFSET(_xlpm.x,3-ROW(),0)&"="&_xlpm.x,""))(N36:S36))} -> sharp=5 | N36: 5 | V36: 10 | W36: 25 | X36: =$W36*$J36 -> 100 | AA36: =_xlfn.TEXTJOIN("_",1,"monster",$A36,$AB36) -> monster_201418_Treetop_Slow_Magic_Missile | AB36: Treetop_Slow_Magic_Missile | AC36: =_xlfn.TEXTJOIN("_",1,"BT",$AB36) -> BT_Treetop_Slow_Magic_Missile | AE36: 0.15 | AF36: =_xlfn.XLOOKUP(A36,'-loot_list辅助配置表'!A:A,'-loot_list辅助配置表'!V:V) | AG36: =_xlfn.TEXTJOIN(";",1,AH36:AL36) -> vfx_monster_die_1;vfx_monster_die_2;vfx_monster_die_3;vfx_monster_die_4 | AH36: vfx_monster_die_1 | AI36: vfx_monster_die_2 | AJ36: vfx_monster_die_3 | AK36: vfx_monster_die_4 | AN36: 0 | AO36: {=_xlfn.TEXTJOIN(";",1,IF(AP36:AQ36<>"",AP36:AQ36&"="&AR36:AS36,""))} | AT36: {=_xlfn.LET(_xlpm._tb,"tb_diy_0"&MID(A36,4,1),_xlfn.TEXTJOIN(";",1,_xlfn.MAP(INDIRECT(_xlpm._tb&"[id]"),INDIRECT(_xlpm._tb&"[parm_key]"),INDIRECT(_xlpm._tb&"[parm_value]"),_xlfn.LAMBDA(_xlpm._id,_xlpm._k,_xlpm._v,IF(_xlpm._id=A36,_xlpm._k&"="&_xlpm._v,"")))))}
A37: 201419 | B37: =_xlfn.TEXTJOIN("_",1,"enemy",$A37) -> enemy_201419 | C37: 树梢 | D37: 空木粟粟民 | G37: se_ag_bat_bite | H37: 19 | I37: 0 | J37: 4 | M37: {=_xlfn.TEXTJOIN(";",1,_xlfn.LAMBDA(_xlpm.x,IF(_xlpm.x<>"",OFFSET(_xlpm.x,3-ROW(),0)&"="&_xlpm.x,""))(N37:S37))} -> sharp=5 | N37: 5 | V37: 10 | W37: 25 | X37: =$W37*$J37 -> 100 | AA37: =_xlfn.TEXTJOIN("_",1,"monster",$A37,$AB37) -> monster_201419_Treetop_Wood_SuSu | AB37: Treetop_Wood_SuSu | AC37: =_xlfn.TEXTJOIN("_",1,"BT",$AB37) -> BT_Treetop_Wood_SuSu | AE37: 0.15 | AF37: =_xlfn.XLOOKUP(A37,'-loot_list辅助配置表'!A:A,'-loot_list辅助配置表'!V:V) -> 10000=0.0048;600404=0.0001 | AG37: =_xlfn.TEXTJOIN(";",1,AH37:AL37) -> vfx_monster_die_1;vfx_monster_die_2;vfx_monster_die_3;vfx_monster_die_4 | AH37: vfx_monster_die_1 | AI37: vfx_monster_die_2 | AJ37: vfx_monster_die_3 | AK37: vfx_monster_die_4 | AN37: 0 | AO37: {=_xlfn.TEXTJOIN(";",1,IF(AP37:AQ37<>"",AP37:AQ37&"="&AR37:AS37,""))} | AT37: {=_xlfn.LET(_xlpm._tb,"tb_diy_0"&MID(A37,4,1),_xlfn.TEXTJOIN(";",1,_xlfn.MAP(INDIRECT(_xlpm._tb&"[id]"),INDIRECT(_xlpm._tb&"[parm_key]"),INDIRECT(_xlpm._tb&"[parm_value]"),_xlfn.LAMBDA(_xlpm._id,_xlpm._k,_xlpm._v,IF(_xlpm._id=A37,_xlpm._k&"="&_xlpm._v,"")))))}
A39: 201701 | B39: =_xlfn.TEXTJOIN("_",1,"enemy",$A39) -> enemy_201701 | C39: 荒漠 | D39: 涂涂鸟 | G39: se_ag_bat_bite | H39: 18 | I39: 0 | J39: 1.8 | M39: {=_xlfn.TEXTJOIN(";",1,_xlfn.LAMBDA(_xlpm.x,IF(_xlpm.x<>"",OFFSET(_xlpm.x,3-ROW(),0)&"="&_xlpm.x,""))(N39:S39))} -> sharp=4 | N39: 4 | V39: 5 | W39: 20 | X39: =$W39*$J39 -> 36 | AA39: =_xlfn.TEXTJOIN("_",1,"monster",$A39,$AB39) -> monster_201701_Desert_Bird | AB39: Desert_Bird | AC39: =_xlfn.TEXTJOIN("_",1,"BT",$AB39) -> BT_Desert_Bird | AE39: 0.2 | AF39: =_xlfn.XLOOKUP(A39,'-loot_list辅助配置表'!A:A,'-loot_list辅助配置表'!V:V) -> 10000=0.09;600701=0.0018 | AG39: =_xlfn.TEXTJOIN(";",1,AH39:AL39) -> vfx_monster_die_1;vfx_monster_die_2;vfx_monster_die_3;vfx_monster_die_4 | AH39: vfx_monster_die_1 | AI39: vfx_monster_die_2 | AJ39: vfx_monster_die_3 | AK39: vfx_monster_die_4 | AN39: 0 | AO39: {=_xlfn.TEXTJOIN(";",1,IF(AP39:AQ39<>"",AP39:AQ39&"="&AR39:AS39,""))} | AT39: {=_xlfn.LET(_xlpm._tb,"tb_diy_0"&MID(A39,4,1),_xlfn.TEXTJOIN(";",1,_xlfn.MAP(INDIRECT(_xlpm._tb&"[id]"),INDIRECT(_xlpm._tb&"[parm_key]"),INDIRECT(_xlpm._tb&"[parm_value]"),_xlfn.LAMBDA(_xlpm._id,_xlpm._k,_xlpm._v,IF(_xlpm._id=A39,_xlpm._k&"="&_xlpm._v,"")))))} -> CHARGE_SPEED=30;MAX_CHARGE_SEC=4;FLYAROUND_DEG=80,160;FLYAROUND_RADIUS=8,16;FLYAROUND_COUNT_MAX=6;FLYAROUND_COUNT_MIN=4
A40: 201702 | B40: =_xlfn.TEXTJOIN("_",1,"enemy",$A40) -> enemy_201702 | C40: 荒漠 | D40: 沙漠蛇 | G40: se_ag_bat_bite | H40: 32 | I40: 0 | J40: 6.5 | K40: TRUE | M40: {=_xlfn.TEXTJOIN(";",1,_xlfn.LAMBDA(_xlpm.x,IF(_xlpm.x<>"",OFFSET(_xlpm.x,3-ROW(),0)&"="&_xlpm.x,""))(N40:S40))} -> sharp=5 | N40: 5 | AA40: =_xlfn.TEXTJOIN("_",1,"monster",$A40,$AB40) -> monster_201702_Desert_Snake | AB40: Desert_Snake | AC40: =_xlfn.TEXTJOIN("_",1,"BT",$AB40) -> BT_Desert_Snake | AE40: 0.25 | AF40: =_xlfn.XLOOKUP(A40,'-loot_list辅助配置表'!A:A,'-loot_list辅助配置表'!V:V) -> 10000=0.16;600701=0.0032 | AG40: =_xlfn.TEXTJOIN(";",1,AH40:AL40) -> vfx_monster_die_1;vfx_monster_die_2;vfx_monster_die_3;vfx_monster_die_4 | AH40: vfx_monster_die_1 | AI40: vfx_monster_die_2 | AJ40: vfx_monster_die_3 | AK40: vfx_monster_die_4 | AN40: 0 | AO40: {=_xlfn.TEXTJOIN(";",1,IF(AP40:AQ40<>"",AP40:AQ40&"="&AR40:AS40,""))} | AT40: {=_xlfn.LET(_xlpm._tb,"tb_diy_0"&MID(A40,4,1),_xlfn.TEXTJOIN(";",1,_xlfn.MAP(INDIRECT(_xlpm._tb&"[id]"),INDIRECT(_xlpm._tb&"[parm_key]"),INDIRECT(_xlpm._tb&"[parm_value]"),_xlfn.LAMBDA(_xlpm._id,_xlpm._k,_xlpm._v,IF(_xlpm._id=A40,_xlpm._k&"="&_xlpm._v,"")))))} -> WALK_SPEED=4;BURROW_SEC=3;BURROW_VALID_DIS=6;BEFORE_ATTACK_SEC=0.2;AFTER_ATTACK_SEC=0.3;BEGIN_ATK_DIS=1;ATK_DIS=1.5;ATK_CD=2
A41: 201703 | B41: =_xlfn.TEXTJOIN("_",1,"enemy",$A41) -> enemy_201703 | C41: 荒漠 | D41: 巨牙蝎 | G41: se_ag_bat_bite | H41: 22 | I41: 0 | J41: 0.5 | K41: TRUE | M41: {=_xlfn.TEXTJOIN(";",1,_xlfn.LAMBDA(_xlpm.x,IF(_xlpm.x<>"",OFFSET(_xlpm.x,3-ROW(),0)&"="&_xlpm.x,""))(N41:S41))} -> sharp=5 | N41: 5 | AA41: =_xlfn.TEXTJOIN("_",1,"monster",$A41,$AB41) -> monster_201703_Desert_Scorpion | AB41: Desert_Scorpion | AC41: =_xlfn.TEXTJOIN("_",1,"BT",$AB41) -> BT_Desert_Scorpion | AE41: 0.25 | AF41: =_xlfn.XLOOKUP(A41,'-loot_list辅助配置表'!A:A,'-loot_list辅助配置表'!V:V) -> 10000=0.11;600701=0.0022 | AG41: =_xlfn.TEXTJOIN(";",1,AH41:AL41) -> vfx_monster_die_1;vfx_monster_die_2;vfx_monster_die_3;vfx_monster_die_4 | AH41: vfx_monster_die_1 | AI41: vfx_monster_die_2 | AJ41: vfx_monster_die_3 | AK41: vfx_monster_die_4 | AN41: 0 | AO41: {=_xlfn.TEXTJOIN(";",1,IF(AP41:AQ41<>"",AP41:AQ41&"="&AR41:AS41,""))} | AT41: {=_xlfn.LET(_xlpm._tb,"tb_diy_0"&MID(A41,4,1),_xlfn.TEXTJOIN(";",1,_xlfn.MAP(INDIRECT(_xlpm._tb&"[id]"),INDIRECT(_xlpm._tb&"[parm_key]"),INDIRECT(_xlpm._tb&"[parm_value]"),_xlfn.LAMBDA(_xlpm._id,_xlpm._k,_xlpm._v,IF(_xlpm._id=A41,_xlpm._k&"="&_xlpm._v,"")))))} -> WALK_SPEED=6;BEFORE_ATTACK_SEC=0.2;AFTER_ATTACK_SEC=0.3;BEGIN_ATK_DIS=4;ATK_DIS=1.5;ATK_CD=2;STAND_SEC=2
A42: 201704 | B42: =_xlfn.TEXTJOIN("_",1,"enemy",$A42) -> enemy_201704 | C42: 荒漠 | D42: 巨型石头人 | G42: se_ag_bat_bite | H42: 175 | I42: 0 | J42: 850 | M42: {=_xlfn.TEXTJOIN(";",1,_xlfn.LAMBDA(_xlpm.x,IF(_xlpm.x<>"",OFFSET(_xlpm.x,3-ROW(),0)&"="&_xlpm.x,""))(N42:S42))} -> sharp=13 | N42: 13 | AA42: =_xlfn.TEXTJOIN("_",1,"monster",$A42,$AB42) -> monster_201704_Desert_Giant_Rock | AB42: Desert_Giant_Rock | AC42: =_xlfn.TEXTJOIN("_",1,"BT",$AB42) -> BT_Desert_Giant_Rock | AE42: 0.7 | AF42: =_xlfn.XLOOKUP(A42,'-loot_list辅助配置表'!A:A,'-loot_list辅助配置表'!V:V) -> 10000=0.875;600701=0.0175 | AG42: =_xlfn.TEXTJOIN(";",1,AH42:AL42) -> vfx_monster_die_1;vfx_monster_die_2;vfx_monster_die_3;vfx_monster_die_4 | AH42: vfx_monster_die_1 | AI42: vfx_monster_die_2 | AJ42: vfx_monster_die_3 | AK42: vfx_monster_die_4 | AN42: 0 | AO42: {=_xlfn.TEXTJOIN(";",1,IF(AP42:AQ42<>"",AP42:AQ42&"="&AR42:AS42,""))} | AT42: {=_xlfn.LET(_xlpm._tb,"tb_diy_0"&MID(A42,4,1),_xlfn.TEXTJOIN(";",1,_xlfn.MAP(INDIRECT(_xlpm._tb&"[id]"),INDIRECT(_xlpm._tb&"[parm_key]"),INDIRECT(_xlpm._tb&"[parm_value]"),_xlfn.LAMBDA(_xlpm._id,_xlpm._k,_xlpm._v,IF(_xlpm._id=A42,_xlpm._k&"="&_xlpm._v,"")))))} -> JUMP_CD=1;ATK_DIS=2;LAND_SEC=2;JUMP_VELOCITY_X_MAX=50;JUMP_HEIGHT_AREA=1,2
A43: 201705 | B43: =_xlfn.TEXTJOIN("_",1,"enemy",$A43) -> enemy_201705 | C43: 荒漠 | D43: 小石头人 | G43: se_ag_bat_bite | H43: 55 | I43: 0 | J43: 95 | M43: {=_xlfn.TEXTJOIN(";",1,_xlfn.LAMBDA(_xlpm.x,IF(_xlpm.x<>"",OFFSET(_xlpm.x,3-ROW(),0)&"="&_xlpm.x,""))(N43:S43))} -> sharp=5 | N43: 5 | AA43: =_xlfn.TEXTJOIN("_",1,"monster",$A43,$AB43) -> monster_201705_Desert_Small_Rock | AB43: Desert_Small_Rock | AC43: BT_Desert_Scorpion | AE43: 0.4 | AF43: =_xlfn.XLOOKUP(A43,'-loot_list辅助配置表'!A:A,'-loot_list辅助配置表'!V:V) -> 10000=0.275;600701=0.0055 | AG43: =_xlfn.TEXTJOIN(";",1,AH43:AL43) -> vfx_monster_die_1;vfx_monster_die_2;vfx_monster_die_3;vfx_monster_die_4 | AH43: vfx_monster_die_1 | AI43: vfx_monster_die_2 | AJ43: vfx_monster_die_3 | AK43: vfx_monster_die_4 | AN43: 0 | AO43: {=_xlfn.TEXTJOIN(";",1,IF(AP43:AQ43<>"",AP43:AQ43&"="&AR43:AS43,""))} | AT43: {=_xlfn.LET(_xlpm._tb,"tb_diy_0"&MID(A43,4,1),_xlfn.TEXTJOIN(";",1,_xlfn.MAP(INDIRECT(_xlpm._tb&"[id]"),INDIRECT(_xlpm._tb&"[parm_key]"),INDIRECT(_xlpm._tb&"[parm_value]"),_xlfn.LAMBDA(_xlpm._id,_xlpm._k,_xlpm._v,IF(_xlpm._id=A43,_xlpm._k&"="&_xlpm._v,"")))))} -> WALK_SPEED=4;BEFORE_ATTACK_SEC=0.2;AFTER_ATTACK_SEC=0.3;BEGIN_ATK_DIS=1;ATK_DIS=1.5;ATK_CD=2;STAND_SEC=2
A44: 201706 | B44: =_xlfn.TEXTJOIN("_",1,"enemy",$A44) -> enemy_201706 | C44: 荒漠 | D44: 大盾守卫 | G44: se_ag_bat_bite | H44: 110 | I44: 0 | J44: 500 | M44: {=_xlfn.TEXTJOIN(";",1,_xlfn.LAMBDA(_xlpm.x,IF(_xlpm.x<>"",OFFSET(_xlpm.x,3-ROW(),0)&"="&_xlpm.x,""))(N44:S44))} -> sharp=3 | N44: 3 | V44: 4 | W44: 8 | X44: =$W44*$J44 -> 4000 | AA44: =_xlfn.TEXTJOIN("_",1,"monster",$A44,$AB44) -> monster_201706_Desert_Shield_Guard | AB44: Desert_Shield_Guard | AC44: =_xlfn.TEXTJOIN("_",1,"BT",$AB44) -> BT_Desert_Shield_Guard | AE44: 0.5 | AF44: =_xlfn.XLOOKUP(A44,'-loot_list辅助配置表'!A:A,'-loot_list辅助配置表'!V:V) -> 10000=0.55;600701=0.011 | AG44: =_xlfn.TEXTJOIN(";",1,AH44:AL44) -> vfx_monster_die_1;vfx_monster_die_2;vfx_monster_die_3;vfx_monster_die_4 | AH44: vfx_monster_die_1 | AI44: vfx_monster_die_2 | AJ44: vfx_monster_die_3 | AK44: vfx_monster_die_4 | AN44: 0 | AO44: {=_xlfn.TEXTJOIN(";",1,IF(AP44:AQ44<>"",AP44:AQ44&"="&AR44:AS44,""))} | AT44: {=_xlfn.LET(_xlpm._tb,"tb_diy_0"&MID(A44,4,1),_xlfn.TEXTJOIN(";",1,_xlfn.MAP(INDIRECT(_xlpm._tb&"[id]"),INDIRECT(_xlpm._tb&"[parm_key]"),INDIRECT(_xlpm._tb&"[parm_value]"),_xlfn.LAMBDA(_xlpm._id,_xlpm._k,_xlpm._v,IF(_xlpm._id=A44,_xlpm._k&"="&_xlpm._v,"")))))} -> FLYAROUND_DEG_1=60,120;FLYAROUND_RADIUS_1=5,6;FLYAROUND_COUNT_MAX_1=1;FLYAROUND_COUNT_MIN_1=1;FLYAROUND_DEG_2=0,180;FLYAROUND_RADIUS_2=1,2;FLYAROUND_COUNT_MAX_2=1;FLYAROUND_COUNT_MIN_2=1;BEFORE_ATTACK_SEC=0.2;AFTER_ATTACK_SEC=0.3;BEGIN_ATK_DIS=1;ATK_DIS=1.5;ATK_CD=8
A45: 201707 | B45: =_xlfn.TEXTJOIN("_",1,"enemy",$A45) -> enemy_201707 | C45: 荒漠 | D45: 基础守卫 | G45: se_ag_bat_bite | H45: 55 | I45: 0 | J45: 500 | M45: {=_xlfn.TEXTJOIN(";",1,_xlfn.LAMBDA(_xlpm.x,IF(_xlpm.x<>"",OFFSET(_xlpm.x,3-ROW(),0)&"="&_xlpm.x,""))(N45:S45))} -> sharp=4 | N45: 4 | V45: 5 | W45: 10 | X45: =$W45*$J45 -> 5000 | AA45: =_xlfn.TEXTJOIN("_",1,"monster",$A45,$AB45) -> monster_201707_Desert_Balance_Guard | AB45: Desert_Balance_Guard | AC45: BT_Desert_Shield_Guard | AE45: 0.5 | AF45: =_xlfn.XLOOKUP(A45,'-loot_list辅助配置表'!A:A,'-loot_list辅助配置表'!V:V) -> 10000=0.275;600701=0.0055 | AG45: =_xlfn.TEXTJOIN(";",1,AH45:AL45) -> vfx_monster_die_1;vfx_monster_die_2;vfx_monster_die_3;vfx_monster_die_4 | AH45: vfx_monster_die_1 | AI45: vfx_monster_die_2 | AJ45: vfx_monster_die_3 | AK45: vfx_monster_die_4 | AN45: 0 | AO45: {=_xlfn.TEXTJOIN(";",1,IF(AP45:AQ45<>"",AP45:AQ45&"="&AR45:AS45,""))} | AT45: {=_xlfn.LET(_xlpm._tb,"tb_diy_0"&MID(A45,4,1),_xlfn.TEXTJOIN(";",1,_xlfn.MAP(INDIRECT(_xlpm._tb&"[id]"),INDIRECT(_xlpm._tb&"[parm_key]"),INDIRECT(_xlpm._tb&"[parm_value]"),_xlfn.LAMBDA(_xlpm._id,_xlpm._k,_xlpm._v,IF(_xlpm._id=A45,_xlpm._k&"="&_xlpm._v,"")))))} -> FLYAROUND_DEG_1=60,120;FLYAROUND_RADIUS_1=5,8;FLYAROUND_COUNT_MAX_1=1;FLYAROUND_COUNT_MIN_1=1;FLYAROUND_DEG_2=0,180;FLYAROUND_RADIUS_2=1,2;FLYAROUND_COUNT_MAX_2=1;FLYAROUND_COUNT_MIN_2=1;BEFORE_ATTACK_SEC=0.2;AFTER_ATTACK_SEC=0.3;BEGIN_ATK_DIS=1;ATK_DIS=1.5;ATK_CD=5
A46: 201708 | B46: =_xlfn.TEXTJOIN("_",1,"enemy",$A46) -> enemy_201708 | C46: 荒漠 | D46: 双刀守卫 | G46: se_ag_bat_bite | H46: 44 | I46: 0 | J46: 500 | M46: {=_xlfn.TEXTJOIN(";",1,_xlfn.LAMBDA(_xlpm.x,IF(_xlpm.x<>"",OFFSET(_xlpm.x,3-ROW(),0)&"="&_xlpm.x,""))(N46:S46))} -> sharp=8 | N46: 8 | V46: 6 | W46: 12 | X46: =$W46*$J46 -> 6000 | AA46: =_xlfn.TEXTJOIN("_",1,"monster",$A46,$AB46) -> monster_201708_Desert_Akimbo_Guard | AB46: Desert_Akimbo_Guard | AC46: BT_Desert_Shield_Guard | AE46: 0.5 | AF46: =_xlfn.XLOOKUP(A46,'-loot_list辅助配置表'!A:A,'-loot_list辅助配置表'!V:V) -> 10000=0.22;600701=0.0044 | AG46: =_xlfn.TEXTJOIN(";",1,AH46:AL46) -> vfx_monster_die_1;vfx_monster_die_2;vfx_monster_die_3;vfx_monster_die_4 | AH46: vfx_monster_die_1 | AI46: vfx_monster_die_2 | AJ46: vfx_monster_die_3 | AK46: vfx_monster_die_4 | AN46: 0 | AO46: {=_xlfn.TEXTJOIN(";",1,IF(AP46:AQ46<>"",AP46:AQ46&"="&AR46:AS46,""))} | AT46: {=_xlfn.LET(_xlpm._tb,"tb_diy_0"&MID(A46,4,1),_xlfn.TEXTJOIN(";",1,_xlfn.MAP(INDIRECT(_xlpm._tb&"[id]"),INDIRECT(_xlpm._tb&"[parm_key]"),INDIRECT(_xlpm._tb&"[parm_value]"),_xlfn.LAMBDA(_xlpm._id,_xlpm._k,_xlpm._v,IF(_xlpm._id=A46,_xlpm._k&"="&_xlpm._v,"")))))} -> FLYAROUND_DEG_1=60,120;FLYAROUND_RADIUS_1=4,7;FLYAROUND_COUNT_MAX_1=1;FLYAROUND_COUNT_MIN_1=1;FLYAROUND_DEG_2=0,180;FLYAROUND_RADIUS_2=1,2;FLYAROUND_COUNT_MAX_2=1;FLYAROUND_COUNT_MIN_2=1;BEFORE_ATTACK_SEC=0.2;AFTER_ATTACK_SEC=0.3;BEGIN_ATK_DIS=1;ATK_DIS=1.5;ATK_CD=2
A47: 201709 | B47: =_xlfn.TEXTJOIN("_",1,"enemy",$A47) -> enemy_201709 | C47: 荒漠 | D47: 大仙人掌 | G47: se_ag_bat_bite | H47: 43 | I47: 0 | J47: 580 | K47: TRUE | M47: {=_xlfn.TEXTJOIN(";",1,_xlfn.LAMBDA(_xlpm.x,IF(_xlpm.x<>"",OFFSET(_xlpm.x,3-ROW(),0)&"="&_xlpm.x,""))(N47:S47))} | AA47: =_xlfn.TEXTJOIN("_",1,"monster",$A47,$AB47) -> monster_201709_Desert_Giant_Cactus | AB47: Desert_Giant_Cactus | AC47: =_xlfn.TEXTJOIN("_",1,"BT",$AB47) -> BT_Desert_Giant_Cactus | AD47: =A47 -> 201709 | AE47: 0 | AF47: =_xlfn.XLOOKUP(A47,'-loot_list辅助配置表'!A:A,'-loot_list辅助配置表'!V:V) -> 10000=0.215;600701=0.0043 | AG47: =_xlfn.TEXTJOIN(";",1,AH47:AL47) -> vfx_monster_die_1;vfx_monster_die_2;vfx_monster_die_3;vfx_monster_die_4 | AH47: vfx_monster_die_1 | AI47: vfx_monster_die_2 | AJ47: vfx_monster_die_3 | AK47: vfx_monster_die_4 | AN47: 0 | AO47: {=_xlfn.TEXTJOIN(";",1,IF(AP47:AQ47<>"",AP47:AQ47&"="&AR47:AS47,""))} | AT47: {=_xlfn.LET(_xlpm._tb,"tb_diy_0"&MID(A47,4,1),_xlfn.TEXTJOIN(";",1,_xlfn.MAP(INDIRECT(_xlpm._tb&"[id]"),INDIRECT(_xlpm._tb&"[parm_key]"),INDIRECT(_xlpm._tb&"[parm_value]"),_xlfn.LAMBDA(_xlpm._id,_xlpm._k,_xlpm._v,IF(_xlpm._id=A47,_xlpm._k&"="&_xlpm._v,"")))))} -> BEFORE_ATTACK_SEC=0.2;AFTER_ATTACK_SEC=0.3;ATK_CD=0.1;RUNNING_FIRE_COUNT=11
A48: 201710 | B48: =_xlfn.TEXTJOIN("_",1,"enemy",$A48) -> enemy_201710 | C48: 荒漠 | D48: 小仙人掌 | G48: se_ag_bat_bite | H48: 18 | I48: 0 | J48: 95 | K48: TRUE | M48: {=_xlfn.TEXTJOIN(";",1,_xlfn.LAMBDA(_xlpm.x,IF(_xlpm.x<>"",OFFSET(_xlpm.x,3-ROW(),0)&"="&_xlpm.x,""))(N48:S48))} | AA48: =_xlfn.TEXTJOIN("_",1,"monster",$A48,$AB48) -> monster_201710_Desert_Small_Cactus | AB48: Desert_Small_Cactus | AC48: BT_Desert_Giant_Cactus | AD48: =A48 -> 201710 | AE48: 0 | AF48: =_xlfn.XLOOKUP(A48,'-loot_list辅助配置表'!A:A,'-loot_list辅助配置表'!V:V) -> 10000=0.09;600701=0.0018 | AG48: =_xlfn.TEXTJOIN(";",1,AH48:AL48) -> vfx_monster_die_1;vfx_monster_die_2;vfx_monster_die_3;vfx_monster_die_4 | AH48: vfx_monster_die_1 | AI48: vfx_monster_die_2 | AJ48: vfx_monster_die_3 | AK48: vfx_monster_die_4 | AN48: 0 | AO48: {=_xlfn.TEXTJOIN(";",1,IF(AP48:AQ48<>"",AP48:AQ48&"="&AR48:AS48,""))} | AT48: {=_xlfn.LET(_xlpm._tb,"tb_diy_0"&MID(A48,4,1),_xlfn.TEXTJOIN(";",1,_xlfn.MAP(INDIRECT(_xlpm._tb&"[id]"),INDIRECT(_xlpm._tb&"[parm_key]"),INDIRECT(_xlpm._tb&"[parm_value]"),_xlfn.LAMBDA(_xlpm._id,_xlpm._k,_xlpm._v,IF(_xlpm._id=A48,_xlpm._k&"="&_xlpm._v,"")))))} -> BEFORE_ATTACK_SEC=0.2;AFTER_ATTACK_SEC=0.3;ATK_CD=2.5;RUNNING_FIRE_COUNT=6
A49: 201711 | B49: =_xlfn.TEXTJOIN("_",1,"enemy",$A49) -> enemy_201711 | C49: 荒漠 | D49: 大风滚草 | G49: se_ag_bat_bite | H49: 17 | I49: 0 | J49: 2.5 | M49: {=_xlfn.TEXTJOIN(";",1,_xlfn.LAMBDA(_xlpm.x,IF(_xlpm.x<>"",OFFSET(_xlpm.x,3-ROW(),0)&"="&_xlpm.x,""))(N49:S49))} -> sharp=5 | N49: 5 | AA49: =_xlfn.TEXTJOIN("_",1,"monster",$A49,$AB49) -> monster_201711_Desert_Giant_Weed | AB49: Desert_Giant_Weed | AC49: =_xlfn.TEXTJOIN("_",1,"BT",$AB49) -> BT_Desert_Giant_Weed | AE49: 0 | AF49: =_xlfn.XLOOKUP(A49,'-loot_list辅助配置表'!A:A,'-loot_list辅助配置表'!V:V) -> 10000=0.085;600701=0.0017 | AG49: =_xlfn.TEXTJOIN(";",1,AH49:AL49) -> vfx_monster_die_1;vfx_monster_die_2;vfx_monster_die_3;vfx_monster_die_4 | AH49: vfx_monster_die_1 | AI49: vfx_monster_die_2 | AJ49: vfx_monster_die_3 | AK49: vfx_monster_die_4 | AN49: 0 | AO49: {=_xlfn.TEXTJOIN(";",1,IF(AP49:AQ49<>"",AP49:AQ49&"="&AR49:AS49,""))} | AT49: {=_xlfn.LET(_xlpm._tb,"tb_diy_0"&MID(A49,4,1),_xlfn.TEXTJOIN(";",1,_xlfn.MAP(INDIRECT(_xlpm._tb&"[id]"),INDIRECT(_xlpm._tb&"[parm_key]"),INDIRECT(_xlpm._tb&"[parm_value]"),_xlfn.LAMBDA(_xlpm._id,_xlpm._k,_xlpm._v,IF(_xlpm._id=A49,_xlpm._k&"="&_xlpm._v,"")))))} -> SLOW_RATE=0.1;JUMP_DEG_AREA=120,170;JUMP_SPEED_AREA=7,7;ROTATE_SPEED_AREA=360,720;STICK_RATE=50
A50: 201712 | B50: =_xlfn.TEXTJOIN("_",1,"enemy",$A50) -> enemy_201712 | C50: 荒漠 | D50: 小风滚草 | G50: se_ag_bat_bite | H50: 7 | I50: 0 | J50: 0.85 | M50: {=_xlfn.TEXTJOIN(";",1,_xlfn.LAMBDA(_xlpm.x,IF(_xlpm.x<>"",OFFSET(_xlpm.x,3-ROW(),0)&"="&_xlpm.x,""))(N50:S50))} -> sharp=5 | N50: 5 | AA50: =_xlfn.TEXTJOIN("_",1,"monster",$A50,$AB50) -> monster_201712_Desert_Small_Weed | AB50: Desert_Small_Weed | AC50: BT_Desert_Giant_Weed | AE50: 0 | AF50: =_xlfn.XLOOKUP(A50,'-loot_list辅助配置表'!A:A,'-loot_list辅助配置表'!V:V) -> 10000=0.035;600701=0.0007 | AG50: =_xlfn.TEXTJOIN(";",1,AH50:AL50) -> vfx_monster_die_1;vfx_monster_die_2;vfx_monster_die_3;vfx_monster_die_4 | AH50: vfx_monster_die_1 | AI50: vfx_monster_die_2 | AJ50: vfx_monster_die_3 | AK50: vfx_monster_die_4 | AN50: 0 | AO50: {=_xlfn.TEXTJOIN(";",1,IF(AP50:AQ50<>"",AP50:AQ50&"="&AR50:AS50,""))} | AT50: {=_xlfn.LET(_xlpm._tb,"tb_diy_0"&MID(A50,4,1),_xlfn.TEXTJOIN(";",1,_xlfn.MAP(INDIRECT(_xlpm._tb&"[id]"),INDIRECT(_xlpm._tb&"[parm_key]"),INDIRECT(_xlpm._tb&"[parm_value]"),_xlfn.LAMBDA(_xlpm._id,_xlpm._k,_xlpm._v,IF(_xlpm._id=A50,_xlpm._k&"="&_xlpm._v,"")))))} -> SLOW_RATE=0.1;JUMP_DEG_AREA=100,170;JUMP_SPEED_AREA=7,7;ROTATE_SPEED_AREA=360,720;STICK_RATE=50
A52: 201801 | B52: =_xlfn.TEXTJOIN("_",1,"enemy",$A52) -> enemy_201801 | C52: 大湖 | D52: 金鱼 | G52: se_ag_bat_bite | H52: 19 | I52: 0 | J52: 2.12 | M52: {=_xlfn.TEXTJOIN(";",1,_xlfn.LAMBDA(_xlpm.x,IF(_xlpm.x<>"",OFFSET(_xlpm.x,3-ROW(),0)&"="&_xlpm.x,""))(N52:S52))} | V52: 7 | W52: 15 | X52: =$W52*$J52 -> 31.8 | AA52: =_xlfn.TEXTJOIN("_",1,"monster",$A52,$AB52) -> monster_201801_Lake_GoldFish | AB52: Lake_GoldFish | AC52: =_xlfn.TEXTJOIN("_",1,"BT",$AB52) -> BT_Lake_GoldFish | AE52: 0.15 | AF52: =_xlfn.XLOOKUP(A52,'-loot_list辅助配置表'!A:A,'-loot_list辅助配置表'!V:V) -> 10000=0.095;600802=0.0011;600803=0.0002 | AG52: =_xlfn.TEXTJOIN(";",1,AH52:AL52) -> vfx_monster_die_1;vfx_monster_die_2;vfx_monster_die_3;vfx_monster_die_4 | AH52: vfx_monster_die_1 | AI52: vfx_monster_die_2 | AJ52: vfx_monster_die_3 | AK52: vfx_monster_die_4 | AM52: aquatic | AN52: 0 | AO52: {=_xlfn.TEXTJOIN(";",1,IF(AP52:AQ52<>"",AP52:AQ52&"="&AR52:AS52,""))} | AT52: {=_xlfn.LET(_xlpm._tb,"tb_diy_0"&MID(A52,4,1),_xlfn.TEXTJOIN(";",1,_xlfn.MAP(INDIRECT(_xlpm._tb&"[id]"),INDIRECT(_xlpm._tb&"[parm_key]"),INDIRECT(_xlpm._tb&"[parm_value]"),_xlfn.LAMBDA(_xlpm._id,_xlpm._k,_xlpm._v,IF(_xlpm._id=A52,_xlpm._k&"="&_xlpm._v,"")))))} -> FLYAROUND_DEG=20,170;FLYAROUND_RADIUS=7.5,11.5;FLYAROUND_COUNT_MAX=6;FLYAROUND_COUNT_MIN=4;FLYFOLLOW_DIS=6,10;BEFORE_ATTACK_SEC=0.2;AFTER_ATTACK_SEC=0.5;BUBBLE_COUNT=1;BUBBLE_INTERVAL_SEC=0.3
A53: 201802 | B53: =_xlfn.TEXTJOIN("_",1,"enemy",$A53) -> enemy_201802 | C53: 大湖 | D53: 金鱼泡泡 | G53: se_ag_bat_bite | H53: 2 | I53: 0 | J53: 0.2 | M53: {=_xlfn.TEXTJOIN(";",1,_xlfn.LAMBDA(_xlpm.x,IF(_xlpm.x<>"",OFFSET(_xlpm.x,3-ROW(),0)&"="&_xlpm.x,""))(N53:S53))} -> sharp=2 | N53: 2 | V53: 5 | W53: 2 | X53: 10 | AA53: =_xlfn.TEXTJOIN("_",1,"monster",$A53,$AB53) -> monster_201802_Lake_GoldFish_Bubble | AB53: Lake_GoldFish_Bubble | AC53: =_xlfn.TEXTJOIN("_",1,"BT",$AB53) -> BT_Lake_GoldFish_Bubble | AE53: 0.15 | AF53: =_xlfn.XLOOKUP(A53,'-loot_list辅助配置表'!A:A,'-loot_list辅助配置表'!V:V) | AG53: =_xlfn.TEXTJOIN(";",1,AH53:AL53) -> vfx_monster_die_1;vfx_monster_die_2;vfx_monster_die_3;vfx_monster_die_4;vfx_monster_die_explode1 | AH53: vfx_monster_die_1 | AI53: vfx_monster_die_2 | AJ53: vfx_monster_die_3 | AK53: vfx_monster_die_4 | AL53: vfx_monster_die_explode1 | AN53: 0 | AO53: {=_xlfn.TEXTJOIN(";",1,IF(AP53:AQ53<>"",AP53:AQ53&"="&AR53:AS53,""))} | AT53: {=_xlfn.LET(_xlpm._tb,"tb_diy_0"&MID(A53,4,1),_xlfn.TEXTJOIN(";",1,_xlfn.MAP(INDIRECT(_xlpm._tb&"[id]"),INDIRECT(_xlpm._tb&"[parm_key]"),INDIRECT(_xlpm._tb&"[parm_value]"),_xlfn.LAMBDA(_xlpm._id,_xlpm._k,_xlpm._v,IF(_xlpm._id=A53,_xlpm._k&"="&_xlpm._v,"")))))} -> EXPLOSION_RADIUS=1.2;BEHIT_RADIUS=1
A54: 201803 | B54: =_xlfn.TEXTJOIN("_",1,"enemy",$A54) -> enemy_201803 | C54: 大湖 | D54: 海藻小妖 | G54: se_ag_bat_bite | H54: 24 | I54: 0 | J54: 2.4 | M54: {=_xlfn.TEXTJOIN(";",1,_xlfn.LAMBDA(_xlpm.x,IF(_xlpm.x<>"",OFFSET(_xlpm.x,3-ROW(),0)&"="&_xlpm.x,""))(N54:S54))} -> sharp=2 | N54: 2 | V54: 5 | W54: 8 | X54: =$W54*$J54 -> 19.2 | AA54: =_xlfn.TEXTJOIN("_",1,"monster",$A54,$AB54) -> monster_201803_Lake_XiaoYao | AB54: Lake_XiaoYao | AC54: =_xlfn.TEXTJOIN("_",1,"BT",$AB54) -> BT_Lake_XiaoYao | AE54: 0.15 | AF54: =_xlfn.XLOOKUP(A54,'-loot_list辅助配置表'!A:A,'-loot_list辅助配置表'!V:V) -> 10000=0.12;600801=0.0125;600811=0.0006;600813=0.0006 | AG54: =_xlfn.TEXTJOIN(";",1,AH54:AL54) -> vfx_monster_die_1;vfx_monster_die_2;vfx_monster_die_3;vfx_monster_die_4 | AH54: vfx_monster_die_1 | AI54: vfx_monster_die_2 | AJ54: vfx_monster_die_3 | AK54: vfx_monster_die_4 | AM54: aquatic | AN54: 0 | AO54: {=_xlfn.TEXTJOIN(";",1,IF(AP54:AQ54<>"",AP54:AQ54&"="&AR54:AS54,""))} | AT54: {=_xlfn.LET(_xlpm._tb,"tb_diy_0"&MID(A54,4,1),_xlfn.TEXTJOIN(";",1,_xlfn.MAP(INDIRECT(_xlpm._tb&"[id]"),INDIRECT(_xlpm._tb&"[parm_key]"),INDIRECT(_xlpm._tb&"[parm_value]"),_xlfn.LAMBDA(_xlpm._id,_xlpm._k,_xlpm._v,IF(_xlpm._id=A54,_xlpm._k&"="&_xlpm._v,"")))))} -> FLYAROUND_DEG=35,145;FLYAROUND_RADIUS=6,9;FLYAROUND_COUNT_MAX=3;FLYAROUND_COUNT_MIN=1;FLYFOLLOW_DIS=1,2;BEFORE_ATTACK_SEC=0.2;AFTER_ATTACK_SEC=0.5
A55: 201804 | B55: =_xlfn.TEXTJOIN("_",1,"enemy",$A55) -> enemy_201804 | C55: 大湖 | D55: 鲶鱼 | G55: se_ag_bat_bite | H55: 48 | I55: 0 | J55: 5 | M55: {=_xlfn.TEXTJOIN(";",1,_xlfn.LAMBDA(_xlpm.x,IF(_xlpm.x<>"",OFFSET(_xlpm.x,3-ROW(),0)&"="&_xlpm.x,""))(N55:S55))} | V55: 7 | W55: 3 | X55: =$W55*$J55 -> 15 | AA55: =_xlfn.TEXTJOIN("_",1,"monster",$A55,$AB55) -> monster_201804_Lake_CatFish | AB55: Lake_CatFish | AC55: =_xlfn.TEXTJOIN("_",1,"BT",$AB55) -> BT_Lake_CatFish | AD55: =A55 -> 201804 | AE55: 0.15 | AF55: =_xlfn.XLOOKUP(A55,'-loot_list辅助配置表'!A:A,'-loot_list辅助配置表'!V:V) -> 10000=0.24;600801=0.0048 | AG55: =_xlfn.TEXTJOIN(";",1,AH55:AL55) -> vfx_monster_die_1;vfx_monster_die_2;vfx_monster_die_3;vfx_monster_die_4 | AH55: vfx_monster_die_1 | AI55: vfx_monster_die_2 | AJ55: vfx_monster_die_3 | AK55: vfx_monster_die_4 | AM55: aquatic | AN55: 0 | AO55: {=_xlfn.TEXTJOIN(";",1,IF(AP55:AQ55<>"",AP55:AQ55&"="&AR55:AS55,""))} | AT55: {=_xlfn.LET(_xlpm._tb,"tb_diy_0"&MID(A55,4,1),_xlfn.TEXTJOIN(";",1,_xlfn.MAP(INDIRECT(_xlpm._tb&"[id]"),INDIRECT(_xlpm._tb&"[parm_key]"),INDIRECT(_xlpm._tb&"[parm_value]"),_xlfn.LAMBDA(_xlpm._id,_xlpm._k,_xlpm._v,IF(_xlpm._id=A55,_xlpm._k&"="&_xlpm._v,"")))))} -> FLYAROUND_DEG=20,160;FLYAROUND_RADIUS=8,12;FLYAROUND_COUNT_MAX=3;FLYAROUND_COUNT_MIN=1;FLYFOLLOW_DIS=0.5,1;BEFORE_ATTACK_SEC=0.2;AFTER_ATTACK_SEC=0.5;ATTACK_LASTING_SEC=2;ATTACK_COUNT=30
A56: 201805 | B56: =_xlfn.TEXTJOIN("_",1,"enemy",$A56) -> enemy_201805 | C56: 大湖 | D56: 似目草 | G56: se_ag_bat_bite | H56: 12 | I56: 0 | J56: 1.2 | M56: {=_xlfn.TEXTJOIN(";",1,_xlfn.LAMBDA(_xlpm.x,IF(_xlpm.x<>"",OFFSET(_xlpm.x,3-ROW(),0)&"="&_xlpm.x,""))(N56:S56))} -> sharp=2 | N56: 2 | AA56: =_xlfn.TEXTJOIN("_",1,"monster",$A56,$AB56) -> monster_201805_Lake_Flower | AB56: Lake_Flower | AC56: =_xlfn.TEXTJOIN("_",1,"BT",$AB56) -> BT_Lake_Flower | AE56: 0.15 | AF56: =_xlfn.XLOOKUP(A56,'-loot_list辅助配置表'!A:A,'-loot_list辅助配置表'!V:V) -> 10000=0.06;600801=0.008 | AG56: =_xlfn.TEXTJOIN(";",1,AH56:AL56) -> vfx_monster_die_1;vfx_monster_die_2;vfx_monster_die_3;vfx_monster_die_4 | AH56: vfx_monster_die_1 | AI56: vfx_monster_die_2 | AJ56: vfx_monster_die_3 | AK56: vfx_monster_die_4 | AM56: aquatic | AN56: 0 | AO56: {=_xlfn.TEXTJOIN(";",1,IF(AP56:AQ56<>"",AP56:AQ56&"="&AR56:AS56,""))} | AT56: {=_xlfn.LET(_xlpm._tb,"tb_diy_0"&MID(A56,4,1),_xlfn.TEXTJOIN(";",1,_xlfn.MAP(INDIRECT(_xlpm._tb&"[id]"),INDIRECT(_xlpm._tb&"[parm_key]"),INDIRECT(_xlpm._tb&"[parm_value]"),_xlfn.LAMBDA(_xlpm._id,_xlpm._k,_xlpm._v,IF(_xlpm._id=A56,_xlpm._k&"="&_xlpm._v,"")))))} -> ATK_DIS=2;ATK_INTERVAL_SEC=0.4;TO_ATK_DELAY_SEC=0.2
A57: 201806 | B57: =_xlfn.TEXTJOIN("_",1,"enemy",$A57) -> enemy_201806 | C57: 大湖 | D57: 脑型大水母 | G57: se_ag_bat_bite | H57: 192 | I57: 0 | J57: 33.6 | M57: {=_xlfn.TEXTJOIN(";",1,_xlfn.LAMBDA(_xlpm.x,IF(_xlpm.x<>"",OFFSET(_xlpm.x,3-ROW(),0)&"="&_xlpm.x,""))(N57:S57))} | V57: 2 | W57: 2 | X57: =$W57*$J57 -> 67.2 | Y57: TRUE | AA57: =_xlfn.TEXTJOIN("_",1,"monster",$A57,$AB57) -> monster_201806_Lake_GiantJelly | AB57: Lake_GiantJelly | AC57: =_xlfn.TEXTJOIN("_",1,"BT",$AB57) -> BT_Lake_GiantJelly | AE57: 0.15 | AF57: =_xlfn.XLOOKUP(A57,'-loot_list辅助配置表'!A:A,'-loot_list辅助配置表'!V:V) -> 10000=0.96;600804=0.0143 | AG57: =_xlfn.TEXTJOIN(";",1,AH57:AL57) -> vfx_monster_die_1;vfx_monster_die_2;vfx_monster_die_3;vfx_monster_die_4 | AH57: vfx_monster_die_1 | AI57: vfx_monster_die_2 | AJ57: vfx_monster_die_3 | AK57: vfx_monster_die_4 | AM57: aquatic | AN57: 0 | AO57: {=_xlfn.TEXTJOIN(";",1,IF(AP57:AQ57<>"",AP57:AQ57&"="&AR57:AS57,""))} | AT57: {=_xlfn.LET(_xlpm._tb,"tb_diy_0"&MID(A57,4,1),_xlfn.TEXTJOIN(";",1,_xlfn.MAP(INDIRECT(_xlpm._tb&"[id]"),INDIRECT(_xlpm._tb&"[parm_key]"),INDIRECT(_xlpm._tb&"[parm_value]"),_xlfn.LAMBDA(_xlpm._id,_xlpm._k,_xlpm._v,IF(_xlpm._id=A57,_xlpm._k&"="&_xlpm._v,"")))))} -> FLYAROUND_DEG=20,160;FLYAROUND_RADIUS=9.5,12;FLYAROUND_COUNT_MAX=6;FLYAROUND_COUNT_MIN=3;SUB_CELL_COUNT_MAX=7;CREATE_INTERVAL_SEC=3;CREATE_RADIUS=2
A58: 201807 | B58: =_xlfn.TEXTJOIN("_",1,"enemy",$A58) -> enemy_201807 | C58: 大湖 | D58: 针刺小水母 | G58: se_ag_bat_bite | H58: 2 | I58: 0 | J58: 0.5 | M58: {=_xlfn.TEXTJOIN(";",1,_xlfn.LAMBDA(_xlpm.x,IF(_xlpm.x<>"",OFFSET(_xlpm.x,3-ROW(),0)&"="&_xlpm.x,""))(N58:S58))} -> sharp=4 | N58: 4 | V58: 10 | W58: 45 | X58: =$W58*$J58 -> 22.5 | AA58: =_xlfn.TEXTJOIN("_",1,"monster",$A58,$AB58) -> monster_201807_Lake_SmallJelly | AB58: Lake_SmallJelly | AC58: =_xlfn.TEXTJOIN("_",1,"BT",$AB58) -> BT_Lake_SmallJelly | AE58: 0.15 | AF58: =_xlfn.XLOOKUP(A58,'-loot_list辅助配置表'!A:A,'-loot_list辅助配置表'!V:V) | AG58: =_xlfn.TEXTJOIN(";",1,AH58:AL58) -> vfx_monster_die_1;vfx_monster_die_2;vfx_monster_die_3;vfx_monster_die_4 | AH58: vfx_monster_die_1 | AI58: vfx_monster_die_2 | AJ58: vfx_monster_die_3 | AK58: vfx_monster_die_4 | AM58: aquatic | AN58: 0 | AO58: {=_xlfn.TEXTJOIN(";",1,IF(AP58:AQ58<>"",AP58:AQ58&"="&AR58:AS58,""))} | AT58: {=_xlfn.LET(_xlpm._tb,"tb_diy_0"&MID(A58,4,1),_xlfn.TEXTJOIN(";",1,_xlfn.MAP(INDIRECT(_xlpm._tb&"[id]"),INDIRECT(_xlpm._tb&"[parm_key]"),INDIRECT(_xlpm._tb&"[parm_value]"),_xlfn.LAMBDA(_xlpm._id,_xlpm._k,_xlpm._v,IF(_xlpm._id=A58,_xlpm._k&"="&_xlpm._v,"")))))} -> FLYAROUND_DEG=10,170;FLYAROUND_RADIUS=2,4;FLYAROUND_COUNT_MAX=6;FLYAROUND_COUNT_MIN=3;IDLE_SPEED=4;CHARGE_SPEED=16
A59: 201809 | B59: =_xlfn.TEXTJOIN("_",1,"enemy",$A59) -> enemy_201809 | C59: 大湖 | D59: 印花水母 | G59: se_ag_bat_bite | H59: 43 | I59: 0 | J59: 4.3 | M59: {=_xlfn.TEXTJOIN(";",1,_xlfn.LAMBDA(_xlpm.x,IF(_xlpm.x<>"",OFFSET(_xlpm.x,3-ROW(),0)&"="&_xlpm.x,""))(N59:S59))} -> sharp=5;blunt=5;acid=5 | N59: 5 | O59: 5 | Q59: 5 | V59: 12 | W59: 6 | X59: =$W59*$J59 -> 25.8 | AA59: =_xlfn.TEXTJOIN("_",1,"monster",$A59,$AB59) -> monster_201809_Lake_ExplodeJelly | AB59: Lake_ExplodeJelly | AC59: =_xlfn.TEXTJOIN("_",1,"BT",$AB59) -> BT_Lake_ExplodeJelly | AE59: 0.15 | AF59: =_xlfn.XLOOKUP(A59,'-loot_list辅助配置表'!A:A,'-loot_list辅助配置表'!V:V) -> 10000=0.215;600804=0.0032 | AG59: =_xlfn.TEXTJOIN(";",1,AH59:AL59) -> vfx_monster_die_1;vfx_monster_die_2;vfx_monster_die_3;vfx_monster_die_4;vfx_monster_die_explode1 | AH59: vfx_monster_die_1 | AI59: vfx_monster_die_2 | AJ59: vfx_monster_die_3 | AK59: vfx_monster_die_4 | AL59: vfx_monster_die_explode1 | AM59: aquatic | AN59: 0 | AO59: {=_xlfn.TEXTJOIN(";",1,IF(AP59:AQ59<>"",AP59:AQ59&"="&AR59:AS59,""))} | AT59: {=_xlfn.LET(_xlpm._tb,"tb_diy_0"&MID(A59,4,1),_xlfn.TEXTJOIN(";",1,_xlfn.MAP(INDIRECT(_xlpm._tb&"[id]"),INDIRECT(_xlpm._tb&"[parm_key]"),INDIRECT(_xlpm._tb&"[parm_value]"),_xlfn.LAMBDA(_xlpm._id,_xlpm._k,_xlpm._v,IF(_xlpm._id=A59,_xlpm._k&"="&_xlpm._v,"")))))} -> FLYAROUND_DEG=10,170;FLYAROUND_RADIUS=8,12;IDLE_SPEED=1;CHARGE_SPEED=11;EXPLODE_DIS=2.8;BEFORE_ATTACK_SEC=0.6
A60: 201810 | B60: =_xlfn.TEXTJOIN("_",1,"enemy",$A60) -> enemy_201810 | C60: 大湖 | D60: 混沌沼泽怪 | G60: se_ag_bat_bite | H60: 60 | I60: 0 | J60: 20 | K60: TRUE | M60: {=_xlfn.TEXTJOIN(";",1,_xlfn.LAMBDA(_xlpm.x,IF(_xlpm.x<>"",OFFSET(_xlpm.x,3-ROW(),0)&"="&_xlpm.x,""))(N60:S60))} | AA60: =_xlfn.TEXTJOIN("_",1,"monster",$A60,$AB60) -> monster_201810_Lake_Swamp | AB60: Lake_Swamp | AC60: =_xlfn.TEXTJOIN("_",1,"BT",$AB60) -> BT_Lake_Swamp | AD60: =A60 -> 201810 | AE60: 0.15 | AF60: =_xlfn.XLOOKUP(A60,'-loot_list辅助配置表'!A:A,'-loot_list辅助配置表'!V:V) -> 10000=0.3;600801=0.006 | AG60: =_xlfn.TEXTJOIN(";",1,AH60:AL60) -> vfx_monster_die_1;vfx_monster_die_2;vfx_monster_die_3;vfx_monster_die_4 | AH60: vfx_monster_die_1 | AI60: vfx_monster_die_2 | AJ60: vfx_monster_die_3 | AK60: vfx_monster_die_4 | AM60: aquatic | AN60: 0 | AO60: {=_xlfn.TEXTJOIN(";",1,IF(AP60:AQ60<>"",AP60:AQ60&"="&AR60:AS60,""))} | AT60: {=_xlfn.LET(_xlpm._tb,"tb_diy_0"&MID(A60,4,1),_xlfn.TEXTJOIN(";",1,_xlfn.MAP(INDIRECT(_xlpm._tb&"[id]"),INDIRECT(_xlpm._tb&"[parm_key]"),INDIRECT(_xlpm._tb&"[parm_value]"),_xlfn.LAMBDA(_xlpm._id,_xlpm._k,_xlpm._v,IF(_xlpm._id=A60,_xlpm._k&"="&_xlpm._v,"")))))} -> WALK_SPEED=2;ATK_DIS=4;SHOOT_CD=2,3;RUNNING_FIRE_COUNT=4;BEFORE_ATTACK_SEC=0.1;AFTER_ATTACK_SEC=0.5
A61: 201811 | B61: =_xlfn.TEXTJOIN("_",1,"enemy",$A61) -> enemy_201811 | C61: 大湖 | D61: 青蛙 | G61: se_ag_bat_bite | H61: 35 | I61: 0 | J61: 10 | K61: TRUE | M61: {=_xlfn.TEXTJOIN(";",1,_xlfn.LAMBDA(_xlpm.x,IF(_xlpm.x<>"",OFFSET(_xlpm.x,3-ROW(),0)&"="&_xlpm.x,""))(N61:S61))} -> sharp=6 | N61: 6 | AA61: =_xlfn.TEXTJOIN("_",1,"monster",$A61,$AB61) -> monster_201811_Lake_Frog | AB61: Lake_Frog | AC61: =_xlfn.TEXTJOIN("_",1,"BT",$AB61) -> BT_Lake_Frog | AE61: 0.15 | AF61: =_xlfn.XLOOKUP(A61,'-loot_list辅助配置表'!A:A,'-loot_list辅助配置表'!V:V) -> 10000=0.175;600813=0.0194 | AG61: =_xlfn.TEXTJOIN(";",1,AH61:AL61) -> vfx_monster_die_1;vfx_monster_die_2;vfx_monster_die_3;vfx_monster_die_4 | AH61: vfx_monster_die_1 | AI61: vfx_monster_die_2 | AJ61: vfx_monster_die_3 | AK61: vfx_monster_die_4 | AM61: aquatic | AN61: 0 | AO61: {=_xlfn.TEXTJOIN(";",1,IF(AP61:AQ61<>"",AP61:AQ61&"="&AR61:AS61,""))} | AT61: {=_xlfn.LET(_xlpm._tb,"tb_diy_0"&MID(A61,4,1),_xlfn.TEXTJOIN(";",1,_xlfn.MAP(INDIRECT(_xlpm._tb&"[id]"),INDIRECT(_xlpm._tb&"[parm_key]"),INDIRECT(_xlpm._tb&"[parm_value]"),_xlfn.LAMBDA(_xlpm._id,_xlpm._k,_xlpm._v,IF(_xlpm._id=A61,_xlpm._k&"="&_xlpm._v,"")))))} -> BEFORE_ATTACK_SEC=0.2;AFTER_ATTACK_SEC=0.5;ATK_DIS=6;TONGUE_LENGTH=8;ATK_SEC=0.2;JUMP_VELOCITY_X_MAX=3;JUMP_HEIGHT_AREA=1,1;JUMP_CD=0.5
A62: 201813 | B62: =_xlfn.TEXTJOIN("_",1,"enemy",$A62) -> enemy_201813 | C62: 大湖 | D62: 贝壳乌贼 | G62: se_ag_bat_bite | H62: 72 | I62: 0 | J62: 21.7 | K62: TRUE | M62: {=_xlfn.TEXTJOIN(";",1,_xlfn.LAMBDA(_xlpm.x,IF(_xlpm.x<>"",OFFSET(_xlpm.x,3-ROW(),0)&"="&_xlpm.x,""))(N62:S62))} | V62: 15 | W62: 1.5 | X62: =$W62*$J62 -> 32.55 | AA62: =_xlfn.TEXTJOIN("_",1,"monster",$A62,$AB62) -> monster_201813_Lake_Squid | AB62: Lake_Squid | AC62: =_xlfn.TEXTJOIN("_",1,"BT",$AB62) -> BT_Lake_Squid | AD62: =A62 -> 201813 | AE62: 0.15 | AF62: =_xlfn.XLOOKUP(A62,'-loot_list辅助配置表'!A:A,'-loot_list辅助配置表'!V:V) -> 10000=0.36;600801=0.0072 | AG62: =_xlfn.TEXTJOIN(";",1,AH62:AL62) -> vfx_monster_die_1;vfx_monster_die_2;vfx_monster_die_3;vfx_monster_die_4 | AH62: vfx_monster_die_1 | AI62: vfx_monster_die_2 | AJ62: vfx_monster_die_3 | AK62: vfx_monster_die_4 | AM62: aquatic | AN62: 0 | AO62: {=_xlfn.TEXTJOIN(";",1,IF(AP62:AQ62<>"",AP62:AQ62&"="&AR62:AS62,""))} | AT62: {=_xlfn.LET(_xlpm._tb,"tb_diy_0"&MID(A62,4,1),_xlfn.TEXTJOIN(";",1,_xlfn.MAP(INDIRECT(_xlpm._tb&"[id]"),INDIRECT(_xlpm._tb&"[parm_key]"),INDIRECT(_xlpm._tb&"[parm_value]"),_xlfn.LAMBDA(_xlpm._id,_xlpm._k,_xlpm._v,IF(_xlpm._id=A62,_xlpm._k&"="&_xlpm._v,"")))))} -> WALK_SPEED=3.4;ATK_DIS=8;SHOOT_CD=2,3;RUNNING_FIRE_COUNT=1;BEFORE_ATTACK_SEC=0.1;AFTER_ATTACK_SEC=0.5
A63: 201814 | B63: =_xlfn.TEXTJOIN("_",1,"enemy",$A63) -> enemy_201814 | C63: 大湖 | D63: 弱小螃蟹 | G63: se_ag_bat_bite | H63: 27 | I63: 0 | J63: 3.19 | K63: TRUE | M63: {=_xlfn.TEXTJOIN(";",1,_xlfn.LAMBDA(_xlpm.x,IF(_xlpm.x<>"",OFFSET(_xlpm.x,3-ROW(),0)&"="&_xlpm.x,""))(N63:S63))} -> sharp=2;blunt=2 | N63: 2 | O63: 2 | AA63: =_xlfn.TEXTJOIN("_",1,"monster",$A63,$AB63) -> monster_201814_Lake_Crab | AB63: Lake_Crab | AC63: =_xlfn.TEXTJOIN("_",1,"BT",$AB63) -> BT_Lake_Crab | AE63: 0.15 | AF63: =_xlfn.XLOOKUP(A63,'-loot_list辅助配置表'!A:A,'-loot_list辅助配置表'!V:V) -> 10000=0.135;600805=0.0028;600806=0.0025 | AG63: =_xlfn.TEXTJOIN(";",1,AH63:AL63) -> vfx_monster_die_1;vfx_monster_die_2;vfx_monster_die_3;vfx_monster_die_4 | AH63: vfx_monster_die_1 | AI63: vfx_monster_die_2 | AJ63: vfx_monster_die_3 | AK63: vfx_monster_die_4 | AM63: aquatic | AN63: 0 | AO63: {=_xlfn.TEXTJOIN(";",1,IF(AP63:AQ63<>"",AP63:AQ63&"="&AR63:AS63,""))} | AT63: {=_xlfn.LET(_xlpm._tb,"tb_diy_0"&MID(A63,4,1),_xlfn.TEXTJOIN(";",1,_xlfn.MAP(INDIRECT(_xlpm._tb&"[id]"),INDIRECT(_xlpm._tb&"[parm_key]"),INDIRECT(_xlpm._tb&"[parm_value]"),_xlfn.LAMBDA(_xlpm._id,_xlpm._k,_xlpm._v,IF(_xlpm._id=A63,_xlpm._k&"="&_xlpm._v,"")))))} -> WALK_SPEED=2.9;ATK_DIS=0.3;BEFORE_ATTACK_SEC=0.27;AFTER_ATTACK_SEC=0.31
A64: 201815 | B64: =_xlfn.TEXTJOIN("_",1,"enemy",$A64) -> enemy_201815 | C64: 大湖 | D64: 大钳螃蟹 | G64: se_ag_bat_bite | H64: 49 | I64: 0 | J64: 7.25 | K64: TRUE | M64: {=_xlfn.TEXTJOIN(";",1,_xlfn.LAMBDA(_xlpm.x,IF(_xlpm.x<>"",OFFSET(_xlpm.x,3-ROW(),0)&"="&_xlpm.x,""))(N64:S64))} -> sharp=4;blunt=4 | N64: 4 | O64: 4 | AA64: =_xlfn.TEXTJOIN("_",1,"monster",$A64,$AB64) -> monster_201815_Lake_Crab | AB64: Lake_Crab | AC64: =_xlfn.TEXTJOIN("_",1,"BT",$AB64) -> BT_Lake_Crab | AE64: 0.15 | AF64: =_xlfn.XLOOKUP(A64,'-loot_list辅助配置表'!A:A,'-loot_list辅助配置表'!V:V) -> 10000=0.245;600805=0.0052;600806=0.0026 | AG64: =_xlfn.TEXTJOIN(";",1,AH64:AL64) -> vfx_monster_die_1;vfx_monster_die_2;vfx_monster_die_3;vfx_monster_die_4 | AH64: vfx_monster_die_1 | AI64: vfx_monster_die_2 | AJ64: vfx_monster_die_3 | AK64: vfx_monster_die_4 | AM64: aquatic | AN64: 0 | AO64: {=_xlfn.TEXTJOIN(";",1,IF(AP64:AQ64<>"",AP64:AQ64&"="&AR64:AS64,""))} | AT64: {=_xlfn.LET(_xlpm._tb,"tb_diy_0"&MID(A64,4,1),_xlfn.TEXTJOIN(";",1,_xlfn.MAP(INDIRECT(_xlpm._tb&"[id]"),INDIRECT(_xlpm._tb&"[parm_key]"),INDIRECT(_xlpm._tb&"[parm_value]"),_xlfn.LAMBDA(_xlpm._id,_xlpm._k,_xlpm._v,IF(_xlpm._id=A64,_xlpm._k&"="&_xlpm._v,"")))))} -> WALK_SPEED=4;ATK_DIS=0.5;BEFORE_ATTACK_SEC=0.27;AFTER_ATTACK_SEC=0.31
A65: 201818 | B65: =_xlfn.TEXTJOIN("_",1,"enemy",$A65) -> enemy_201818 | C65: 大湖 | D65: 聒噪海贝 | G65: se_ag_bat_bite | H65: 31 | I65: 0 | J65: 7.12 | K65: TRUE | M65: {=_xlfn.TEXTJOIN(";",1,_xlfn.LAMBDA(_xlpm.x,IF(_xlpm.x<>"",OFFSET(_xlpm.x,3-ROW(),0)&"="&_xlpm.x,""))(N65:S65))} -> sharp=3 | N65: 3 | AA65: =_xlfn.TEXTJOIN("_",1,"monster",$A65,$AB65) -> monster_201818_Lake_Shell | AB65: Lake_Shell | AC65: =_xlfn.TEXTJOIN("_",1,"BT",$AB65) -> BT_Lake_Shell | AE65: 0.05 | AF65: =_xlfn.XLOOKUP(A65,'-loot_list辅助配置表'!A:A,'-loot_list辅助配置表'!V:V) -> 10000=0.155;600807=0.0043;600808=0.0061;600809=0.0015;600810=0.0001 | AG65: =_xlfn.TEXTJOIN(";",1,AH65:AL65) -> vfx_monster_die_1;vfx_monster_die_2;vfx_monster_die_3;vfx_monster_die_4 | AH65: vfx_monster_die_1 | AI65: vfx_monster_die_2 | AJ65: vfx_monster_die_3 | AK65: vfx_monster_die_4 | AM65: aquatic | AN65: 0 | AO65: {=_xlfn.TEXTJOIN(";",1,IF(AP65:AQ65<>"",AP65:AQ65&"="&AR65:AS65,""))} | AT65: {=_xlfn.LET(_xlpm._tb,"tb_diy_0"&MID(A65,4,1),_xlfn.TEXTJOIN(";",1,_xlfn.MAP(INDIRECT(_xlpm._tb&"[id]"),INDIRECT(_xlpm._tb&"[parm_key]"),INDIRECT(_xlpm._tb&"[parm_value]"),_xlfn.LAMBDA(_xlpm._id,_xlpm._k,_xlpm._v,IF(_xlpm._id=A65,_xlpm._k&"="&_xlpm._v,"")))))} -> JUMP_CD=0.58;ATK_AREA=1,2;JUMP_VELOCITY_X_MAX=10;JUMP_HEIGHT_AREA=0.8,1.7
A66: 201819 | B66: =_xlfn.TEXTJOIN("_",1,"enemy",$A66) -> enemy_201819 | C66: 大湖 | D66: 凶猛海贝 | G66: se_ag_bat_bite | H66: 53 | I66: 0 | J66: 13.42 | K66: TRUE | M66: {=_xlfn.TEXTJOIN(";",1,_xlfn.LAMBDA(_xlpm.x,IF(_xlpm.x<>"",OFFSET(_xlpm.x,3-ROW(),0)&"="&_xlpm.x,""))(N66:S66))} -> sharp=5;blunt=1 | N66: 5 | O66: 1 | AA66: =_xlfn.TEXTJOIN("_",1,"monster",$A66,$AB66) -> monster_201819_Lake_Shell | AB66: Lake_Shell | AC66: =_xlfn.TEXTJOIN("_",1,"BT",$AB66) -> BT_Lake_Shell | AE66: 0.05 | AF66: =_xlfn.XLOOKUP(A66,'-loot_list辅助配置表'!A:A,'-loot_list辅助配置表'!V:V) -> 10000=0.265;600807=0.0074;600808=0.006;600809=0.0028;600810=0.0003 | AG66: =_xlfn.TEXTJOIN(";",1,AH66:AL66) -> vfx_monster_die_1;vfx_monster_die_2;vfx_monster_die_3;vfx_monster_die_4 | AH66: vfx_monster_die_1 | AI66: vfx_monster_die_2 | AJ66: vfx_monster_die_3 | AK66: vfx_monster_die_4 | AM66: aquatic | AN66: 0 | AO66: {=_xlfn.TEXTJOIN(";",1,IF(AP66:AQ66<>"",AP66:AQ66&"="&AR66:AS66,""))} | AT66: {=_xlfn.LET(_xlpm._tb,"tb_diy_0"&MID(A66,4,1),_xlfn.TEXTJOIN(";",1,_xlfn.MAP(INDIRECT(_xlpm._tb&"[id]"),INDIRECT(_xlpm._tb&"[parm_key]"),INDIRECT(_xlpm._tb&"[parm_value]"),_xlfn.LAMBDA(_xlpm._id,_xlpm._k,_xlpm._v,IF(_xlpm._id=A66,_xlpm._k&"="&_xlpm._v,"")))))} -> JUMP_CD=0.31;ATK_AREA=1,2;JUMP_VELOCITY_X_MAX=22;JUMP_HEIGHT_AREA=1,2
A67: 201820 | B67: =_xlfn.TEXTJOIN("_",1,"enemy",$A67) -> enemy_201820 | C67: 大湖 | D67: 小·印花水母 | G67: se_ag_bat_bite | H67: 43 | I67: 0 | J67: 4.3 | M67: {=_xlfn.TEXTJOIN(";",1,_xlfn.LAMBDA(_xlpm.x,IF(_xlpm.x<>"",OFFSET(_xlpm.x,3-ROW(),0)&"="&_xlpm.x,""))(N67:S67))} -> sharp=5;blunt=5;acid=5 | N67: 5 | O67: 5 | Q67: 5 | V67: 12 | W67: 6 | X67: =$W67*$J67 -> 25.8 | AA67: =_xlfn.TEXTJOIN("_",1,"monster",$A67,$AB67) -> monster_201820_Lake_Lit_ExplodeJelly | AB67: Lake_Lit_ExplodeJelly | AC67: BT_Lake_ExplodeJelly | AE67: 0.15 | AF67: =_xlfn.XLOOKUP(A67,'-loot_list辅助配置表'!A:A,'-loot_list辅助配置表'!V:V) -> 10000=0.215;600804=0.0032 | AG67: =_xlfn.TEXTJOIN(";",1,AH67:AL67) -> vfx_monster_die_1;vfx_monster_die_2;vfx_monster_die_3;vfx_monster_die_4;vfx_monster_die_explode1 | AH67: vfx_monster_die_1 | AI67: vfx_monster_die_2 | AJ67: vfx_monster_die_3 | AK67: vfx_monster_die_4 | AL67: vfx_monster_die_explode1 | AM67: aquatic | AN67: 0 | AO67: {=_xlfn.TEXTJOIN(";",1,IF(AP67:AQ67<>"",AP67:AQ67&"="&AR67:AS67,""))} | AT67: {=_xlfn.LET(_xlpm._tb,"tb_diy_0"&MID(A67,4,1),_xlfn.TEXTJOIN(";",1,_xlfn.MAP(INDIRECT(_xlpm._tb&"[id]"),INDIRECT(_xlpm._tb&"[parm_key]"),INDIRECT(_xlpm._tb&"[parm_value]"),_xlfn.LAMBDA(_xlpm._id,_xlpm._k,_xlpm._v,IF(_xlpm._id=A67,_xlpm._k&"="&_xlpm._v,"")))))} -> FLYAROUND_DEG=10,170;FLYAROUND_RADIUS=8,12;IDLE_SPEED=1;CHARGE_SPEED=11;EXPLODE_DIS=2.8;BEFORE_ATTACK_SEC=0.6
A68: 201821 | B68: =_xlfn.TEXTJOIN("_",1,"enemy",$A68) -> enemy_201821 | C68: 大湖 | D68: 小·聒噪海贝 | G68: se_ag_bat_bite | H68: 31 | I68: 0 | J68: 7.12 | K68: TRUE | M68: {=_xlfn.TEXTJOIN(";",1,_xlfn.LAMBDA(_xlpm.x,IF(_xlpm.x<>"",OFFSET(_xlpm.x,3-ROW(),0)&"="&_xlpm.x,""))(N68:S68))} -> sharp=3 | N68: 3 | AA68: =_xlfn.TEXTJOIN("_",1,"monster",$A68,$AB68) -> monster_201821_Lake_Lit_Shell | AB68: Lake_Lit_Shell | AC68: BT_Lake_Shell | AE68: 0.05 | AF68: =_xlfn.XLOOKUP(A68,'-loot_list辅助配置表'!A:A,'-loot_list辅助配置表'!V:V) -> 10000=0.155;600807=0.0043;600808=0.0061;600809=0.0015;600810=0.0001 | AG68: =_xlfn.TEXTJOIN(";",1,AH68:AL68) -> vfx_monster_die_1;vfx_monster_die_2;vfx_monster_die_3;vfx_monster_die_4 | AH68: vfx_monster_die_1 | AI68: vfx_monster_die_2 | AJ68: vfx_monster_die_3 | AK68: vfx_monster_die_4 | AM68: aquatic | AN68: 0 | AO68: {=_xlfn.TEXTJOIN(";",1,IF(AP68:AQ68<>"",AP68:AQ68&"="&AR68:AS68,""))} | AT68: {=_xlfn.LET(_xlpm._tb,"tb_diy_0"&MID(A68,4,1),_xlfn.TEXTJOIN(";",1,_xlfn.MAP(INDIRECT(_xlpm._tb&"[id]"),INDIRECT(_xlpm._tb&"[parm_key]"),INDIRECT(_xlpm._tb&"[parm_value]"),_xlfn.LAMBDA(_xlpm._id,_xlpm._k,_xlpm._v,IF(_xlpm._id=A68,_xlpm._k&"="&_xlpm._v,"")))))} -> JUMP_CD=0.58;ATK_AREA=1,2;JUMP_VELOCITY_X_MAX=10;JUMP_HEIGHT_AREA=0.8,1.7
A69: 201822 | B69: =_xlfn.TEXTJOIN("_",1,"enemy",$A69) -> enemy_201822 | C69: 大湖 | D69: 小·海藻小妖 | G69: se_ag_bat_bite | H69: 24 | I69: 0 | J69: 2.4 | M69: {=_xlfn.TEXTJOIN(";",1,_xlfn.LAMBDA(_xlpm.x,IF(_xlpm.x<>"",OFFSET(_xlpm.x,3-ROW(),0)&"="&_xlpm.x,""))(N69:S69))} -> sharp=2 | N69: 2 | V69: 5 | W69: 8 | X69: =$W69*$J69 -> 19.2 | AA69: =_xlfn.TEXTJOIN("_",1,"monster",$A69,$AB69) -> monster_201822_Lake_Lit_XiaoYao | AB69: Lake_Lit_XiaoYao | AC69: BT_Lake_XiaoYao | AE69: 0.15 | AF69: =_xlfn.XLOOKUP(A69,'-loot_list辅助配置表'!A:A,'-loot_list辅助配置表'!V:V) -> 10000=0.12;600801=0.0125;600811=0.0006;600813=0.0006 | AG69: =_xlfn.TEXTJOIN(";",1,AH69:AL69) -> vfx_monster_die_1;vfx_monster_die_2;vfx_monster_die_3;vfx_monster_die_4 | AH69: vfx_monster_die_1 | AI69: vfx_monster_die_2 | AJ69: vfx_monster_die_3 | AK69: vfx_monster_die_4 | AM69: aquatic | AN69: 0 | AO69: {=_xlfn.TEXTJOIN(";",1,IF(AP69:AQ69<>"",AP69:AQ69&"="&AR69:AS69,""))} | AT69: {=_xlfn.LET(_xlpm._tb,"tb_diy_0"&MID(A69,4,1),_xlfn.TEXTJOIN(";",1,_xlfn.MAP(INDIRECT(_xlpm._tb&"[id]"),INDIRECT(_xlpm._tb&"[parm_key]"),INDIRECT(_xlpm._tb&"[parm_value]"),_xlfn.LAMBDA(_xlpm._id,_xlpm._k,_xlpm._v,IF(_xlpm._id=A69,_xlpm._k&"="&_xlpm._v,"")))))} -> FLYAROUND_DEG=35,145;FLYAROUND_RADIUS=6,9;FLYAROUND_COUNT_MAX=3;FLYAROUND_COUNT_MIN=1;FLYFOLLOW_DIS=1,2;BEFORE_ATTACK_SEC=0.2;AFTER_ATTACK_SEC=0.5
A70: 201850 | B70: =_xlfn.TEXTJOIN("_",1,"enemy",$A70) -> enemy_201850 | C70: 大湖 | D70: 金鱼王 | G70: se_ag_bat_bite | H70: 3500 | I70: 0 | J70: 1000 | L70: TRUE | M70: {=_xlfn.TEXTJOIN(";",1,_xlfn.LAMBDA(_xlpm.x,IF(_xlpm.x<>"",OFFSET(_xlpm.x,3-ROW(),0)&"="&_xlpm.x,""))(N70:S70))} -> sharp=15 | N70: 15 | V70: 7 | W70: 15 | X70: =$W70*$J70 -> 15000 | AA70: =_xlfn.TEXTJOIN("_",1,"monster",$A70,$AB70) -> monster_201850_Lake_GoldFish_King | AB70: Lake_GoldFish_King | AC70: =_xlfn.TEXTJOIN("_",1,"BT",$AB70) -> BT_Lake_GoldFish_King | AE70: 0.15 | AF70: =_xlfn.XLOOKUP(A70,'-loot_list辅助配置表'!A:A,'-loot_list辅助配置表'!V:V) | AG70: =_xlfn.TEXTJOIN(";",1,AH70:AL70) -> vfx_monster_die_1;vfx_monster_die_2;vfx_monster_die_3;vfx_monster_die_4 | AH70: vfx_monster_die_1 | AI70: vfx_monster_die_2 | AJ70: vfx_monster_die_3 | AK70: vfx_monster_die_4 | AM70: aquatic | AN70: 0 | AO70: {=_xlfn.TEXTJOIN(";",1,IF(AP70:AQ70<>"",AP70:AQ70&"="&AR70:AS70,""))} | AT70: {=_xlfn.LET(_xlpm._tb,"tb_diy_0"&MID(A70,4,1),_xlfn.TEXTJOIN(";",1,_xlfn.MAP(INDIRECT(_xlpm._tb&"[id]"),INDIRECT(_xlpm._tb&"[parm_key]"),INDIRECT(_xlpm._tb&"[parm_value]"),_xlfn.LAMBDA(_xlpm._id,_xlpm._k,_xlpm._v,IF(_xlpm._id=A70,_xlpm._k&"="&_xlpm._v,"")))))} -> FLYAROUND_DEG=30,150;FLYAROUND_RADIUS=8,12;FLYAROUND_COUNT_MAX=1;FLYAROUND_COUNT_MIN=1;CD=5;HP_CLIP_COUNT=3;BUBBLE_COUNT=10;BUBBLE_INTERVAL_SEC=0.15
A71: 201860 | B71: =_xlfn.TEXTJOIN("_",1,"enemy",$A71) -> enemy_201860 | C71: 大湖 | D71: 渊齿 | G71: se_ag_bat_bite | H71: 4000 | I71: 0 | J71: 1000 | L71: TRUE | M71: {=_xlfn.TEXTJOIN(";",1,_xlfn.LAMBDA(_xlpm.x,IF(_xlpm.x<>"",OFFSET(_xlpm.x,3-ROW(),0)&"="&_xlpm.x,""))(N71:S71))} -> sharp=30;blunt=10;acid=10 | N71: 30 | O71: 10 | Q71: 10 | V71: 7 | W71: 15 | X71: =$W71*$J71 -> 15000 | Y71: TRUE | AA71: =_xlfn.TEXTJOIN("_",1,"monster",$A71,$AB71) -> monster_201860_Lake_BigTeeth | AB71: Lake_BigTeeth | AC71: =_xlfn.TEXTJOIN("_",1,"BT",$AB71) -> BT_Lake_BigTeeth | AE71: 0.15 | AF71: =_xlfn.XLOOKUP(A71,'-loot_list辅助配置表'!A:A,'-loot_list辅助配置表'!V:V) | AG71: =_xlfn.TEXTJOIN(";",1,AH71:AL71) -> vfx_monster_die_1;vfx_monster_die_2;vfx_monster_die_3;vfx_monster_die_4 | AH71: vfx_monster_die_1 | AI71: vfx_monster_die_2 | AJ71: vfx_monster_die_3 | AK71: vfx_monster_die_4 | AM71: aquatic | AN71: 0 | AO71: {=_xlfn.TEXTJOIN(";",1,IF(AP71:AQ71<>"",AP71:AQ71&"="&AR71:AS71,""))} | AT71: {=_xlfn.LET(_xlpm._tb,"tb_diy_0"&MID(A71,4,1),_xlfn.TEXTJOIN(";",1,_xlfn.MAP(INDIRECT(_xlpm._tb&"[id]"),INDIRECT(_xlpm._tb&"[parm_key]"),INDIRECT(_xlpm._tb&"[parm_value]"),_xlfn.LAMBDA(_xlpm._id,_xlpm._k,_xlpm._v,IF(_xlpm._id=A71,_xlpm._k&"="&_xlpm._v,"")))))} -> FLYAROUND_DEG=30,150;FLYAROUND_RADIUS=4.5,8;FLYAROUND_COUNT_MAX=2;FLYAROUND_COUNT_MIN=1;CD=3;AFTER_ATTACK_SEC=4;IDLE_SPEED=8;CHARGE_SPEED=16;HP_CLIP_COUNT=3
A72: 201870 | B72: =_xlfn.TEXTJOIN("_",1,"enemy",$A72) -> enemy_201870 | C72: 大湖 | D72: 缠绕水藻 | G72: se_ag_bat_bite | H72: 3000 | I72: 0 | J72: 1000 | L72: TRUE | M72: {=_xlfn.TEXTJOIN(";",1,_xlfn.LAMBDA(_xlpm.x,IF(_xlpm.x<>"",OFFSET(_xlpm.x,3-ROW(),0)&"="&_xlpm.x,""))(N72:S72))} | V72: 7 | W72: 15 | X72: =$W72*$J72 -> 15000 | AA72: =_xlfn.TEXTJOIN("_",1,"monster",$A72,$AB72) -> monster_201870_Lake_Tangler | AB72: Lake_Tangler | AC72: =_xlfn.TEXTJOIN("_",1,"BT",$AB72) -> BT_Lake_Tangler | AD72: =A72 -> 201870 | AE72: 0.15 | AF72: =_xlfn.XLOOKUP(A72,'-loot_list辅助配置表'!A:A,'-loot_list辅助配置表'!V:V) | AG72: =_xlfn.TEXTJOIN(";",1,AH72:AL72) -> vfx_monster_die_1;vfx_monster_die_2;vfx_monster_die_3;vfx_monster_die_4 | AH72: vfx_monster_die_1 | AI72: vfx_monster_die_2 | AJ72: vfx_monster_die_3 | AK72: vfx_monster_die_4 | AM72: aquatic | AN72: 0 | AO72: {=_xlfn.TEXTJOIN(";",1,IF(AP72:AQ72<>"",AP72:AQ72&"="&AR72:AS72,""))} | AT72: {=_xlfn.LET(_xlpm._tb,"tb_diy_0"&MID(A72,4,1),_xlfn.TEXTJOIN(";",1,_xlfn.MAP(INDIRECT(_xlpm._tb&"[id]"),INDIRECT(_xlpm._tb&"[parm_key]"),INDIRECT(_xlpm._tb&"[parm_value]"),_xlfn.LAMBDA(_xlpm._id,_xlpm._k,_xlpm._v,IF(_xlpm._id=A72,_xlpm._k&"="&_xlpm._v,"")))))} -> FLYAROUND_DEG=30,150;FLYAROUND_RADIUS=8,12;FLYAROUND_COUNT_MAX=1;FLYAROUND_COUNT_MIN=1;CD=2;BEFORE_ATTACK_SEC=0.6;AFTER_ATTACK_SEC=0.4;HP_CLIP_COUNT=3;RUNNING_FIRE_COUNT=3
A74: 211801 | B74: =_xlfn.TEXTJOIN("_",1,"enemy",$A74) -> enemy_211801 | C74: 大湖 | D74: 渔获捕捞船 | E74: sub_monster_car | F74: =A74 -> 211801 | J74: 5000 | M74: {=_xlfn.TEXTJOIN(";",1,_xlfn.LAMBDA(_xlpm.x,IF(_xlpm.x<>"",OFFSET(_xlpm.x,3-ROW(),0)&"="&_xlpm.x,""))(N74:S74))} -> sharp=20 | N74: 20 | AF74: =_xlfn.XLOOKUP(A74,'-loot_list辅助配置表'!A:A,'-loot_list辅助配置表'!V:V) -> 10000=0.1 | AG74: =_xlfn.TEXTJOIN(";",1,AH74:AL74) -> vfx_monster_die_1;vfx_monster_die_2;vfx_monster_die_3;vfx_monster_die_4 | AH74: vfx_monster_die_1 | AI74: vfx_monster_die_2 | AJ74: vfx_monster_die_3 | AK74: vfx_monster_die_4
A75: 211802 | B75: =_xlfn.TEXTJOIN("_",1,"enemy",$A75) -> enemy_211802 | C75: 大湖 | D75: 渔人小艇 | E75: sub_monster_car | F75: =A75 -> 211802 | J75: 5000 | M75: {=_xlfn.TEXTJOIN(";",1,_xlfn.LAMBDA(_xlpm.x,IF(_xlpm.x<>"",OFFSET(_xlpm.x,3-ROW(),0)&"="&_xlpm.x,""))(N75:S75))} -> sharp=20 | N75: 20 | AF75: =_xlfn.XLOOKUP(A75,'-loot_list辅助配置表'!A:A,'-loot_list辅助配置表'!V:V) -> 10000=0.1 | AG75: =_xlfn.TEXTJOIN(";",1,AH75:AL75) -> vfx_monster_die_1;vfx_monster_die_2;vfx_monster_die_3;vfx_monster_die_4 | AH75: vfx_monster_die_1 | AI75: vfx_monster_die_2 | AJ75: vfx_monster_die_3 | AK75: vfx_monster_die_4
A77: 219999 | B77: =_xlfn.TEXTJOIN("_",1,"enemy",$A77) -> enemy_219999 | C77: 地宫 | D77: 测试敌人车 | E77: sub_monster_car | F77: 219999 | J77: 1200 | M77: {=_xlfn.TEXTJOIN(";",1,_xlfn.LAMBDA(_xlpm.x,IF(_xlpm.x<>"",OFFSET(_xlpm.x,3-ROW(),0)&"="&_xlpm.x,""))(N77:S77))} -> sharp=20 | N77: 20 | AE77: 0.15 | AG77: vfx_monster_die_1;vfx_monster_die_2;vfx_monster_die_3;vfx_monster_die_4 | AH77: vfx_monster_die_1 | AI77: vfx_monster_die_2 | AJ77: vfx_monster_die_3 | AK77: vfx_monster_die_4
A79: 209000 | B79: =_xlfn.TEXTJOIN("_",1,"enemy",$A79) -> enemy_209000 | D79: 测试蝙蝠 | G79: se_ag_bat_bite | H79: 12 | I79: 0 | J79: 2.4 | M79: {=_xlfn.TEXTJOIN(";",1,_xlfn.LAMBDA(_xlpm.x,IF(_xlpm.x<>"",OFFSET(_xlpm.x,3-ROW(),0)&"="&_xlpm.x,""))(N79:S79))} -> blunt=1;fire=1;acid=1;wrap=1;flash=1 | O79: 1 | P79: 1 | Q79: 1 | R79: 1 | S79: 1 | AA79: monster_209000_Lake_Bat | AC79: BT_Lake_Bat | AE79: 0.15 | AG79: =_xlfn.TEXTJOIN(";",1,AH79:AL79) -> vfx_monster_die_1;vfx_monster_die_2;vfx_monster_die_3;vfx_monster_die_4 | AH79: vfx_monster_die_1 | AI79: vfx_monster_die_2 | AJ79: vfx_monster_die_3 | AK79: vfx_monster_die_4 | AN79: 0 | AO79: {=_xlfn.TEXTJOIN(";",1,IF(AP79:AQ79<>"",AP79:AQ79&"="&AR79:AS79,""))}
A80: 209001 | B80: =_xlfn.TEXTJOIN("_",1,"enemy",$A80) -> enemy_209001 | D80: 测试蝙蝠_盘旋 | G80: se_ag_bat_bite | H80: 12 | I80: 0 | J80: 2.4 | M80: {=_xlfn.TEXTJOIN(";",1,_xlfn.LAMBDA(_xlpm.x,IF(_xlpm.x<>"",OFFSET(_xlpm.x,3-ROW(),0)&"="&_xlpm.x,""))(N80:S80))} -> blunt=1;fire=1;acid=1;wrap=1;flash=1 | O80: 1 | P80: 1 | Q80: 1 | R80: 1 | S80: 1 | V80: 15 | W80: 15 | X80: 30 | Y80: 30 | AA80: monster_209000_Lake_Bat | AC80: BT_FlyOnly | AE80: 0.15 | AG80: =_xlfn.TEXTJOIN(";",1,AH80:AL80) -> vfx_monster_die_1;vfx_monster_die_2;vfx_monster_die_3;vfx_monster_die_4 | AH80: vfx_monster_die_1 | AI80: vfx_monster_die_2 | AJ80: vfx_monster_die_3 | AK80: vfx_monster_die_4 | AN80: 0 | AO80: {=_xlfn.TEXTJOIN(";",1,IF(AP80:AQ80<>"",AP80:AQ80&"="&AR80:AS80,""))} | AT80: FLYAROUND_DEG=10,170;FLYAROUND_RADIUS=5,12
A82: 209100 | B82: enemy_201870 | D82: 飞行远程 | G82: se_ag_bat_bite | H82: 3000 | I82: 0 | J82: 1000 | V82: 7 | W82: 15 | X82: 15000 | AA82: monster_201870_Lake_Tangler | AB82: Lake_Tangler | AC82: BT_Common_FlyShoot | AD82: 201870 | AE82: 0.15 | AG82: vfx_monster_die_1;vfx_monster_die_2;vfx_monster_die_3;vfx_monster_die_4 | AH82: vfx_monster_die_1 | AI82: vfx_monster_die_2 | AJ82: vfx_monster_die_3 | AK82: vfx_monster_die_4 | AM82: aquatic | AN82: 0 | AT82: FLYAROUND_DEG=30,150;FLYAROUND_RADIUS=8,12;FLYAROUND_COUNT_MAX=1;FLYAROUND_COUNT_MIN=1;BEFORE_ATTACK_SEC=0.6;AFTER_ATTACK_SEC=0.4;RUNNING_FIRE_COUNT=3
A83: 209101 | B83: enemy_201701 | D83: 飞行冲刺 | G83: se_ag_bat_bite | H83: 3000 | I83: 0 | J83: 1.8 | M83: sharp=4 | N83: 4 | V83: 5 | W83: 20 | X83: 36 | AA83: monster_201870_Lake_Tangler | AB83: Lake_Tangler | AC83: BT_Common_FlyRush | AE83: 0.2 | AG83: vfx_monster_die_1;vfx_monster_die_2;vfx_monster_die_3;vfx_monster_die_4 | AH83: vfx_monster_die_1 | AI83: vfx_monster_die_2 | AJ83: vfx_monster_die_3 | AK83: vfx_monster_die_4 | AN83: 0 | AT83: CHARGE_SPEED=30;MAX_CHARGE_SEC=4;FLYAROUND_DEG=80,160;FLYAROUND_RADIUS=8,16;FLYAROUND_COUNT_MAX=6;FLYAROUND_COUNT_MIN=4;ATTACK_DIS=2
A84: 209102 | B84: enemy_201706 | D84: 飞行近战 | G84: se_ag_bat_bite | H84: 3000 | I84: 0 | J84: 500 | M84: sharp=3 | N84: 3 | V84: 4 | W84: 8 | X84: 4000 | AA84: monster_201870_Lake_Tangler | AB84: Lake_Tangler | AC84: BT_Common_FlyMelee | AE84: 0.5 | AG84: vfx_monster_die_1;vfx_monster_die_2;vfx_monster_die_3;vfx_monster_die_4 | AH84: vfx_monster_die_1 | AI84: vfx_monster_die_2 | AJ84: vfx_monster_die_3 | AK84: vfx_monster_die_4 | AN84: 0 | AT84: FLYAROUND_DEG_1=60,120;FLYAROUND_RADIUS_1=5,6;FLYAROUND_COUNT_MAX_1=1;FLYAROUND_COUNT_MIN_1=1;FLYAROUND_DEG_2=0,180;FLYAROUND_RADIUS_2=1,2;FLYAROUND_COUNT_MAX_2=1;FLYAROUND_COUNT_MIN_2=1;BEFORE_ATTACK_SEC=0.2;AFTER_ATTACK_SEC=0.3;BEGIN_ATK_DIS=1;ATK_DIS=1.5;ATK_CD=1

Sheet -diy_parm配置
A1: 地宫 | I1: 树梢 | Q1: 荒漠 | Y1: 大湖
A3: id | B3: name | C3: parm_key | D3: 参数说明 | E3: parm_value | F3: v1 | G3: v2 | I3: id | J3: name | K3: parm_key | L3: 参数说明 | M3: parm_value | N3: v1 | O3: v2 | Q3: id | R3: name | S3: parm_key | T3: 参数说明 | U3: parm_value | V3: v1 | W3: v2 | Y3: id | Z3: name | AA3: parm_key | AB3: 参数说明 | AC3: parm_value | AD3: v1 | AE3: v2
A4: 201101 | B4: =_xlfn.XLOOKUP(tb_diy_01[[#This Row],[id]],monster!A:A,monster!D:D,"",0) -> 地宫蝙蝠 | I4: 201402 | J4: =_xlfn.XLOOKUP(tb_diy_04[[#This Row],[id]],monster!A:A,monster!D:D,"",0) -> 毒刺果实丛 | K4: SUB_CELL_COUNT | L4: 果子数量 | M4: =_xlfn.TEXTJOIN(",",1,tb_diy_04[[#This Row],[v1]],tb_diy_04[[#This Row],[v2]]) -> 4 | N4: 4 | Q4: 201701 | R4: =_xlfn.XLOOKUP(tb_diy_07[[#This Row],[id]],monster!A:A,monster!D:D,"",0) -> 涂涂鸟 | S4: CHARGE_SPEED | U4: =_xlfn.TEXTJOIN(",",1,tb_diy_07[[#This Row],[v1]],tb_diy_07[[#This Row],[v2]]) -> 30 | V4: 30 | Y4: 201801 | Z4: =_xlfn.XLOOKUP(tb_diy_08[[#This Row],[id]],monster!A:A,monster!D:D,"",0) -> 金鱼 | AA4: FLYAROUND_DEG | AC4: =_xlfn.TEXTJOIN(",",1,tb_diy_08[[#This Row],[v1]],tb_diy_08[[#This Row],[v2]]) -> 20,170 | AD4: 20 | AE4: 170
A5: 201102 | B5: =_xlfn.XLOOKUP(tb_diy_01[[#This Row],[id]],monster!A:A,monster!D:D,"",0) -> 自爆甲虫 | I5: 201402 | J5: =_xlfn.XLOOKUP(tb_diy_04[[#This Row],[id]],monster!A:A,monster!D:D,"",0) -> 毒刺果实丛 | K5: SUB_CELL_POS_X_AREA | M5: =_xlfn.TEXTJOIN(",",1,tb_diy_04[[#This Row],[v1]],tb_diy_04[[#This Row],[v2]]) -> -0.5,0.5 | N5: -0.5 | O5: 0.5 | Q5: 201701 | R5: =_xlfn.XLOOKUP(tb_diy_07[[#This Row],[id]],monster!A:A,monster!D:D,"",0) -> 涂涂鸟 | S5: MAX_CHARGE_SEC | U5: =_xlfn.TEXTJOIN(",",1,tb_diy_07[[#This Row],[v1]],tb_diy_07[[#This Row],[v2]]) -> 4 | V5: 4 | Y5: 201801 | Z5: =_xlfn.XLOOKUP(tb_diy_08[[#This Row],[id]],monster!A:A,monster!D:D,"",0) -> 金鱼 | AA5: FLYAROUND_RADIUS | AB5: 跟随距离 | AC5: =_xlfn.TEXTJOIN(",",1,tb_diy_08[[#This Row],[v1]],tb_diy_08[[#This Row],[v2]]) -> 7.5,11.5 | AD5: 7.5 | AE5: 11.5
A6: 201103 | B6: =_xlfn.XLOOKUP(tb_diy_01[[#This Row],[id]],monster!A:A,monster!D:D,"",0) -> 跳虫 | I6: 201402 | J6: =_xlfn.XLOOKUP(tb_diy_04[[#This Row],[id]],monster!A:A,monster!D:D,"",0) -> 毒刺果实丛 | K6: SUB_CELL_POS_Y_AREA | M6: =_xlfn.TEXTJOIN(",",1,tb_diy_04[[#This Row],[v1]],tb_diy_04[[#This Row],[v2]]) -> -1.5,0 | N6: -1.5 | O6: 0 | Q6: 201701 | R6: =_xlfn.XLOOKUP(tb_diy_07[[#This Row],[id]],monster!A:A,monster!D:D,"",0) -> 涂涂鸟 | S6: FLYAROUND_DEG | U6: =_xlfn.TEXTJOIN(",",1,tb_diy_07[[#This Row],[v1]],tb_diy_07[[#This Row],[v2]]) -> 80,160 | V6: 80 | W6: 160 | Y6: 201801 | Z6: =_xlfn.XLOOKUP(tb_diy_08[[#This Row],[id]],monster!A:A,monster!D:D,"",0) -> 金鱼 | AA6: FLYAROUND_COUNT_MAX | AC6: =_xlfn.TEXTJOIN(",",1,tb_diy_08[[#This Row],[v1]],tb_diy_08[[#This Row],[v2]]) -> 6 | AD6: 6 | AF6: Tool 1 | AG6: Tool 2 | AH6: Tool 3 | AI6: Tool 4
A7: 201104 | B7: =_xlfn.XLOOKUP(tb_diy_01[[#This Row],[id]],monster!A:A,monster!D:D,"",0) -> 地宫洞穴人 | I7: 201404 | J7: =_xlfn.XLOOKUP(tb_diy_04[[#This Row],[id]],monster!A:A,monster!D:D,"",0) -> 画中仙 | K7: FLYAROUND_DEG | M7: =_xlfn.TEXTJOIN(",",1,tb_diy_04[[#This Row],[v1]],tb_diy_04[[#This Row],[v2]]) -> 20,170 | N7: 20 | O7: 170 | Q7: 201701 | R7: =_xlfn.XLOOKUP(tb_diy_07[[#This Row],[id]],monster!A:A,monster!D:D,"",0) -> 涂涂鸟 | S7: FLYAROUND_RADIUS | U7: =_xlfn.TEXTJOIN(",",1,tb_diy_07[[#This Row],[v1]],tb_diy_07[[#This Row],[v2]]) -> 8,16 | V7: 8 | W7: 16 | Y7: 201801 | Z7: =_xlfn.XLOOKUP(tb_diy_08[[#This Row],[id]],monster!A:A,monster!D:D,"",0) -> 金鱼 | AA7: FLYAROUND_COUNT_MIN | AC7: =_xlfn.TEXTJOIN(",",1,tb_diy_08[[#This Row],[v1]],tb_diy_08[[#This Row],[v2]]) -> 4 | AD7: 4 | AF7: 201401 | AH7: =IFERROR(COLUMNS(_xlfn.TEXTSPLIT(AG7,";")),0) -> 0 | AI7: {=_xlfn.MAKEARRAY(19,MAX(AH7:AH25),_xlfn.LAMBDA(_xlpm.x,_xlpm.y,IF(_xlpm.y<=INDEX(AH7:AH25,_xlpm.x),INDEX(AF7:AF25,_xlpm.x),"")))}
A8: 201105 | B8: =_xlfn.XLOOKUP(tb_diy_01[[#This Row],[id]],monster!A:A,monster!D:D,"",0) -> 跳虫骑手 | I8: 201404 | J8: =_xlfn.XLOOKUP(tb_diy_04[[#This Row],[id]],monster!A:A,monster!D:D,"",0) -> 画中仙 | K8: FLYAROUND_RADIUS | M8: =_xlfn.TEXTJOIN(",",1,tb_diy_04[[#This Row],[v1]],tb_diy_04[[#This Row],[v2]]) -> 7,10 | N8: 7 | O8: 10 | Q8: 201701 | R8: =_xlfn.XLOOKUP(tb_diy_07[[#This Row],[id]],monster!A:A,monster!D:D,"",0) -> 涂涂鸟 | S8: FLYAROUND_COUNT_MAX | U8: =_xlfn.TEXTJOIN(",",1,tb_diy_07[[#This Row],[v1]],tb_diy_07[[#This Row],[v2]]) -> 6 | V8: 6 | Y8: 201801 | Z8: =_xlfn.XLOOKUP(tb_diy_08[[#This Row],[id]],monster!A:A,monster!D:D,"",0) -> 金鱼 | AA8: FLYFOLLOW_DIS | AB8: 攻击距离 | AC8: =_xlfn.TEXTJOIN(",",1,tb_diy_08[[#This Row],[v1]],tb_diy_08[[#This Row],[v2]]) -> 6,10 | AD8: 6 | AE8: 10 | AF8: 201402 | AG8: SUB_CELL_COUNT=10;SUB_CELL_POS_X_AREA=-0.5,0.5;SUB_CELL_POS_Y_AREA=-1.5,0 | AH8: =IFERROR(COLUMNS(_xlfn.TEXTSPLIT(AG8,";")),0) -> 3 | AI8: 201402 | AJ8: 201402 | AK8: 201402
A9: 201106 | B9: =_xlfn.XLOOKUP(tb_diy_01[[#This Row],[id]],monster!A:A,monster!D:D,"",0) -> 蝙蝠骑手 | I9: 201404 | J9: =_xlfn.XLOOKUP(tb_diy_04[[#This Row],[id]],monster!A:A,monster!D:D,"",0) -> 画中仙 | K9: FLYAROUND_COUNT_MAX | M9: =_xlfn.TEXTJOIN(",",1,tb_diy_04[[#This Row],[v1]],tb_diy_04[[#This Row],[v2]]) -> 6 | N9: 6 | Q9: 201701 | R9: =_xlfn.XLOOKUP(tb_diy_07[[#This Row],[id]],monster!A:A,monster!D:D,"",0) -> 涂涂鸟 | S9: FLYAROUND_COUNT_MIN | U9: =_xlfn.TEXTJOIN(",",1,tb_diy_07[[#This Row],[v1]],tb_diy_07[[#This Row],[v2]]) -> 4 | V9: 4 | Y9: 201801 | Z9: =_xlfn.XLOOKUP(tb_diy_08[[#This Row],[id]],monster!A:A,monster!D:D,"",0) -> 金鱼 | AA9: BEFORE_ATTACK_SEC | AC9: =_xlfn.TEXTJOIN(",",1,tb_diy_08[[#This Row],[v1]],tb_diy_08[[#This Row],[v2]]) -> 0.2 | AD9: 0.2 | AF9: 201403 | AH9: =IFERROR(COLUMNS(_xlfn.TEXTSPLIT(AG9,";")),0) -> 0
A10: 201107 | B10: =_xlfn.XLOOKUP(tb_diy_01[[#This Row],[id]],monster!A:A,monster!D:D,"",0) -> 流浪洞穴人 | I10: 201404 | J10: =_xlfn.XLOOKUP(tb_diy_04[[#This Row],[id]],monster!A:A,monster!D:D,"",0) -> 画中仙 | K10: FLYAROUND_COUNT_MIN | M10: =_xlfn.TEXTJOIN(",",1,tb_diy_04[[#This Row],[v1]],tb_diy_04[[#This Row],[v2]]) -> 4 | N10: 4 | Q10: 201702 | R10: =_xlfn.XLOOKUP(tb_diy_07[[#This Row],[id]],monster!A:A,monster!D:D,"",0) -> 沙漠蛇 | S10: WALK_SPEED | U10: =_xlfn.TEXTJOIN(",",1,tb_diy_07[[#This Row],[v1]],tb_diy_07[[#This Row],[v2]]) -> 4 | V10: 4 | Y10: 201801 | Z10: =_xlfn.XLOOKUP(tb_diy_08[[#This Row],[id]],monster!A:A,monster!D:D,"",0) -> 金鱼 | AA10: AFTER_ATTACK_SEC | AC10: =_xlfn.TEXTJOIN(",",1,tb_diy_08[[#This Row],[v1]],tb_diy_08[[#This Row],[v2]]) -> 0.5 | AD10: 0.5 | AF10: 201404 | AG10: FLYAROUND_DEG=20,170;FLYAROUND_RADIUS=7,10;FLYAROUND_COUNT_MAX=6;FLYAROUND_COUNT_MIN=4;CREATE_CD_AREA=4,6;CREATE_INTERVAL_SEC=0.2;SUB_CELL_COUNT_SINGLE=3;SUB_CELL_SPEED_AREA=1,2 | AH10: =IFERROR(COLUMNS(_xlfn.TEXTSPLIT(AG10,";")),0) -> 8 | AI10: 201404 | AJ10: 201404 | AK10: 201404 | AL10: 201404 | AM10: 201404 | AN10: 201404 | AO10: 201404 | AP10: 201404
A11: 201108 | B11: =_xlfn.XLOOKUP(tb_diy_01[[#This Row],[id]],monster!A:A,monster!D:D,"",0) -> 纵火洞穴人 | I11: 201404 | J11: =_xlfn.XLOOKUP(tb_diy_04[[#This Row],[id]],monster!A:A,monster!D:D,"",0) -> 画中仙 | K11: CREATE_CD_AREA | M11: =_xlfn.TEXTJOIN(",",1,tb_diy_04[[#This Row],[v1]],tb_diy_04[[#This Row],[v2]]) -> 4,6 | N11: 4 | O11: 6 | Q11: 201702 | R11: =_xlfn.XLOOKUP(tb_diy_07[[#This Row],[id]],monster!A:A,monster!D:D,"",0) -> 沙漠蛇 | S11: BURROW_SEC | U11: =_xlfn.TEXTJOIN(",",1,tb_diy_07[[#This Row],[v1]],tb_diy_07[[#This Row],[v2]]) -> 3 | V11: 3 | Y11: 201801 | Z11: =_xlfn.XLOOKUP(tb_diy_08[[#This Row],[id]],monster!A:A,monster!D:D,"",0) -> 金鱼 | AA11: BUBBLE_COUNT | AB11: 泡泡吐出数 | AC11: =_xlfn.TEXTJOIN(",",1,tb_diy_08[[#This Row],[v1]],tb_diy_08[[#This Row],[v2]]) -> 1 | AD11: 1 | AF11: 201405 | AG11: EXPLOSION_RADIUS=1.2;BEHIT_RADIUS=1 | AH11: =IFERROR(COLUMNS(_xlfn.TEXTSPLIT(AG11,";")),0) -> 2 | AI11: 201405 | AJ11: 201405
A12: 201109 | B12: =_xlfn.XLOOKUP(tb_diy_01[[#This Row],[id]],monster!A:A,monster!D:D,"",0) -> 暴徒洞穴人 | I12: 201404 | J12: =_xlfn.XLOOKUP(tb_diy_04[[#This Row],[id]],monster!A:A,monster!D:D,"",0) -> 画中仙 | K12: CREATE_INTERVAL_SEC | M12: =_xlfn.TEXTJOIN(",",1,tb_diy_04[[#This Row],[v1]],tb_diy_04[[#This Row],[v2]]) -> 0.2 | N12: 0.2 | Q12: 201702 | R12: =_xlfn.XLOOKUP(tb_diy_07[[#This Row],[id]],monster!A:A,monster!D:D,"",0) -> 沙漠蛇 | S12: BURROW_VALID_DIS | U12: =_xlfn.TEXTJOIN(",",1,tb_diy_07[[#This Row],[v1]],tb_diy_07[[#This Row],[v2]]) -> 6 | V12: 6 | Y12: 201801 | Z12: =_xlfn.XLOOKUP(tb_diy_08[[#This Row],[id]],monster!A:A,monster!D:D,"",0) -> 金鱼 | AA12: BUBBLE_INTERVAL_SEC | AB12: 吐泡泡间隔 | AC12: =_xlfn.TEXTJOIN(",",1,tb_diy_08[[#This Row],[v1]],tb_diy_08[[#This Row],[v2]]) -> 0.3 | AD12: 0.3 | AF12: 201406 | AG12: CREATE_COUNT_AREA=1,3 | AH12: =IFERROR(COLUMNS(_xlfn.TEXTSPLIT(AG12,";")),0) -> 1 | AI12: 201406
I13: 201404 | J13: =_xlfn.XLOOKUP(tb_diy_04[[#This Row],[id]],monster!A:A,monster!D:D,"",0) -> 画中仙 | K13: SUB_CELL_COUNT_SINGLE | M13: =_xlfn.TEXTJOIN(",",1,tb_diy_04[[#This Row],[v1]],tb_diy_04[[#This Row],[v2]]) -> 3 | N13: 3 | Q13: 201702 | R13: =_xlfn.XLOOKUP(tb_diy_07[[#This Row],[id]],monster!A:A,monster!D:D,"",0) -> 沙漠蛇 | S13: BEFORE_ATTACK_SEC | U13: =_xlfn.TEXTJOIN(",",1,tb_diy_07[[#This Row],[v1]],tb_diy_07[[#This Row],[v2]]) -> 0.2 | V13: 0.2 | Y13: 201802 | Z13: =_xlfn.XLOOKUP(tb_diy_08[[#This Row],[id]],monster!A:A,monster!D:D,"",0) -> 金鱼泡泡 | AA13: EXPLOSION_RADIUS | AC13: =_xlfn.TEXTJOIN(",",1,tb_diy_08[[#This Row],[v1]],tb_diy_08[[#This Row],[v2]]) -> 1.2 | AD13: 1.2 | AF13: 201407 | AG13: FLYAROUND_DEG=20,170;FLYAROUND_RADIUS=1,5;ATTACK_CD_SEC=2 | AH13: =IFERROR(COLUMNS(_xlfn.TEXTSPLIT(AG13,";")),0) -> 3 | AI13: 201407 | AJ13: 201407 | AK13: 201407
I14: 201404 | J14: =_xlfn.XLOOKUP(tb_diy_04[[#This Row],[id]],monster!A:A,monster!D:D,"",0) -> 画中仙 | K14: SUB_CELL_SPEED_AREA | M14: =_xlfn.TEXTJOIN(",",1,tb_diy_04[[#This Row],[v1]],tb_diy_04[[#This Row],[v2]]) -> 1,2 | N14: 1 | O14: 2 | Q14: 201702 | R14: =_xlfn.XLOOKUP(tb_diy_07[[#This Row],[id]],monster!A:A,monster!D:D,"",0) -> 沙漠蛇 | S14: AFTER_ATTACK_SEC | U14: =_xlfn.TEXTJOIN(",",1,tb_diy_07[[#This Row],[v1]],tb_diy_07[[#This Row],[v2]]) -> 0.3 | V14: 0.3 | Y14: 201802 | Z14: =_xlfn.XLOOKUP(tb_diy_08[[#This Row],[id]],monster!A:A,monster!D:D,"",0) -> 金鱼泡泡 | AA14: BEHIT_RADIUS | AC14: =_xlfn.TEXTJOIN(",",1,tb_diy_08[[#This Row],[v1]],tb_diy_08[[#This Row],[v2]]) -> 1 | AD14: 1 | AF14: 201408 | AH14: =IFERROR(COLUMNS(_xlfn.TEXTSPLIT(AG14,";")),0) -> 0
I15: 201405 | J15: =_xlfn.XLOOKUP(tb_diy_04[[#This Row],[id]],monster!A:A,monster!D:D,"",0) -> 鱼妖 | K15: EXPLOSION_RADIUS | M15: =_xlfn.TEXTJOIN(",",1,tb_diy_04[[#This Row],[v1]],tb_diy_04[[#This Row],[v2]]) -> 1.2 | N15: 1.2 | Q15: 201702 | R15: =_xlfn.XLOOKUP(tb_diy_07[[#This Row],[id]],monster!A:A,monster!D:D,"",0) -> 沙漠蛇 | S15: BEGIN_ATK_DIS | U15: =_xlfn.TEXTJOIN(",",1,tb_diy_07[[#This Row],[v1]],tb_diy_07[[#This Row],[v2]]) -> 1 | V15: 1 | Y15: 201803 | Z15: =_xlfn.XLOOKUP(tb_diy_08[[#This Row],[id]],monster!A:A,monster!D:D,"",0) -> 海藻小妖 | AA15: FLYAROUND_DEG | AC15: =_xlfn.TEXTJOIN(",",1,tb_diy_08[[#This Row],[v1]],tb_diy_08[[#This Row],[v2]]) -> 35,145 | AD15: 35 | AE15: 145 | AF15: 201409 | AH15: =IFERROR(COLUMNS(_xlfn.TEXTSPLIT(AG15,";")),0) -> 0
I16: 201405 | J16: =_xlfn.XLOOKUP(tb_diy_04[[#This Row],[id]],monster!A:A,monster!D:D,"",0) -> 鱼妖 | K16: BEHIT_RADIUS | M16: =_xlfn.TEXTJOIN(",",1,tb_diy_04[[#This Row],[v1]],tb_diy_04[[#This Row],[v2]]) -> 1 | N16: 1 | Q16: 201702 | R16: =_xlfn.XLOOKUP(tb_diy_07[[#This Row],[id]],monster!A:A,monster!D:D,"",0) -> 沙漠蛇 | S16: ATK_DIS | U16: =_xlfn.TEXTJOIN(",",1,tb_diy_07[[#This Row],[v1]],tb_diy_07[[#This Row],[v2]]) -> 1.5 | V16: 1.5 | Y16: 201803 | Z16: =_xlfn.XLOOKUP(tb_diy_08[[#This Row],[id]],monster!A:A,monster!D:D,"",0) -> 海藻小妖 | AA16: FLYAROUND_RADIUS | AB16: 跟随距离 | AC16: =_xlfn.TEXTJOIN(",",1,tb_diy_08[[#This Row],[v1]],tb_diy_08[[#This Row],[v2]]) -> 6,9 | AD16: 6 | AE16: 9 | AF16: 201410 | AH16: =IFERROR(COLUMNS(_xlfn.TEXTSPLIT(AG16,";")),0) -> 0
I17: 201406 | J17: =_xlfn.XLOOKUP(tb_diy_04[[#This Row],[id]],monster!A:A,monster!D:D,"",0) -> 鬼瓮 | K17: CREATE_COUNT_AREA | L17: 鬼狰生成数 | M17: =_xlfn.TEXTJOIN(",",1,tb_diy_04[[#This Row],[v1]],tb_diy_04[[#This Row],[v2]]) -> 0,3 | N17: 0 | O17: 3 | Q17: 201702 | R17: =_xlfn.XLOOKUP(tb_diy_07[[#This Row],[id]],monster!A:A,monster!D:D,"",0) -> 沙漠蛇 | S17: ATK_CD | U17: =_xlfn.TEXTJOIN(",",1,tb_diy_07[[#This Row],[v1]],tb_diy_07[[#This Row],[v2]]) -> 2 | V17: 2 | Y17: 201803 | Z17: =_xlfn.XLOOKUP(tb_diy_08[[#This Row],[id]],monster!A:A,monster!D:D,"",0) -> 海藻小妖 | AA17: FLYAROUND_COUNT_MAX | AC17: =_xlfn.TEXTJOIN(",",1,tb_diy_08[[#This Row],[v1]],tb_diy_08[[#This Row],[v2]]) -> 3 | AD17: 3 | AF17: 201411 | AH17: =IFERROR(COLUMNS(_xlfn.TEXTSPLIT(AG17,";")),0) -> 0
I18: 201407 | J18: =_xlfn.XLOOKUP(tb_diy_04[[#This Row],[id]],monster!A:A,monster!D:D,"",0) -> 鬼狰 | K18: FLYAROUND_DEG | M18: =_xlfn.TEXTJOIN(",",1,tb_diy_04[[#This Row],[v1]],tb_diy_04[[#This Row],[v2]]) -> 20,170 | N18: 20 | O18: 170 | Q18: 201703 | R18: =_xlfn.XLOOKUP(tb_diy_07[[#This Row],[id]],monster!A:A,monster!D:D,"",0) -> 巨牙蝎 | S18: WALK_SPEED | U18: =_xlfn.TEXTJOIN(",",1,tb_diy_07[[#This Row],[v1]],tb_diy_07[[#This Row],[v2]]) -> 6 | V18: 6 | Y18: 201803 | Z18: =_xlfn.XLOOKUP(tb_diy_08[[#This Row],[id]],monster!A:A,monster!D:D,"",0) -> 海藻小妖 | AA18: FLYAROUND_COUNT_MIN | AC18: =_xlfn.TEXTJOIN(",",1,tb_diy_08[[#This Row],[v1]],tb_diy_08[[#This Row],[v2]]) -> 1 | AD18: 1 | AF18: 201412 | AH18: =IFERROR(COLUMNS(_xlfn.TEXTSPLIT(AG18,";")),0) -> 0
I19: 201407 | J19: =_xlfn.XLOOKUP(tb_diy_04[[#This Row],[id]],monster!A:A,monster!D:D,"",0) -> 鬼狰 | K19: FLYAROUND_RADIUS | M19: =_xlfn.TEXTJOIN(",",1,tb_diy_04[[#This Row],[v1]],tb_diy_04[[#This Row],[v2]]) -> 1,5 | N19: 1 | O19: 5 | Q19: 201703 | R19: =_xlfn.XLOOKUP(tb_diy_07[[#This Row],[id]],monster!A:A,monster!D:D,"",0) -> 巨牙蝎 | S19: BEFORE_ATTACK_SEC | U19: =_xlfn.TEXTJOIN(",",1,tb_diy_07[[#This Row],[v1]],tb_diy_07[[#This Row],[v2]]) -> 0.2 | V19: 0.2 | Y19: 201803 | Z19: =_xlfn.XLOOKUP(tb_diy_08[[#This Row],[id]],monster!A:A,monster!D:D,"",0) -> 海藻小妖 | AA19: FLYFOLLOW_DIS | AB19: 攻击距离 | AC19: =_xlfn.TEXTJOIN(",",1,tb_diy_08[[#This Row],[v1]],tb_diy_08[[#This Row],[v2]]) -> 1,2 | AD19: 1 | AE19: 2 | AF19: 201413 | AH19: =IFERROR(COLUMNS(_xlfn.TEXTSPLIT(AG19,";")),0) -> 0
I20: 201407 | J20: =_xlfn.XLOOKUP(tb_diy_04[[#This Row],[id]],monster!A:A,monster!D:D,"",0) -> 鬼狰 | K20: ATTACK_CD_SEC | M20: =_xlfn.TEXTJOIN(",",1,tb_diy_04[[#This Row],[v1]],tb_diy_04[[#This Row],[v2]]) -> 3.5 | N20: 3.5 | Q20: 201703 | R20: =_xlfn.XLOOKUP(tb_diy_07[[#This Row],[id]],monster!A:A,monster!D:D,"",0) -> 巨牙蝎 | S20: AFTER_ATTACK_SEC | U20: =_xlfn.TEXTJOIN(",",1,tb_diy_07[[#This Row],[v1]],tb_diy_07[[#This Row],[v2]]) -> 0.3 | V20: 0.3 | Y20: 201803 | Z20: =_xlfn.XLOOKUP(tb_diy_08[[#This Row],[id]],monster!A:A,monster!D:D,"",0) -> 海藻小妖 | AA20: BEFORE_ATTACK_SEC | AC20: =_xlfn.TEXTJOIN(",",1,tb_diy_08[[#This Row],[v1]],tb_diy_08[[#This Row],[v2]]) -> 0.2 | AD20: 0.2 | AF20: 201414 | AH20: =IFERROR(COLUMNS(_xlfn.TEXTSPLIT(AG20,";")),0) -> 0
Q21: 201703 | R21: =_xlfn.XLOOKUP(tb_diy_07[[#This Row],[id]],monster!A:A,monster!D:D,"",0) -> 巨牙蝎 | S21: BEGIN_ATK_DIS | T21: 钻出检测距离 | U21: =_xlfn.TEXTJOIN(",",1,tb_diy_07[[#This Row],[v1]],tb_diy_07[[#This Row],[v2]]) -> 4 | V21: 4 | Y21: 201803 | Z21: =_xlfn.XLOOKUP(tb_diy_08[[#This Row],[id]],monster!A:A,monster!D:D,"",0) -> 海藻小妖 | AA21: AFTER_ATTACK_SEC | AC21: =_xlfn.TEXTJOIN(",",1,tb_diy_08[[#This Row],[v1]],tb_diy_08[[#This Row],[v2]]) -> 0.5 | AD21: 0.5 | AF21: 201415 | AH21: =IFERROR(COLUMNS(_xlfn.TEXTSPLIT(AG21,";")),0) -> 0
Q22: 201703 | R22: =_xlfn.XLOOKUP(tb_diy_07[[#This Row],[id]],monster!A:A,monster!D:D,"",0) -> 巨牙蝎 | S22: ATK_DIS | U22: =_xlfn.TEXTJOIN(",",1,tb_diy_07[[#This Row],[v1]],tb_diy_07[[#This Row],[v2]]) -> 1.5 | V22: 1.5 | Y22: 201804 | Z22: =_xlfn.XLOOKUP(tb_diy_08[[#This Row],[id]],monster!A:A,monster!D:D,"",0) -> 鲶鱼 | AA22: FLYAROUND_DEG | AC22: =_xlfn.TEXTJOIN(",",1,tb_diy_08[[#This Row],[v1]],tb_diy_08[[#This Row],[v2]]) -> 20,160 | AD22: 20 | AE22: 160 | AF22: 201416 | AH22: =IFERROR(COLUMNS(_xlfn.TEXTSPLIT(AG22,";")),0) -> 0
Q23: 201703 | R23: =_xlfn.XLOOKUP(tb_diy_07[[#This Row],[id]],monster!A:A,monster!D:D,"",0) -> 巨牙蝎 | S23: ATK_CD | U23: =_xlfn.TEXTJOIN(",",1,tb_diy_07[[#This Row],[v1]],tb_diy_07[[#This Row],[v2]]) -> 2 | V23: 2 | Y23: 201804 | Z23: =_xlfn.XLOOKUP(tb_diy_08[[#This Row],[id]],monster!A:A,monster!D:D,"",0) -> 鲶鱼 | AA23: FLYAROUND_RADIUS | AC23: =_xlfn.TEXTJOIN(",",1,tb_diy_08[[#This Row],[v1]],tb_diy_08[[#This Row],[v2]]) -> 8,12 | AD23: 8 | AE23: 12 | AF23: 201417 | AH23: =IFERROR(COLUMNS(_xlfn.TEXTSPLIT(AG23,";")),0) -> 0
Q24: 201703 | R24: =_xlfn.XLOOKUP(tb_diy_07[[#This Row],[id]],monster!A:A,monster!D:D,"",0) -> 巨牙蝎 | S24: STAND_SEC | U24: =_xlfn.TEXTJOIN(",",1,tb_diy_07[[#This Row],[v1]],tb_diy_07[[#This Row],[v2]]) -> 2 | V24: 2 | Y24: 201804 | Z24: =_xlfn.XLOOKUP(tb_diy_08[[#This Row],[id]],monster!A:A,monster!D:D,"",0) -> 鲶鱼 | AA24: FLYAROUND_COUNT_MAX | AC24: =_xlfn.TEXTJOIN(",",1,tb_diy_08[[#This Row],[v1]],tb_diy_08[[#This Row],[v2]]) -> 3 | AD24: 3 | AF24: 201418 | AH24: =IFERROR(COLUMNS(_xlfn.TEXTSPLIT(AG24,";")),0) -> 0
Q25: 201704 | R25: =_xlfn.XLOOKUP(tb_diy_07[[#This Row],[id]],monster!A:A,monster!D:D,"",0) -> 巨型石头人 | S25: JUMP_CD | U25: =_xlfn.TEXTJOIN(",",1,tb_diy_07[[#This Row],[v1]],tb_diy_07[[#This Row],[v2]]) -> 1 | V25: 1 | Y25: 201804 | Z25: =_xlfn.XLOOKUP(tb_diy_08[[#This Row],[id]],monster!A:A,monster!D:D,"",0) -> 鲶鱼 | AA25: FLYAROUND_COUNT_MIN | AC25: =_xlfn.TEXTJOIN(",",1,tb_diy_08[[#This Row],[v1]],tb_diy_08[[#This Row],[v2]]) -> 1 | AD25: 1 | AF25: 201419 | AH25: =IFERROR(COLUMNS(_xlfn.TEXTSPLIT(AG25,";")),0) -> 0
Q26: 201704 | R26: =_xlfn.XLOOKUP(tb_diy_07[[#This Row],[id]],monster!A:A,monster!D:D,"",0) -> 巨型石头人 | S26: ATK_DIS | U26: =_xlfn.TEXTJOIN(",",1,tb_diy_07[[#This Row],[v1]],tb_diy_07[[#This Row],[v2]]) -> 2 | V26: 2 | Y26: 201804 | Z26: =_xlfn.XLOOKUP(tb_diy_08[[#This Row],[id]],monster!A:A,monster!D:D,"",0) -> 鲶鱼 | AA26: FLYFOLLOW_DIS | AC26: =_xlfn.TEXTJOIN(",",1,tb_diy_08[[#This Row],[v1]],tb_diy_08[[#This Row],[v2]]) -> 0.5,1 | AD26: 0.5 | AE26: 1
Q27: 201704 | R27: =_xlfn.XLOOKUP(tb_diy_07[[#This Row],[id]],monster!A:A,monster!D:D,"",0) -> 巨型石头人 | S27: LAND_SEC | U27: =_xlfn.TEXTJOIN(",",1,tb_diy_07[[#This Row],[v1]],tb_diy_07[[#This Row],[v2]]) -> 2 | V27: 2 | Y27: 201804 | Z27: =_xlfn.XLOOKUP(tb_diy_08[[#This Row],[id]],monster!A:A,monster!D:D,"",0) -> 鲶鱼 | AA27: BEFORE_ATTACK_SEC | AC27: =_xlfn.TEXTJOIN(",",1,tb_diy_08[[#This Row],[v1]],tb_diy_08[[#This Row],[v2]]) -> 0.2 | AD27: 0.2
Q28: 201704 | R28: =_xlfn.XLOOKUP(tb_diy_07[[#This Row],[id]],monster!A:A,monster!D:D,"",0) -> 巨型石头人 | S28: JUMP_VELOCITY_X_MAX | U28: =_xlfn.TEXTJOIN(",",1,tb_diy_07[[#This Row],[v1]],tb_diy_07[[#This Row],[v2]]) -> 50 | V28: 50 | Y28: 201804 | Z28: =_xlfn.XLOOKUP(tb_diy_08[[#This Row],[id]],monster!A:A,monster!D:D,"",0) -> 鲶鱼 | AA28: AFTER_ATTACK_SEC | AC28: =_xlfn.TEXTJOIN(",",1,tb_diy_08[[#This Row],[v1]],tb_diy_08[[#This Row],[v2]]) -> 0.5 | AD28: 0.5
Q29: 201704 | R29: =_xlfn.XLOOKUP(tb_diy_07[[#This Row],[id]],monster!A:A,monster!D:D,"",0) -> 巨型石头人 | S29: JUMP_HEIGHT_AREA | U29: =_xlfn.TEXTJOIN(",",1,tb_diy_07[[#This Row],[v1]],tb_diy_07[[#This Row],[v2]]) -> 1,2 | V29: 1 | W29: 2 | Y29: 201804 | Z29: =_xlfn.XLOOKUP(tb_diy_08[[#This Row],[id]],monster!A:A,monster!D:D,"",0) -> 鲶鱼 | AA29: ATTACK_LASTING_SEC | AC29: =_xlfn.TEXTJOIN(",",1,tb_diy_08[[#This Row],[v1]],tb_diy_08[[#This Row],[v2]]) -> 2 | AD29: 2
Q30: 201705 | R30: =_xlfn.XLOOKUP(tb_diy_07[[#This Row],[id]],monster!A:A,monster!D:D,"",0) -> 小石头人 | S30: WALK_SPEED | U30: =_xlfn.TEXTJOIN(",",1,tb_diy_07[[#This Row],[v1]],tb_diy_07[[#This Row],[v2]]) -> 4 | V30: 4 | Y30: 201804 | Z30: =_xlfn.XLOOKUP(tb_diy_08[[#This Row],[id]],monster!A:A,monster!D:D,"",0) -> 鲶鱼 | AA30: ATTACK_COUNT | AC30: =_xlfn.TEXTJOIN(",",1,tb_diy_08[[#This Row],[v1]],tb_diy_08[[#This Row],[v2]]) -> 30 | AD30: 30
Q31: 201705 | R31: =_xlfn.XLOOKUP(tb_diy_07[[#This Row],[id]],monster!A:A,monster!D:D,"",0) -> 小石头人 | S31: BEFORE_ATTACK_SEC | U31: =_xlfn.TEXTJOIN(",",1,tb_diy_07[[#This Row],[v1]],tb_diy_07[[#This Row],[v2]]) -> 0.2 | V31: 0.2 | Y31: 201805 | Z31: =_xlfn.XLOOKUP(tb_diy_08[[#This Row],[id]],monster!A:A,monster!D:D,"",0) -> 似目草 | AA31: ATK_DIS | AC31: =_xlfn.TEXTJOIN(",",1,tb_diy_08[[#This Row],[v1]],tb_diy_08[[#This Row],[v2]]) -> 2 | AD31: 2
Q32: 201705 | R32: =_xlfn.XLOOKUP(tb_diy_07[[#This Row],[id]],monster!A:A,monster!D:D,"",0) -> 小石头人 | S32: AFTER_ATTACK_SEC | U32: =_xlfn.TEXTJOIN(",",1,tb_diy_07[[#This Row],[v1]],tb_diy_07[[#This Row],[v2]]) -> 0.3 | V32: 0.3 | Y32: 201805 | Z32: =_xlfn.XLOOKUP(tb_diy_08[[#This Row],[id]],monster!A:A,monster!D:D,"",0) -> 似目草 | AA32: ATK_INTERVAL_SEC | AC32: =_xlfn.TEXTJOIN(",",1,tb_diy_08[[#This Row],[v1]],tb_diy_08[[#This Row],[v2]]) -> 0.4 | AD32: 0.4
Q33: 201705 | R33: =_xlfn.XLOOKUP(tb_diy_07[[#This Row],[id]],monster!A:A,monster!D:D,"",0) -> 小石头人 | S33: BEGIN_ATK_DIS | U33: =_xlfn.TEXTJOIN(",",1,tb_diy_07[[#This Row],[v1]],tb_diy_07[[#This Row],[v2]]) -> 1 | V33: 1 | Y33: 201805 | Z33: =_xlfn.XLOOKUP(tb_diy_08[[#This Row],[id]],monster!A:A,monster!D:D,"",0) -> 似目草 | AA33: TO_ATK_DELAY_SEC | AC33: =_xlfn.TEXTJOIN(",",1,tb_diy_08[[#This Row],[v1]],tb_diy_08[[#This Row],[v2]]) -> 0.2 | AD33: 0.2
Q34: 201705 | R34: =_xlfn.XLOOKUP(tb_diy_07[[#This Row],[id]],monster!A:A,monster!D:D,"",0) -> 小石头人 | S34: ATK_DIS | U34: =_xlfn.TEXTJOIN(",",1,tb_diy_07[[#This Row],[v1]],tb_diy_07[[#This Row],[v2]]) -> 1.5 | V34: 1.5 | Y34: 201806 | Z34: =_xlfn.XLOOKUP(tb_diy_08[[#This Row],[id]],monster!A:A,monster!D:D,"",0) -> 脑型大水母 | AA34: FLYAROUND_DEG | AC34: =_xlfn.TEXTJOIN(",",1,tb_diy_08[[#This Row],[v1]],tb_diy_08[[#This Row],[v2]]) -> 20,160 | AD34: 20 | AE34: 160
Q35: 201705 | R35: =_xlfn.XLOOKUP(tb_diy_07[[#This Row],[id]],monster!A:A,monster!D:D,"",0) -> 小石头人 | S35: ATK_CD | U35: =_xlfn.TEXTJOIN(",",1,tb_diy_07[[#This Row],[v1]],tb_diy_07[[#This Row],[v2]]) -> 2 | V35: 2 | Y35: 201806 | Z35: =_xlfn.XLOOKUP(tb_diy_08[[#This Row],[id]],monster!A:A,monster!D:D,"",0) -> 脑型大水母 | AA35: FLYAROUND_RADIUS | AC35: =_xlfn.TEXTJOIN(",",1,tb_diy_08[[#This Row],[v1]],tb_diy_08[[#This Row],[v2]]) -> 9.5,12 | AD35: 9.5 | AE35: 12
Q36: 201705 | R36: =_xlfn.XLOOKUP(tb_diy_07[[#This Row],[id]],monster!A:A,monster!D:D,"",0) -> 小石头人 | S36: STAND_SEC | U36: =_xlfn.TEXTJOIN(",",1,tb_diy_07[[#This Row],[v1]],tb_diy_07[[#This Row],[v2]]) -> 2 | V36: 2 | Y36: 201806 | Z36: =_xlfn.XLOOKUP(tb_diy_08[[#This Row],[id]],monster!A:A,monster!D:D,"",0) -> 脑型大水母 | AA36: FLYAROUND_COUNT_MAX | AC36: =_xlfn.TEXTJOIN(",",1,tb_diy_08[[#This Row],[v1]],tb_diy_08[[#This Row],[v2]]) -> 6 | AD36: 6
Q37: 201706 | R37: =_xlfn.XLOOKUP(tb_diy_07[[#This Row],[id]],monster!A:A,monster!D:D,"",0) -> 大盾守卫 | S37: FLYAROUND_DEG_1 | T37: 游荡角度 | U37: =_xlfn.TEXTJOIN(",",1,tb_diy_07[[#This Row],[v1]],tb_diy_07[[#This Row],[v2]]) -> 60,120 | V37: 60 | W37: 120 | Y37: 201806 | Z37: =_xlfn.XLOOKUP(tb_diy_08[[#This Row],[id]],monster!A:A,monster!D:D,"",0) -> 脑型大水母 | AA37: FLYAROUND_COUNT_MIN | AC37: =_xlfn.TEXTJOIN(",",1,tb_diy_08[[#This Row],[v1]],tb_diy_08[[#This Row],[v2]]) -> 3 | AD37: 3 | AF37: Tool 5 | AG37: Tool 6 | AH37: Tool 7
Q38: 201706 | R38: =_xlfn.XLOOKUP(tb_diy_07[[#This Row],[id]],monster!A:A,monster!D:D,"",0) -> 大盾守卫 | S38: FLYAROUND_RADIUS_1 | T38: 游荡距离 | U38: =_xlfn.TEXTJOIN(",",1,tb_diy_07[[#This Row],[v1]],tb_diy_07[[#This Row],[v2]]) -> 5,6 | V38: 5 | W38: 6 | Y38: 201806 | Z38: =_xlfn.XLOOKUP(tb_diy_08[[#This Row],[id]],monster!A:A,monster!D:D,"",0) -> 脑型大水母 | AA38: SUB_CELL_COUNT_MAX | AC38: =_xlfn.TEXTJOIN(",",1,tb_diy_08[[#This Row],[v1]],tb_diy_08[[#This Row],[v2]]) -> 7 | AD38: 7 | AF38: {=VALUE(TRANSPOSE(_xlfn.TEXTSPLIT(_xlfn.TEXTJOIN(",",1,_xlfn.ANCHORARRAY(AI7)),",")))} -> 201402 | AG38: {=INDEX(TRANSPOSE(_xlfn.TEXTSPLIT(_xlfn.XLOOKUP(AF38,$AF$7:$AF$18,$AG$7:$AG$18),";")),COUNTIF($AF$38:$AF38,$AF38))} -> SUB_CELL_COUNT=10 | AH38: {=_xlfn.TEXTSPLIT(AG38,"=")} -> SUB_CELL_COUNT | AI38: 10
Q39: 201706 | R39: =_xlfn.XLOOKUP(tb_diy_07[[#This Row],[id]],monster!A:A,monster!D:D,"",0) -> 大盾守卫 | S39: FLYAROUND_COUNT_MAX_1 | U39: =_xlfn.TEXTJOIN(",",1,tb_diy_07[[#This Row],[v1]],tb_diy_07[[#This Row],[v2]]) -> 1 | V39: 1 | Y39: 201806 | Z39: =_xlfn.XLOOKUP(tb_diy_08[[#This Row],[id]],monster!A:A,monster!D:D,"",0) -> 脑型大水母 | AA39: CREATE_INTERVAL_SEC | AB39: 召唤间隔 | AC39: =_xlfn.TEXTJOIN(",",1,tb_diy_08[[#This Row],[v1]],tb_diy_08[[#This Row],[v2]]) -> 3 | AD39: 3 | AF39: 201402 | AG39: {=INDEX(TRANSPOSE(_xlfn.TEXTSPLIT(_xlfn.XLOOKUP(AF39,$AF$7:$AF$18,$AG$7:$AG$18),";")),COUNTIF($AF$38:$AF39,$AF39))} -> SUB_CELL_POS_X_AREA=-0.5,0.5 | AH39: {=_xlfn.TEXTSPLIT(AG39,"=")} -> SUB_CELL_POS_X_AREA | AI39: -0.5,0.5
Q40: 201706 | R40: =_xlfn.XLOOKUP(tb_diy_07[[#This Row],[id]],monster!A:A,monster!D:D,"",0) -> 大盾守卫 | S40: FLYAROUND_COUNT_MIN_1 | U40: =_xlfn.TEXTJOIN(",",1,tb_diy_07[[#This Row],[v1]],tb_diy_07[[#This Row],[v2]]) -> 1 | V40: 1 | Y40: 201806 | Z40: =_xlfn.XLOOKUP(tb_diy_08[[#This Row],[id]],monster!A:A,monster!D:D,"",0) -> 脑型大水母 | AA40: CREATE_RADIUS | AC40: =_xlfn.TEXTJOIN(",",1,tb_diy_08[[#This Row],[v1]],tb_diy_08[[#This Row],[v2]]) -> 2 | AD40: 2 | AF40: 201402 | AG40: {=INDEX(TRANSPOSE(_xlfn.TEXTSPLIT(_xlfn.XLOOKUP(AF40,$AF$7:$AF$18,$AG$7:$AG$18),";")),COUNTIF($AF$38:$AF40,$AF40))} -> SUB_CELL_POS_Y_AREA=-1.5,0 | AH40: {=_xlfn.TEXTSPLIT(AG40,"=")} -> SUB_CELL_POS_Y_AREA | AI40: -1.5,0
Q41: 201706 | R41: =_xlfn.XLOOKUP(tb_diy_07[[#This Row],[id]],monster!A:A,monster!D:D,"",0) -> 大盾守卫 | S41: FLYAROUND_DEG_2 | U41: =_xlfn.TEXTJOIN(",",1,tb_diy_07[[#This Row],[v1]],tb_diy_07[[#This Row],[v2]]) -> 0,180 | V41: 0 | W41: 180 | Y41: 201807 | Z41: =_xlfn.XLOOKUP(tb_diy_08[[#This Row],[id]],monster!A:A,monster!D:D,"",0) -> 针刺小水母 | AA41: FLYAROUND_DEG | AC41: =_xlfn.TEXTJOIN(",",1,tb_diy_08[[#This Row],[v1]],tb_diy_08[[#This Row],[v2]]) -> 10,170 | AD41: 10 | AE41: 170 | AF41: 201404 | AG41: {=INDEX(TRANSPOSE(_xlfn.TEXTSPLIT(_xlfn.XLOOKUP(AF41,$AF$7:$AF$18,$AG$7:$AG$18),";")),COUNTIF($AF$38:$AF41,$AF41))} -> FLYAROUND_DEG=20,170 | AH41: {=_xlfn.TEXTSPLIT(AG41,"=")} -> FLYAROUND_DEG | AI41: 20,170
Q42: 201706 | R42: =_xlfn.XLOOKUP(tb_diy_07[[#This Row],[id]],monster!A:A,monster!D:D,"",0) -> 大盾守卫 | S42: FLYAROUND_RADIUS_2 | U42: =_xlfn.TEXTJOIN(",",1,tb_diy_07[[#This Row],[v1]],tb_diy_07[[#This Row],[v2]]) -> 1,2 | V42: 1 | W42: 2 | Y42: 201807 | Z42: =_xlfn.XLOOKUP(tb_diy_08[[#This Row],[id]],monster!A:A,monster!D:D,"",0) -> 针刺小水母 | AA42: FLYAROUND_RADIUS | AC42: =_xlfn.TEXTJOIN(",",1,tb_diy_08[[#This Row],[v1]],tb_diy_08[[#This Row],[v2]]) -> 2,4 | AD42: 2 | AE42: 4 | AF42: 201404 | AG42: {=INDEX(TRANSPOSE(_xlfn.TEXTSPLIT(_xlfn.XLOOKUP(AF42,$AF$7:$AF$18,$AG$7:$AG$18),";")),COUNTIF($AF$38:$AF42,$AF42))} -> FLYAROUND_RADIUS=7,10 | AH42: {=_xlfn.TEXTSPLIT(AG42,"=")} -> FLYAROUND_RADIUS | AI42: 7,10
Q43: 201706 | R43: =_xlfn.XLOOKUP(tb_diy_07[[#This Row],[id]],monster!A:A,monster!D:D,"",0) -> 大盾守卫 | S43: FLYAROUND_COUNT_MAX_2 | U43: =_xlfn.TEXTJOIN(",",1,tb_diy_07[[#This Row],[v1]],tb_diy_07[[#This Row],[v2]]) -> 1 | V43: 1 | Y43: 201807 | Z43: =_xlfn.XLOOKUP(tb_diy_08[[#This Row],[id]],monster!A:A,monster!D:D,"",0) -> 针刺小水母 | AA43: FLYAROUND_COUNT_MAX | AC43: =_xlfn.TEXTJOIN(",",1,tb_diy_08[[#This Row],[v1]],tb_diy_08[[#This Row],[v2]]) -> 6 | AD43: 6 | AF43: 201404 | AG43: {=INDEX(TRANSPOSE(_xlfn.TEXTSPLIT(_xlfn.XLOOKUP(AF43,$AF$7:$AF$18,$AG$7:$AG$18),";")),COUNTIF($AF$38:$AF43,$AF43))} -> FLYAROUND_COUNT_MAX=6 | AH43: {=_xlfn.TEXTSPLIT(AG43,"=")} -> FLYAROUND_COUNT_MAX | AI43: 6
Q44: 201706 | R44: =_xlfn.XLOOKUP(tb_diy_07[[#This Row],[id]],monster!A:A,monster!D:D,"",0) -> 大盾守卫 | S44: FLYAROUND_COUNT_MIN_2 | U44: =_xlfn.TEXTJOIN(",",1,tb_diy_07[[#This Row],[v1]],tb_diy_07[[#This Row],[v2]]) -> 1 | V44: 1 | Y44: 201807 | Z44: =_xlfn.XLOOKUP(tb_diy_08[[#This Row],[id]],monster!A:A,monster!D:D,"",0) -> 针刺小水母 | AA44: FLYAROUND_COUNT_MIN | AC44: =_xlfn.TEXTJOIN(",",1,tb_diy_08[[#This Row],[v1]],tb_diy_08[[#This Row],[v2]]) -> 3 | AD44: 3 | AF44: 201404 | AG44: {=INDEX(TRANSPOSE(_xlfn.TEXTSPLIT(_xlfn.XLOOKUP(AF44,$AF$7:$AF$18,$AG$7:$AG$18),";")),COUNTIF($AF$38:$AF44,$AF44))} -> FLYAROUND_COUNT_MIN=4 | AH44: {=_xlfn.TEXTSPLIT(AG44,"=")} -> FLYAROUND_COUNT_MIN | AI44: 4
Q45: 201706 | R45: =_xlfn.XLOOKUP(tb_diy_07[[#This Row],[id]],monster!A:A,monster!D:D,"",0) -> 大盾守卫 | S45: BEFORE_ATTACK_SEC | U45: =_xlfn.TEXTJOIN(",",1,tb_diy_07[[#This Row],[v1]],tb_diy_07[[#This Row],[v2]]) -> 0.2 | V45: 0.2 | Y45: 201807 | Z45: =_xlfn.XLOOKUP(tb_diy_08[[#This Row],[id]],monster!A:A,monster!D:D,"",0) -> 针刺小水母 | AA45: IDLE_SPEED | AC45: =_xlfn.TEXTJOIN(",",1,tb_diy_08[[#This Row],[v1]],tb_diy_08[[#This Row],[v2]]) -> 4 | AD45: 4 | AF45: 201404 | AG45: {=INDEX(TRANSPOSE(_xlfn.TEXTSPLIT(_xlfn.XLOOKUP(AF45,$AF$7:$AF$18,$AG$7:$AG$18),";")),COUNTIF($AF$38:$AF45,$AF45))} -> CREATE_CD_AREA=4,6 | AH45: {=_xlfn.TEXTSPLIT(AG45,"=")} -> CREATE_CD_AREA | AI45: 4,6
Q46: 201706 | R46: =_xlfn.XLOOKUP(tb_diy_07[[#This Row],[id]],monster!A:A,monster!D:D,"",0) -> 大盾守卫 | S46: AFTER_ATTACK_SEC | U46: =_xlfn.TEXTJOIN(",",1,tb_diy_07[[#This Row],[v1]],tb_diy_07[[#This Row],[v2]]) -> 0.3 | V46: 0.3 | Y46: 201807 | Z46: =_xlfn.XLOOKUP(tb_diy_08[[#This Row],[id]],monster!A:A,monster!D:D,"",0) -> 针刺小水母 | AA46: CHARGE_SPEED | AC46: =_xlfn.TEXTJOIN(",",1,tb_diy_08[[#This Row],[v1]],tb_diy_08[[#This Row],[v2]]) -> 16 | AD46: 16 | AF46: 201404 | AG46: {=INDEX(TRANSPOSE(_xlfn.TEXTSPLIT(_xlfn.XLOOKUP(AF46,$AF$7:$AF$18,$AG$7:$AG$18),";")),COUNTIF($AF$38:$AF46,$AF46))} -> CREATE_INTERVAL_SEC=0.2 | AH46: {=_xlfn.TEXTSPLIT(AG46,"=")} -> CREATE_INTERVAL_SEC | AI46: 0.2
Q47: 201706 | R47: =_xlfn.XLOOKUP(tb_diy_07[[#This Row],[id]],monster!A:A,monster!D:D,"",0) -> 大盾守卫 | S47: BEGIN_ATK_DIS | U47: =_xlfn.TEXTJOIN(",",1,tb_diy_07[[#This Row],[v1]],tb_diy_07[[#This Row],[v2]]) -> 1 | V47: 1 | Y47: 201809 | Z47: =_xlfn.XLOOKUP(tb_diy_08[[#This Row],[id]],monster!A:A,monster!D:D,"",0) -> 印花水母 | AA47: FLYAROUND_DEG | AC47: =_xlfn.TEXTJOIN(",",1,tb_diy_08[[#This Row],[v1]],tb_diy_08[[#This Row],[v2]]) -> 10,170 | AD47: 10 | AE47: 170 | AF47: 201404 | AG47: {=INDEX(TRANSPOSE(_xlfn.TEXTSPLIT(_xlfn.XLOOKUP(AF47,$AF$7:$AF$18,$AG$7:$AG$18),";")),COUNTIF($AF$38:$AF47,$AF47))} -> SUB_CELL_COUNT_SINGLE=3 | AH47: {=_xlfn.TEXTSPLIT(AG47,"=")} -> SUB_CELL_COUNT_SINGLE | AI47: 3
Q48: 201706 | R48: =_xlfn.XLOOKUP(tb_diy_07[[#This Row],[id]],monster!A:A,monster!D:D,"",0) -> 大盾守卫 | S48: ATK_DIS | U48: =_xlfn.TEXTJOIN(",",1,tb_diy_07[[#This Row],[v1]],tb_diy_07[[#This Row],[v2]]) -> 1.5 | V48: 1.5 | Y48: 201809 | Z48: =_xlfn.XLOOKUP(tb_diy_08[[#This Row],[id]],monster!A:A,monster!D:D,"",0) -> 印花水母 | AA48: FLYAROUND_RADIUS | AC48: =_xlfn.TEXTJOIN(",",1,tb_diy_08[[#This Row],[v1]],tb_diy_08[[#This Row],[v2]]) -> 8,12 | AD48: 8 | AE48: 12 | AF48: 201404 | AG48: {=INDEX(TRANSPOSE(_xlfn.TEXTSPLIT(_xlfn.XLOOKUP(AF48,$AF$7:$AF$18,$AG$7:$AG$18),";")),COUNTIF($AF$38:$AF48,$AF48))} -> SUB_CELL_SPEED_AREA=1,2 | AH48: {=_xlfn.TEXTSPLIT(AG48,"=")} -> SUB_CELL_SPEED_AREA | AI48: 1,2
Q49: 201706 | R49: =_xlfn.XLOOKUP(tb_diy_07[[#This Row],[id]],monster!A:A,monster!D:D,"",0) -> 大盾守卫 | S49: ATK_CD | T49: 攻击间隔 | U49: =_xlfn.TEXTJOIN(",",1,tb_diy_07[[#This Row],[v1]],tb_diy_07[[#This Row],[v2]]) -> 8 | V49: 8 | Y49: 201809 | Z49: =_xlfn.XLOOKUP(tb_diy_08[[#This Row],[id]],monster!A:A,monster!D:D,"",0) -> 印花水母 | AA49: IDLE_SPEED | AC49: =_xlfn.TEXTJOIN(",",1,tb_diy_08[[#This Row],[v1]],tb_diy_08[[#This Row],[v2]]) -> 1 | AD49: 1 | AF49: 201405 | AG49: {=INDEX(TRANSPOSE(_xlfn.TEXTSPLIT(_xlfn.XLOOKUP(AF49,$AF$7:$AF$18,$AG$7:$AG$18),";")),COUNTIF($AF$38:$AF49,$AF49))} -> EXPLOSION_RADIUS=1.2 | AH49: {=_xlfn.TEXTSPLIT(AG49,"=")} -> EXPLOSION_RADIUS | AI49: 1.2
Q50: 201707 | R50: =_xlfn.XLOOKUP(tb_diy_07[[#This Row],[id]],monster!A:A,monster!D:D,"",0) -> 基础守卫 | S50: FLYAROUND_DEG_1 | T50: 游荡角度 | U50: =_xlfn.TEXTJOIN(",",1,tb_diy_07[[#This Row],[v1]],tb_diy_07[[#This Row],[v2]]) -> 60,120 | V50: 60 | W50: 120 | Y50: 201809 | Z50: =_xlfn.XLOOKUP(tb_diy_08[[#This Row],[id]],monster!A:A,monster!D:D,"",0) -> 印花水母 | AA50: CHARGE_SPEED | AC50: =_xlfn.TEXTJOIN(",",1,tb_diy_08[[#This Row],[v1]],tb_diy_08[[#This Row],[v2]]) -> 11 | AD50: 11 | AF50: 201405 | AG50: {=INDEX(TRANSPOSE(_xlfn.TEXTSPLIT(_xlfn.XLOOKUP(AF50,$AF$7:$AF$18,$AG$7:$AG$18),";")),COUNTIF($AF$38:$AF50,$AF50))} -> BEHIT_RADIUS=1 | AH50: {=_xlfn.TEXTSPLIT(AG50,"=")} -> BEHIT_RADIUS | AI50: 1
Q51: 201707 | R51: =_xlfn.XLOOKUP(tb_diy_07[[#This Row],[id]],monster!A:A,monster!D:D,"",0) -> 基础守卫 | S51: FLYAROUND_RADIUS_1 | T51: 游荡距离 | U51: =_xlfn.TEXTJOIN(",",1,tb_diy_07[[#This Row],[v1]],tb_diy_07[[#This Row],[v2]]) -> 5,8 | V51: 5 | W51: 8 | Y51: 201809 | Z51: =_xlfn.XLOOKUP(tb_diy_08[[#This Row],[id]],monster!A:A,monster!D:D,"",0) -> 印花水母 | AA51: EXPLODE_DIS | AC51: =_xlfn.TEXTJOIN(",",1,tb_diy_08[[#This Row],[v1]],tb_diy_08[[#This Row],[v2]]) -> 2.8 | AD51: 2.8 | AF51: 201406 | AG51: {=INDEX(TRANSPOSE(_xlfn.TEXTSPLIT(_xlfn.XLOOKUP(AF51,$AF$7:$AF$18,$AG$7:$AG$18),";")),COUNTIF($AF$38:$AF51,$AF51))} -> CREATE_COUNT_AREA=1,3 | AH51: {=_xlfn.TEXTSPLIT(AG51,"=")} -> CREATE_COUNT_AREA | AI51: 1,3
Q52: 201707 | R52: =_xlfn.XLOOKUP(tb_diy_07[[#This Row],[id]],monster!A:A,monster!D:D,"",0) -> 基础守卫 | S52: FLYAROUND_COUNT_MAX_1 | U52: =_xlfn.TEXTJOIN(",",1,tb_diy_07[[#This Row],[v1]],tb_diy_07[[#This Row],[v2]]) -> 1 | V52: 1 | Y52: 201809 | Z52: =_xlfn.XLOOKUP(tb_diy_08[[#This Row],[id]],monster!A:A,monster!D:D,"",0) -> 印花水母 | AA52: BEFORE_ATTACK_SEC | AC52: =_xlfn.TEXTJOIN(",",1,tb_diy_08[[#This Row],[v1]],tb_diy_08[[#This Row],[v2]]) -> 0.6 | AD52: 0.6 | AF52: 201407 | AG52: {=INDEX(TRANSPOSE(_xlfn.TEXTSPLIT(_xlfn.XLOOKUP(AF52,$AF$7:$AF$18,$AG$7:$AG$18),";")),COUNTIF($AF$38:$AF52,$AF52))} -> FLYAROUND_DEG=20,170 | AH52: {=_xlfn.TEXTSPLIT(AG52,"=")} -> FLYAROUND_DEG | AI52: 20,170
Q53: 201707 | R53: =_xlfn.XLOOKUP(tb_diy_07[[#This Row],[id]],monster!A:A,monster!D:D,"",0) -> 基础守卫 | S53: FLYAROUND_COUNT_MIN_1 | U53: =_xlfn.TEXTJOIN(",",1,tb_diy_07[[#This Row],[v1]],tb_diy_07[[#This Row],[v2]]) -> 1 | V53: 1 | Y53: 201810 | Z53: =_xlfn.XLOOKUP(tb_diy_08[[#This Row],[id]],monster!A:A,monster!D:D,"",0) -> 混沌沼泽怪 | AA53: WALK_SPEED | AC53: =_xlfn.TEXTJOIN(",",1,tb_diy_08[[#This Row],[v1]],tb_diy_08[[#This Row],[v2]]) -> 2 | AD53: 2 | AF53: 201407 | AG53: {=INDEX(TRANSPOSE(_xlfn.TEXTSPLIT(_xlfn.XLOOKUP(AF53,$AF$7:$AF$18,$AG$7:$AG$18),";")),COUNTIF($AF$38:$AF53,$AF53))} -> FLYAROUND_RADIUS=1,5 | AH53: {=_xlfn.TEXTSPLIT(AG53,"=")} -> FLYAROUND_RADIUS | AI53: 1,5
Q54: 201707 | R54: =_xlfn.XLOOKUP(tb_diy_07[[#This Row],[id]],monster!A:A,monster!D:D,"",0) -> 基础守卫 | S54: FLYAROUND_DEG_2 | T54: 攻击悬停角度 | U54: =_xlfn.TEXTJOIN(",",1,tb_diy_07[[#This Row],[v1]],tb_diy_07[[#This Row],[v2]]) -> 0,180 | V54: 0 | W54: 180 | Y54: 201810 | Z54: =_xlfn.XLOOKUP(tb_diy_08[[#This Row],[id]],monster!A:A,monster!D:D,"",0) -> 混沌沼泽怪 | AA54: ATK_DIS | AC54: =_xlfn.TEXTJOIN(",",1,tb_diy_08[[#This Row],[v1]],tb_diy_08[[#This Row],[v2]]) -> 4 | AD54: 4 | AF54: 201407 | AG54: {=INDEX(TRANSPOSE(_xlfn.TEXTSPLIT(_xlfn.XLOOKUP(AF54,$AF$7:$AF$18,$AG$7:$AG$18),";")),COUNTIF($AF$38:$AF54,$AF54))} -> ATTACK_CD_SEC=2 | AH54: {=_xlfn.TEXTSPLIT(AG54,"=")} -> ATTACK_CD_SEC | AI54: 2
Q55: 201707 | R55: =_xlfn.XLOOKUP(tb_diy_07[[#This Row],[id]],monster!A:A,monster!D:D,"",0) -> 基础守卫 | S55: FLYAROUND_RADIUS_2 | T55: 攻击悬停距离 | U55: =_xlfn.TEXTJOIN(",",1,tb_diy_07[[#This Row],[v1]],tb_diy_07[[#This Row],[v2]]) -> 1,2 | V55: 1 | W55: 2 | Y55: 201810 | Z55: =_xlfn.XLOOKUP(tb_diy_08[[#This Row],[id]],monster!A:A,monster!D:D,"",0) -> 混沌沼泽怪 | AA55: SHOOT_CD | AC55: =_xlfn.TEXTJOIN(",",1,tb_diy_08[[#This Row],[v1]],tb_diy_08[[#This Row],[v2]]) -> 2,3 | AD55: 2 | AE55: 3 | AG55: {=INDEX(TRANSPOSE(_xlfn.TEXTSPLIT(_xlfn.XLOOKUP(AF55,$AF$7:$AF$18,$AG$7:$AG$18),";")),COUNTIF($AF$38:$AF55,$AF55))} -> #N/A | AH55: {=_xlfn.TEXTSPLIT(AG55,"=")} -> #N/A
Q56: 201707 | R56: =_xlfn.XLOOKUP(tb_diy_07[[#This Row],[id]],monster!A:A,monster!D:D,"",0) -> 基础守卫 | S56: FLYAROUND_COUNT_MAX_2 | U56: =_xlfn.TEXTJOIN(",",1,tb_diy_07[[#This Row],[v1]],tb_diy_07[[#This Row],[v2]]) -> 1 | V56: 1 | Y56: 201810 | Z56: =_xlfn.XLOOKUP(tb_diy_08[[#This Row],[id]],monster!A:A,monster!D:D,"",0) -> 混沌沼泽怪 | AA56: RUNNING_FIRE_COUNT | AC56: =_xlfn.TEXTJOIN(",",1,tb_diy_08[[#This Row],[v1]],tb_diy_08[[#This Row],[v2]]) -> 4 | AD56: 4 | AG56: {=INDEX(TRANSPOSE(_xlfn.TEXTSPLIT(_xlfn.XLOOKUP(AF56,$AF$7:$AF$18,$AG$7:$AG$18),";")),COUNTIF($AF$38:$AF56,$AF56))} -> #N/A | AH56: {=_xlfn.TEXTSPLIT(AG56,"=")} -> #N/A
Q57: 201707 | R57: =_xlfn.XLOOKUP(tb_diy_07[[#This Row],[id]],monster!A:A,monster!D:D,"",0) -> 基础守卫 | S57: FLYAROUND_COUNT_MIN_2 | U57: =_xlfn.TEXTJOIN(",",1,tb_diy_07[[#This Row],[v1]],tb_diy_07[[#This Row],[v2]]) -> 1 | V57: 1 | Y57: 201810 | Z57: =_xlfn.XLOOKUP(tb_diy_08[[#This Row],[id]],monster!A:A,monster!D:D,"",0) -> 混沌沼泽怪 | AA57: BEFORE_ATTACK_SEC | AC57: =_xlfn.TEXTJOIN(",",1,tb_diy_08[[#This Row],[v1]],tb_diy_08[[#This Row],[v2]]) -> 0.1 | AD57: 0.1 | AG57: {=INDEX(TRANSPOSE(_xlfn.TEXTSPLIT(_xlfn.XLOOKUP(AF57,$AF$7:$AF$18,$AG$7:$AG$18),";")),COUNTIF($AF$38:$AF57,$AF57))} -> #N/A | AH57: {=_xlfn.TEXTSPLIT(AG57,"=")} -> #N/A
Q58: 201707 | R58: =_xlfn.XLOOKUP(tb_diy_07[[#This Row],[id]],monster!A:A,monster!D:D,"",0) -> 基础守卫 | S58: BEFORE_ATTACK_SEC | U58: =_xlfn.TEXTJOIN(",",1,tb_diy_07[[#This Row],[v1]],tb_diy_07[[#This Row],[v2]]) -> 0.2 | V58: 0.2 | Y58: 201810 | Z58: =_xlfn.XLOOKUP(tb_diy_08[[#This Row],[id]],monster!A:A,monster!D:D,"",0) -> 混沌沼泽怪 | AA58: AFTER_ATTACK_SEC | AC58: =_xlfn.TEXTJOIN(",",1,tb_diy_08[[#This Row],[v1]],tb_diy_08[[#This Row],[v2]]) -> 0.5 | AD58: 0.5 | AG58: {=INDEX(TRANSPOSE(_xlfn.TEXTSPLIT(_xlfn.XLOOKUP(AF58,$AF$7:$AF$18,$AG$7:$AG$18),";")),COUNTIF($AF$38:$AF58,$AF58))} -> #N/A | AH58: {=_xlfn.TEXTSPLIT(AG58,"=")} -> #N/A
Q59: 201707 | R59: =_xlfn.XLOOKUP(tb_diy_07[[#This Row],[id]],monster!A:A,monster!D:D,"",0) -> 基础守卫 | S59: AFTER_ATTACK_SEC | U59: =_xlfn.TEXTJOIN(",",1,tb_diy_07[[#This Row],[v1]],tb_diy_07[[#This Row],[v2]]) -> 0.3 | V59: 0.3 | Y59: 201811 | Z59: =_xlfn.XLOOKUP(tb_diy_08[[#This Row],[id]],monster!A:A,monster!D:D,"",0) -> 青蛙 | AA59: BEFORE_ATTACK_SEC | AC59: =_xlfn.TEXTJOIN(",",1,tb_diy_08[[#This Row],[v1]],tb_diy_08[[#This Row],[v2]]) -> 0.2 | AD59: 0.2 | AG59: {=INDEX(TRANSPOSE(_xlfn.TEXTSPLIT(_xlfn.XLOOKUP(AF59,$AF$7:$AF$18,$AG$7:$AG$18),";")),COUNTIF($AF$38:$AF59,$AF59))} -> #N/A | AH59: {=_xlfn.TEXTSPLIT(AG59,"=")} -> #N/A
Q60: 201707 | R60: =_xlfn.XLOOKUP(tb_diy_07[[#This Row],[id]],monster!A:A,monster!D:D,"",0) -> 基础守卫 | S60: BEGIN_ATK_DIS | U60: =_xlfn.TEXTJOIN(",",1,tb_diy_07[[#This Row],[v1]],tb_diy_07[[#This Row],[v2]]) -> 1 | V60: 1 | Y60: 201811 | Z60: =_xlfn.XLOOKUP(tb_diy_08[[#This Row],[id]],monster!A:A,monster!D:D,"",0) -> 青蛙 | AA60: AFTER_ATTACK_SEC | AC60: =_xlfn.TEXTJOIN(",",1,tb_diy_08[[#This Row],[v1]],tb_diy_08[[#This Row],[v2]]) -> 0.5 | AD60: 0.5 | AG60: {=INDEX(TRANSPOSE(_xlfn.TEXTSPLIT(_xlfn.XLOOKUP(AF60,$AF$7:$AF$18,$AG$7:$AG$18),";")),COUNTIF($AF$38:$AF60,$AF60))} -> #N/A | AH60: {=_xlfn.TEXTSPLIT(AG60,"=")} -> #N/A
Q61: 201707 | R61: =_xlfn.XLOOKUP(tb_diy_07[[#This Row],[id]],monster!A:A,monster!D:D,"",0) -> 基础守卫 | S61: ATK_DIS | U61: =_xlfn.TEXTJOIN(",",1,tb_diy_07[[#This Row],[v1]],tb_diy_07[[#This Row],[v2]]) -> 1.5 | V61: 1.5 | Y61: 201811 | Z61: =_xlfn.XLOOKUP(tb_diy_08[[#This Row],[id]],monster!A:A,monster!D:D,"",0) -> 青蛙 | AA61: ATK_DIS | AC61: =_xlfn.TEXTJOIN(",",1,tb_diy_08[[#This Row],[v1]],tb_diy_08[[#This Row],[v2]]) -> 6 | AD61: 6 | AG61: {=INDEX(TRANSPOSE(_xlfn.TEXTSPLIT(_xlfn.XLOOKUP(AF61,$AF$7:$AF$18,$AG$7:$AG$18),";")),COUNTIF($AF$38:$AF61,$AF61))} -> #N/A | AH61: {=_xlfn.TEXTSPLIT(AG61,"=")} -> #N/A
Q62: 201707 | R62: =_xlfn.XLOOKUP(tb_diy_07[[#This Row],[id]],monster!A:A,monster!D:D,"",0) -> 基础守卫 | S62: ATK_CD | T62: 攻击间隔 | U62: =_xlfn.TEXTJOIN(",",1,tb_diy_07[[#This Row],[v1]],tb_diy_07[[#This Row],[v2]]) -> 5 | V62: 5 | Y62: 201811 | Z62: =_xlfn.XLOOKUP(tb_diy_08[[#This Row],[id]],monster!A:A,monster!D:D,"",0) -> 青蛙 | AA62: TONGUE_LENGTH | AC62: =_xlfn.TEXTJOIN(",",1,tb_diy_08[[#This Row],[v1]],tb_diy_08[[#This Row],[v2]]) -> 8 | AD62: 8 | AG62: {=INDEX(TRANSPOSE(_xlfn.TEXTSPLIT(_xlfn.XLOOKUP(AF62,$AF$7:$AF$18,$AG$7:$AG$18),";")),COUNTIF($AF$38:$AF62,$AF62))} -> #N/A | AH62: {=_xlfn.TEXTSPLIT(AG62,"=")} -> #N/A
Q63: 201708 | R63: =_xlfn.XLOOKUP(tb_diy_07[[#This Row],[id]],monster!A:A,monster!D:D,"",0) -> 双刀守卫 | S63: FLYAROUND_DEG_1 | U63: =_xlfn.TEXTJOIN(",",1,tb_diy_07[[#This Row],[v1]],tb_diy_07[[#This Row],[v2]]) -> 60,120 | V63: 60 | W63: 120 | Y63: 201811 | Z63: =_xlfn.XLOOKUP(tb_diy_08[[#This Row],[id]],monster!A:A,monster!D:D,"",0) -> 青蛙 | AA63: ATK_SEC | AC63: =_xlfn.TEXTJOIN(",",1,tb_diy_08[[#This Row],[v1]],tb_diy_08[[#This Row],[v2]]) -> 0.2 | AD63: 0.2 | AG63: {=INDEX(TRANSPOSE(_xlfn.TEXTSPLIT(_xlfn.XLOOKUP(AF63,$AF$7:$AF$18,$AG$7:$AG$18),";")),COUNTIF($AF$38:$AF63,$AF63))} -> #N/A | AH63: {=_xlfn.TEXTSPLIT(AG63,"=")} -> #N/A
Q64: 201708 | R64: =_xlfn.XLOOKUP(tb_diy_07[[#This Row],[id]],monster!A:A,monster!D:D,"",0) -> 双刀守卫 | S64: FLYAROUND_RADIUS_1 | U64: =_xlfn.TEXTJOIN(",",1,tb_diy_07[[#This Row],[v1]],tb_diy_07[[#This Row],[v2]]) -> 4,7 | V64: 4 | W64: 7 | Y64: 201811 | Z64: =_xlfn.XLOOKUP(tb_diy_08[[#This Row],[id]],monster!A:A,monster!D:D,"",0) -> 青蛙 | AA64: JUMP_VELOCITY_X_MAX | AC64: =_xlfn.TEXTJOIN(",",1,tb_diy_08[[#This Row],[v1]],tb_diy_08[[#This Row],[v2]]) -> 3 | AD64: 3 | AG64: {=INDEX(TRANSPOSE(_xlfn.TEXTSPLIT(_xlfn.XLOOKUP(AF64,$AF$7:$AF$18,$AG$7:$AG$18),";")),COUNTIF($AF$38:$AF64,$AF64))} -> #N/A | AH64: {=_xlfn.TEXTSPLIT(AG64,"=")} -> #N/A
Q65: 201708 | R65: =_xlfn.XLOOKUP(tb_diy_07[[#This Row],[id]],monster!A:A,monster!D:D,"",0) -> 双刀守卫 | S65: FLYAROUND_COUNT_MAX_1 | U65: =_xlfn.TEXTJOIN(",",1,tb_diy_07[[#This Row],[v1]],tb_diy_07[[#This Row],[v2]]) -> 1 | V65: 1 | Y65: 201811 | Z65: =_xlfn.XLOOKUP(tb_diy_08[[#This Row],[id]],monster!A:A,monster!D:D,"",0) -> 青蛙 | AA65: JUMP_HEIGHT_AREA | AC65: =_xlfn.TEXTJOIN(",",1,tb_diy_08[[#This Row],[v1]],tb_diy_08[[#This Row],[v2]]) -> 1,1 | AD65: 1 | AE65: 1 | AG65: {=INDEX(TRANSPOSE(_xlfn.TEXTSPLIT(_xlfn.XLOOKUP(AF65,$AF$7:$AF$18,$AG$7:$AG$18),";")),COUNTIF($AF$38:$AF65,$AF65))} -> #N/A | AH65: {=_xlfn.TEXTSPLIT(AG65,"=")} -> #N/A
Q66: 201708 | R66: =_xlfn.XLOOKUP(tb_diy_07[[#This Row],[id]],monster!A:A,monster!D:D,"",0) -> 双刀守卫 | S66: FLYAROUND_COUNT_MIN_1 | U66: =_xlfn.TEXTJOIN(",",1,tb_diy_07[[#This Row],[v1]],tb_diy_07[[#This Row],[v2]]) -> 1 | V66: 1 | Y66: 201811 | Z66: =_xlfn.XLOOKUP(tb_diy_08[[#This Row],[id]],monster!A:A,monster!D:D,"",0) -> 青蛙 | AA66: JUMP_CD | AC66: =_xlfn.TEXTJOIN(",",1,tb_diy_08[[#This Row],[v1]],tb_diy_08[[#This Row],[v2]]) -> 0.5 | AD66: 0.5 | AG66: {=INDEX(TRANSPOSE(_xlfn.TEXTSPLIT(_xlfn.XLOOKUP(AF66,$AF$7:$AF$18,$AG$7:$AG$18),";")),COUNTIF($AF$38:$AF66,$AF66))} -> #N/A | AH66: {=_xlfn.TEXTSPLIT(AG66,"=")} -> #N/A
Q67: 201708 | R67: =_xlfn.XLOOKUP(tb_diy_07[[#This Row],[id]],monster!A:A,monster!D:D,"",0) -> 双刀守卫 | S67: FLYAROUND_DEG_2 | U67: =_xlfn.TEXTJOIN(",",1,tb_diy_07[[#This Row],[v1]],tb_diy_07[[#This Row],[v2]]) -> 0,180 | V67: 0 | W67: 180 | Y67: 201812 | Z67: =_xlfn.XLOOKUP(tb_diy_08[[#This Row],[id]],monster!A:A,monster!D:D,"",0) | AA67: JUMP_CD | AC67: =_xlfn.TEXTJOIN(",",1,tb_diy_08[[#This Row],[v1]],tb_diy_08[[#This Row],[v2]]) -> 0.5 | AD67: 0.5 | AG67: {=INDEX(TRANSPOSE(_xlfn.TEXTSPLIT(_xlfn.XLOOKUP(AF67,$AF$7:$AF$18,$AG$7:$AG$18),";")),COUNTIF($AF$38:$AF67,$AF67))} -> #N/A | AH67: {=_xlfn.TEXTSPLIT(AG67,"=")} -> #N/A
Q68: 201708 | R68: =_xlfn.XLOOKUP(tb_diy_07[[#This Row],[id]],monster!A:A,monster!D:D,"",0) -> 双刀守卫 | S68: FLYAROUND_RADIUS_2 | U68: =_xlfn.TEXTJOIN(",",1,tb_diy_07[[#This Row],[v1]],tb_diy_07[[#This Row],[v2]]) -> 1,2 | V68: 1 | W68: 2 | Y68: 201812 | Z68: =_xlfn.XLOOKUP(tb_diy_08[[#This Row],[id]],monster!A:A,monster!D:D,"",0) | AA68: ATK_AREA | AB68: 碰撞盒 宽 高 | AC68: =_xlfn.TEXTJOIN(",",1,tb_diy_08[[#This Row],[v1]],tb_diy_08[[#This Row],[v2]]) -> 1,2 | AD68: 1 | AE68: 2 | AG68: {=INDEX(TRANSPOSE(_xlfn.TEXTSPLIT(_xlfn.XLOOKUP(AF68,$AF$7:$AF$18,$AG$7:$AG$18),";")),COUNTIF($AF$38:$AF68,$AF68))} -> #N/A | AH68: {=_xlfn.TEXTSPLIT(AG68,"=")} -> #N/A
Q69: 201708 | R69: =_xlfn.XLOOKUP(tb_diy_07[[#This Row],[id]],monster!A:A,monster!D:D,"",0) -> 双刀守卫 | S69: FLYAROUND_COUNT_MAX_2 | U69: =_xlfn.TEXTJOIN(",",1,tb_diy_07[[#This Row],[v1]],tb_diy_07[[#This Row],[v2]]) -> 1 | V69: 1 | Y69: 201812 | Z69: =_xlfn.XLOOKUP(tb_diy_08[[#This Row],[id]],monster!A:A,monster!D:D,"",0) | AA69: JUMP_VELOCITY_X_MAX | AB69: 最大横向跳速 | AC69: =_xlfn.TEXTJOIN(",",1,tb_diy_08[[#This Row],[v1]],tb_diy_08[[#This Row],[v2]]) -> 22 | AD69: 22 | AG69: {=INDEX(TRANSPOSE(_xlfn.TEXTSPLIT(_xlfn.XLOOKUP(AF69,$AF$7:$AF$18,$AG$7:$AG$18),";")),COUNTIF($AF$38:$AF69,$AF69))} -> #N/A | AH69: {=_xlfn.TEXTSPLIT(AG69,"=")} -> #N/A
Q70: 201708 | R70: =_xlfn.XLOOKUP(tb_diy_07[[#This Row],[id]],monster!A:A,monster!D:D,"",0) -> 双刀守卫 | S70: FLYAROUND_COUNT_MIN_2 | U70: =_xlfn.TEXTJOIN(",",1,tb_diy_07[[#This Row],[v1]],tb_diy_07[[#This Row],[v2]]) -> 1 | V70: 1 | Y70: 201812 | Z70: =_xlfn.XLOOKUP(tb_diy_08[[#This Row],[id]],monster!A:A,monster!D:D,"",0) | AA70: JUMP_HEIGHT_AREA | AC70: =_xlfn.TEXTJOIN(",",1,tb_diy_08[[#This Row],[v1]],tb_diy_08[[#This Row],[v2]]) -> 1,2 | AD70: 1 | AE70: 2 | AG70: {=INDEX(TRANSPOSE(_xlfn.TEXTSPLIT(_xlfn.XLOOKUP(AF70,$AF$7:$AF$18,$AG$7:$AG$18),";")),COUNTIF($AF$38:$AF70,$AF70))} -> #N/A | AH70: {=_xlfn.TEXTSPLIT(AG70,"=")} -> #N/A
Q71: 201708 | R71: =_xlfn.XLOOKUP(tb_diy_07[[#This Row],[id]],monster!A:A,monster!D:D,"",0) -> 双刀守卫 | S71: BEFORE_ATTACK_SEC | U71: =_xlfn.TEXTJOIN(",",1,tb_diy_07[[#This Row],[v1]],tb_diy_07[[#This Row],[v2]]) -> 0.2 | V71: 0.2 | Y71: 201813 | Z71: =_xlfn.XLOOKUP(tb_diy_08[[#This Row],[id]],monster!A:A,monster!D:D,"",0) -> 贝壳乌贼 | AA71: WALK_SPEED | AC71: =_xlfn.TEXTJOIN(",",1,tb_diy_08[[#This Row],[v1]],tb_diy_08[[#This Row],[v2]]) -> 3.4 | AD71: 3.4 | AG71: {=INDEX(TRANSPOSE(_xlfn.TEXTSPLIT(_xlfn.XLOOKUP(AF71,$AF$7:$AF$18,$AG$7:$AG$18),";")),COUNTIF($AF$38:$AF71,$AF71))} -> #N/A | AH71: {=_xlfn.TEXTSPLIT(AG71,"=")} -> #N/A
Q72: 201708 | R72: =_xlfn.XLOOKUP(tb_diy_07[[#This Row],[id]],monster!A:A,monster!D:D,"",0) -> 双刀守卫 | S72: AFTER_ATTACK_SEC | U72: =_xlfn.TEXTJOIN(",",1,tb_diy_07[[#This Row],[v1]],tb_diy_07[[#This Row],[v2]]) -> 0.3 | V72: 0.3 | Y72: 201813 | Z72: =_xlfn.XLOOKUP(tb_diy_08[[#This Row],[id]],monster!A:A,monster!D:D,"",0) -> 贝壳乌贼 | AA72: ATK_DIS | AC72: =_xlfn.TEXTJOIN(",",1,tb_diy_08[[#This Row],[v1]],tb_diy_08[[#This Row],[v2]]) -> 8 | AD72: 8 | AG72: {=INDEX(TRANSPOSE(_xlfn.TEXTSPLIT(_xlfn.XLOOKUP(AF72,$AF$7:$AF$18,$AG$7:$AG$18),";")),COUNTIF($AF$38:$AF72,$AF72))} -> #N/A | AH72: {=_xlfn.TEXTSPLIT(AG72,"=")} -> #N/A
Q73: 201708 | R73: =_xlfn.XLOOKUP(tb_diy_07[[#This Row],[id]],monster!A:A,monster!D:D,"",0) -> 双刀守卫 | S73: BEGIN_ATK_DIS | U73: =_xlfn.TEXTJOIN(",",1,tb_diy_07[[#This Row],[v1]],tb_diy_07[[#This Row],[v2]]) -> 1 | V73: 1 | Y73: 201813 | Z73: =_xlfn.XLOOKUP(tb_diy_08[[#This Row],[id]],monster!A:A,monster!D:D,"",0) -> 贝壳乌贼 | AA73: SHOOT_CD | AC73: =_xlfn.TEXTJOIN(",",1,tb_diy_08[[#This Row],[v1]],tb_diy_08[[#This Row],[v2]]) -> 2,3 | AD73: 2 | AE73: 3 | AG73: {=INDEX(TRANSPOSE(_xlfn.TEXTSPLIT(_xlfn.XLOOKUP(AF73,$AF$7:$AF$18,$AG$7:$AG$18),";")),COUNTIF($AF$38:$AF73,$AF73))} -> #N/A | AH73: {=_xlfn.TEXTSPLIT(AG73,"=")} -> #N/A
Q74: 201708 | R74: =_xlfn.XLOOKUP(tb_diy_07[[#This Row],[id]],monster!A:A,monster!D:D,"",0) -> 双刀守卫 | S74: ATK_DIS | U74: =_xlfn.TEXTJOIN(",",1,tb_diy_07[[#This Row],[v1]],tb_diy_07[[#This Row],[v2]]) -> 1.5 | V74: 1.5 | Y74: 201813 | Z74: =_xlfn.XLOOKUP(tb_diy_08[[#This Row],[id]],monster!A:A,monster!D:D,"",0) -> 贝壳乌贼 | AA74: RUNNING_FIRE_COUNT | AC74: =_xlfn.TEXTJOIN(",",1,tb_diy_08[[#This Row],[v1]],tb_diy_08[[#This Row],[v2]]) -> 1 | AD74: 1 | AG74: {=INDEX(TRANSPOSE(_xlfn.TEXTSPLIT(_xlfn.XLOOKUP(AF74,$AF$7:$AF$18,$AG$7:$AG$18),";")),COUNTIF($AF$38:$AF74,$AF74))} -> #N/A | AH74: {=_xlfn.TEXTSPLIT(AG74,"=")} -> #N/A
Q75: 201708 | R75: =_xlfn.XLOOKUP(tb_diy_07[[#This Row],[id]],monster!A:A,monster!D:D,"",0) -> 双刀守卫 | S75: ATK_CD | T75: 攻击间隔 | U75: =_xlfn.TEXTJOIN(",",1,tb_diy_07[[#This Row],[v1]],tb_diy_07[[#This Row],[v2]]) -> 2 | V75: 2 | Y75: 201813 | Z75: =_xlfn.XLOOKUP(tb_diy_08[[#This Row],[id]],monster!A:A,monster!D:D,"",0) -> 贝壳乌贼 | AA75: BEFORE_ATTACK_SEC | AC75: =_xlfn.TEXTJOIN(",",1,tb_diy_08[[#This Row],[v1]],tb_diy_08[[#This Row],[v2]]) -> 0.1 | AD75: 0.1 | AG75: {=INDEX(TRANSPOSE(_xlfn.TEXTSPLIT(_xlfn.XLOOKUP(AF75,$AF$7:$AF$18,$AG$7:$AG$18),";")),COUNTIF($AF$38:$AF75,$AF75))} -> #N/A | AH75: {=_xlfn.TEXTSPLIT(AG75,"=")} -> #N/A
Q76: 201709 | R76: =_xlfn.XLOOKUP(tb_diy_07[[#This Row],[id]],monster!A:A,monster!D:D,"",0) -> 大仙人掌 | S76: BEFORE_ATTACK_SEC | U76: =_xlfn.TEXTJOIN(",",1,tb_diy_07[[#This Row],[v1]],tb_diy_07[[#This Row],[v2]]) -> 0.2 | V76: 0.2 | Y76: 201813 | Z76: =_xlfn.XLOOKUP(tb_diy_08[[#This Row],[id]],monster!A:A,monster!D:D,"",0) -> 贝壳乌贼 | AA76: AFTER_ATTACK_SEC | AC76: =_xlfn.TEXTJOIN(",",1,tb_diy_08[[#This Row],[v1]],tb_diy_08[[#This Row],[v2]]) -> 0.5 | AD76: 0.5 | AG76: {=INDEX(TRANSPOSE(_xlfn.TEXTSPLIT(_xlfn.XLOOKUP(AF76,$AF$7:$AF$18,$AG$7:$AG$18),";")),COUNTIF($AF$38:$AF76,$AF76))} -> #N/A | AH76: {=_xlfn.TEXTSPLIT(AG76,"=")} -> #N/A
Q77: 201709 | R77: =_xlfn.XLOOKUP(tb_diy_07[[#This Row],[id]],monster!A:A,monster!D:D,"",0) -> 大仙人掌 | S77: AFTER_ATTACK_SEC | U77: =_xlfn.TEXTJOIN(",",1,tb_diy_07[[#This Row],[v1]],tb_diy_07[[#This Row],[v2]]) -> 0.3 | V77: 0.3 | Y77: 201814 | Z77: =_xlfn.XLOOKUP(tb_diy_08[[#This Row],[id]],monster!A:A,monster!D:D,"",0) -> 弱小螃蟹 | AA77: WALK_SPEED | AC77: =_xlfn.TEXTJOIN(",",1,tb_diy_08[[#This Row],[v1]],tb_diy_08[[#This Row],[v2]]) -> 2.9 | AD77: 2.9 | AG77: {=INDEX(TRANSPOSE(_xlfn.TEXTSPLIT(_xlfn.XLOOKUP(AF77,$AF$7:$AF$18,$AG$7:$AG$18),";")),COUNTIF($AF$38:$AF77,$AF77))} -> #N/A | AH77: {=_xlfn.TEXTSPLIT(AG77,"=")} -> #N/A
Q78: 201709 | R78: =_xlfn.XLOOKUP(tb_diy_07[[#This Row],[id]],monster!A:A,monster!D:D,"",0) -> 大仙人掌 | S78: ATK_CD | T78: 攻击间隔 | U78: =_xlfn.TEXTJOIN(",",1,tb_diy_07[[#This Row],[v1]],tb_diy_07[[#This Row],[v2]]) -> 0.1 | V78: 0.1 | Y78: 201814 | Z78: =_xlfn.XLOOKUP(tb_diy_08[[#This Row],[id]],monster!A:A,monster!D:D,"",0) -> 弱小螃蟹 | AA78: ATK_DIS | AC78: =_xlfn.TEXTJOIN(",",1,tb_diy_08[[#This Row],[v1]],tb_diy_08[[#This Row],[v2]]) -> 0.3 | AD78: 0.3 | AG78: {=INDEX(TRANSPOSE(_xlfn.TEXTSPLIT(_xlfn.XLOOKUP(AF78,$AF$7:$AF$18,$AG$7:$AG$18),";")),COUNTIF($AF$38:$AF78,$AF78))} -> #N/A | AH78: {=_xlfn.TEXTSPLIT(AG78,"=")} -> #N/A
Q79: 201709 | R79: =_xlfn.XLOOKUP(tb_diy_07[[#This Row],[id]],monster!A:A,monster!D:D,"",0) -> 大仙人掌 | S79: RUNNING_FIRE_COUNT | T79: 针刺数量 | U79: =_xlfn.TEXTJOIN(",",1,tb_diy_07[[#This Row],[v1]],tb_diy_07[[#This Row],[v2]]) -> 11 | V79: 11 | Y79: 201814 | Z79: =_xlfn.XLOOKUP(tb_diy_08[[#This Row],[id]],monster!A:A,monster!D:D,"",0) -> 弱小螃蟹 | AA79: BEFORE_ATTACK_SEC | AC79: =_xlfn.TEXTJOIN(",",1,tb_diy_08[[#This Row],[v1]],tb_diy_08[[#This Row],[v2]]) -> 0.27 | AD79: 0.27 | AG79: {=INDEX(TRANSPOSE(_xlfn.TEXTSPLIT(_xlfn.XLOOKUP(AF79,$AF$7:$AF$18,$AG$7:$AG$18),";")),COUNTIF($AF$38:$AF79,$AF79))} -> #N/A | AH79: {=_xlfn.TEXTSPLIT(AG79,"=")} -> #N/A
Q80: 201710 | R80: =_xlfn.XLOOKUP(tb_diy_07[[#This Row],[id]],monster!A:A,monster!D:D,"",0) -> 小仙人掌 | S80: BEFORE_ATTACK_SEC | U80: =_xlfn.TEXTJOIN(",",1,tb_diy_07[[#This Row],[v1]],tb_diy_07[[#This Row],[v2]]) -> 0.2 | V80: 0.2 | Y80: 201814 | Z80: =_xlfn.XLOOKUP(tb_diy_08[[#This Row],[id]],monster!A:A,monster!D:D,"",0) -> 弱小螃蟹 | AA80: AFTER_ATTACK_SEC | AC80: =_xlfn.TEXTJOIN(",",1,tb_diy_08[[#This Row],[v1]],tb_diy_08[[#This Row],[v2]]) -> 0.31 | AD80: 0.31 | AG80: {=INDEX(TRANSPOSE(_xlfn.TEXTSPLIT(_xlfn.XLOOKUP(AF80,$AF$7:$AF$18,$AG$7:$AG$18),";")),COUNTIF($AF$38:$AF80,$AF80))} -> #N/A | AH80: {=_xlfn.TEXTSPLIT(AG80,"=")} -> #N/A
Q81: 201710 | R81: =_xlfn.XLOOKUP(tb_diy_07[[#This Row],[id]],monster!A:A,monster!D:D,"",0) -> 小仙人掌 | S81: AFTER_ATTACK_SEC | U81: =_xlfn.TEXTJOIN(",",1,tb_diy_07[[#This Row],[v1]],tb_diy_07[[#This Row],[v2]]) -> 0.3 | V81: 0.3 | Y81: 201815 | Z81: =_xlfn.XLOOKUP(tb_diy_08[[#This Row],[id]],monster!A:A,monster!D:D,"",0) -> 大钳螃蟹 | AA81: WALK_SPEED | AC81: =_xlfn.TEXTJOIN(",",1,tb_diy_08[[#This Row],[v1]],tb_diy_08[[#This Row],[v2]]) -> 4 | AD81: 4 | AG81: {=INDEX(TRANSPOSE(_xlfn.TEXTSPLIT(_xlfn.XLOOKUP(AF81,$AF$7:$AF$18,$AG$7:$AG$18),";")),COUNTIF($AF$38:$AF81,$AF81))} -> #N/A | AH81: {=_xlfn.TEXTSPLIT(AG81,"=")} -> #N/A
Q82: 201710 | R82: =_xlfn.XLOOKUP(tb_diy_07[[#This Row],[id]],monster!A:A,monster!D:D,"",0) -> 小仙人掌 | S82: ATK_CD | T82: 攻击间隔 | U82: =_xlfn.TEXTJOIN(",",1,tb_diy_07[[#This Row],[v1]],tb_diy_07[[#This Row],[v2]]) -> 2.5 | V82: 2.5 | Y82: 201815 | Z82: =_xlfn.XLOOKUP(tb_diy_08[[#This Row],[id]],monster!A:A,monster!D:D,"",0) -> 大钳螃蟹 | AA82: ATK_DIS | AC82: =_xlfn.TEXTJOIN(",",1,tb_diy_08[[#This Row],[v1]],tb_diy_08[[#This Row],[v2]]) -> 0.5 | AD82: 0.5 | AG82: {=INDEX(TRANSPOSE(_xlfn.TEXTSPLIT(_xlfn.XLOOKUP(AF82,$AF$7:$AF$18,$AG$7:$AG$18),";")),COUNTIF($AF$38:$AF82,$AF82))} -> #N/A | AH82: {=_xlfn.TEXTSPLIT(AG82,"=")} -> #N/A
Q83: 201710 | R83: =_xlfn.XLOOKUP(tb_diy_07[[#This Row],[id]],monster!A:A,monster!D:D,"",0) -> 小仙人掌 | S83: RUNNING_FIRE_COUNT | T83: 针刺数量 | U83: =_xlfn.TEXTJOIN(",",1,tb_diy_07[[#This Row],[v1]],tb_diy_07[[#This Row],[v2]]) -> 6 | V83: 6 | Y83: 201815 | Z83: =_xlfn.XLOOKUP(tb_diy_08[[#This Row],[id]],monster!A:A,monster!D:D,"",0) -> 大钳螃蟹 | AA83: BEFORE_ATTACK_SEC | AC83: =_xlfn.TEXTJOIN(",",1,tb_diy_08[[#This Row],[v1]],tb_diy_08[[#This Row],[v2]]) -> 0.27 | AD83: 0.27 | AG83: {=INDEX(TRANSPOSE(_xlfn.TEXTSPLIT(_xlfn.XLOOKUP(AF83,$AF$7:$AF$18,$AG$7:$AG$18),";")),COUNTIF($AF$38:$AF83,$AF83))} -> #N/A | AH83: {=_xlfn.TEXTSPLIT(AG83,"=")} -> #N/A
Q84: 201711 | R84: =_xlfn.XLOOKUP(tb_diy_07[[#This Row],[id]],monster!A:A,monster!D:D,"",0) -> 大风滚草 | S84: SLOW_RATE | U84: =_xlfn.TEXTJOIN(",",1,tb_diy_07[[#This Row],[v1]],tb_diy_07[[#This Row],[v2]]) -> 0.1 | V84: 0.1 | Y84: 201815 | Z84: =_xlfn.XLOOKUP(tb_diy_08[[#This Row],[id]],monster!A:A,monster!D:D,"",0) -> 大钳螃蟹 | AA84: AFTER_ATTACK_SEC | AC84: =_xlfn.TEXTJOIN(",",1,tb_diy_08[[#This Row],[v1]],tb_diy_08[[#This Row],[v2]]) -> 0.31 | AD84: 0.31 | AG84: {=INDEX(TRANSPOSE(_xlfn.TEXTSPLIT(_xlfn.XLOOKUP(AF84,$AF$7:$AF$18,$AG$7:$AG$18),";")),COUNTIF($AF$38:$AF84,$AF84))} -> #N/A | AH84: {=_xlfn.TEXTSPLIT(AG84,"=")} -> #N/A
Q85: 201711 | R85: =_xlfn.XLOOKUP(tb_diy_07[[#This Row],[id]],monster!A:A,monster!D:D,"",0) -> 大风滚草 | S85: JUMP_DEG_AREA | U85: =_xlfn.TEXTJOIN(",",1,tb_diy_07[[#This Row],[v1]],tb_diy_07[[#This Row],[v2]]) -> 120,170 | V85: 120 | W85: 170 | Y85: 201850 | Z85: =_xlfn.XLOOKUP(tb_diy_08[[#This Row],[id]],monster!A:A,monster!D:D,"",0) -> 金鱼王 | AA85: FLYAROUND_DEG | AC85: =_xlfn.TEXTJOIN(",",1,tb_diy_08[[#This Row],[v1]],tb_diy_08[[#This Row],[v2]]) -> 30,150 | AD85: 30 | AE85: 150 | AG85: {=INDEX(TRANSPOSE(_xlfn.TEXTSPLIT(_xlfn.XLOOKUP(AF85,$AF$7:$AF$18,$AG$7:$AG$18),";")),COUNTIF($AF$38:$AF85,$AF85))} -> #N/A | AH85: {=_xlfn.TEXTSPLIT(AG85,"=")} -> #N/A
Q86: 201711 | R86: =_xlfn.XLOOKUP(tb_diy_07[[#This Row],[id]],monster!A:A,monster!D:D,"",0) -> 大风滚草 | S86: JUMP_SPEED_AREA | U86: =_xlfn.TEXTJOIN(",",1,tb_diy_07[[#This Row],[v1]],tb_diy_07[[#This Row],[v2]]) -> 7,7 | V86: 7 | W86: 7 | Y86: 201850 | Z86: =_xlfn.XLOOKUP(tb_diy_08[[#This Row],[id]],monster!A:A,monster!D:D,"",0) -> 金鱼王 | AA86: FLYAROUND_RADIUS | AC86: =_xlfn.TEXTJOIN(",",1,tb_diy_08[[#This Row],[v1]],tb_diy_08[[#This Row],[v2]]) -> 8,12 | AD86: 8 | AE86: 12 | AG86: {=INDEX(TRANSPOSE(_xlfn.TEXTSPLIT(_xlfn.XLOOKUP(AF86,$AF$7:$AF$18,$AG$7:$AG$18),";")),COUNTIF($AF$38:$AF86,$AF86))} -> #N/A | AH86: {=_xlfn.TEXTSPLIT(AG86,"=")} -> #N/A
Q87: 201711 | R87: =_xlfn.XLOOKUP(tb_diy_07[[#This Row],[id]],monster!A:A,monster!D:D,"",0) -> 大风滚草 | S87: ROTATE_SPEED_AREA | U87: =_xlfn.TEXTJOIN(",",1,tb_diy_07[[#This Row],[v1]],tb_diy_07[[#This Row],[v2]]) -> 360,720 | V87: 360 | W87: 720 | Y87: 201850 | Z87: =_xlfn.XLOOKUP(tb_diy_08[[#This Row],[id]],monster!A:A,monster!D:D,"",0) -> 金鱼王 | AA87: FLYAROUND_COUNT_MAX | AC87: =_xlfn.TEXTJOIN(",",1,tb_diy_08[[#This Row],[v1]],tb_diy_08[[#This Row],[v2]]) -> 1 | AD87: 1 | AG87: {=INDEX(TRANSPOSE(_xlfn.TEXTSPLIT(_xlfn.XLOOKUP(AF87,$AF$7:$AF$18,$AG$7:$AG$18),";")),COUNTIF($AF$38:$AF87,$AF87))} -> #N/A | AH87: {=_xlfn.TEXTSPLIT(AG87,"=")} -> #N/A
Q88: 201711 | R88: =_xlfn.XLOOKUP(tb_diy_07[[#This Row],[id]],monster!A:A,monster!D:D,"",0) -> 大风滚草 | S88: STICK_RATE | U88: =_xlfn.TEXTJOIN(",",1,tb_diy_07[[#This Row],[v1]],tb_diy_07[[#This Row],[v2]]) -> 50 | V88: 50 | Y88: 201850 | Z88: =_xlfn.XLOOKUP(tb_diy_08[[#This Row],[id]],monster!A:A,monster!D:D,"",0) -> 金鱼王 | AA88: FLYAROUND_COUNT_MIN | AC88: =_xlfn.TEXTJOIN(",",1,tb_diy_08[[#This Row],[v1]],tb_diy_08[[#This Row],[v2]]) -> 1 | AD88: 1 | AG88: {=INDEX(TRANSPOSE(_xlfn.TEXTSPLIT(_xlfn.XLOOKUP(AF88,$AF$7:$AF$18,$AG$7:$AG$18),";")),COUNTIF($AF$38:$AF88,$AF88))} -> #N/A | AH88: {=_xlfn.TEXTSPLIT(AG88,"=")} -> #N/A
Q89: 201712 | R89: =_xlfn.XLOOKUP(tb_diy_07[[#This Row],[id]],monster!A:A,monster!D:D,"",0) -> 小风滚草 | S89: SLOW_RATE | U89: =_xlfn.TEXTJOIN(",",1,tb_diy_07[[#This Row],[v1]],tb_diy_07[[#This Row],[v2]]) -> 0.1 | V89: 0.1 | Y89: 201850 | Z89: =_xlfn.XLOOKUP(tb_diy_08[[#This Row],[id]],monster!A:A,monster!D:D,"",0) -> 金鱼王 | AA89: CD | AC89: =_xlfn.TEXTJOIN(",",1,tb_diy_08[[#This Row],[v1]],tb_diy_08[[#This Row],[v2]]) -> 5 | AD89: 5 | AG89: {=INDEX(TRANSPOSE(_xlfn.TEXTSPLIT(_xlfn.XLOOKUP(AF89,$AF$7:$AF$18,$AG$7:$AG$18),";")),COUNTIF($AF$38:$AF89,$AF89))} -> #N/A | AH89: {=_xlfn.TEXTSPLIT(AG89,"=")} -> #N/A
Q90: 201712 | R90: =_xlfn.XLOOKUP(tb_diy_07[[#This Row],[id]],monster!A:A,monster!D:D,"",0) -> 小风滚草 | S90: JUMP_DEG_AREA | U90: =_xlfn.TEXTJOIN(",",1,tb_diy_07[[#This Row],[v1]],tb_diy_07[[#This Row],[v2]]) -> 100,170 | V90: 100 | W90: 170 | Y90: 201850 | Z90: =_xlfn.XLOOKUP(tb_diy_08[[#This Row],[id]],monster!A:A,monster!D:D,"",0) -> 金鱼王 | AA90: HP_CLIP_COUNT | AC90: =_xlfn.TEXTJOIN(",",1,tb_diy_08[[#This Row],[v1]],tb_diy_08[[#This Row],[v2]]) -> 3 | AD90: 3 | AG90: {=INDEX(TRANSPOSE(_xlfn.TEXTSPLIT(_xlfn.XLOOKUP(AF90,$AF$7:$AF$18,$AG$7:$AG$18),";")),COUNTIF($AF$38:$AF90,$AF90))} -> #N/A | AH90: {=_xlfn.TEXTSPLIT(AG90,"=")} -> #N/A
Q91: 201712 | R91: =_xlfn.XLOOKUP(tb_diy_07[[#This Row],[id]],monster!A:A,monster!D:D,"",0) -> 小风滚草 | S91: JUMP_SPEED_AREA | U91: =_xlfn.TEXTJOIN(",",1,tb_diy_07[[#This Row],[v1]],tb_diy_07[[#This Row],[v2]]) -> 7,7 | V91: 7 | W91: 7 | Y91: 201850 | Z91: =_xlfn.XLOOKUP(tb_diy_08[[#This Row],[id]],monster!A:A,monster!D:D,"",0) -> 金鱼王 | AA91: BUBBLE_COUNT | AC91: =_xlfn.TEXTJOIN(",",1,tb_diy_08[[#This Row],[v1]],tb_diy_08[[#This Row],[v2]]) -> 10 | AD91: 10 | AG91: {=INDEX(TRANSPOSE(_xlfn.TEXTSPLIT(_xlfn.XLOOKUP(AF91,$AF$7:$AF$18,$AG$7:$AG$18),";")),COUNTIF($AF$38:$AF91,$AF91))} -> #N/A | AH91: {=_xlfn.TEXTSPLIT(AG91,"=")} -> #N/A
Q92: 201712 | R92: =_xlfn.XLOOKUP(tb_diy_07[[#This Row],[id]],monster!A:A,monster!D:D,"",0) -> 小风滚草 | S92: ROTATE_SPEED_AREA | U92: =_xlfn.TEXTJOIN(",",1,tb_diy_07[[#This Row],[v1]],tb_diy_07[[#This Row],[v2]]) -> 360,720 | V92: 360 | W92: 720 | Y92: 201850 | Z92: =_xlfn.XLOOKUP(tb_diy_08[[#This Row],[id]],monster!A:A,monster!D:D,"",0) -> 金鱼王 | AA92: BUBBLE_INTERVAL_SEC | AC92: =_xlfn.TEXTJOIN(",",1,tb_diy_08[[#This Row],[v1]],tb_diy_08[[#This Row],[v2]]) -> 0.15 | AD92: 0.15 | AG92: {=INDEX(TRANSPOSE(_xlfn.TEXTSPLIT(_xlfn.XLOOKUP(AF92,$AF$7:$AF$18,$AG$7:$AG$18),";")),COUNTIF($AF$38:$AF92,$AF92))} -> #N/A | AH92: {=_xlfn.TEXTSPLIT(AG92,"=")} -> #N/A
Q93: 201712 | R93: =_xlfn.XLOOKUP(tb_diy_07[[#This Row],[id]],monster!A:A,monster!D:D,"",0) -> 小风滚草 | S93: STICK_RATE | U93: =_xlfn.TEXTJOIN(",",1,tb_diy_07[[#This Row],[v1]],tb_diy_07[[#This Row],[v2]]) -> 50 | V93: 50 | Y93: 201860 | Z93: =_xlfn.XLOOKUP(tb_diy_08[[#This Row],[id]],monster!A:A,monster!D:D,"",0) -> 渊齿 | AA93: FLYAROUND_DEG | AC93: =_xlfn.TEXTJOIN(",",1,tb_diy_08[[#This Row],[v1]],tb_diy_08[[#This Row],[v2]]) -> 30,150 | AD93: 30 | AE93: 150 | AG93: {=INDEX(TRANSPOSE(_xlfn.TEXTSPLIT(_xlfn.XLOOKUP(AF93,$AF$7:$AF$18,$AG$7:$AG$18),";")),COUNTIF($AF$38:$AF93,$AF93))} -> #N/A | AH93: {=_xlfn.TEXTSPLIT(AG93,"=")} -> #N/A
Y94: 201860 | Z94: =_xlfn.XLOOKUP(tb_diy_08[[#This Row],[id]],monster!A:A,monster!D:D,"",0) -> 渊齿 | AA94: FLYAROUND_RADIUS | AC94: =_xlfn.TEXTJOIN(",",1,tb_diy_08[[#This Row],[v1]],tb_diy_08[[#This Row],[v2]]) -> 4.5,8 | AD94: 4.5 | AE94: 8 | AG94: {=INDEX(TRANSPOSE(_xlfn.TEXTSPLIT(_xlfn.XLOOKUP(AF94,$AF$7:$AF$18,$AG$7:$AG$18),";")),COUNTIF($AF$38:$AF94,$AF94))} -> #N/A | AH94: {=_xlfn.TEXTSPLIT(AG94,"=")} -> #N/A
Y95: 201860 | Z95: =_xlfn.XLOOKUP(tb_diy_08[[#This Row],[id]],monster!A:A,monster!D:D,"",0) -> 渊齿 | AA95: FLYAROUND_COUNT_MAX | AC95: =_xlfn.TEXTJOIN(",",1,tb_diy_08[[#This Row],[v1]],tb_diy_08[[#This Row],[v2]]) -> 2 | AD95: 2 | AG95: {=INDEX(TRANSPOSE(_xlfn.TEXTSPLIT(_xlfn.XLOOKUP(AF95,$AF$7:$AF$18,$AG$7:$AG$18),";")),COUNTIF($AF$38:$AF95,$AF95))} -> #N/A | AH95: {=_xlfn.TEXTSPLIT(AG95,"=")} -> #N/A
Y96: 201860 | Z96: =_xlfn.XLOOKUP(tb_diy_08[[#This Row],[id]],monster!A:A,monster!D:D,"",0) -> 渊齿 | AA96: FLYAROUND_COUNT_MIN | AC96: =_xlfn.TEXTJOIN(",",1,tb_diy_08[[#This Row],[v1]],tb_diy_08[[#This Row],[v2]]) -> 1 | AD96: 1 | AG96: {=INDEX(TRANSPOSE(_xlfn.TEXTSPLIT(_xlfn.XLOOKUP(AF96,$AF$7:$AF$18,$AG$7:$AG$18),";")),COUNTIF($AF$38:$AF96,$AF96))} -> #N/A | AH96: {=_xlfn.TEXTSPLIT(AG96,"=")} -> #N/A
Y97: 201860 | Z97: =_xlfn.XLOOKUP(tb_diy_08[[#This Row],[id]],monster!A:A,monster!D:D,"",0) -> 渊齿 | AA97: CD | AC97: =_xlfn.TEXTJOIN(",",1,tb_diy_08[[#This Row],[v1]],tb_diy_08[[#This Row],[v2]]) -> 3 | AD97: 3 | AG97: {=INDEX(TRANSPOSE(_xlfn.TEXTSPLIT(_xlfn.XLOOKUP(AF97,$AF$7:$AF$18,$AG$7:$AG$18),";")),COUNTIF($AF$38:$AF97,$AF97))} -> #N/A | AH97: {=_xlfn.TEXTSPLIT(AG97,"=")} -> #N/A
Y98: 201860 | Z98: =_xlfn.XLOOKUP(tb_diy_08[[#This Row],[id]],monster!A:A,monster!D:D,"",0) -> 渊齿 | AA98: AFTER_ATTACK_SEC | AC98: =_xlfn.TEXTJOIN(",",1,tb_diy_08[[#This Row],[v1]],tb_diy_08[[#This Row],[v2]]) -> 4 | AD98: 4 | AG98: {=INDEX(TRANSPOSE(_xlfn.TEXTSPLIT(_xlfn.XLOOKUP(AF98,$AF$7:$AF$18,$AG$7:$AG$18),";")),COUNTIF($AF$38:$AF98,$AF98))} -> #N/A | AH98: {=_xlfn.TEXTSPLIT(AG98,"=")} -> #N/A
Y99: 201860 | Z99: =_xlfn.XLOOKUP(tb_diy_08[[#This Row],[id]],monster!A:A,monster!D:D,"",0) -> 渊齿 | AA99: IDLE_SPEED | AC99: =_xlfn.TEXTJOIN(",",1,tb_diy_08[[#This Row],[v1]],tb_diy_08[[#This Row],[v2]]) -> 8 | AD99: 8 | AG99: {=INDEX(TRANSPOSE(_xlfn.TEXTSPLIT(_xlfn.XLOOKUP(AF99,$AF$7:$AF$18,$AG$7:$AG$18),";")),COUNTIF($AF$38:$AF99,$AF99))} -> #N/A | AH99: {=_xlfn.TEXTSPLIT(AG99,"=")} -> #N/A
Y100: 201860 | Z100: =_xlfn.XLOOKUP(tb_diy_08[[#This Row],[id]],monster!A:A,monster!D:D,"",0) -> 渊齿 | AA100: CHARGE_SPEED | AC100: =_xlfn.TEXTJOIN(",",1,tb_diy_08[[#This Row],[v1]],tb_diy_08[[#This Row],[v2]]) -> 16 | AD100: 16 | AG100: {=INDEX(TRANSPOSE(_xlfn.TEXTSPLIT(_xlfn.XLOOKUP(AF100,$AF$7:$AF$18,$AG$7:$AG$18),";")),COUNTIF($AF$38:$AF100,$AF100))} -> #N/A | AH100: {=_xlfn.TEXTSPLIT(AG100,"=")} -> #N/A
Y101: 201860 | Z101: =_xlfn.XLOOKUP(tb_diy_08[[#This Row],[id]],monster!A:A,monster!D:D,"",0) -> 渊齿 | AA101: HP_CLIP_COUNT | AC101: =_xlfn.TEXTJOIN(",",1,tb_diy_08[[#This Row],[v1]],tb_diy_08[[#This Row],[v2]]) -> 3 | AD101: 3 | AG101: {=INDEX(TRANSPOSE(_xlfn.TEXTSPLIT(_xlfn.XLOOKUP(AF101,$AF$7:$AF$18,$AG$7:$AG$18),";")),COUNTIF($AF$38:$AF101,$AF101))} -> #N/A | AH101: {=_xlfn.TEXTSPLIT(AG101,"=")} -> #N/A
...

Sheet -loot_list辅助配置表
A1: Monster | C1: HP | D1: value check | E1: value delta | G1: Loot 1 | H1: Loot 2 | I1: Loot 3 | J1: Loot 4 | K1: Loot 5 | L1: Loot 6 | M1: Odds 1 万分比 | N1: Odds 2 万分比 | O1: Odds 3 万分比 | P1: Odds 4 万分比 | Q1: Odds 5 万分比 | R1: Odds 6 万分比 | T1: 说明 | V1: List
A2: 201101 | B2: =VLOOKUP(A2,monster!A:D,4,0) -> 地宫蝙蝠 | C2: =_xlfn.XLOOKUP(A2,monster!A:A,monster!H:H) -> 26 | D2: {=_xlfn.LET(_xlpm.arr_loot,G2:L2,_xlpm.arr_odds,M2:R2*$AB$8,SUM(IF(_xlpm.arr_loot<>"",VLOOKUP(_xlpm.arr_loot,table_loot[#All],3,0)*_xlpm.arr_odds,0)))} -> 0 | E2: =IF(AND(A2<>"",G2<>""),D2*$AB$9-C2,"——") -> -26 | G2: 10000 | H2: 600109 | M2: 48 | N2: 1 | T2: {=_xlfn.LET(_xlpm.arr_loot,G2:L2,_xlpm.arr_odds,M2:R2*$AB$8,_xlfn.TEXTJOIN("; ",1,IF(_xlpm.arr_loot<>"",VLOOKUP(_xlpm.arr_loot,table_loot[#All],2,0)&":"&TEXT(_xlpm.arr_odds,"0.00%"),"")))} -> 通用钱币:0.48%; 地宫怪物肉:0.01% | V2: {=_xlfn.LET(_xlpm.arr_loot,G2:L2,_xlpm.arr_odds,M2:R2*$AB$8,_xlfn.TEXTJOIN(";",1,IF(_xlpm.arr_loot<>"",_xlpm.arr_loot&"="&_xlpm.arr_odds,"")))} -> 10000=0.0048;600109=0.0001
A3: 201102 | B3: =VLOOKUP(A3,monster!A:D,4,0) -> 自爆甲虫 | C3: =_xlfn.XLOOKUP(A3,monster!A:A,monster!H:H) -> 2 | D3: {=_xlfn.LET(_xlpm.arr_loot,G3:L3,_xlpm.arr_odds,M3:R3*$AB$8,SUM(IF(_xlpm.arr_loot<>"",VLOOKUP(_xlpm.arr_loot,table_loot[#All],3,0)*_xlpm.arr_odds,0)))} -> 0 | E3: =IF(AND(A3<>"",G3<>""),D3*$AB$9-C3,"——") -> —— | T3: {=_xlfn.LET(_xlpm.arr_loot,G3:L3,_xlpm.arr_odds,M3:R3*$AB$8,_xlfn.TEXTJOIN("; ",1,IF(_xlpm.arr_loot<>"",VLOOKUP(_xlpm.arr_loot,table_loot[#All],2,0)&":"&TEXT(_xlpm.arr_odds,"0.00%"),"")))} | V3: {=_xlfn.LET(_xlpm.arr_loot,G3:L3,_xlpm.arr_odds,M3:R3*$AB$8,_xlfn.TEXTJOIN(";",1,IF(_xlpm.arr_loot<>"",_xlpm.arr_loot&"="&_xlpm.arr_odds,"")))}
A4: 201103 | B4: =VLOOKUP(A4,monster!A:D,4,0) -> 跳虫 | C4: =_xlfn.XLOOKUP(A4,monster!A:A,monster!H:H) -> 44 | D4: {=_xlfn.LET(_xlpm.arr_loot,G4:L4,_xlpm.arr_odds,M4:R4*$AB$8,SUM(IF(_xlpm.arr_loot<>"",VLOOKUP(_xlpm.arr_loot,table_loot[#All],3,0)*_xlpm.arr_odds,0)))} -> 0 | E4: =IF(AND(A4<>"",G4<>""),D4*$AB$9-C4,"——") -> -44 | G4: 10000 | H4: 600109 | M4: 48 | N4: 1 | T4: {=_xlfn.LET(_xlpm.arr_loot,G4:L4,_xlpm.arr_odds,M4:R4*$AB$8,_xlfn.TEXTJOIN("; ",1,IF(_xlpm.arr_loot<>"",VLOOKUP(_xlpm.arr_loot,table_loot[#All],2,0)&":"&TEXT(_xlpm.arr_odds,"0.00%"),"")))} -> 通用钱币:0.48%; 地宫怪物肉:0.01% | V4: {=_xlfn.LET(_xlpm.arr_loot,G4:L4,_xlpm.arr_odds,M4:R4*$AB$8,_xlfn.TEXTJOIN(";",1,IF(_xlpm.arr_loot<>"",_xlpm.arr_loot&"="&_xlpm.arr_odds,"")))} -> 10000=0.0048;600109=0.0001
A5: 201104 | B5: =VLOOKUP(A5,monster!A:D,4,0) -> 地宫洞穴人 | C5: =_xlfn.XLOOKUP(A5,monster!A:A,monster!H:H) -> 66 | D5: {=_xlfn.LET(_xlpm.arr_loot,G5:L5,_xlpm.arr_odds,M5:R5*$AB$8,SUM(IF(_xlpm.arr_loot<>"",VLOOKUP(_xlpm.arr_loot,table_loot[#All],3,0)*_xlpm.arr_odds,0)))} -> 0 | E5: =IF(AND(A5<>"",G5<>""),D5*$AB$9-C5,"——") -> -66 | G5: 10000 | H5: 600109 | M5: 48 | N5: 1 | T5: {=_xlfn.LET(_xlpm.arr_loot,G5:L5,_xlpm.arr_odds,M5:R5*$AB$8,_xlfn.TEXTJOIN("; ",1,IF(_xlpm.arr_loot<>"",VLOOKUP(_xlpm.arr_loot,table_loot[#All],2,0)&":"&TEXT(_xlpm.arr_odds,"0.00%"),"")))} -> 通用钱币:0.48%; 地宫怪物肉:0.01% | V5: {=_xlfn.LET(_xlpm.arr_loot,G5:L5,_xlpm.arr_odds,M5:R5*$AB$8,_xlfn.TEXTJOIN(";",1,IF(_xlpm.arr_loot<>"",_xlpm.arr_loot&"="&_xlpm.arr_odds,"")))} -> 10000=0.0048;600109=0.0001
A6: 201105 | B6: =VLOOKUP(A6,monster!A:D,4,0) -> 跳虫骑手 | C6: =_xlfn.XLOOKUP(A6,monster!A:A,monster!H:H) -> 55 | D6: {=_xlfn.LET(_xlpm.arr_loot,G6:L6,_xlpm.arr_odds,M6:R6*$AB$8,SUM(IF(_xlpm.arr_loot<>"",VLOOKUP(_xlpm.arr_loot,table_loot[#All],3,0)*_xlpm.arr_odds,0)))} -> 0 | E6: =IF(AND(A6<>"",G6<>""),D6*$AB$9-C6,"——") -> —— | T6: {=_xlfn.LET(_xlpm.arr_loot,G6:L6,_xlpm.arr_odds,M6:R6*$AB$8,_xlfn.TEXTJOIN("; ",1,IF(_xlpm.arr_loot<>"",VLOOKUP(_xlpm.arr_loot,table_loot[#All],2,0)&":"&TEXT(_xlpm.arr_odds,"0.00%"),"")))} | V6: {=_xlfn.LET(_xlpm.arr_loot,G6:L6,_xlpm.arr_odds,M6:R6*$AB$8,_xlfn.TEXTJOIN(";",1,IF(_xlpm.arr_loot<>"",_xlpm.arr_loot&"="&_xlpm.arr_odds,"")))}
A7: 201106 | B7: =VLOOKUP(A7,monster!A:D,4,0) -> 蝙蝠骑手 | C7: =_xlfn.XLOOKUP(A7,monster!A:A,monster!H:H) -> 33 | D7: {=_xlfn.LET(_xlpm.arr_loot,G7:L7,_xlpm.arr_odds,M7:R7*$AB$8,SUM(IF(_xlpm.arr_loot<>"",VLOOKUP(_xlpm.arr_loot,table_loot[#All],3,0)*_xlpm.arr_odds,0)))} -> 0 | E7: =IF(AND(A7<>"",G7<>""),D7*$AB$9-C7,"——") -> —— | T7: {=_xlfn.LET(_xlpm.arr_loot,G7:L7,_xlpm.arr_odds,M7:R7*$AB$8,_xlfn.TEXTJOIN("; ",1,IF(_xlpm.arr_loot<>"",VLOOKUP(_xlpm.arr_loot,table_loot[#All],2,0)&":"&TEXT(_xlpm.arr_odds,"0.00%"),"")))} | V7: {=_xlfn.LET(_xlpm.arr_loot,G7:L7,_xlpm.arr_odds,M7:R7*$AB$8,_xlfn.TEXTJOIN(";",1,IF(_xlpm.arr_loot<>"",_xlpm.arr_loot&"="&_xlpm.arr_odds,"")))} | Z7: 配置倍率 | AB7: 10000 | AC7: 万分比配置
A8: 201107 | B8: =VLOOKUP(A8,monster!A:D,4,0) -> 流浪洞穴人 | C8: =_xlfn.XLOOKUP(A8,monster!A:A,monster!H:H) -> 44 | D8: {=_xlfn.LET(_xlpm.arr_loot,G8:L8,_xlpm.arr_odds,M8:R8*$AB$8,SUM(IF(_xlpm.arr_loot<>"",VLOOKUP(_xlpm.arr_loot,table_loot[#All],3,0)*_xlpm.arr_odds,0)))} -> 0 | E8: =IF(AND(A8<>"",G8<>""),D8*$AB$9-C8,"——") -> -44 | G8: 10000 | H8: 600109 | M8: 48 | N8: 1 | T8: {=_xlfn.LET(_xlpm.arr_loot,G8:L8,_xlpm.arr_odds,M8:R8*$AB$8,_xlfn.TEXTJOIN("; ",1,IF(_xlpm.arr_loot<>"",VLOOKUP(_xlpm.arr_loot,table_loot[#All],2,0)&":"&TEXT(_xlpm.arr_odds,"0.00%"),"")))} -> 通用钱币:0.48%; 地宫怪物肉:0.01% | V8: {=_xlfn.LET(_xlpm.arr_loot,G8:L8,_xlpm.arr_odds,M8:R8*$AB$8,_xlfn.TEXTJOIN(";",1,IF(_xlpm.arr_loot<>"",_xlpm.arr_loot&"="&_xlpm.arr_odds,"")))} -> 10000=0.0048;600109=0.0001 | Z8: 配置倍率 | AB8: =1/AB7 -> 0.0001 | AC8: 取倒数用于计算
A9: 201108 | B9: =VLOOKUP(A9,monster!A:D,4,0) -> 纵火洞穴人 | C9: =_xlfn.XLOOKUP(A9,monster!A:A,monster!H:H) -> 52 | D9: {=_xlfn.LET(_xlpm.arr_loot,G9:L9,_xlpm.arr_odds,M9:R9*$AB$8,SUM(IF(_xlpm.arr_loot<>"",VLOOKUP(_xlpm.arr_loot,table_loot[#All],3,0)*_xlpm.arr_odds,0)))} -> 0 | E9: =IF(AND(A9<>"",G9<>""),D9*$AB$9-C9,"——") -> -52 | G9: 10000 | H9: 600109 | M9: 48 | N9: 1 | T9: {=_xlfn.LET(_xlpm.arr_loot,G9:L9,_xlpm.arr_odds,M9:R9*$AB$8,_xlfn.TEXTJOIN("; ",1,IF(_xlpm.arr_loot<>"",VLOOKUP(_xlpm.arr_loot,table_loot[#All],2,0)&":"&TEXT(_xlpm.arr_odds,"0.00%"),"")))} -> 通用钱币:0.48%; 地宫怪物肉:0.01% | V9: {=_xlfn.LET(_xlpm.arr_loot,G9:L9,_xlpm.arr_odds,M9:R9*$AB$8,_xlfn.TEXTJOIN(";",1,IF(_xlpm.arr_loot<>"",_xlpm.arr_loot&"="&_xlpm.arr_odds,"")))} -> 10000=0.0048;600109=0.0001 | Z9: 掉率控制系数 | AB9: 300 | AC9: 数值越高，掉率越低
A10: 201109 | B10: =VLOOKUP(A10,monster!A:D,4,0) -> 暴徒洞穴人 | C10: =_xlfn.XLOOKUP(A10,monster!A:A,monster!H:H) -> 59 | D10: {=_xlfn.LET(_xlpm.arr_loot,G10:L10,_xlpm.arr_odds,M10:R10*$AB$8,SUM(IF(_xlpm.arr_loot<>"",VLOOKUP(_xlpm.arr_loot,table_loot[#All],3,0)*_xlpm.arr_odds,0)))} -> 0 | E10: =IF(AND(A10<>"",G10<>""),D10*$AB$9-C10,"——") -> -59 | G10: 10000 | H10: 600109 | M10: 48 | N10: 1 | T10: {=_xlfn.LET(_xlpm.arr_loot,G10:L10,_xlpm.arr_odds,M10:R10*$AB$8,_xlfn.TEXTJOIN("; ",1,IF(_xlpm.arr_loot<>"",VLOOKUP(_xlpm.arr_loot,table_loot[#All],2,0)&":"&TEXT(_xlpm.arr_odds,"0.00%"),"")))} -> 通用钱币:0.48%; 地宫怪物肉:0.01% | V10: {=_xlfn.LET(_xlpm.arr_loot,G10:L10,_xlpm.arr_odds,M10:R10*$AB$8,_xlfn.TEXTJOIN(";",1,IF(_xlpm.arr_loot<>"",_xlpm.arr_loot&"="&_xlpm.arr_odds,"")))} -> 10000=0.0048;600109=0.0001
C11: =_xlfn.XLOOKUP(A11,monster!A:A,monster!H:H) -> 0 | D11: {=_xlfn.LET(_xlpm.arr_loot,G11:L11,_xlpm.arr_odds,M11:R11*$AB$8,SUM(IF(_xlpm.arr_loot<>"",VLOOKUP(_xlpm.arr_loot,table_loot[#All],3,0)*_xlpm.arr_odds,0)))} -> 0 | E11: =IF(AND(A11<>"",G11<>""),D11*$AB$9-C11,"——") -> —— | T11: {=_xlfn.LET(_xlpm.arr_loot,G11:L11,_xlpm.arr_odds,M11:R11*$AB$8,_xlfn.TEXTJOIN("; ",1,IF(_xlpm.arr_loot<>"",VLOOKUP(_xlpm.arr_loot,table_loot[#All],2,0)&":"&TEXT(_xlpm.arr_odds,"0.00%"),"")))} | V11: {=_xlfn.LET(_xlpm.arr_loot,G11:L11,_xlpm.arr_odds,M11:R11*$AB$8,_xlfn.TEXTJOIN(";",1,IF(_xlpm.arr_loot<>"",_xlpm.arr_loot&"="&_xlpm.arr_odds,"")))}
A12: 201401 | B12: =VLOOKUP(A12,monster!A:D,4,0) -> 古灯 | C12: =_xlfn.XLOOKUP(A12,monster!A:A,monster!H:H) -> 19 | D12: {=_xlfn.LET(_xlpm.arr_loot,G12:L12,_xlpm.arr_odds,M12:R12*$AB$8,SUM(IF(_xlpm.arr_loot<>"",VLOOKUP(_xlpm.arr_loot,table_loot[#All],3,0)*_xlpm.arr_odds,0)))} -> 0 | E12: =IF(AND(A12<>"",G12<>""),D12*$AB$9-C12,"——") -> -19 | G12: 10000 | H12: 600404 | M12: 48 | N12: 1 | T12: {=_xlfn.LET(_xlpm.arr_loot,G12:L12,_xlpm.arr_odds,M12:R12*$AB$8,_xlfn.TEXTJOIN("; ",1,IF(_xlpm.arr_loot<>"",VLOOKUP(_xlpm.arr_loot,table_loot[#All],2,0)&":"&TEXT(_xlpm.arr_odds,"0.00%"),"")))} -> 通用钱币:0.48%; 腐化粘液:0.01% | V12: {=_xlfn.LET(_xlpm.arr_loot,G12:L12,_xlpm.arr_odds,M12:R12*$AB$8,_xlfn.TEXTJOIN(";",1,IF(_xlpm.arr_loot<>"",_xlpm.arr_loot&"="&_xlpm.arr_odds,"")))} -> 10000=0.0048;600404=0.0001
A13: 201402 | B13: =VLOOKUP(A13,monster!A:D,4,0) -> 毒刺果实丛 | C13: =_xlfn.XLOOKUP(A13,monster!A:A,monster!H:H) -> 33 | D13: {=_xlfn.LET(_xlpm.arr_loot,G13:L13,_xlpm.arr_odds,M13:R13*$AB$8,SUM(IF(_xlpm.arr_loot<>"",VLOOKUP(_xlpm.arr_loot,table_loot[#All],3,0)*_xlpm.arr_odds,0)))} -> 0 | E13: =IF(AND(A13<>"",G13<>""),D13*$AB$9-C13,"——") -> -33 | G13: 10000 | H13: 600404 | M13: 48 | N13: 1 | T13: {=_xlfn.LET(_xlpm.arr_loot,G13:L13,_xlpm.arr_odds,M13:R13*$AB$8,_xlfn.TEXTJOIN("; ",1,IF(_xlpm.arr_loot<>"",VLOOKUP(_xlpm.arr_loot,table_loot[#All],2,0)&":"&TEXT(_xlpm.arr_odds,"0.00%"),"")))} -> 通用钱币:0.48%; 腐化粘液:0.01% | V13: {=_xlfn.LET(_xlpm.arr_loot,G13:L13,_xlpm.arr_odds,M13:R13*$AB$8,_xlfn.TEXTJOIN(";",1,IF(_xlpm.arr_loot<>"",_xlpm.arr_loot&"="&_xlpm.arr_odds,"")))} -> 10000=0.0048;600404=0.0001
A14: 201403 | B14: =VLOOKUP(A14,monster!A:D,4,0) -> 毒刺果实 | C14: =_xlfn.XLOOKUP(A14,monster!A:A,monster!H:H) -> 18 | D14: {=_xlfn.LET(_xlpm.arr_loot,G14:L14,_xlpm.arr_odds,M14:R14*$AB$8,SUM(IF(_xlpm.arr_loot<>"",VLOOKUP(_xlpm.arr_loot,table_loot[#All],3,0)*_xlpm.arr_odds,0)))} -> 0 | E14: =IF(AND(A14<>"",G14<>""),D14*$AB$9-C14,"——") -> —— | T14: {=_xlfn.LET(_xlpm.arr_loot,G14:L14,_xlpm.arr_odds,M14:R14*$AB$8,_xlfn.TEXTJOIN("; ",1,IF(_xlpm.arr_loot<>"",VLOOKUP(_xlpm.arr_loot,table_loot[#All],2,0)&":"&TEXT(_xlpm.arr_odds,"0.00%"),"")))} | V14: {=_xlfn.LET(_xlpm.arr_loot,G14:L14,_xlpm.arr_odds,M14:R14*$AB$8,_xlfn.TEXTJOIN(";",1,IF(_xlpm.arr_loot<>"",_xlpm.arr_loot&"="&_xlpm.arr_odds,"")))}
A15: 201404 | B15: =VLOOKUP(A15,monster!A:D,4,0) -> 画中仙 | C15: =_xlfn.XLOOKUP(A15,monster!A:A,monster!H:H) -> 19 | D15: {=_xlfn.LET(_xlpm.arr_loot,G15:L15,_xlpm.arr_odds,M15:R15*$AB$8,SUM(IF(_xlpm.arr_loot<>"",VLOOKUP(_xlpm.arr_loot,table_loot[#All],3,0)*_xlpm.arr_odds,0)))} -> 0 | E15: =IF(AND(A15<>"",G15<>""),D15*$AB$9-C15,"——") -> -19 | G15: 10000 | H15: 600404 | M15: 48 | N15: 1 | T15: {=_xlfn.LET(_xlpm.arr_loot,G15:L15,_xlpm.arr_odds,M15:R15*$AB$8,_xlfn.TEXTJOIN("; ",1,IF(_xlpm.arr_loot<>"",VLOOKUP(_xlpm.arr_loot,table_loot[#All],2,0)&":"&TEXT(_xlpm.arr_odds,"0.00%"),"")))} -> 通用钱币:0.48%; 腐化粘液:0.01% | V15: {=_xlfn.LET(_xlpm.arr_loot,G15:L15,_xlpm.arr_odds,M15:R15*$AB$8,_xlfn.TEXTJOIN(";",1,IF(_xlpm.arr_loot<>"",_xlpm.arr_loot&"="&_xlpm.arr_odds,"")))} -> 10000=0.0048;600404=0.0001
A16: 201405 | B16: =VLOOKUP(A16,monster!A:D,4,0) -> 鱼妖 | C16: =_xlfn.XLOOKUP(A16,monster!A:A,monster!H:H) -> 10 | D16: {=_xlfn.LET(_xlpm.arr_loot,G16:L16,_xlpm.arr_odds,M16:R16*$AB$8,SUM(IF(_xlpm.arr_loot<>"",VLOOKUP(_xlpm.arr_loot,table_loot[#All],3,0)*_xlpm.arr_odds,0)))} -> 0 | E16: =IF(AND(A16<>"",G16<>""),D16*$AB$9-C16,"——") -> —— | T16: {=_xlfn.LET(_xlpm.arr_loot,G16:L16,_xlpm.arr_odds,M16:R16*$AB$8,_xlfn.TEXTJOIN("; ",1,IF(_xlpm.arr_loot<>"",VLOOKUP(_xlpm.arr_loot,table_loot[#All],2,0)&":"&TEXT(_xlpm.arr_odds,"0.00%"),"")))} | V16: {=_xlfn.LET(_xlpm.arr_loot,G16:L16,_xlpm.arr_odds,M16:R16*$AB$8,_xlfn.TEXTJOIN(";",1,IF(_xlpm.arr_loot<>"",_xlpm.arr_loot&"="&_xlpm.arr_odds,"")))}
A17: 201406 | B17: =VLOOKUP(A17,monster!A:D,4,0) -> 鬼瓮 | C17: =_xlfn.XLOOKUP(A17,monster!A:A,monster!H:H) -> 1 | D17: {=_xlfn.LET(_xlpm.arr_loot,G17:L17,_xlpm.arr_odds,M17:R17*$AB$8,SUM(IF(_xlpm.arr_loot<>"",VLOOKUP(_xlpm.arr_loot,table_loot[#All],3,0)*_xlpm.arr_odds,0)))} -> 0 | E17: =IF(AND(A17<>"",G17<>""),D17*$AB$9-C17,"——") -> -1 | G17: 10000 | H17: 600404 | M17: 48 | N17: 1 | T17: {=_xlfn.LET(_xlpm.arr_loot,G17:L17,_xlpm.arr_odds,M17:R17*$AB$8,_xlfn.TEXTJOIN("; ",1,IF(_xlpm.arr_loot<>"",VLOOKUP(_xlpm.arr_loot,table_loot[#All],2,0)&":"&TEXT(_xlpm.arr_odds,"0.00%"),"")))} -> 通用钱币:0.48%; 腐化粘液:0.01% | V17: {=_xlfn.LET(_xlpm.arr_loot,G17:L17,_xlpm.arr_odds,M17:R17*$AB$8,_xlfn.TEXTJOIN(";",1,IF(_xlpm.arr_loot<>"",_xlpm.arr_loot&"="&_xlpm.arr_odds,"")))} -> 10000=0.0048;600404=0.0001
A18: 201407 | B18: =VLOOKUP(A18,monster!A:D,4,0) -> 鬼狰 | C18: =_xlfn.XLOOKUP(A18,monster!A:A,monster!H:H) -> 6 | D18: {=_xlfn.LET(_xlpm.arr_loot,G18:L18,_xlpm.arr_odds,M18:R18*$AB$8,SUM(IF(_xlpm.arr_loot<>"",VLOOKUP(_xlpm.arr_loot,table_loot[#All],3,0)*_xlpm.arr_odds,0)))} -> 0 | E18: =IF(AND(A18<>"",G18<>""),D18*$AB$9-C18,"——") -> —— | T18: {=_xlfn.LET(_xlpm.arr_loot,G18:L18,_xlpm.arr_odds,M18:R18*$AB$8,_xlfn.TEXTJOIN("; ",1,IF(_xlpm.arr_loot<>"",VLOOKUP(_xlpm.arr_loot,table_loot[#All],2,0)&":"&TEXT(_xlpm.arr_odds,"0.00%"),"")))} | V18: {=_xlfn.LET(_xlpm.arr_loot,G18:L18,_xlpm.arr_odds,M18:R18*$AB$8,_xlfn.TEXTJOIN(";",1,IF(_xlpm.arr_loot<>"",_xlpm.arr_loot&"="&_xlpm.arr_odds,"")))}
A19: 201408 | B19: =VLOOKUP(A19,monster!A:D,4,0) -> 铁针鸟 | C19: =_xlfn.XLOOKUP(A19,monster!A:A,monster!H:H) -> 19 | D19: {=_xlfn.LET(_xlpm.arr_loot,G19:L19,_xlpm.arr_odds,M19:R19*$AB$8,SUM(IF(_xlpm.arr_loot<>"",VLOOKUP(_xlpm.arr_loot,table_loot[#All],3,0)*_xlpm.arr_odds,0)))} -> 0 | E19: =IF(AND(A19<>"",G19<>""),D19*$AB$9-C19,"——") -> -19 | G19: 10000 | H19: 600404 | M19: 48 | N19: 1 | T19: {=_xlfn.LET(_xlpm.arr_loot,G19:L19,_xlpm.arr_odds,M19:R19*$AB$8,_xlfn.TEXTJOIN("; ",1,IF(_xlpm.arr_loot<>"",VLOOKUP(_xlpm.arr_loot,table_loot[#All],2,0)&":"&TEXT(_xlpm.arr_odds,"0.00%"),"")))} -> 通用钱币:0.48%; 腐化粘液:0.01% | V19: {=_xlfn.LET(_xlpm.arr_loot,G19:L19,_xlpm.arr_odds,M19:R19*$AB$8,_xlfn.TEXTJOIN(";",1,IF(_xlpm.arr_loot<>"",_xlpm.arr_loot&"="&_xlpm.arr_odds,"")))} -> 10000=0.0048;600404=0.0001
A20: 201409 | B20: =VLOOKUP(A20,monster!A:D,4,0) -> 密林松鼠 | C20: =_xlfn.XLOOKUP(A20,monster!A:A,monster!H:H) -> 19 | D20: {=_xlfn.LET(_xlpm.arr_loot,G20:L20,_xlpm.arr_odds,M20:R20*$AB$8,SUM(IF(_xlpm.arr_loot<>"",VLOOKUP(_xlpm.arr_loot,table_loot[#All],3,0)*_xlpm.arr_odds,0)))} -> 0 | E20: =IF(AND(A20<>"",G20<>""),D20*$AB$9-C20,"——") -> -19 | G20: 10000 | H20: 600404 | M20: 48 | N20: 1 | T20: {=_xlfn.LET(_xlpm.arr_loot,G20:L20,_xlpm.arr_odds,M20:R20*$AB$8,_xlfn.TEXTJOIN("; ",1,IF(_xlpm.arr_loot<>"",VLOOKUP(_xlpm.arr_loot,table_loot[#All],2,0)&":"&TEXT(_xlpm.arr_odds,"0.00%"),"")))} -> 通用钱币:0.48%; 腐化粘液:0.01% | V20: {=_xlfn.LET(_xlpm.arr_loot,G20:L20,_xlpm.arr_odds,M20:R20*$AB$8,_xlfn.TEXTJOIN(";",1,IF(_xlpm.arr_loot<>"",_xlpm.arr_loot&"="&_xlpm.arr_odds,"")))} -> 10000=0.0048;600404=0.0001
A21: 201410 | B21: =VLOOKUP(A21,monster!A:D,4,0) -> 暴躁金尾猴 | C21: =_xlfn.XLOOKUP(A21,monster!A:A,monster!H:H) -> 19 | D21: {=_xlfn.LET(_xlpm.arr_loot,G21:L21,_xlpm.arr_odds,M21:R21*$AB$8,SUM(IF(_xlpm.arr_loot<>"",VLOOKUP(_xlpm.arr_loot,table_loot[#All],3,0)*_xlpm.arr_odds,0)))} -> 0 | E21: =IF(AND(A21<>"",G21<>""),D21*$AB$9-C21,"——") -> -19 | G21: 10000 | H21: 600404 | M21: 48 | N21: 1 | T21: {=_xlfn.LET(_xlpm.arr_loot,G21:L21,_xlpm.arr_odds,M21:R21*$AB$8,_xlfn.TEXTJOIN("; ",1,IF(_xlpm.arr_loot<>"",VLOOKUP(_xlpm.arr_loot,table_loot[#All],2,0)&":"&TEXT(_xlpm.arr_odds,"0.00%"),"")))} -> 通用钱币:0.48%; 腐化粘液:0.01% | V21: {=_xlfn.LET(_xlpm.arr_loot,G21:L21,_xlpm.arr_odds,M21:R21*$AB$8,_xlfn.TEXTJOIN(";",1,IF(_xlpm.arr_loot<>"",_xlpm.arr_loot&"="&_xlpm.arr_odds,"")))} -> 10000=0.0048;600404=0.0001
A22: 201411 | B22: =VLOOKUP(A22,monster!A:D,4,0) -> 祖蜂 | C22: =_xlfn.XLOOKUP(A22,monster!A:A,monster!H:H) -> 19 | D22: {=_xlfn.LET(_xlpm.arr_loot,G22:L22,_xlpm.arr_odds,M22:R22*$AB$8,SUM(IF(_xlpm.arr_loot<>"",VLOOKUP(_xlpm.arr_loot,table_loot[#All],3,0)*_xlpm.arr_odds,0)))} -> 0 | E22: =IF(AND(A22<>"",G22<>""),D22*$AB$9-C22,"——") -> -19 | G22: 10000 | H22: 600404 | M22: 48 | N22: 1 | T22: {=_xlfn.LET(_xlpm.arr_loot,G22:L22,_xlpm.arr_odds,M22:R22*$AB$8,_xlfn.TEXTJOIN("; ",1,IF(_xlpm.arr_loot<>"",VLOOKUP(_xlpm.arr_loot,table_loot[#All],2,0)&":"&TEXT(_xlpm.arr_odds,"0.00%"),"")))} -> 通用钱币:0.48%; 腐化粘液:0.01% | V22: {=_xlfn.LET(_xlpm.arr_loot,G22:L22,_xlpm.arr_odds,M22:R22*$AB$8,_xlfn.TEXTJOIN(";",1,IF(_xlpm.arr_loot<>"",_xlpm.arr_loot&"="&_xlpm.arr_odds,"")))} -> 10000=0.0048;600404=0.0001
A23: 201412 | B23: =VLOOKUP(A23,monster!A:D,4,0) -> 幼祖蜂 | C23: =_xlfn.XLOOKUP(A23,monster!A:A,monster!H:H) -> 19 | D23: {=_xlfn.LET(_xlpm.arr_loot,G23:L23,_xlpm.arr_odds,M23:R23*$AB$8,SUM(IF(_xlpm.arr_loot<>"",VLOOKUP(_xlpm.arr_loot,table_loot[#All],3,0)*_xlpm.arr_odds,0)))} -> 0 | E23: =IF(AND(A23<>"",G23<>""),D23*$AB$9-C23,"——") -> —— | T23: {=_xlfn.LET(_xlpm.arr_loot,G23:L23,_xlpm.arr_odds,M23:R23*$AB$8,_xlfn.TEXTJOIN("; ",1,IF(_xlpm.arr_loot<>"",VLOOKUP(_xlpm.arr_loot,table_loot[#All],2,0)&":"&TEXT(_xlpm.arr_odds,"0.00%"),"")))} | V23: {=_xlfn.LET(_xlpm.arr_loot,G23:L23,_xlpm.arr_odds,M23:R23*$AB$8,_xlfn.TEXTJOIN(";",1,IF(_xlpm.arr_loot<>"",_xlpm.arr_loot&"="&_xlpm.arr_odds,"")))}
A24: 201413 | B24: =VLOOKUP(A24,monster!A:D,4,0) -> 春花雀（蓝） | C24: =_xlfn.XLOOKUP(A24,monster!A:A,monster!H:H) -> 19 | D24: {=_xlfn.LET(_xlpm.arr_loot,G24:L24,_xlpm.arr_odds,M24:R24*$AB$8,SUM(IF(_xlpm.arr_loot<>"",VLOOKUP(_xlpm.arr_loot,table_loot[#All],3,0)*_xlpm.arr_odds,0)))} -> 0 | E24: =IF(AND(A24<>"",G24<>""),D24*$AB$9-C24,"——") -> -19 | G24: 10000 | H24: 600404 | M24: 48 | N24: 1 | T24: {=_xlfn.LET(_xlpm.arr_loot,G24:L24,_xlpm.arr_odds,M24:R24*$AB$8,_xlfn.TEXTJOIN("; ",1,IF(_xlpm.arr_loot<>"",VLOOKUP(_xlpm.arr_loot,table_loot[#All],2,0)&":"&TEXT(_xlpm.arr_odds,"0.00%"),"")))} -> 通用钱币:0.48%; 腐化粘液:0.01% | V24: {=_xlfn.LET(_xlpm.arr_loot,G24:L24,_xlpm.arr_odds,M24:R24*$AB$8,_xlfn.TEXTJOIN(";",1,IF(_xlpm.arr_loot<>"",_xlpm.arr_loot&"="&_xlpm.arr_odds,"")))} -> 10000=0.0048;600404=0.0001
A25: 201414 | B25: =VLOOKUP(A25,monster!A:D,4,0) -> 春花雀（红） | C25: =_xlfn.XLOOKUP(A25,monster!A:A,monster!H:H) -> 19 | D25: {=_xlfn.LET(_xlpm.arr_loot,G25:L25,_xlpm.arr_odds,M25:R25*$AB$8,SUM(IF(_xlpm.arr_loot<>"",VLOOKUP(_xlpm.arr_loot,table_loot[#All],3,0)*_xlpm.arr_odds,0)))} -> 0 | E25: =IF(AND(A25<>"",G25<>""),D25*$AB$9-C25,"——") -> -19 | G25: 10000 | H25: 600404 | M25: 48 | N25: 1 | T25: {=_xlfn.LET(_xlpm.arr_loot,G25:L25,_xlpm.arr_odds,M25:R25*$AB$8,_xlfn.TEXTJOIN("; ",1,IF(_xlpm.arr_loot<>"",VLOOKUP(_xlpm.arr_loot,table_loot[#All],2,0)&":"&TEXT(_xlpm.arr_odds,"0.00%"),"")))} -> 通用钱币:0.48%; 腐化粘液:0.01% | V25: {=_xlfn.LET(_xlpm.arr_loot,G25:L25,_xlpm.arr_odds,M25:R25*$AB$8,_xlfn.TEXTJOIN(";",1,IF(_xlpm.arr_loot<>"",_xlpm.arr_loot&"="&_xlpm.arr_odds,"")))} -> 10000=0.0048;600404=0.0001
A26: 201415 | B26: =VLOOKUP(A26,monster!A:D,4,0) -> 春花雀（黄） | C26: =_xlfn.XLOOKUP(A26,monster!A:A,monster!H:H) -> 19 | D26: {=_xlfn.LET(_xlpm.arr_loot,G26:L26,_xlpm.arr_odds,M26:R26*$AB$8,SUM(IF(_xlpm.arr_loot<>"",VLOOKUP(_xlpm.arr_loot,table_loot[#All],3,0)*_xlpm.arr_odds,0)))} -> 0 | E26: =IF(AND(A26<>"",G26<>""),D26*$AB$9-C26,"——") -> -19 | G26: 10000 | H26: 600404 | M26: 48 | N26: 1 | T26: {=_xlfn.LET(_xlpm.arr_loot,G26:L26,_xlpm.arr_odds,M26:R26*$AB$8,_xlfn.TEXTJOIN("; ",1,IF(_xlpm.arr_loot<>"",VLOOKUP(_xlpm.arr_loot,table_loot[#All],2,0)&":"&TEXT(_xlpm.arr_odds,"0.00%"),"")))} -> 通用钱币:0.48%; 腐化粘液:0.01% | V26: {=_xlfn.LET(_xlpm.arr_loot,G26:L26,_xlpm.arr_odds,M26:R26*$AB$8,_xlfn.TEXTJOIN(";",1,IF(_xlpm.arr_loot<>"",_xlpm.arr_loot&"="&_xlpm.arr_odds,"")))} -> 10000=0.0048;600404=0.0001
A27: 201416 | B27: =VLOOKUP(A27,monster!A:D,4,0) -> 绿枝粟粟民 | C27: =_xlfn.XLOOKUP(A27,monster!A:A,monster!H:H) -> 19 | D27: {=_xlfn.LET(_xlpm.arr_loot,G27:L27,_xlpm.arr_odds,M27:R27*$AB$8,SUM(IF(_xlpm.arr_loot<>"",VLOOKUP(_xlpm.arr_loot,table_loot[#All],3,0)*_xlpm.arr_odds,0)))} -> 0 | E27: =IF(AND(A27<>"",G27<>""),D27*$AB$9-C27,"——") -> -19 | G27: 10000 | H27: 600404 | M27: 48 | N27: 1 | T27: {=_xlfn.LET(_xlpm.arr_loot,G27:L27,_xlpm.arr_odds,M27:R27*$AB$8,_xlfn.TEXTJOIN("; ",1,IF(_xlpm.arr_loot<>"",VLOOKUP(_xlpm.arr_loot,table_loot[#All],2,0)&":"&TEXT(_xlpm.arr_odds,"0.00%"),"")))} -> 通用钱币:0.48%; 腐化粘液:0.01% | V27: {=_xlfn.LET(_xlpm.arr_loot,G27:L27,_xlpm.arr_odds,M27:R27*$AB$8,_xlfn.TEXTJOIN(";",1,IF(_xlpm.arr_loot<>"",_xlpm.arr_loot&"="&_xlpm.arr_odds,"")))} -> 10000=0.0048;600404=0.0001
A28: 201417 | B28: =VLOOKUP(A28,monster!A:D,4,0) -> 悬铃粟粟民 | C28: =_xlfn.XLOOKUP(A28,monster!A:A,monster!H:H) -> 19 | D28: {=_xlfn.LET(_xlpm.arr_loot,G28:L28,_xlpm.arr_odds,M28:R28*$AB$8,SUM(IF(_xlpm.arr_loot<>"",VLOOKUP(_xlpm.arr_loot,table_loot[#All],3,0)*_xlpm.arr_odds,0)))} -> 0 | E28: =IF(AND(A28<>"",G28<>""),D28*$AB$9-C28,"——") -> -19 | G28: 10000 | H28: 600404 | M28: 48 | N28: 1 | T28: {=_xlfn.LET(_xlpm.arr_loot,G28:L28,_xlpm.arr_odds,M28:R28*$AB$8,_xlfn.TEXTJOIN("; ",1,IF(_xlpm.arr_loot<>"",VLOOKUP(_xlpm.arr_loot,table_loot[#All],2,0)&":"&TEXT(_xlpm.arr_odds,"0.00%"),"")))} -> 通用钱币:0.48%; 腐化粘液:0.01% | V28: {=_xlfn.LET(_xlpm.arr_loot,G28:L28,_xlpm.arr_odds,M28:R28*$AB$8,_xlfn.TEXTJOIN(";",1,IF(_xlpm.arr_loot<>"",_xlpm.arr_loot&"="&_xlpm.arr_odds,"")))} -> 10000=0.0048;600404=0.0001
A29: 201418 | B29: =VLOOKUP(A29,monster!A:D,4,0) -> 缓慢魔法飞弹 | C29: =_xlfn.XLOOKUP(A29,monster!A:A,monster!H:H) -> 19 | D29: {=_xlfn.LET(_xlpm.arr_loot,G29:L29,_xlpm.arr_odds,M29:R29*$AB$8,SUM(IF(_xlpm.arr_loot<>"",VLOOKUP(_xlpm.arr_loot,table_loot[#All],3,0)*_xlpm.arr_odds,0)))} -> 0 | E29: =IF(AND(A29<>"",G29<>""),D29*$AB$9-C29,"——") -> —— | T29: {=_xlfn.LET(_xlpm.arr_loot,G29:L29,_xlpm.arr_odds,M29:R29*$AB$8,_xlfn.TEXTJOIN("; ",1,IF(_xlpm.arr_loot<>"",VLOOKUP(_xlpm.arr_loot,table_loot[#All],2,0)&":"&TEXT(_xlpm.arr_odds,"0.00%"),"")))} | V29: {=_xlfn.LET(_xlpm.arr_loot,G29:L29,_xlpm.arr_odds,M29:R29*$AB$8,_xlfn.TEXTJOIN(";",1,IF(_xlpm.arr_loot<>"",_xlpm.arr_loot&"="&_xlpm.arr_odds,"")))}
A30: 201419 | B30: =VLOOKUP(A30,monster!A:D,4,0) -> 空木粟粟民 | C30: =_xlfn.XLOOKUP(A30,monster!A:A,monster!H:H) -> 19 | D30: {=_xlfn.LET(_xlpm.arr_loot,G30:L30,_xlpm.arr_odds,M30:R30*$AB$8,SUM(IF(_xlpm.arr_loot<>"",VLOOKUP(_xlpm.arr_loot,table_loot[#All],3,0)*_xlpm.arr_odds,0)))} -> 0 | E30: =IF(AND(A30<>"",G30<>""),D30*$AB$9-C30,"——") -> -19 | G30: 10000 | H30: 600404 | M30: 48 | N30: 1 | T30: {=_xlfn.LET(_xlpm.arr_loot,G30:L30,_xlpm.arr_odds,M30:R30*$AB$8,_xlfn.TEXTJOIN("; ",1,IF(_xlpm.arr_loot<>"",VLOOKUP(_xlpm.arr_loot,table_loot[#All],2,0)&":"&TEXT(_xlpm.arr_odds,"0.00%"),"")))} -> 通用钱币:0.48%; 腐化粘液:0.01% | V30: {=_xlfn.LET(_xlpm.arr_loot,G30:L30,_xlpm.arr_odds,M30:R30*$AB$8,_xlfn.TEXTJOIN(";",1,IF(_xlpm.arr_loot<>"",_xlpm.arr_loot&"="&_xlpm.arr_odds,"")))} -> 10000=0.0048;600404=0.0001
C31: =_xlfn.XLOOKUP(A31,monster!A:A,monster!H:H) -> 0 | D31: {=_xlfn.LET(_xlpm.arr_loot,G31:L31,_xlpm.arr_odds,M31:R31*$AB$8,SUM(IF(_xlpm.arr_loot<>"",VLOOKUP(_xlpm.arr_loot,table_loot[#All],3,0)*_xlpm.arr_odds,0)))} -> 0 | E31: =IF(AND(A31<>"",G31<>""),D31*$AB$9-C31,"——") -> —— | T31: {=_xlfn.LET(_xlpm.arr_loot,G31:L31,_xlpm.arr_odds,M31:R31*$AB$8,_xlfn.TEXTJOIN("; ",1,IF(_xlpm.arr_loot<>"",VLOOKUP(_xlpm.arr_loot,table_loot[#All],2,0)&":"&TEXT(_xlpm.arr_odds,"0.00%"),"")))} | V31: {=_xlfn.LET(_xlpm.arr_loot,G31:L31,_xlpm.arr_odds,M31:R31*$AB$8,_xlfn.TEXTJOIN(";",1,IF(_xlpm.arr_loot<>"",_xlpm.arr_loot&"="&_xlpm.arr_odds,"")))}
A32: 201701 | B32: =VLOOKUP(A32,monster!A:D,4,0) -> 涂涂鸟 | C32: =_xlfn.XLOOKUP(A32,monster!A:A,monster!H:H) -> 18 | D32: {=_xlfn.LET(_xlpm.arr_loot,G32:L32,_xlpm.arr_odds,M32:R32*$AB$8,SUM(IF(_xlpm.arr_loot<>"",VLOOKUP(_xlpm.arr_loot,table_loot[#All],3,0)*_xlpm.arr_odds,0)))} -> 0 | E32: =IF(AND(A32<>"",G32<>""),D32*$AB$9-C32,"——") -> -18 | G32: 10000 | H32: 600701 | M32: =C32*5/1000*10000 -> 900 | N32: 18 | T32: {=_xlfn.LET(_xlpm.arr_loot,G32:L32,_xlpm.arr_odds,M32:R32*$AB$8,_xlfn.TEXTJOIN("; ",1,IF(_xlpm.arr_loot<>"",VLOOKUP(_xlpm.arr_loot,table_loot[#All],2,0)&":"&TEXT(_xlpm.arr_odds,"0.00%"),"")))} -> 通用钱币:9.00%; 战箭残骸:0.18% | V32: {=_xlfn.LET(_xlpm.arr_loot,G32:L32,_xlpm.arr_odds,M32:R32*$AB$8,_xlfn.TEXTJOIN(";",1,IF(_xlpm.arr_loot<>"",_xlpm.arr_loot&"="&_xlpm.arr_odds,"")))} -> 10000=0.09;600701=0.0018
A33: 201702 | B33: =VLOOKUP(A33,monster!A:D,4,0) -> 沙漠蛇 | C33: =_xlfn.XLOOKUP(A33,monster!A:A,monster!H:H) -> 32 | D33: {=_xlfn.LET(_xlpm.arr_loot,G33:L33,_xlpm.arr_odds,M33:R33*$AB$8,SUM(IF(_xlpm.arr_loot<>"",VLOOKUP(_xlpm.arr_loot,table_loot[#All],3,0)*_xlpm.arr_odds,0)))} -> 0 | E33: =IF(AND(A33<>"",G33<>""),D33*$AB$9-C33,"——") -> -32 | G33: 10000 | H33: 600701 | M33: =C33*5/1000*10000 -> 1600 | N33: 32 | T33: {=_xlfn.LET(_xlpm.arr_loot,G33:L33,_xlpm.arr_odds,M33:R33*$AB$8,_xlfn.TEXTJOIN("; ",1,IF(_xlpm.arr_loot<>"",VLOOKUP(_xlpm.arr_loot,table_loot[#All],2,0)&":"&TEXT(_xlpm.arr_odds,"0.00%"),"")))} -> 通用钱币:16.00%; 战箭残骸:0.32% | V33: {=_xlfn.LET(_xlpm.arr_loot,G33:L33,_xlpm.arr_odds,M33:R33*$AB$8,_xlfn.TEXTJOIN(";",1,IF(_xlpm.arr_loot<>"",_xlpm.arr_loot&"="&_xlpm.arr_odds,"")))} -> 10000=0.16;600701=0.0032
A34: 201703 | B34: =VLOOKUP(A34,monster!A:D,4,0) -> 巨牙蝎 | C34: =_xlfn.XLOOKUP(A34,monster!A:A,monster!H:H) -> 22 | D34: {=_xlfn.LET(_xlpm.arr_loot,G34:L34,_xlpm.arr_odds,M34:R34*$AB$8,SUM(IF(_xlpm.arr_loot<>"",VLOOKUP(_xlpm.arr_loot,table_loot[#All],3,0)*_xlpm.arr_odds,0)))} -> 0 | E34: =IF(AND(A34<>"",G34<>""),D34*$AB$9-C34,"——") -> -22 | G34: 10000 | H34: 600701 | M34: =C34*5/1000*10000 -> 1100 | N34: 22 | T34: {=_xlfn.LET(_xlpm.arr_loot,G34:L34,_xlpm.arr_odds,M34:R34*$AB$8,_xlfn.TEXTJOIN("; ",1,IF(_xlpm.arr_loot<>"",VLOOKUP(_xlpm.arr_loot,table_loot[#All],2,0)&":"&TEXT(_xlpm.arr_odds,"0.00%"),"")))} -> 通用钱币:11.00%; 战箭残骸:0.22% | V34: {=_xlfn.LET(_xlpm.arr_loot,G34:L34,_xlpm.arr_odds,M34:R34*$AB$8,_xlfn.TEXTJOIN(";",1,IF(_xlpm.arr_loot<>"",_xlpm.arr_loot&"="&_xlpm.arr_odds,"")))} -> 10000=0.11;600701=0.0022
A35: 201704 | B35: =VLOOKUP(A35,monster!A:D,4,0) -> 巨型石头人 | C35: =_xlfn.XLOOKUP(A35,monster!A:A,monster!H:H) -> 175 | D35: {=_xlfn.LET(_xlpm.arr_loot,G35:L35,_xlpm.arr_odds,M35:R35*$AB$8,SUM(IF(_xlpm.arr_loot<>"",VLOOKUP(_xlpm.arr_loot,table_loot[#All],3,0)*_xlpm.arr_odds,0)))} -> 0 | E35: =IF(AND(A35<>"",G35<>""),D35*$AB$9-C35,"——") -> -175 | G35: 10000 | H35: 600701 | M35: =C35*5/1000*10000 -> 8750 | N35: 175 | T35: {=_xlfn.LET(_xlpm.arr_loot,G35:L35,_xlpm.arr_odds,M35:R35*$AB$8,_xlfn.TEXTJOIN("; ",1,IF(_xlpm.arr_loot<>"",VLOOKUP(_xlpm.arr_loot,table_loot[#All],2,0)&":"&TEXT(_xlpm.arr_odds,"0.00%"),"")))} -> 通用钱币:87.50%; 战箭残骸:1.75% | V35: {=_xlfn.LET(_xlpm.arr_loot,G35:L35,_xlpm.arr_odds,M35:R35*$AB$8,_xlfn.TEXTJOIN(";",1,IF(_xlpm.arr_loot<>"",_xlpm.arr_loot&"="&_xlpm.arr_odds,"")))} -> 10000=0.875;600701=0.0175
A36: 201705 | B36: =VLOOKUP(A36,monster!A:D,4,0) -> 小石头人 | C36: =_xlfn.XLOOKUP(A36,monster!A:A,monster!H:H) -> 55 | D36: {=_xlfn.LET(_xlpm.arr_loot,G36:L36,_xlpm.arr_odds,M36:R36*$AB$8,SUM(IF(_xlpm.arr_loot<>"",VLOOKUP(_xlpm.arr_loot,table_loot[#All],3,0)*_xlpm.arr_odds,0)))} -> 0 | E36: =IF(AND(A36<>"",G36<>""),D36*$AB$9-C36,"——") -> -55 | G36: 10000 | H36: 600701 | M36: =C36*5/1000*10000 -> 2750 | N36: 55 | T36: {=_xlfn.LET(_xlpm.arr_loot,G36:L36,_xlpm.arr_odds,M36:R36*$AB$8,_xlfn.TEXTJOIN("; ",1,IF(_xlpm.arr_loot<>"",VLOOKUP(_xlpm.arr_loot,table_loot[#All],2,0)&":"&TEXT(_xlpm.arr_odds,"0.00%"),"")))} -> 通用钱币:27.50%; 战箭残骸:0.55% | V36: {=_xlfn.LET(_xlpm.arr_loot,G36:L36,_xlpm.arr_odds,M36:R36*$AB$8,_xlfn.TEXTJOIN(";",1,IF(_xlpm.arr_loot<>"",_xlpm.arr_loot&"="&_xlpm.arr_odds,"")))} -> 10000=0.275;600701=0.0055
A37: 201706 | B37: =VLOOKUP(A37,monster!A:D,4,0) -> 大盾守卫 | C37: =_xlfn.XLOOKUP(A37,monster!A:A,monster!H:H) -> 110 | D37: {=_xlfn.LET(_xlpm.arr_loot,G37:L37,_xlpm.arr_odds,M37:R37*$AB$8,SUM(IF(_xlpm.arr_loot<>"",VLOOKUP(_xlpm.arr_loot,table_loot[#All],3,0)*_xlpm.arr_odds,0)))} -> 0 | E37: =IF(AND(A37<>"",G37<>""),D37*$AB$9-C37,"——") -> -110 | G37: 10000 | H37: 600701 | M37: =C37*5/1000*10000 -> 5500 | N37: 110 | T37: {=_xlfn.LET(_xlpm.arr_loot,G37:L37,_xlpm.arr_odds,M37:R37*$AB$8,_xlfn.TEXTJOIN("; ",1,IF(_xlpm.arr_loot<>"",VLOOKUP(_xlpm.arr_loot,table_loot[#All],2,0)&":"&TEXT(_xlpm.arr_odds,"0.00%"),"")))} -> 通用钱币:55.00%; 战箭残骸:1.10% | V37: {=_xlfn.LET(_xlpm.arr_loot,G37:L37,_xlpm.arr_odds,M37:R37*$AB$8,_xlfn.TEXTJOIN(";",1,IF(_xlpm.arr_loot<>"",_xlpm.arr_loot&"="&_xlpm.arr_odds,"")))} -> 10000=0.55;600701=0.011
A38: 201707 | B38: =VLOOKUP(A38,monster!A:D,4,0) -> 基础守卫 | C38: =_xlfn.XLOOKUP(A38,monster!A:A,monster!H:H) -> 55 | D38: {=_xlfn.LET(_xlpm.arr_loot,G38:L38,_xlpm.arr_odds,M38:R38*$AB$8,SUM(IF(_xlpm.arr_loot<>"",VLOOKUP(_xlpm.arr_loot,table_loot[#All],3,0)*_xlpm.arr_odds,0)))} -> 0 | E38: =IF(AND(A38<>"",G38<>""),D38*$AB$9-C38,"——") -> -55 | G38: 10000 | H38: 600701 | M38: =C38*5/1000*10000 -> 2750 | N38: 55 | T38: {=_xlfn.LET(_xlpm.arr_loot,G38:L38,_xlpm.arr_odds,M38:R38*$AB$8,_xlfn.TEXTJOIN("; ",1,IF(_xlpm.arr_loot<>"",VLOOKUP(_xlpm.arr_loot,table_loot[#All],2,0)&":"&TEXT(_xlpm.arr_odds,"0.00%"),"")))} -> 通用钱币:27.50%; 战箭残骸:0.55% | V38: {=_xlfn.LET(_xlpm.arr_loot,G38:L38,_xlpm.arr_odds,M38:R38*$AB$8,_xlfn.TEXTJOIN(";",1,IF(_xlpm.arr_loot<>"",_xlpm.arr_loot&"="&_xlpm.arr_odds,"")))} -> 10000=0.275;600701=0.0055
A39: 201708 | B39: =VLOOKUP(A39,monster!A:D,4,0) -> 双刀守卫 | C39: =_xlfn.XLOOKUP(A39,monster!A:A,monster!H:H) -> 44 | D39: {=_xlfn.LET(_xlpm.arr_loot,G39:L39,_xlpm.arr_odds,M39:R39*$AB$8,SUM(IF(_xlpm.arr_loot<>"",VLOOKUP(_xlpm.arr_loot,table_loot[#All],3,0)*_xlpm.arr_odds,0)))} -> 0 | E39: =IF(AND(A39<>"",G39<>""),D39*$AB$9-C39,"——") -> -44 | G39: 10000 | H39: 600701 | M39: =C39*5/1000*10000 -> 2200 | N39: 44 | T39: {=_xlfn.LET(_xlpm.arr_loot,G39:L39,_xlpm.arr_odds,M39:R39*$AB$8,_xlfn.TEXTJOIN("; ",1,IF(_xlpm.arr_loot<>"",VLOOKUP(_xlpm.arr_loot,table_loot[#All],2,0)&":"&TEXT(_xlpm.arr_odds,"0.00%"),"")))} -> 通用钱币:22.00%; 战箭残骸:0.44% | V39: {=_xlfn.LET(_xlpm.arr_loot,G39:L39,_xlpm.arr_odds,M39:R39*$AB$8,_xlfn.TEXTJOIN(";",1,IF(_xlpm.arr_loot<>"",_xlpm.arr_loot&"="&_xlpm.arr_odds,"")))} -> 10000=0.22;600701=0.0044
A40: 201709 | B40: =VLOOKUP(A40,monster!A:D,4,0) -> 大仙人掌 | C40: =_xlfn.XLOOKUP(A40,monster!A:A,monster!H:H) -> 43 | D40: {=_xlfn.LET(_xlpm.arr_loot,G40:L40,_xlpm.arr_odds,M40:R40*$AB$8,SUM(IF(_xlpm.arr_loot<>"",VLOOKUP(_xlpm.arr_loot,table_loot[#All],3,0)*_xlpm.arr_odds,0)))} -> 0 | E40: =IF(AND(A40<>"",G40<>""),D40*$AB$9-C40,"——") -> -43 | G40: 10000 | H40: 600701 | M40: =C40*5/1000*10000 -> 2150 | N40: 43 | T40: {=_xlfn.LET(_xlpm.arr_loot,G40:L40,_xlpm.arr_odds,M40:R40*$AB$8,_xlfn.TEXTJOIN("; ",1,IF(_xlpm.arr_loot<>"",VLOOKUP(_xlpm.arr_loot,table_loot[#All],2,0)&":"&TEXT(_xlpm.arr_odds,"0.00%"),"")))} -> 通用钱币:21.50%; 战箭残骸:0.43% | V40: {=_xlfn.LET(_xlpm.arr_loot,G40:L40,_xlpm.arr_odds,M40:R40*$AB$8,_xlfn.TEXTJOIN(";",1,IF(_xlpm.arr_loot<>"",_xlpm.arr_loot&"="&_xlpm.arr_odds,"")))} -> 10000=0.215;600701=0.0043
A41: 201710 | B41: =VLOOKUP(A41,monster!A:D,4,0) -> 小仙人掌 | C41: =_xlfn.XLOOKUP(A41,monster!A:A,monster!H:H) -> 18 | D41: {=_xlfn.LET(_xlpm.arr_loot,G41:L41,_xlpm.arr_odds,M41:R41*$AB$8,SUM(IF(_xlpm.arr_loot<>"",VLOOKUP(_xlpm.arr_loot,table_loot[#All],3,0)*_xlpm.arr_odds,0)))} -> 0 | E41: =IF(AND(A41<>"",G41<>""),D41*$AB$9-C41,"——") -> -18 | G41: 10000 | H41: 600701 | M41: =C41*5/1000*10000 -> 900 | N41: 18 | T41: {=_xlfn.LET(_xlpm.arr_loot,G41:L41,_xlpm.arr_odds,M41:R41*$AB$8,_xlfn.TEXTJOIN("; ",1,IF(_xlpm.arr_loot<>"",VLOOKUP(_xlpm.arr_loot,table_loot[#All],2,0)&":"&TEXT(_xlpm.arr_odds,"0.00%"),"")))} -> 通用钱币:9.00%; 战箭残骸:0.18% | V41: {=_xlfn.LET(_xlpm.arr_loot,G41:L41,_xlpm.arr_odds,M41:R41*$AB$8,_xlfn.TEXTJOIN(";",1,IF(_xlpm.arr_loot<>"",_xlpm.arr_loot&"="&_xlpm.arr_odds,"")))} -> 10000=0.09;600701=0.0018
A42: 201711 | B42: =VLOOKUP(A42,monster!A:D,4,0) -> 大风滚草 | C42: =_xlfn.XLOOKUP(A42,monster!A:A,monster!H:H) -> 17 | D42: {=_xlfn.LET(_xlpm.arr_loot,G42:L42,_xlpm.arr_odds,M42:R42*$AB$8,SUM(IF(_xlpm.arr_loot<>"",VLOOKUP(_xlpm.arr_loot,table_loot[#All],3,0)*_xlpm.arr_odds,0)))} -> 0 | E42: =IF(AND(A42<>"",G42<>""),D42*$AB$9-C42,"——") -> -17 | G42: 10000 | H42: 600701 | M42: =C42*5/1000*10000 -> 850 | N42: 17 | T42: {=_xlfn.LET(_xlpm.arr_loot,G42:L42,_xlpm.arr_odds,M42:R42*$AB$8,_xlfn.TEXTJOIN("; ",1,IF(_xlpm.arr_loot<>"",VLOOKUP(_xlpm.arr_loot,table_loot[#All],2,0)&":"&TEXT(_xlpm.arr_odds,"0.00%"),"")))} -> 通用钱币:8.50%; 战箭残骸:0.17% | V42: {=_xlfn.LET(_xlpm.arr_loot,G42:L42,_xlpm.arr_odds,M42:R42*$AB$8,_xlfn.TEXTJOIN(";",1,IF(_xlpm.arr_loot<>"",_xlpm.arr_loot&"="&_xlpm.arr_odds,"")))} -> 10000=0.085;600701=0.0017
A43: 201712 | B43: =VLOOKUP(A43,monster!A:D,4,0) -> 小风滚草 | C43: =_xlfn.XLOOKUP(A43,monster!A:A,monster!H:H) -> 7 | D43: {=_xlfn.LET(_xlpm.arr_loot,G43:L43,_xlpm.arr_odds,M43:R43*$AB$8,SUM(IF(_xlpm.arr_loot<>"",VLOOKUP(_xlpm.arr_loot,table_loot[#All],3,0)*_xlpm.arr_odds,0)))} -> 0 | E43: =IF(AND(A43<>"",G43<>""),D43*$AB$9-C43,"——") -> -7 | G43: 10000 | H43: 600701 | M43: =C43*5/1000*10000 -> 350 | N43: 7 | T43: {=_xlfn.LET(_xlpm.arr_loot,G43:L43,_xlpm.arr_odds,M43:R43*$AB$8,_xlfn.TEXTJOIN("; ",1,IF(_xlpm.arr_loot<>"",VLOOKUP(_xlpm.arr_loot,table_loot[#All],2,0)&":"&TEXT(_xlpm.arr_odds,"0.00%"),"")))} -> 通用钱币:3.50%; 战箭残骸:0.07% | V43: {=_xlfn.LET(_xlpm.arr_loot,G43:L43,_xlpm.arr_odds,M43:R43*$AB$8,_xlfn.TEXTJOIN(";",1,IF(_xlpm.arr_loot<>"",_xlpm.arr_loot&"="&_xlpm.arr_odds,"")))} -> 10000=0.035;600701=0.0007
C44: =_xlfn.XLOOKUP(A44,monster!A:A,monster!H:H) -> 0 | D44: {=_xlfn.LET(_xlpm.arr_loot,G44:L44,_xlpm.arr_odds,M44:R44*$AB$8,SUM(IF(_xlpm.arr_loot<>"",VLOOKUP(_xlpm.arr_loot,table_loot[#All],3,0)*_xlpm.arr_odds,0)))} -> 0 | E44: =IF(AND(A44<>"",G44<>""),D44*$AB$9-C44,"——") -> —— | T44: {=_xlfn.LET(_xlpm.arr_loot,G44:L44,_xlpm.arr_odds,M44:R44*$AB$8,_xlfn.TEXTJOIN("; ",1,IF(_xlpm.arr_loot<>"",VLOOKUP(_xlpm.arr_loot,table_loot[#All],2,0)&":"&TEXT(_xlpm.arr_odds,"0.00%"),"")))} | V44: {=_xlfn.LET(_xlpm.arr_loot,G44:L44,_xlpm.arr_odds,M44:R44*$AB$8,_xlfn.TEXTJOIN(";",1,IF(_xlpm.arr_loot<>"",_xlpm.arr_loot&"="&_xlpm.arr_odds,"")))}
A45: 201801 | B45: =VLOOKUP(A45,monster!A:D,4,0) -> 金鱼 | C45: =_xlfn.XLOOKUP(A45,monster!A:A,monster!H:H) -> 19 | D45: {=_xlfn.LET(_xlpm.arr_loot,G45:L45,_xlpm.arr_odds,M45:R45*$AB$8,SUM(IF(_xlpm.arr_loot<>"",VLOOKUP(_xlpm.arr_loot,table_loot[#All],3,0)*_xlpm.arr_odds,0)))} -> 0.0645 | E45: =IF(AND(A45<>"",G45<>""),D45*$AB$9-C45,"——") -> 0.35 | G45: 10000 | H45: 600802 | I45: 600803 | M45: =C45*5/1000*10000 -> 950 | N45: 11 | O45: 2 | T45: {=_xlfn.LET(_xlpm.arr_loot,G45:L45,_xlpm.arr_odds,M45:R45*$AB$8,_xlfn.TEXTJOIN("; ",1,IF(_xlpm.arr_loot<>"",VLOOKUP(_xlpm.arr_loot,table_loot[#All],2,0)&":"&TEXT(_xlpm.arr_odds,"0.00%"),"")))} -> 通用钱币:9.50%; 鱼肉:0.11%; 鱼油:0.02% | V45: {=_xlfn.LET(_xlpm.arr_loot,G45:L45,_xlpm.arr_odds,M45:R45*$AB$8,_xlfn.TEXTJOIN(";",1,IF(_xlpm.arr_loot<>"",_xlpm.arr_loot&"="&_xlpm.arr_odds,"")))} -> 10000=0.095;600802=0.0011;600803=0.0002
A46: 201802 | B46: =VLOOKUP(A46,monster!A:D,4,0) -> 金鱼泡泡 | C46: =_xlfn.XLOOKUP(A46,monster!A:A,monster!H:H) -> 2 | D46: {=_xlfn.LET(_xlpm.arr_loot,G46:L46,_xlpm.arr_odds,M46:R46*$AB$8,SUM(IF(_xlpm.arr_loot<>"",VLOOKUP(_xlpm.arr_loot,table_loot[#All],3,0)*_xlpm.arr_odds,0)))} -> 0 | E46: =IF(AND(A46<>"",G46<>""),D46*$AB$9-C46,"——") -> —— | T46: {=_xlfn.LET(_xlpm.arr_loot,G46:L46,_xlpm.arr_odds,M46:R46*$AB$8,_xlfn.TEXTJOIN("; ",1,IF(_xlpm.arr_loot<>"",VLOOKUP(_xlpm.arr_loot,table_loot[#All],2,0)&":"&TEXT(_xlpm.arr_odds,"0.00%"),"")))} | V46: {=_xlfn.LET(_xlpm.arr_loot,G46:L46,_xlpm.arr_odds,M46:R46*$AB$8,_xlfn.TEXTJOIN(";",1,IF(_xlpm.arr_loot<>"",_xlpm.arr_loot&"="&_xlpm.arr_odds,"")))}
A47: 201803 | B47: =VLOOKUP(A47,monster!A:D,4,0) -> 海藻小妖 | C47: =_xlfn.XLOOKUP(A47,monster!A:A,monster!H:H) -> 24 | D47: {=_xlfn.LET(_xlpm.arr_loot,G47:L47,_xlpm.arr_odds,M47:R47*$AB$8,SUM(IF(_xlpm.arr_loot<>"",VLOOKUP(_xlpm.arr_loot,table_loot[#All],3,0)*_xlpm.arr_odds,0)))} -> 0.0781 | E47: =IF(AND(A47<>"",G47<>""),D47*$AB$9-C47,"——") -> -0.57 | G47: 10000 | H47: 600801 | I47: 600811 | J47: 600813 | M47: =C47*5/1000*10000 -> 1200 | N47: 125 | O47: 6 | P47: 6 | T47: {=_xlfn.LET(_xlpm.arr_loot,G47:L47,_xlpm.arr_odds,M47:R47*$AB$8,_xlfn.TEXTJOIN("; ",1,IF(_xlpm.arr_loot<>"",VLOOKUP(_xlpm.arr_loot,table_loot[#All],2,0)&":"&TEXT(_xlpm.arr_odds,"0.00%"),"")))} -> 通用钱币:12.00%; 海草:1.25%; 朽木:0.06%; 湖盐:0.06% | V47: {=_xlfn.LET(_xlpm.arr_loot,G47:L47,_xlpm.arr_odds,M47:R47*$AB$8,_xlfn.TEXTJOIN(";",1,IF(_xlpm.arr_loot<>"",_xlpm.arr_loot&"="&_xlpm.arr_odds,"")))} -> 10000=0.12;600801=0.0125;600811=0.0006;600813=0.0006
A48: 201804 | B48: =VLOOKUP(A48,monster!A:D,4,0) -> 鲶鱼 | C48: =_xlfn.XLOOKUP(A48,monster!A:A,monster!H:H) -> 48 | D48: {=_xlfn.LET(_xlpm.arr_loot,G48:L48,_xlpm.arr_odds,M48:R48*$AB$8,SUM(IF(_xlpm.arr_loot<>"",VLOOKUP(_xlpm.arr_loot,table_loot[#All],3,0)*_xlpm.arr_odds,0)))} -> 0.024 | E48: =IF(AND(A48<>"",G48<>""),D48*$AB$9-C48,"——") -> -40.8 | G48: 10000 | H48: 600801 | M48: =C48*5/1000*10000 -> 2400 | N48: 48 | T48: {=_xlfn.LET(_xlpm.arr_loot,G48:L48,_xlpm.arr_odds,M48:R48*$AB$8,_xlfn.TEXTJOIN("; ",1,IF(_xlpm.arr_loot<>"",VLOOKUP(_xlpm.arr_loot,table_loot[#All],2,0)&":"&TEXT(_xlpm.arr_odds,"0.00%"),"")))} -> 通用钱币:24.00%; 海草:0.48% | V48: {=_xlfn.LET(_xlpm.arr_loot,G48:L48,_xlpm.arr_odds,M48:R48*$AB$8,_xlfn.TEXTJOIN(";",1,IF(_xlpm.arr_loot<>"",_xlpm.arr_loot&"="&_xlpm.arr_odds,"")))} -> 10000=0.24;600801=0.0048
A49: 201805 | B49: =VLOOKUP(A49,monster!A:D,4,0) -> 似目草 | C49: =_xlfn.XLOOKUP(A49,monster!A:A,monster!H:H) -> 12 | D49: {=_xlfn.LET(_xlpm.arr_loot,G49:L49,_xlpm.arr_odds,M49:R49*$AB$8,SUM(IF(_xlpm.arr_loot<>"",VLOOKUP(_xlpm.arr_loot,table_loot[#All],3,0)*_xlpm.arr_odds,0)))} -> 0.04 | E49: =IF(AND(A49<>"",G49<>""),D49*$AB$9-C49,"——") -> 0 | G49: 10000 | H49: 600801 | M49: =C49*5/1000*10000 -> 600 | N49: 80 | T49: {=_xlfn.LET(_xlpm.arr_loot,G49:L49,_xlpm.arr_odds,M49:R49*$AB$8,_xlfn.TEXTJOIN("; ",1,IF(_xlpm.arr_loot<>"",VLOOKUP(_xlpm.arr_loot,table_loot[#All],2,0)&":"&TEXT(_xlpm.arr_odds,"0.00%"),"")))} -> 通用钱币:6.00%; 海草:0.80% | V49: {=_xlfn.LET(_xlpm.arr_loot,G49:L49,_xlpm.arr_odds,M49:R49*$AB$8,_xlfn.TEXTJOIN(";",1,IF(_xlpm.arr_loot<>"",_xlpm.arr_loot&"="&_xlpm.arr_odds,"")))} -> 10000=0.06;600801=0.008
A50: 201806 | B50: =VLOOKUP(A50,monster!A:D,4,0) -> 脑型大水母 | C50: =_xlfn.XLOOKUP(A50,monster!A:A,monster!H:H) -> 192 | D50: {=_xlfn.LET(_xlpm.arr_loot,G50:L50,_xlpm.arr_odds,M50:R50*$AB$8,SUM(IF(_xlpm.arr_loot<>"",VLOOKUP(_xlpm.arr_loot,table_loot[#All],3,0)*_xlpm.arr_odds,0)))} -> 0.6435 | E50: =IF(AND(A50<>"",G50<>""),D50*$AB$9-C50,"——") -> 1.05 | G50: 10000 | H50: 600804 | M50: =C50*5/1000*10000 -> 9600 | N50: 143 | T50: {=_xlfn.LET(_xlpm.arr_loot,G50:L50,_xlpm.arr_odds,M50:R50*$AB$8,_xlfn.TEXTJOIN("; ",1,IF(_xlpm.arr_loot<>"",VLOOKUP(_xlpm.arr_loot,table_loot[#All],2,0)&":"&TEXT(_xlpm.arr_odds,"0.00%"),"")))} -> 通用钱币:96.00%; 海蜇肉:1.43% | V50: {=_xlfn.LET(_xlpm.arr_loot,G50:L50,_xlpm.arr_odds,M50:R50*$AB$8,_xlfn.TEXTJOIN(";",1,IF(_xlpm.arr_loot<>"",_xlpm.arr_loot&"="&_xlpm.arr_odds,"")))} -> 10000=0.96;600804=0.0143
A51: 201807 | B51: =VLOOKUP(A51,monster!A:D,4,0) -> 针刺小水母 | C51: =_xlfn.XLOOKUP(A51,monster!A:A,monster!H:H) -> 2 | D51: {=_xlfn.LET(_xlpm.arr_loot,G51:L51,_xlpm.arr_odds,M51:R51*$AB$8,SUM(IF(_xlpm.arr_loot<>"",VLOOKUP(_xlpm.arr_loot,table_loot[#All],3,0)*_xlpm.arr_odds,0)))} -> 0 | E51: =IF(AND(A51<>"",G51<>""),D51*$AB$9-C51,"——") -> —— | T51: {=_xlfn.LET(_xlpm.arr_loot,G51:L51,_xlpm.arr_odds,M51:R51*$AB$8,_xlfn.TEXTJOIN("; ",1,IF(_xlpm.arr_loot<>"",VLOOKUP(_xlpm.arr_loot,table_loot[#All],2,0)&":"&TEXT(_xlpm.arr_odds,"0.00%"),"")))} | V51: {=_xlfn.LET(_xlpm.arr_loot,G51:L51,_xlpm.arr_odds,M51:R51*$AB$8,_xlfn.TEXTJOIN(";",1,IF(_xlpm.arr_loot<>"",_xlpm.arr_loot&"="&_xlpm.arr_odds,"")))}
A52: 201809 | B52: =VLOOKUP(A52,monster!A:D,4,0) -> 印花水母 | C52: =_xlfn.XLOOKUP(A52,monster!A:A,monster!H:H) -> 43 | D52: {=_xlfn.LET(_xlpm.arr_loot,G52:L52,_xlpm.arr_odds,M52:R52*$AB$8,SUM(IF(_xlpm.arr_loot<>"",VLOOKUP(_xlpm.arr_loot,table_loot[#All],3,0)*_xlpm.arr_odds,0)))} -> 0.144 | E52: =IF(AND(A52<>"",G52<>""),D52*$AB$9-C52,"——") -> 0.2 | G52: 10000 | H52: 600804 | M52: =C52*5/1000*10000 -> 2150 | N52: 32 | T52: {=_xlfn.LET(_xlpm.arr_loot,G52:L52,_xlpm.arr_odds,M52:R52*$AB$8,_xlfn.TEXTJOIN("; ",1,IF(_xlpm.arr_loot<>"",VLOOKUP(_xlpm.arr_loot,table_loot[#All],2,0)&":"&TEXT(_xlpm.arr_odds,"0.00%"),"")))} -> 通用钱币:21.50%; 海蜇肉:0.32% | V52: {=_xlfn.LET(_xlpm.arr_loot,G52:L52,_xlpm.arr_odds,M52:R52*$AB$8,_xlfn.TEXTJOIN(";",1,IF(_xlpm.arr_loot<>"",_xlpm.arr_loot&"="&_xlpm.arr_odds,"")))} -> 10000=0.215;600804=0.0032
A53: 201810 | B53: =VLOOKUP(A53,monster!A:D,4,0) -> 混沌沼泽怪 | C53: =_xlfn.XLOOKUP(A53,monster!A:A,monster!H:H) -> 60 | D53: {=_xlfn.LET(_xlpm.arr_loot,G53:L53,_xlpm.arr_odds,M53:R53*$AB$8,SUM(IF(_xlpm.arr_loot<>"",VLOOKUP(_xlpm.arr_loot,table_loot[#All],3,0)*_xlpm.arr_odds,0)))} -> 0.03 | E53: =IF(AND(A53<>"",G53<>""),D53*$AB$9-C53,"——") -> -51 | G53: 10000 | H53: 600801 | M53: =C53*5/1000*10000 -> 3000 | N53: 60 | T53: {=_xlfn.LET(_xlpm.arr_loot,G53:L53,_xlpm.arr_odds,M53:R53*$AB$8,_xlfn.TEXTJOIN("; ",1,IF(_xlpm.arr_loot<>"",VLOOKUP(_xlpm.arr_loot,table_loot[#All],2,0)&":"&TEXT(_xlpm.arr_odds,"0.00%"),"")))} -> 通用钱币:30.00%; 海草:0.60% | V53: {=_xlfn.LET(_xlpm.arr_loot,G53:L53,_xlpm.arr_odds,M53:R53*$AB$8,_xlfn.TEXTJOIN(";",1,IF(_xlpm.arr_loot<>"",_xlpm.arr_loot&"="&_xlpm.arr_odds,"")))} -> 10000=0.3;600801=0.006
A54: 201811 | B54: =VLOOKUP(A54,monster!A:D,4,0) -> 青蛙 | C54: =_xlfn.XLOOKUP(A54,monster!A:A,monster!H:H) -> 35 | D54: {=_xlfn.LET(_xlpm.arr_loot,G54:L54,_xlpm.arr_odds,M54:R54*$AB$8,SUM(IF(_xlpm.arr_loot<>"",VLOOKUP(_xlpm.arr_loot,table_loot[#All],3,0)*_xlpm.arr_odds,0)))} -> 0.1164 | E54: =IF(AND(A54<>"",G54<>""),D54*$AB$9-C54,"——") -> -0.08 | G54: 10000 | H54: 600813 | M54: =C54*5/1000*10000 -> 1750 | N54: 194 | T54: {=_xlfn.LET(_xlpm.arr_loot,G54:L54,_xlpm.arr_odds,M54:R54*$AB$8,_xlfn.TEXTJOIN("; ",1,IF(_xlpm.arr_loot<>"",VLOOKUP(_xlpm.arr_loot,table_loot[#All],2,0)&":"&TEXT(_xlpm.arr_odds,"0.00%"),"")))} -> 通用钱币:17.50%; 湖盐:1.94% | V54: {=_xlfn.LET(_xlpm.arr_loot,G54:L54,_xlpm.arr_odds,M54:R54*$AB$8,_xlfn.TEXTJOIN(";",1,IF(_xlpm.arr_loot<>"",_xlpm.arr_loot&"="&_xlpm.arr_odds,"")))} -> 10000=0.175;600813=0.0194
A55: 201813 | B55: =VLOOKUP(A55,monster!A:D,4,0) -> 贝壳乌贼 | C55: =_xlfn.XLOOKUP(A55,monster!A:A,monster!H:H) -> 72 | D55: {=_xlfn.LET(_xlpm.arr_loot,G55:L55,_xlpm.arr_odds,M55:R55*$AB$8,SUM(IF(_xlpm.arr_loot<>"",VLOOKUP(_xlpm.arr_loot,table_loot[#All],3,0)*_xlpm.arr_odds,0)))} -> 0.036 | E55: =IF(AND(A55<>"",G55<>""),D55*$AB$9-C55,"——") -> -61.2 | G55: 10000 | H55: 600801 | M55: =C55*5/1000*10000 -> 3600 | N55: 72 | T55: {=_xlfn.LET(_xlpm.arr_loot,G55:L55,_xlpm.arr_odds,M55:R55*$AB$8,_xlfn.TEXTJOIN("; ",1,IF(_xlpm.arr_loot<>"",VLOOKUP(_xlpm.arr_loot,table_loot[#All],2,0)&":"&TEXT(_xlpm.arr_odds,"0.00%"),"")))} -> 通用钱币:36.00%; 海草:0.72% | V55: {=_xlfn.LET(_xlpm.arr_loot,G55:L55,_xlpm.arr_odds,M55:R55*$AB$8,_xlfn.TEXTJOIN(";",1,IF(_xlpm.arr_loot<>"",_xlpm.arr_loot&"="&_xlpm.arr_odds,"")))} -> 10000=0.36;600801=0.0072
A56: 201814 | B56: =VLOOKUP(A56,monster!A:D,4,0) -> 弱小螃蟹 | C56: =_xlfn.XLOOKUP(A56,monster!A:A,monster!H:H) -> 27 | D56: {=_xlfn.LET(_xlpm.arr_loot,G56:L56,_xlpm.arr_odds,M56:R56*$AB$8,SUM(IF(_xlpm.arr_loot<>"",VLOOKUP(_xlpm.arr_loot,table_loot[#All],3,0)*_xlpm.arr_odds,0)))} -> 0.0915 | E56: =IF(AND(A56<>"",G56<>""),D56*$AB$9-C56,"——") -> 0.45 | G56: 10000 | H56: 600805 | I56: 600806 | M56: =C56*5/1000*10000 -> 1350 | N56: 28 | O56: 25 | T56: {=_xlfn.LET(_xlpm.arr_loot,G56:L56,_xlpm.arr_odds,M56:R56*$AB$8,_xlfn.TEXTJOIN("; ",1,IF(_xlpm.arr_loot<>"",VLOOKUP(_xlpm.arr_loot,table_loot[#All],2,0)&":"&TEXT(_xlpm.arr_odds,"0.00%"),"")))} -> 通用钱币:13.50%; 蟹肉:0.28%; 蟹钳:0.25% | V56: {=_xlfn.LET(_xlpm.arr_loot,G56:L56,_xlpm.arr_odds,M56:R56*$AB$8,_xlfn.TEXTJOIN(";",1,IF(_xlpm.arr_loot<>"",_xlpm.arr_loot&"="&_xlpm.arr_odds,"")))} -> 10000=0.135;600805=0.0028;600806=0.0025
A57: 201815 | B57: =VLOOKUP(A57,monster!A:D,4,0) -> 大钳螃蟹 | C57: =_xlfn.XLOOKUP(A57,monster!A:A,monster!H:H) -> 49 | D57: {=_xlfn.LET(_xlpm.arr_loot,G57:L57,_xlpm.arr_odds,M57:R57*$AB$8,SUM(IF(_xlpm.arr_loot<>"",VLOOKUP(_xlpm.arr_loot,table_loot[#All],3,0)*_xlpm.arr_odds,0)))} -> 0.1638 | E57: =IF(AND(A57<>"",G57<>""),D57*$AB$9-C57,"——") -> 0.14 | G57: 10000 | H57: 600805 | I57: 600806 | M57: =C57*5/1000*10000 -> 2450 | N57: 52 | O57: 26 | T57: {=_xlfn.LET(_xlpm.arr_loot,G57:L57,_xlpm.arr_odds,M57:R57*$AB$8,_xlfn.TEXTJOIN("; ",1,IF(_xlpm.arr_loot<>"",VLOOKUP(_xlpm.arr_loot,table_loot[#All],2,0)&":"&TEXT(_xlpm.arr_odds,"0.00%"),"")))} -> 通用钱币:24.50%; 蟹肉:0.52%; 蟹钳:0.26% | V57: {=_xlfn.LET(_xlpm.arr_loot,G57:L57,_xlpm.arr_odds,M57:R57*$AB$8,_xlfn.TEXTJOIN(";",1,IF(_xlpm.arr_loot<>"",_xlpm.arr_loot&"="&_xlpm.arr_odds,"")))} -> 10000=0.245;600805=0.0052;600806=0.0026
A58: 201818 | B58: =VLOOKUP(A58,monster!A:D,4,0) -> 聒噪海贝 | C58: =_xlfn.XLOOKUP(A58,monster!A:A,monster!H:H) -> 31 | D58: {=_xlfn.LET(_xlpm.arr_loot,G58:L58,_xlpm.arr_odds,M58:R58*$AB$8,SUM(IF(_xlpm.arr_loot<>"",VLOOKUP(_xlpm.arr_loot,table_loot[#All],3,0)*_xlpm.arr_odds,0)))} -> 0.1027 | E58: =IF(AND(A58<>"",G58<>""),D58*$AB$9-C58,"——") -> -0.19 | G58: 10000 | H58: 600807 | I58: 600808 | J58: 600809 | K58: 600810 | M58: =C58*5/1000*10000 -> 1550 | N58: 43 | O58: 61 | P58: 15 | Q58: 1 | T58: {=_xlfn.LET(_xlpm.arr_loot,G58:L58,_xlpm.arr_odds,M58:R58*$AB$8,_xlfn.TEXTJOIN("; ",1,IF(_xlpm.arr_loot<>"",VLOOKUP(_xlpm.arr_loot,table_loot[#All],2,0)&":"&TEXT(_xlpm.arr_odds,"0.00%"),"")))} -> 通用钱币:15.50%; 贝肉:0.43%; 蚌壳:0.61%; 珍珠:0.15%; 黑珍珠:0.01% | V58: {=_xlfn.LET(_xlpm.arr_loot,G58:L58,_xlpm.arr_odds,M58:R58*$AB$8,_xlfn.TEXTJOIN(";",1,IF(_xlpm.arr_loot<>"",_xlpm.arr_loot&"="&_xlpm.arr_odds,"")))} -> 10000=0.155;600807=0.0043;600808=0.0061;600809=0.0015;600810=0.0001
A59: 201819 | B59: =VLOOKUP(A59,monster!A:D,4,0) -> 凶猛海贝 | C59: =_xlfn.XLOOKUP(A59,monster!A:A,monster!H:H) -> 53 | D59: {=_xlfn.LET(_xlpm.arr_loot,G59:L59,_xlpm.arr_odds,M59:R59*$AB$8,SUM(IF(_xlpm.arr_loot<>"",VLOOKUP(_xlpm.arr_loot,table_loot[#All],3,0)*_xlpm.arr_odds,0)))} -> 0.1755 | E59: =IF(AND(A59<>"",G59<>""),D59*$AB$9-C59,"——") -> -0.35 | G59: 10000 | H59: 600807 | I59: 600808 | J59: 600809 | K59: 600810 | M59: =C59*5/1000*10000 -> 2650 | N59: 74 | O59: 60 | P59: 28 | Q59: 3 | T59: {=_xlfn.LET(_xlpm.arr_loot,G59:L59,_xlpm.arr_odds,M59:R59*$AB$8,_xlfn.TEXTJOIN("; ",1,IF(_xlpm.arr_loot<>"",VLOOKUP(_xlpm.arr_loot,table_loot[#All],2,0)&":"&TEXT(_xlpm.arr_odds,"0.00%"),"")))} -> 通用钱币:26.50%; 贝肉:0.74%; 蚌壳:0.60%; 珍珠:0.28%; 黑珍珠:0.03% | V59: {=_xlfn.LET(_xlpm.arr_loot,G59:L59,_xlpm.arr_odds,M59:R59*$AB$8,_xlfn.TEXTJOIN(";",1,IF(_xlpm.arr_loot<>"",_xlpm.arr_loot&"="&_xlpm.arr_odds,"")))} -> 10000=0.265;600807=0.0074;600808=0.006;600809=0.0028;600810=0.0003
A60: 201820 | B60: =VLOOKUP(A60,monster!A:D,4,0) -> 小·印花水母 | C60: =_xlfn.XLOOKUP(A60,monster!A:A,monster!H:H) -> 43 | D60: {=_xlfn.LET(_xlpm.arr_loot,G60:L60,_xlpm.arr_odds,M60:R60*$AB$8,SUM(IF(_xlpm.arr_loot<>"",VLOOKUP(_xlpm.arr_loot,table_loot[#All],3,0)*_xlpm.arr_odds,0)))} -> 0.144 | E60: =IF(AND(A60<>"",G60<>""),D60*$AB$9-C60,"——") -> 0.2 | G60: 10000 | H60: 600804 | M60: =C60*5/1000*10000 -> 2150 | N60: 32 | T60: {=_xlfn.LET(_xlpm.arr_loot,G60:L60,_xlpm.arr_odds,M60:R60*$AB$8,_xlfn.TEXTJOIN("; ",1,IF(_xlpm.arr_loot<>"",VLOOKUP(_xlpm.arr_loot,table_loot[#All],2,0)&":"&TEXT(_xlpm.arr_odds,"0.00%"),"")))} -> 通用钱币:21.50%; 海蜇肉:0.32% | V60: {=_xlfn.LET(_xlpm.arr_loot,G60:L60,_xlpm.arr_odds,M60:R60*$AB$8,_xlfn.TEXTJOIN(";",1,IF(_xlpm.arr_loot<>"",_xlpm.arr_loot&"="&_xlpm.arr_odds,"")))} -> 10000=0.215;600804=0.0032
A61: 201821 | B61: =VLOOKUP(A61,monster!A:D,4,0) -> 小·聒噪海贝 | C61: =_xlfn.XLOOKUP(A61,monster!A:A,monster!H:H) -> 31 | D61: {=_xlfn.LET(_xlpm.arr_loot,G61:L61,_xlpm.arr_odds,M61:R61*$AB$8,SUM(IF(_xlpm.arr_loot<>"",VLOOKUP(_xlpm.arr_loot,table_loot[#All],3,0)*_xlpm.arr_odds,0)))} -> 0.1027 | E61: =IF(AND(A61<>"",G61<>""),D61*$AB$9-C61,"——") -> -0.19 | G61: 10000 | H61: 600807 | I61: 600808 | J61: 600809 | K61: 600810 | M61: =C61*5/1000*10000 -> 1550 | N61: 43 | O61: 61 | P61: 15 | Q61: 1 | T61: {=_xlfn.LET(_xlpm.arr_loot,G61:L61,_xlpm.arr_odds,M61:R61*$AB$8,_xlfn.TEXTJOIN("; ",1,IF(_xlpm.arr_loot<>"",VLOOKUP(_xlpm.arr_loot,table_loot[#All],2,0)&":"&TEXT(_xlpm.arr_odds,"0.00%"),"")))} -> 通用钱币:15.50%; 贝肉:0.43%; 蚌壳:0.61%; 珍珠:0.15%; 黑珍珠:0.01% | V61: {=_xlfn.LET(_xlpm.arr_loot,G61:L61,_xlpm.arr_odds,M61:R61*$AB$8,_xlfn.TEXTJOIN(";",1,IF(_xlpm.arr_loot<>"",_xlpm.arr_loot&"="&_xlpm.arr_odds,"")))} -> 10000=0.155;600807=0.0043;600808=0.0061;600809=0.0015;600810=0.0001
A62: 201822 | B62: =VLOOKUP(A62,monster!A:D,4,0) -> 小·海藻小妖 | C62: =_xlfn.XLOOKUP(A62,monster!A:A,monster!H:H) -> 24 | D62: {=_xlfn.LET(_xlpm.arr_loot,G62:L62,_xlpm.arr_odds,M62:R62*$AB$8,SUM(IF(_xlpm.arr_loot<>"",VLOOKUP(_xlpm.arr_loot,table_loot[#All],3,0)*_xlpm.arr_odds,0)))} -> 0.0781 | E62: =IF(AND(A62<>"",G62<>""),D62*$AB$9-C62,"——") -> -0.57 | G62: 10000 | H62: 600801 | I62: 600811 | J62: 600813 | M62: =C62*5/1000*10000 -> 1200 | N62: 125 | O62: 6 | P62: 6 | T62: {=_xlfn.LET(_xlpm.arr_loot,G62:L62,_xlpm.arr_odds,M62:R62*$AB$8,_xlfn.TEXTJOIN("; ",1,IF(_xlpm.arr_loot<>"",VLOOKUP(_xlpm.arr_loot,table_loot[#All],2,0)&":"&TEXT(_xlpm.arr_odds,"0.00%"),"")))} -> 通用钱币:12.00%; 海草:1.25%; 朽木:0.06%; 湖盐:0.06% | V62: {=_xlfn.LET(_xlpm.arr_loot,G62:L62,_xlpm.arr_odds,M62:R62*$AB$8,_xlfn.TEXTJOIN(";",1,IF(_xlpm.arr_loot<>"",_xlpm.arr_loot&"="&_xlpm.arr_odds,"")))} -> 10000=0.12;600801=0.0125;600811=0.0006;600813=0.0006
A63: 201850 | B63: =VLOOKUP(A63,monster!A:D,4,0) -> 金鱼王 | C63: =_xlfn.XLOOKUP(A63,monster!A:A,monster!H:H) -> 3500 | D63: {=_xlfn.LET(_xlpm.arr_loot,G63:L63,_xlpm.arr_odds,M63:R63*$AB$8,SUM(IF(_xlpm.arr_loot<>"",VLOOKUP(_xlpm.arr_loot,table_loot[#All],3,0)*_xlpm.arr_odds,0)))} -> 0 | E63: =IF(AND(A63<>"",G63<>""),D63*$AB$9-C63,"——") -> —— | T63: {=_xlfn.LET(_xlpm.arr_loot,G63:L63,_xlpm.arr_odds,M63:R63*$AB$8,_xlfn.TEXTJOIN("; ",1,IF(_xlpm.arr_loot<>"",VLOOKUP(_xlpm.arr_loot,table_loot[#All],2,0)&":"&TEXT(_xlpm.arr_odds,"0.00%"),"")))} | V63: {=_xlfn.LET(_xlpm.arr_loot,G63:L63,_xlpm.arr_odds,M63:R63*$AB$8,_xlfn.TEXTJOIN(";",1,IF(_xlpm.arr_loot<>"",_xlpm.arr_loot&"="&_xlpm.arr_odds,"")))}
A64: 201860 | B64: =VLOOKUP(A64,monster!A:D,4,0) -> 渊齿 | C64: =_xlfn.XLOOKUP(A64,monster!A:A,monster!H:H) -> 4000 | D64: {=_xlfn.LET(_xlpm.arr_loot,G64:L64,_xlpm.arr_odds,M64:R64*$AB$8,SUM(IF(_xlpm.arr_loot<>"",VLOOKUP(_xlpm.arr_loot,table_loot[#All],3,0)*_xlpm.arr_odds,0)))} -> 0 | E64: =IF(AND(A64<>"",G64<>""),D64*$AB$9-C64,"——") -> —— | T64: {=_xlfn.LET(_xlpm.arr_loot,G64:L64,_xlpm.arr_odds,M64:R64*$AB$8,_xlfn.TEXTJOIN("; ",1,IF(_xlpm.arr_loot<>"",VLOOKUP(_xlpm.arr_loot,table_loot[#All],2,0)&":"&TEXT(_xlpm.arr_odds,"0.00%"),"")))} | V64: {=_xlfn.LET(_xlpm.arr_loot,G64:L64,_xlpm.arr_odds,M64:R64*$AB$8,_xlfn.TEXTJOIN(";",1,IF(_xlpm.arr_loot<>"",_xlpm.arr_loot&"="&_xlpm.arr_odds,"")))}
A65: 201870 | B65: =VLOOKUP(A65,monster!A:D,4,0) -> 缠绕水藻 | C65: =_xlfn.XLOOKUP(A65,monster!A:A,monster!H:H) -> 3000 | D65: {=_xlfn.LET(_xlpm.arr_loot,G65:L65,_xlpm.arr_odds,M65:R65*$AB$8,SUM(IF(_xlpm.arr_loot<>"",VLOOKUP(_xlpm.arr_loot,table_loot[#All],3,0)*_xlpm.arr_odds,0)))} -> 0 | E65: =IF(AND(A65<>"",G65<>""),D65*$AB$9-C65,"——") -> —— | T65: {=_xlfn.LET(_xlpm.arr_loot,G65:L65,_xlpm.arr_odds,M65:R65*$AB$8,_xlfn.TEXTJOIN("; ",1,IF(_xlpm.arr_loot<>"",VLOOKUP(_xlpm.arr_loot,table_loot[#All],2,0)&":"&TEXT(_xlpm.arr_odds,"0.00%"),"")))} | V65: {=_xlfn.LET(_xlpm.arr_loot,G65:L65,_xlpm.arr_odds,M65:R65*$AB$8,_xlfn.TEXTJOIN(";",1,IF(_xlpm.arr_loot<>"",_xlpm.arr_loot&"="&_xlpm.arr_odds,"")))}
C66: =_xlfn.XLOOKUP(A66,monster!A:A,monster!H:H) -> 0 | D66: {=_xlfn.LET(_xlpm.arr_loot,G66:L66,_xlpm.arr_odds,M66:R66*$AB$8,SUM(IF(_xlpm.arr_loot<>"",VLOOKUP(_xlpm.arr_loot,table_loot[#All],3,0)*_xlpm.arr_odds,0)))} -> 0 | E66: =IF(AND(A66<>"",G66<>""),D66*$AB$9-C66,"——") -> —— | T66: {=_xlfn.LET(_xlpm.arr_loot,G66:L66,_xlpm.arr_odds,M66:R66*$AB$8,_xlfn.TEXTJOIN("; ",1,IF(_xlpm.arr_loot<>"",VLOOKUP(_xlpm.arr_loot,table_loot[#All],2,0)&":"&TEXT(_xlpm.arr_odds,"0.00%"),"")))} | V66: {=_xlfn.LET(_xlpm.arr_loot,G66:L66,_xlpm.arr_odds,M66:R66*$AB$8,_xlfn.TEXTJOIN(";",1,IF(_xlpm.arr_loot<>"",_xlpm.arr_loot&"="&_xlpm.arr_odds,"")))}
A67: 211101 | B67: =VLOOKUP(A67,monster!A:D,4,0) -> 地宫捕奴车-近战 | C67: =_xlfn.XLOOKUP(A67,monster!A:A,monster!H:H) -> 0 | D67: {=_xlfn.LET(_xlpm.arr_loot,G67:L67,_xlpm.arr_odds,M67:R67*$AB$8,SUM(IF(_xlpm.arr_loot<>"",VLOOKUP(_xlpm.arr_loot,table_loot[#All],3,0)*_xlpm.arr_odds,0)))} -> 0 | E67: =IF(AND(A67<>"",G67<>""),D67*$AB$9-C67,"——") -> 0 | G67: 10000 | M67: 1000 | T67: {=_xlfn.LET(_xlpm.arr_loot,G67:L67,_xlpm.arr_odds,M67:R67*$AB$8,_xlfn.TEXTJOIN("; ",1,IF(_xlpm.arr_loot<>"",VLOOKUP(_xlpm.arr_loot,table_loot[#All],2,0)&":"&TEXT(_xlpm.arr_odds,"0.00%"),"")))} -> 通用钱币:10.00% | V67: {=_xlfn.LET(_xlpm.arr_loot,G67:L67,_xlpm.arr_odds,M67:R67*$AB$8,_xlfn.TEXTJOIN(";",1,IF(_xlpm.arr_loot<>"",_xlpm.arr_loot&"="&_xlpm.arr_odds,"")))} -> 10000=0.1
A68: 211102 | B68: =VLOOKUP(A68,monster!A:D,4,0) -> 地宫捕奴车-远程 | C68: =_xlfn.XLOOKUP(A68,monster!A:A,monster!H:H) -> 0 | D68: {=_xlfn.LET(_xlpm.arr_loot,G68:L68,_xlpm.arr_odds,M68:R68*$AB$8,SUM(IF(_xlpm.arr_loot<>"",VLOOKUP(_xlpm.arr_loot,table_loot[#All],3,0)*_xlpm.arr_odds,0)))} -> 0 | E68: =IF(AND(A68<>"",G68<>""),D68*$AB$9-C68,"——") -> 0 | G68: 10000 | M68: 1000 | T68: {=_xlfn.LET(_xlpm.arr_loot,G68:L68,_xlpm.arr_odds,M68:R68*$AB$8,_xlfn.TEXTJOIN("; ",1,IF(_xlpm.arr_loot<>"",VLOOKUP(_xlpm.arr_loot,table_loot[#All],2,0)&":"&TEXT(_xlpm.arr_odds,"0.00%"),"")))} -> 通用钱币:10.00% | V68: {=_xlfn.LET(_xlpm.arr_loot,G68:L68,_xlpm.arr_odds,M68:R68*$AB$8,_xlfn.TEXTJOIN(";",1,IF(_xlpm.arr_loot<>"",_xlpm.arr_loot&"="&_xlpm.arr_odds,"")))} -> 10000=0.1
