Workbook
Name _richtext_i: _xlfn.LAMBDA(_xlpm.x,IF(_xlpm.x<>"","<i>"&_xlpm.x&"</i>",""))
Name locate: _xlfn.LAMBDA(_xlpm.col_relative,_xlpm.rows,"RC["&_xlpm.col_relative&"]:R["&_xlpm.rows-1&"]C["&_xlpm.col_relative&"]")

Sheet weather
A1: id | F1: name | G1: desc | M1: weather_icon_path | N1: view_prefab | O1: mask_prefab | P1: monsters | Q1: heal_tags | R1: monster_HOT | S1: buff_remove | T1: behaviour | U1: diy_prms
A2: uint key | F2: string | G2: string | M2: string | N2: string | O2: string | P2: uint | Q2: string[] | R2: (float,float,float) | S2: string[] | T2: string | U2: dict<string,string>
A3: 天气 id | B3: 备注 世界 | C3: 辅助 命名 | D3: 备注 天气 | E3: 辅助 命名 | F3: 天气名称 | G3: 天气描述 | H3: 天气描述 备注 | I3: 场景desc | J3: 效果desc1 | K3: 效果desc2 | L3: 效果desc3 | M3: 天气icon | N3: 表现用prefab | O3: 遮罩prefab | P3: 生成怪物 | Q3: 治愈标签 | R3: 对特定怪物 heal over time (对普通怪的治疗百分比，对精英怪的治疗百分比，间隔秒) | S3: 移除buff | T3: 天气脚本 | U3: 自定义变量
A4: 0 | B4: 通用 | C4: general | D4: 晴 | E4: sunny | F4: =_xlfn.LET(_xlpm._id,$A4,_xlpm._output,_xlfn.TEXTJOIN("_",1,"weather_name",_xlpm._id),IF(_xlpm._id<>"",_xlpm._output,"")) -> weather_name_0 | G4: =_xlfn.LET(_xlpm._id,$A4,_xlpm._output,_xlfn.TEXTJOIN("_",1,"weather_desc",_xlpm._id),IF(_xlpm._id<>"",_xlpm._output,"")) -> weather_desc_0 | H4: =_xlfn.TEXTJOIN("<br>",1,IF(I4<>"",I4&"<br>",""),_richtext_i(J4:L4)) -> 飞星不动，脱水脱水。<br><br><i>无特殊效果</i> | I4: 飞星不动，脱水脱水。 | J4: 无特殊效果 | M4: =_xlfn.LET(_xlpm._id,$A4,_xlpm._output,_xlfn.TEXTJOIN("_",1,"ui_icon_weather",_xlpm._id),IF(_xlpm._id<>"",_xlpm._output,"")) -> ui_icon_weather_0
F5: =_xlfn.LET(_xlpm._id,$A5,_xlpm._output,_xlfn.TEXTJOIN("_",1,"weather_name",_xlpm._id),IF(_xlpm._id<>"",_xlpm._output,"")) | G5: =_xlfn.LET(_xlpm._id,$A5,_xlpm._output,_xlfn.TEXTJOIN("_",1,"weather_desc",_xlpm._id),IF(_xlpm._id<>"",_xlpm._output,"")) | H5: =_xlfn.TEXTJOIN("<br>",1,IF(I5<>"",I5&"<br>",""),_richtext_i(J5:L5)) | M5: =_xlfn.LET(_xlpm._id,$A5,_xlpm._output,_xlfn.TEXTJOIN("_",1,"ui_icon_weather",_xlpm._id),IF(_xlpm._id<>"",_xlpm._output,""))
A6: 460100 | B6: 通用 | C6: dungeon | D6: 未知 | E6: unknown | F6: =_xlfn.LET(_xlpm._id,$A6,_xlpm._output,_xlfn.TEXTJOIN("_",1,"weather_name",_xlpm._id),IF(_xlpm._id<>"",_xlpm._output,"")) -> weather_name_460100 | G6: =_xlfn.LET(_xlpm._id,$A6,_xlpm._output,_xlfn.TEXTJOIN("_",1,"weather_desc",_xlpm._id),IF(_xlpm._id<>"",_xlpm._output,"")) -> weather_desc_460100 | H6: =_xlfn.TEXTJOIN("<br>",1,IF(I6<>"",I6&"<br>",""),_richtext_i(J6:L6)) -> 九幽之下，不见天日。<br><br><i>无特殊效果</i> | I6: 九幽之下，不见天日。 | J6: 无特殊效果 | M6: =_xlfn.LET(_xlpm._id,$A6,_xlpm._output,_xlfn.TEXTJOIN("_",1,"ui_icon_weather",_xlpm._id),IF(_xlpm._id<>"",_xlpm._output,"")) -> ui_icon_weather_460100
H7: =_xlfn.TEXTJOIN("<br>",1,IF(I7<>"",I7&"<br>",""),_richtext_i(J7:L7))
A8: 460400 | B8: 通用 | C8: treetop | D8: 晴空 | E8: sunny | F8: =_xlfn.LET(_xlpm._id,$A8,_xlpm._output,_xlfn.TEXTJOIN("_",1,"weather_name",_xlpm._id),IF(_xlpm._id<>"",_xlpm._output,"")) -> weather_name_460400 | G8: =_xlfn.LET(_xlpm._id,$A8,_xlpm._output,_xlfn.TEXTJOIN("_",1,"weather_desc",_xlpm._id),IF(_xlpm._id<>"",_xlpm._output,"")) -> weather_desc_460400 | H8: =_xlfn.TEXTJOIN("<br>",1,IF(I8<>"",I8&"<br>",""),_richtext_i(J8:L8)) -> 日照芳林，金光如霰。<br><br><i>无特殊效果</i> | I8: 日照芳林，金光如霰。 | J8: 无特殊效果 | M8: ui_icon_weather_0
A9: 460401 | B9: 树梢 | C9: treetop | D9: 薄雾 | E9: mist | F9: =_xlfn.LET(_xlpm._id,$A9,_xlpm._output,_xlfn.TEXTJOIN("_",1,"weather_name",_xlpm._id),IF(_xlpm._id<>"",_xlpm._output,"")) -> weather_name_460401 | G9: =_xlfn.LET(_xlpm._id,$A9,_xlpm._output,_xlfn.TEXTJOIN("_",1,"weather_desc",_xlpm._id),IF(_xlpm._id<>"",_xlpm._output,"")) -> weather_desc_460401 | H9: =_xlfn.TEXTJOIN("<br>",1,IF(I9<>"",I9&"<br>",""),_richtext_i(J9:L9)) -> 薄雾朦胧，如梦似幻。<br><br><i>限制视野范围（轻微）</i> | I9: 薄雾朦胧，如梦似幻。 | J9: 限制视野范围（轻微） | M9: =_xlfn.LET(_xlpm._id,$A9,_xlpm._output,_xlfn.TEXTJOIN("_",1,"ui_icon_weather",_xlpm._id),IF(_xlpm._id<>"",_xlpm._output,"")) -> ui_icon_weather_460401 | N9: =_xlfn.TEXTJOIN("_",1,"weather",$A9,$C9,$E9) -> weather_460401_treetop_mist
A10: 460402 | B10: 树梢 | C10: treetop | D10: 浓雾 | E10: fog | F10: =_xlfn.LET(_xlpm._id,$A10,_xlpm._output,_xlfn.TEXTJOIN("_",1,"weather_name",_xlpm._id),IF(_xlpm._id<>"",_xlpm._output,"")) -> weather_name_460402 | G10: =_xlfn.LET(_xlpm._id,$A10,_xlpm._output,_xlfn.TEXTJOIN("_",1,"weather_desc",_xlpm._id),IF(_xlpm._id<>"",_xlpm._output,"")) -> weather_desc_460402 | H10: =_xlfn.TEXTJOIN("<br>",1,IF(I10<>"",I10&"<br>",""),_richtext_i(J10:L10)) -> 林雾环绕，鸟兽隐现。<br><br><i>限制视野范围（中等）</i><br><i>浓雾中刷出各种丛林生物</i> | I10: 林雾环绕，鸟兽隐现。 | J10: 限制视野范围（中等） | K10: 浓雾中刷出各种丛林生物 | M10: =_xlfn.LET(_xlpm._id,$A10,_xlpm._output,_xlfn.TEXTJOIN("_",1,"ui_icon_weather",_xlpm._id),IF(_xlpm._id<>"",_xlpm._output,"")) -> ui_icon_weather_460402 | N10: =_xlfn.TEXTJOIN("_",1,"weather",$A10,$C10,$E10) -> weather_460402_treetop_fog | P10: =A10 -> 460402
A11: 460403 | B11: 树梢 | C11: treetop | D11: 黑色妖雾 | E11: black_fog | F11: =_xlfn.LET(_xlpm._id,$A11,_xlpm._output,_xlfn.TEXTJOIN("_",1,"weather_name",_xlpm._id),IF(_xlpm._id<>"",_xlpm._output,"")) -> weather_name_460403 | G11: =_xlfn.LET(_xlpm._id,$A11,_xlpm._output,_xlfn.TEXTJOIN("_",1,"weather_desc",_xlpm._id),IF(_xlpm._id<>"",_xlpm._output,"")) -> weather_desc_460403 | H11: =_xlfn.TEXTJOIN("<br>",1,IF(I11<>"",I11&"<br>",""),_richtext_i(J11:L11)) -> 妖雾乍起，妖邪初现。<br><br><i>限制视野范围（中等）</i><br><i>浓雾中刷出各种魔物</i> | I11: 妖雾乍起，妖邪初现。 | J11: 限制视野范围（中等） | K11: 浓雾中刷出各种魔物 | M11: =_xlfn.LET(_xlpm._id,$A11,_xlpm._output,_xlfn.TEXTJOIN("_",1,"ui_icon_weather",_xlpm._id),IF(_xlpm._id<>"",_xlpm._output,"")) -> ui_icon_weather_460403 | N11: =_xlfn.TEXTJOIN("_",1,"weather",$A11,$C11,$E11) -> weather_460403_treetop_black_fog | P11: =A11 -> 460403
A12: 460404 | B12: 树梢 | C12: treetop | D12: 浓厚妖雾 | E12: thick_black_fog | F12: =_xlfn.LET(_xlpm._id,$A12,_xlpm._output,_xlfn.TEXTJOIN("_",1,"weather_name",_xlpm._id),IF(_xlpm._id<>"",_xlpm._output,"")) -> weather_name_460404 | G12: =_xlfn.LET(_xlpm._id,$A12,_xlpm._output,_xlfn.TEXTJOIN("_",1,"weather_desc",_xlpm._id),IF(_xlpm._id<>"",_xlpm._output,"")) -> weather_desc_460404 | H12: =_xlfn.TEXTJOIN("<br>",1,IF(I12<>"",I12&"<br>",""),_richtext_i(J12:L12)) -> 浓雾弥漫，鬼魅丛生。<br><br><i>限制视野范围（中等）</i><br><i>浓雾中刷出各种魔物</i><br><i>所有魔物快速回血</i> | I12: 浓雾弥漫，鬼魅丛生。 | J12: 限制视野范围（中等） | K12: 浓雾中刷出各种魔物 | L12: 所有魔物快速回血 | M12: =_xlfn.LET(_xlpm._id,$A12,_xlpm._output,_xlfn.TEXTJOIN("_",1,"ui_icon_weather",_xlpm._id),IF(_xlpm._id<>"",_xlpm._output,"")) -> ui_icon_weather_460404 | N12: =_xlfn.TEXTJOIN("_",1,"weather",$A12,$C12,$E12) -> weather_460404_treetop_thick_black_fog | P12: =A12 -> 460404 | R12: 0.04~0.04~3
F13: =_xlfn.LET(_xlpm._id,$A13,_xlpm._output,_xlfn.TEXTJOIN("_",1,"weather_name",_xlpm._id),IF(_xlpm._id<>"",_xlpm._output,"")) | G13: =_xlfn.LET(_xlpm._id,$A13,_xlpm._output,_xlfn.TEXTJOIN("_",1,"weather_desc",_xlpm._id),IF(_xlpm._id<>"",_xlpm._output,"")) | H13: =_xlfn.TEXTJOIN("<br>",1,IF(I13<>"",I13&"<br>",""),_richtext_i(J13:L13)) | M13: =_xlfn.LET(_xlpm._id,$A13,_xlpm._output,_xlfn.TEXTJOIN("_",1,"ui_icon_weather",_xlpm._id),IF(_xlpm._id<>"",_xlpm._output,""))
A14: 460700 | B14: 荒漠 | C14: desert | D14: 曝晒 | E14: sunny | F14: =_xlfn.LET(_xlpm._id,$A14,_xlpm._output,_xlfn.TEXTJOIN("_",1,"weather_name",_xlpm._id),IF(_xlpm._id<>"",_xlpm._output,"")) -> weather_name_460700 | G14: =_xlfn.LET(_xlpm._id,$A14,_xlpm._output,_xlfn.TEXTJOIN("_",1,"weather_desc",_xlpm._id),IF(_xlpm._id<>"",_xlpm._output,"")) -> weather_desc_460700 | H14: =_xlfn.TEXTJOIN("<br>",1,IF(I14<>"",I14&"<br>",""),_richtext_i(J14:L14)) -> 烈日当空，赤地千里。<br><br><i>无特殊效果</i> | I14: 烈日当空，赤地千里。 | J14: 无特殊效果 | M14: ui_icon_weather_0
A15: 460701 | B15: 荒漠 | C15: desert | D15: 扬尘 | E15: fugitive_dust | F15: =_xlfn.LET(_xlpm._id,$A15,_xlpm._output,_xlfn.TEXTJOIN("_",1,"weather_name",_xlpm._id),IF(_xlpm._id<>"",_xlpm._output,"")) -> weather_name_460701 | G15: =_xlfn.LET(_xlpm._id,$A15,_xlpm._output,_xlfn.TEXTJOIN("_",1,"weather_desc",_xlpm._id),IF(_xlpm._id<>"",_xlpm._output,"")) -> weather_desc_460701 | H15: =_xlfn.TEXTJOIN("<br>",1,IF(I15<>"",I15&"<br>",""),_richtext_i(J15:L15)) -> 扬尘四起，八方迷离。<br><br><i>所有飞射物额外产生20%未命中几率。</i> | I15: 扬尘四起，八方迷离。 | J15: 所有飞射物额外产生20%未命中几率。 | M15: =_xlfn.LET(_xlpm._id,$A15,_xlpm._output,_xlfn.TEXTJOIN("_",1,"ui_icon_weather",_xlpm._id),IF(_xlpm._id<>"",_xlpm._output,"")) -> ui_icon_weather_460701 | N15: =_xlfn.TEXTJOIN("_",1,"weather",$A15,$C15,$E15) -> weather_460701_desert_fugitive_dust
A16: 460702 | B16: 荒漠 | C16: desert | D16: 沙暴 | E16: sand_storm | F16: =_xlfn.LET(_xlpm._id,$A16,_xlpm._output,_xlfn.TEXTJOIN("_",1,"weather_name",_xlpm._id),IF(_xlpm._id<>"",_xlpm._output,"")) -> weather_name_460702 | G16: =_xlfn.LET(_xlpm._id,$A16,_xlpm._output,_xlfn.TEXTJOIN("_",1,"weather_desc",_xlpm._id),IF(_xlpm._id<>"",_xlpm._output,"")) -> weather_desc_460702 | H16: =_xlfn.TEXTJOIN("<br>",1,IF(I16<>"",I16&"<br>",""),_richtext_i(J16:L16)) -> 沙暴肆虐，遮天蔽日。<br><br><i>所有飞射物额外产生80%未命中几率。</i> | I16: 沙暴肆虐，遮天蔽日。 | J16: 所有飞射物额外产生80%未命中几率。 | M16: =_xlfn.LET(_xlpm._id,$A16,_xlpm._output,_xlfn.TEXTJOIN("_",1,"ui_icon_weather",_xlpm._id),IF(_xlpm._id<>"",_xlpm._output,"")) -> ui_icon_weather_460702 | N16: =_xlfn.TEXTJOIN("_",1,"weather",$A16,$C16,$E16) -> weather_460702_desert_sand_storm
A17: 460703 | B17: 荒漠 | C17: desert | D17: 积沙 | E17: quicksand | F17: =_xlfn.LET(_xlpm._id,$A17,_xlpm._output,_xlfn.TEXTJOIN("_",1,"weather_name",_xlpm._id),IF(_xlpm._id<>"",_xlpm._output,"")) -> weather_name_460703 | G17: =_xlfn.LET(_xlpm._id,$A17,_xlpm._output,_xlfn.TEXTJOIN("_",1,"weather_desc",_xlpm._id),IF(_xlpm._id<>"",_xlpm._output,"")) -> weather_desc_460703 | H17: =_xlfn.TEXTJOIN("<br>",1,IF(I17<>"",I17&"<br>",""),_richtext_i(J17:L17)) -> 遍地积沙，长路难行。<br><br><i>减缓车辆移速。</i><br><i>周期性从流沙中生成沙漠蛇与毒蝎。</i> | I17: 遍地积沙，长路难行。 | J17: 减缓车辆移速。 | K17: 周期性从流沙中生成沙漠蛇与毒蝎。 | M17: =_xlfn.LET(_xlpm._id,$A17,_xlpm._output,_xlfn.TEXTJOIN("_",1,"ui_icon_weather",_xlpm._id),IF(_xlpm._id<>"",_xlpm._output,"")) -> ui_icon_weather_460703 | N17: =_xlfn.TEXTJOIN("_",1,"weather",$A17,$C17,$E17) -> weather_460703_desert_quicksand | P17: =A17 -> 460703
A18: 460704 | B18: 荒漠 | C18: desert | D18: 积沙，扬尘 | E18: qs_and_fd | F18: =_xlfn.LET(_xlpm._id,$A18,_xlpm._output,_xlfn.TEXTJOIN("_",1,"weather_name",_xlpm._id),IF(_xlpm._id<>"",_xlpm._output,"")) -> weather_name_460704 | G18: =_xlfn.LET(_xlpm._id,$A18,_xlpm._output,_xlfn.TEXTJOIN("_",1,"weather_desc",_xlpm._id),IF(_xlpm._id<>"",_xlpm._output,"")) -> weather_desc_460704 | H18: =_xlfn.TEXTJOIN("<br>",1,IF(I18<>"",I18&"<br>",""),_richtext_i(J18:L18)) -> 流沙在下，扬尘在前。<br><br><i>减缓车辆移速。</i><br><i>周期性从流沙中生成沙漠蛇与毒蝎。</i><br><i>所有飞射物额外产生30%未命中几率。</i> | I18: 流沙在下，扬尘在前。 | J18: 减缓车辆移速。 | K18: 周期性从流沙中生成沙漠蛇与毒蝎。 | L18: 所有飞射物额外产生30%未命中几率。 | M18: =_xlfn.LET(_xlpm._id,$A18,_xlpm._output,_xlfn.TEXTJOIN("_",1,"ui_icon_weather",_xlpm._id),IF(_xlpm._id<>"",_xlpm._output,"")) -> ui_icon_weather_460704 | N18: =_xlfn.TEXTJOIN("_",1,"weather",$A18,$C18,$E18) -> weather_460704_desert_qs_and_fd | P18: =A18 -> 460704
A19: 460705 | B19: 荒漠 | C19: desert | D19: 积沙，沙暴 | E19: qs_and_ss | F19: =_xlfn.LET(_xlpm._id,$A19,_xlpm._output,_xlfn.TEXTJOIN("_",1,"weather_name",_xlpm._id),IF(_xlpm._id<>"",_xlpm._output,"")) -> weather_name_460705 | G19: =_xlfn.LET(_xlpm._id,$A19,_xlpm._output,_xlfn.TEXTJOIN("_",1,"weather_desc",_xlpm._id),IF(_xlpm._id<>"",_xlpm._output,"")) -> weather_desc_460705 | H19: =_xlfn.TEXTJOIN("<br>",1,IF(I19<>"",I19&"<br>",""),_richtext_i(J19:L19)) -> 困于深沙，陷于尘暴。<br><br><i>减缓车辆移速。</i><br><i>周期性从流沙中生成沙漠蛇与毒蝎。</i><br><i>所有飞射物额外产生80%未命中几率。</i> | I19: 困于深沙，陷于尘暴。 | J19: 减缓车辆移速。 | K19: 周期性从流沙中生成沙漠蛇与毒蝎。 | L19: 所有飞射物额外产生80%未命中几率。 | M19: =_xlfn.LET(_xlpm._id,$A19,_xlpm._output,_xlfn.TEXTJOIN("_",1,"ui_icon_weather",_xlpm._id),IF(_xlpm._id<>"",_xlpm._output,"")) -> ui_icon_weather_460705 | N19: =_xlfn.TEXTJOIN("_",1,"weather",$A19,$C19,$E19) -> weather_460705_desert_qs_and_ss | P19: =A19 -> 460705
F20: =_xlfn.LET(_xlpm._id,$A20,_xlpm._output,_xlfn.TEXTJOIN("_",1,"weather_name",_xlpm._id),IF(_xlpm._id<>"",_xlpm._output,"")) | G20: =_xlfn.LET(_xlpm._id,$A20,_xlpm._output,_xlfn.TEXTJOIN("_",1,"weather_desc",_xlpm._id),IF(_xlpm._id<>"",_xlpm._output,"")) | H20: =_xlfn.TEXTJOIN("<br>",1,IF(I20<>"",I20&"<br>",""),_richtext_i(J20:L20)) | M20: =_xlfn.LET(_xlpm._id,$A20,_xlpm._output,_xlfn.TEXTJOIN("_",1,"ui_icon_weather",_xlpm._id),IF(_xlpm._id<>"",_xlpm._output,""))
A21: 460800 | B21: 大湖 | C21: lake | D21: 暖阳 | E21: sunny | F21: =_xlfn.LET(_xlpm._id,$A21,_xlpm._output,_xlfn.TEXTJOIN("_",1,"weather_name",_xlpm._id),IF(_xlpm._id<>"",_xlpm._output,"")) -> weather_name_460800 | G21: =_xlfn.LET(_xlpm._id,$A21,_xlpm._output,_xlfn.TEXTJOIN("_",1,"weather_desc",_xlpm._id),IF(_xlpm._id<>"",_xlpm._output,"")) -> weather_desc_460800 | H21: =_xlfn.TEXTJOIN("<br>",1,IF(I21<>"",I21&"<br>",""),_richtext_i(J21:L21)) -> 暖阳高照，正当其时。<br><br><i>无特殊效果</i> | I21: 暖阳高照，正当其时。 | J21: 无特殊效果 | M21: ui_icon_weather_0
A22: 460801 | B22: 大湖 | C22: lake | D22: 阴天 | E22: dark_clouds | F22: =_xlfn.LET(_xlpm._id,$A22,_xlpm._output,_xlfn.TEXTJOIN("_",1,"weather_name",_xlpm._id),IF(_xlpm._id<>"",_xlpm._output,"")) -> weather_name_460801 | G22: =_xlfn.LET(_xlpm._id,$A22,_xlpm._output,_xlfn.TEXTJOIN("_",1,"weather_desc",_xlpm._id),IF(_xlpm._id<>"",_xlpm._output,"")) -> weather_desc_460801 | H22: =_xlfn.TEXTJOIN("<br>",1,IF(I22<>"",I22&"<br>",""),_richtext_i(J22:L22)) -> 乌云密布，山雨欲来。<br><br><i>无特殊效果</i> | I22: 乌云密布，山雨欲来。 | J22: 无特殊效果 | M22: =_xlfn.LET(_xlpm._id,$A22,_xlpm._output,_xlfn.TEXTJOIN("_",1,"ui_icon_weather",_xlpm._id),IF(_xlpm._id<>"",_xlpm._output,"")) -> ui_icon_weather_460801 | N22: =_xlfn.TEXTJOIN("_",1,"weather",$A22,$C22,$E22) -> weather_460801_lake_dark_clouds
A23: 460802 | B23: 大湖 | C23: lake | D23: 下雨 | E23: rain | F23: =_xlfn.LET(_xlpm._id,$A23,_xlpm._output,_xlfn.TEXTJOIN("_",1,"weather_name",_xlpm._id),IF(_xlpm._id<>"",_xlpm._output,"")) -> weather_name_460802 | G23: =_xlfn.LET(_xlpm._id,$A23,_xlpm._output,_xlfn.TEXTJOIN("_",1,"weather_desc",_xlpm._id),IF(_xlpm._id<>"",_xlpm._output,"")) -> weather_desc_460802 | H23: =_xlfn.TEXTJOIN("<br>",1,IF(I23<>"",I23&"<br>",""),_richtext_i(J23:L23)) -> 细雨朦胧，润物无声。<br><br><i>所有水生生物周期性获得生命恢复。</i><br><i>持续移除场景中的燃烧与酸蚀效果。</i> | I23: 细雨朦胧，润物无声。 | J23: 所有水生生物周期性获得生命恢复。 | K23: 持续移除场景中的燃烧与酸蚀效果。 | M23: =_xlfn.LET(_xlpm._id,$A23,_xlpm._output,_xlfn.TEXTJOIN("_",1,"ui_icon_weather",_xlpm._id),IF(_xlpm._id<>"",_xlpm._output,"")) -> ui_icon_weather_460802 | N23: =_xlfn.TEXTJOIN("_",1,"weather",$A23,$C23,$E23) -> weather_460802_lake_rain | Q23: aquatic | R23: 0.045~0.003~1 | S23: fire;acid | T23: Rain
A24: 460803 | B24: 大湖 | C24: lake | D24: 暴雨 | E24: storm | F24: =_xlfn.LET(_xlpm._id,$A24,_xlpm._output,_xlfn.TEXTJOIN("_",1,"weather_name",_xlpm._id),IF(_xlpm._id<>"",_xlpm._output,"")) -> weather_name_460803 | G24: =_xlfn.LET(_xlpm._id,$A24,_xlpm._output,_xlfn.TEXTJOIN("_",1,"weather_desc",_xlpm._id),IF(_xlpm._id<>"",_xlpm._output,"")) -> weather_desc_460803 | H24: =_xlfn.TEXTJOIN("<br>",1,IF(I24<>"",I24&"<br>",""),_richtext_i(J24:L24)) -> 暴雨如注，倾盆如瀑。<br><br><i>所有水生生物周期性获得生命恢复。</i><br><i>持续移除场景中的燃烧与酸蚀效果。</i><br><i>不断有螃蟹从天空中掉下。</i> | I24: 暴雨如注，倾盆如瀑。 | J24: 所有水生生物周期性获得生命恢复。 | K24: 持续移除场景中的燃烧与酸蚀效果。 | L24: 不断有螃蟹从天空中掉下。 | M24: =_xlfn.LET(_xlpm._id,$A24,_xlpm._output,_xlfn.TEXTJOIN("_",1,"ui_icon_weather",_xlpm._id),IF(_xlpm._id<>"",_xlpm._output,"")) -> ui_icon_weather_460803 | N24: =_xlfn.TEXTJOIN("_",1,"weather",$A24,$C24,$E24) -> weather_460803_lake_storm | P24: =A24 -> 460803 | Q24: aquatic | R24: 0.06~0.004~0.75 | S24: fire;acid | T24: Rain
A25: 460804 | B25: 大湖 | C25: lake | D25: 雷暴 | E25: thunderstorm | F25: =_xlfn.LET(_xlpm._id,$A25,_xlpm._output,_xlfn.TEXTJOIN("_",1,"weather_name",_xlpm._id),IF(_xlpm._id<>"",_xlpm._output,"")) -> weather_name_460804 | G25: =_xlfn.LET(_xlpm._id,$A25,_xlpm._output,_xlfn.TEXTJOIN("_",1,"weather_desc",_xlpm._id),IF(_xlpm._id<>"",_xlpm._output,"")) -> weather_desc_460804 | H25: =_xlfn.TEXTJOIN("<br>",1,IF(I25<>"",I25&"<br>",""),_richtext_i(J25:L25)) -> 惊雷动地，霹雳破空。<br><br><i>所有水生生物周期性获得生命恢复。</i><br><i>持续移除场景中的燃烧与酸蚀效果。</i><br><i>不断有螃蟹从天空中掉下。</i> | I25: 惊雷动地，霹雳破空。 | J25: 所有水生生物周期性获得生命恢复。 | K25: 持续移除场景中的燃烧与酸蚀效果。 | L25: 不断有螃蟹从天空中掉下。 | M25: =_xlfn.LET(_xlpm._id,$A25,_xlpm._output,_xlfn.TEXTJOIN("_",1,"ui_icon_weather",_xlpm._id),IF(_xlpm._id<>"",_xlpm._output,"")) -> ui_icon_weather_460804 | N25: =_xlfn.TEXTJOIN("_",1,"weather",$A25,$C25,$E25) -> weather_460804_lake_thunderstorm | P25: =A25 -> 460804 | Q25: aquatic | R25: 0.06~0.004~0.75 | S25: fire;acid | T25: ThunderStorm | U25: dmg_stupor=10;distance_range=3,30;gap_range=0.5,3;delay=2.25

Sheet weather_group
A1: group_id | B1: sub_id | D1: weather | G1: length | J1: next
A2: uint key | B2: uint key | D2: uint | G2: (float,float) | J2: (uint,int)[]
A3: 天气组 group id key | B3: 天气组 sub id key | C3: duplicated check | D3: 天气 id | E3: 备注1 世界 | F3: 备注2 天气 名称 | G3: 随机长度 | H3: 辅助列 长度 min | I3: 辅助列 长度 max | J3: 转移至特定新天气 (子 id~概率) 圆桌概率，总值=1m | K3: 辅助列 sub id 1 | L3: 辅助列 sub id 2 | M3: 辅助列 sub id 3 | N3: 辅助列 sub id 4 | O3: 辅助列 sub id 5 | P3: 辅助列 sub id 6 | Q3: 辅助列 sub id 7 | R3: 辅助列 sub id 8 | S3: 辅助列 概率 1 | T3: 辅助列 概率 2 | U3: 辅助列 概率 3 | V3: 辅助列 概率 4 | W3: 辅助列 概率 5 | X3: 辅助列 概率 6 | Y3: 辅助列 概率 7 | Z3: 辅助列 概率 8 | AA3: 总概率 校验 | AB3: 方阵 校验
A4: 0 | B4: 0 | C4: =_xlfn.TEXTJOIN(";",1,A4,B4) -> 0;0 | D4: 0 | F4: =VLOOKUP(D4,weather!A:D,4,0) -> 晴 | G4: =H4&"~"&I4 -> 99999~99999 | H4: 99999 | I4: 99999 | J4: {=_xlfn.TEXTJOIN(";",1,_xlfn.MAP(K4:R4,S4:Z4,_xlfn.LAMBDA(_xlpm.a,_xlpm.b,IF(_xlpm.b=0,"",_xlpm.a&"~"&_xlpm.b))))} -> 0~1000000 | K4: {=_xlfn.LET(_xlpm._arr_len,COUNTIF($A:$A,$A4),_xlpm._group_row,MATCH($A4,$A:$A,0),_xlfn.MAKEARRAY(1,8,_xlfn.LAMBDA(_xlpm.x,_xlpm.y,IF(_xlpm.y>_xlpm._arr_len,"",INDEX(OFFSET($A4,_xlpm._group_row-ROW(),1,_xlpm._arr_len),_xlpm.y)))))} -> 0 | S4: 1000000 | AA4: =IF(A4<>"",IF(SUM(S4:Z4)>=1000000,"Correct","Error"),"") -> Correct | AB4: {=IF(A4<>"",IF(AND(IF(VALUE(RIGHT($S$3:$Z$3,1))>COUNTIF(A:A,A4),S4:Z4<>""=FALSE,TRUE)),"Correct","Error"),"")} -> Correct
C5: =_xlfn.TEXTJOIN(";",1,A5,B5)
A6: 420499 | B6: 1 | C6: =_xlfn.TEXTJOIN(";",1,A6,B6) -> 420499;1 | D6: 460401 | E6: 树梢 | F6: =VLOOKUP(D6,weather!A:D,4,0) -> 薄雾 | G6: =H6&"~"&I6 -> 150~235 | H6: 150 | I6: =H6*1.5+10 -> 235 | J6: {=_xlfn.TEXTJOIN(";",1,_xlfn.MAP(K6:R6,S6:Z6,_xlfn.LAMBDA(_xlpm.a,_xlpm.b,IF(_xlpm.b=0,"",_xlpm.a&"~"&_xlpm.b))))} -> 1~100000;2~700000;0~1000000 | K6: {=_xlfn.LET(_xlpm._arr_len,COUNTIF($A:$A,$A6),_xlpm._group_row,MATCH($A6,$A:$A,0),_xlfn.MAKEARRAY(1,8,_xlfn.LAMBDA(_xlpm.x,_xlpm.y,IF(_xlpm.y>_xlpm._arr_len,"",INDEX(OFFSET($A6,_xlpm._group_row-ROW(),1,_xlpm._arr_len),_xlpm.y)))))} -> 1 | L6: 2 | M6: 3 | N6: 4 | O6: 0 | S6: 100000 | T6: 700000 | W6: 1000000 | AA6: =IF(A6<>"",IF(SUM(S6:Z6)>=1000000,"Correct","Error"),"") -> Correct | AB6: {=IF(A6<>"",IF(AND(IF(VALUE(RIGHT($S$3:$Z$3,1))>COUNTIF(A:A,A6),S6:Z6<>""=FALSE,TRUE)),"Correct","Error"),"")} -> Correct
A7: 420499 | B7: 2 | C7: =_xlfn.TEXTJOIN(";",1,A7,B7) -> 420499;2 | D7: 460402 | E7: 树梢 | F7: =VLOOKUP(D7,weather!A:D,4,0) -> 浓雾 | G7: =H7&"~"&I7 -> 200~310 | H7: 200 | I7: =H7*1.5+10 -> 310 | J7: {=_xlfn.TEXTJOIN(";",1,_xlfn.MAP(K7:R7,S7:Z7,_xlfn.LAMBDA(_xlpm.a,_xlpm.b,IF(_xlpm.b=0,"",_xlpm.a&"~"&_xlpm.b))))} -> 2~100000;3~1000000 | K7: {=_xlfn.LET(_xlpm._arr_len,COUNTIF($A:$A,$A7),_xlpm._group_row,MATCH($A7,$A:$A,0),_xlfn.MAKEARRAY(1,8,_xlfn.LAMBDA(_xlpm.x,_xlpm.y,IF(_xlpm.y>_xlpm._arr_len,"",INDEX(OFFSET($A7,_xlpm._group_row-ROW(),1,_xlpm._arr_len),_xlpm.y)))))} -> 1 | L7: 2 | M7: 3 | N7: 4 | O7: 0 | T7: 100000 | U7: 1000000 | AA7: =IF(A7<>"",IF(SUM(S7:Z7)>=1000000,"Correct","Error"),"") -> Correct | AB7: {=IF(A7<>"",IF(AND(IF(VALUE(RIGHT($S$3:$Z$3,1))>COUNTIF(A:A,A7),S7:Z7<>""=FALSE,TRUE)),"Correct","Error"),"")} -> Correct
A8: 420499 | B8: 3 | C8: =_xlfn.TEXTJOIN(";",1,A8,B8) -> 420499;3 | D8: 460403 | E8: 树梢 | F8: =VLOOKUP(D8,weather!A:D,4,0) -> 黑色妖雾 | G8: =H8&"~"&I8 -> 200~310 | H8: 200 | I8: =H8*1.5+10 -> 310 | J8: {=_xlfn.TEXTJOIN(";",1,_xlfn.MAP(K8:R8,S8:Z8,_xlfn.LAMBDA(_xlpm.a,_xlpm.b,IF(_xlpm.b=0,"",_xlpm.a&"~"&_xlpm.b))))} -> 3~100000;4~1000000 | K8: {=_xlfn.LET(_xlpm._arr_len,COUNTIF($A:$A,$A8),_xlpm._group_row,MATCH($A8,$A:$A,0),_xlfn.MAKEARRAY(1,8,_xlfn.LAMBDA(_xlpm.x,_xlpm.y,IF(_xlpm.y>_xlpm._arr_len,"",INDEX(OFFSET($A8,_xlpm._group_row-ROW(),1,_xlpm._arr_len),_xlpm.y)))))} -> 1 | L8: 2 | M8: 3 | N8: 4 | O8: 0 | U8: 100000 | V8: 1000000 | AA8: =IF(A8<>"",IF(SUM(S8:Z8)>=1000000,"Correct","Error"),"") -> Correct | AB8: {=IF(A8<>"",IF(AND(IF(VALUE(RIGHT($S$3:$Z$3,1))>COUNTIF(A:A,A8),S8:Z8<>""=FALSE,TRUE)),"Correct","Error"),"")} -> Correct
A9: 420499 | B9: 4 | C9: =_xlfn.TEXTJOIN(";",1,A9,B9) -> 420499;4 | D9: 460404 | E9: 树梢 | F9: =VLOOKUP(D9,weather!A:D,4,0) -> 浓厚妖雾 | G9: =H9&"~"&I9 -> 150~235 | H9: 150 | I9: =H9*1.5+10 -> 235 | J9: {=_xlfn.TEXTJOIN(";",1,_xlfn.MAP(K9:R9,S9:Z9,_xlfn.LAMBDA(_xlpm.a,_xlpm.b,IF(_xlpm.b=0,"",_xlpm.a&"~"&_xlpm.b))))} -> 4~100000;0~1000000 | K9: {=_xlfn.LET(_xlpm._arr_len,COUNTIF($A:$A,$A9),_xlpm._group_row,MATCH($A9,$A:$A,0),_xlfn.MAKEARRAY(1,8,_xlfn.LAMBDA(_xlpm.x,_xlpm.y,IF(_xlpm.y>_xlpm._arr_len,"",INDEX(OFFSET($A9,_xlpm._group_row-ROW(),1,_xlpm._arr_len),_xlpm.y)))))} -> 1 | L9: 2 | M9: 3 | N9: 4 | O9: 0 | V9: 100000 | W9: 1000000 | AA9: =IF(A9<>"",IF(SUM(S9:Z9)>=1000000,"Correct","Error"),"") -> Correct | AB9: {=IF(A9<>"",IF(AND(IF(VALUE(RIGHT($S$3:$Z$3,1))>COUNTIF(A:A,A9),S9:Z9<>""=FALSE,TRUE)),"Correct","Error"),"")} -> Correct
A10: 420499 | B10: 0 | C10: =_xlfn.TEXTJOIN(";",1,A10,B10) -> 420499;0 | D10: 0 | E10: 树梢 | F10: =VLOOKUP(D10,weather!A:D,4,0) -> 晴 | G10: =H10&"~"&I10 -> 100~160 | H10: 100 | I10: =H10*1.5+10 -> 160 | J10: {=_xlfn.TEXTJOIN(";",1,_xlfn.MAP(K10:R10,S10:Z10,_xlfn.LAMBDA(_xlpm.a,_xlpm.b,IF(_xlpm.b=0,"",_xlpm.a&"~"&_xlpm.b))))} -> 1~700000;0~1000000 | K10: {=_xlfn.LET(_xlpm._arr_len,COUNTIF($A:$A,$A10),_xlpm._group_row,MATCH($A10,$A:$A,0),_xlfn.MAKEARRAY(1,8,_xlfn.LAMBDA(_xlpm.x,_xlpm.y,IF(_xlpm.y>_xlpm._arr_len,"",INDEX(OFFSET($A10,_xlpm._group_row-ROW(),1,_xlpm._arr_len),_xlpm.y)))))} -> 1 | L10: 2 | M10: 3 | N10: 4 | O10: 0 | S10: 700000 | W10: 1000000 | AA10: =IF(A10<>"",IF(SUM(S10:Y10)>=1000000,"Correct","Error"),"") -> Correct | AB10: {=IF(A10<>"",IF(AND(IF(VALUE(RIGHT($S$3:$Z$3,1))>COUNTIF(A:A,A10),S10:Z10<>""=FALSE,TRUE)),"Correct","Error"),"")} -> Correct
C11: =_xlfn.TEXTJOIN(";",1,A11,B11)
C13: =_xlfn.TEXTJOIN(";",1,A13,B13)
A14: 420100 | B14: 0 | C14: =_xlfn.TEXTJOIN(";",1,A14,B14) -> 420100;0 | D14: 460100 | F14: =VLOOKUP(D14,weather!A:D,4,0) -> 未知 | G14: =H14&"~"&I14 -> 99999~99999 | H14: 99999 | I14: 99999 | J14: {=_xlfn.TEXTJOIN(";",1,_xlfn.MAP(K14:R14,S14:Z14,_xlfn.LAMBDA(_xlpm.a,_xlpm.b,IF(_xlpm.b=0,"",_xlpm.a&"~"&_xlpm.b))))} -> 0~1000000 | K14: {=_xlfn.LET(_xlpm._arr_len,COUNTIF($A:$A,$A14),_xlpm._group_row,MATCH($A14,$A:$A,0),_xlfn.MAKEARRAY(1,8,_xlfn.LAMBDA(_xlpm.x,_xlpm.y,IF(_xlpm.y>_xlpm._arr_len,"",INDEX(OFFSET($A14,_xlpm._group_row-ROW(),1,_xlpm._arr_len),_xlpm.y)))))} -> 0 | S14: 1000000 | AA14: =IF(A14<>"",IF(SUM(S14:Z14)>=1000000,"Correct","Error"),"") -> Correct | AB14: {=IF(A14<>"",IF(AND(IF(VALUE(RIGHT($S$3:$Z$3,1))>COUNTIF(A:A,A14),S14:Z14<>""=FALSE,TRUE)),"Correct","Error"),"")} -> Correct
C15: =_xlfn.TEXTJOIN(";",1,A15,B15)
C17: =_xlfn.TEXTJOIN(";",1,A17,B17) | AA17: =IF(A17<>"",IF(SUM(S17:Z17)>=1000000,"Correct","Error"),"") | AB17: {=IF(A17<>"",IF(AND(IF(VALUE(RIGHT($S$3:$Z$3,1))>COUNTIF(A:A,A17),S17:Z17<>""=FALSE,TRUE)),"Correct","Error"),"")}
A18: 420401 | B18: 0 | C18: =_xlfn.TEXTJOIN(";",1,A18,B18) -> 420401;0 | D18: 460400 | E18: 大湖 | F18: =VLOOKUP(D18,weather!A:D,4,0) -> 晴空 | G18: =H18&"~"&I18 -> 8680~9994 | H18: 8680 | I18: =H18*1.15+12 -> 9994 | J18: {=_xlfn.TEXTJOIN(";",1,_xlfn.MAP(K18:R18,S18:Z18,_xlfn.LAMBDA(_xlpm.a,_xlpm.b,IF(_xlpm.b=0,"",_xlpm.a&"~"&_xlpm.b))))} -> 0~1000000 | K18: {=_xlfn.LET(_xlpm._arr_len,COUNTIF($A:$A,$A18),_xlpm._group_row,MATCH($A18,$A:$A,0),_xlfn.MAKEARRAY(1,8,_xlfn.LAMBDA(_xlpm.x,_xlpm.y,IF(_xlpm.y>_xlpm._arr_len,"",INDEX(OFFSET($A18,_xlpm._group_row-ROW(),1,_xlpm._arr_len),_xlpm.y)))))} -> 0 | S18: 1000000 | AA18: =IF(A18<>"",IF(SUM(S18:Z18)>=1000000,"Correct","Error"),"") -> Correct | AB18: {=IF(A18<>"",IF(AND(IF(VALUE(RIGHT($S$3:$Z$3,1))>COUNTIF(A:A,A18),S18:Z18<>""=FALSE,TRUE)),"Correct","Error"),"")} -> Correct
C19: =_xlfn.TEXTJOIN(";",1,A19,B19) | AA19: =IF(A19<>"",IF(SUM(S19:Z19)>=1000000,"Correct","Error"),"") | AB19: {=IF(A19<>"",IF(AND(IF(VALUE(RIGHT($S$3:$Z$3,1))>COUNTIF(A:A,A19),S19:Z19<>""=FALSE,TRUE)),"Correct","Error"),"")}
A20: 420402 | B20: 0 | C20: =_xlfn.TEXTJOIN(";",1,A20,B20) -> 420402;0 | D20: 460400 | E20: 大湖 | F20: =VLOOKUP(D20,weather!A:D,4,0) -> 晴空 | G20: =H20&"~"&I20 -> 150~184.5 | H20: 150 | I20: =H20*1.15+12 -> 184.5 | J20: {=_xlfn.TEXTJOIN(";",1,_xlfn.MAP(K20:R20,S20:Z20,_xlfn.LAMBDA(_xlpm.a,_xlpm.b,IF(_xlpm.b=0,"",_xlpm.a&"~"&_xlpm.b))))} -> 0~400000;10~600000 | K20: {=_xlfn.LET(_xlpm._arr_len,COUNTIF($A:$A,$A20),_xlpm._group_row,MATCH($A20,$A:$A,0),_xlfn.MAKEARRAY(1,8,_xlfn.LAMBDA(_xlpm.x,_xlpm.y,IF(_xlpm.y>_xlpm._arr_len,"",INDEX(OFFSET($A20,_xlpm._group_row-ROW(),1,_xlpm._arr_len),_xlpm.y)))))} -> 0 | L20: 10 | S20: 400000 | T20: 600000 | AA20: =IF(A20<>"",IF(SUM(S20:Z20)>=1000000,"Correct","Error"),"") -> Correct | AB20: {=IF(A20<>"",IF(AND(IF(VALUE(RIGHT($S$3:$Z$3,1))>COUNTIF(A:A,A20),S20:Z20<>""=FALSE,TRUE)),"Correct","Error"),"")} -> Correct
A21: 420402 | B21: 10 | C21: =_xlfn.TEXTJOIN(";",1,A21,B21) -> 420402;10 | D21: 460401 | E21: 大湖 | F21: =VLOOKUP(D21,weather!A:D,4,0) -> 薄雾 | G21: =H21&"~"&I21 -> 300~357 | H21: 300 | I21: =H21*1.15+12 -> 357 | J21: {=_xlfn.TEXTJOIN(";",1,_xlfn.MAP(K21:R21,S21:Z21,_xlfn.LAMBDA(_xlpm.a,_xlpm.b,IF(_xlpm.b=0,"",_xlpm.a&"~"&_xlpm.b))))} -> 0~100000;10~900000 | K21: {=_xlfn.LET(_xlpm._arr_len,COUNTIF($A:$A,$A21),_xlpm._group_row,MATCH($A21,$A:$A,0),_xlfn.MAKEARRAY(1,8,_xlfn.LAMBDA(_xlpm.x,_xlpm.y,IF(_xlpm.y>_xlpm._arr_len,"",INDEX(OFFSET($A21,_xlpm._group_row-ROW(),1,_xlpm._arr_len),_xlpm.y)))))} -> 0 | L21: 10 | S21: 100000 | T21: 900000 | AA21: =IF(A21<>"",IF(SUM(S21:Z21)>=1000000,"Correct","Error"),"") -> Correct | AB21: {=IF(A21<>"",IF(AND(IF(VALUE(RIGHT($S$3:$Z$3,1))>COUNTIF(A:A,A21),S21:Z21<>""=FALSE,TRUE)),"Correct","Error"),"")} -> Correct
C22: =_xlfn.TEXTJOIN(";",1,A22,B22) | AA22: =IF(A22<>"",IF(SUM(S22:Z22)>=1000000,"Correct","Error"),"") | AB22: {=IF(A22<>"",IF(AND(IF(VALUE(RIGHT($S$3:$Z$3,1))>COUNTIF(A:A,A22),S22:Z22<>""=FALSE,TRUE)),"Correct","Error"),"")}
A23: 420403 | B23: 0 | C23: =_xlfn.TEXTJOIN(";",1,A23,B23) -> 420403;0 | D23: 460400 | E23: 大湖 | F23: =VLOOKUP(D23,weather!A:D,4,0) -> 晴空 | G23: =H23&"~"&I23 -> 150~184.5 | H23: 150 | I23: =H23*1.15+12 -> 184.5 | J23: {=_xlfn.TEXTJOIN(";",1,_xlfn.MAP(K23:R23,S23:Z23,_xlfn.LAMBDA(_xlpm.a,_xlpm.b,IF(_xlpm.b=0,"",_xlpm.a&"~"&_xlpm.b))))} -> 0~300000;10~700000 | K23: {=_xlfn.LET(_xlpm._arr_len,COUNTIF($A:$A,$A23),_xlpm._group_row,MATCH($A23,$A:$A,0),_xlfn.MAKEARRAY(1,8,_xlfn.LAMBDA(_xlpm.x,_xlpm.y,IF(_xlpm.y>_xlpm._arr_len,"",INDEX(OFFSET($A23,_xlpm._group_row-ROW(),1,_xlpm._arr_len),_xlpm.y)))))} -> 0 | L23: 10 | M23: 11 | S23: 300000 | T23: 700000 | AA23: =IF(A23<>"",IF(SUM(S23:Z23)>=1000000,"Correct","Error"),"") -> Correct | AB23: {=IF(A23<>"",IF(AND(IF(VALUE(RIGHT($S$3:$Z$3,1))>COUNTIF(A:A,A23),S23:Z23<>""=FALSE,TRUE)),"Correct","Error"),"")} -> Correct
A24: 420403 | B24: 10 | C24: =_xlfn.TEXTJOIN(";",1,A24,B24) -> 420403;10 | D24: 460401 | E24: 大湖 | F24: =VLOOKUP(D24,weather!A:D,4,0) -> 薄雾 | G24: =H24&"~"&I24 -> 150~184.5 | H24: 150 | I24: =H24*1.15+12 -> 184.5 | J24: {=_xlfn.TEXTJOIN(";",1,_xlfn.MAP(K24:R24,S24:Z24,_xlfn.LAMBDA(_xlpm.a,_xlpm.b,IF(_xlpm.b=0,"",_xlpm.a&"~"&_xlpm.b))))} -> 0~200000;10~200000;11~600000 | K24: {=_xlfn.LET(_xlpm._arr_len,COUNTIF($A:$A,$A24),_xlpm._group_row,MATCH($A24,$A:$A,0),_xlfn.MAKEARRAY(1,8,_xlfn.LAMBDA(_xlpm.x,_xlpm.y,IF(_xlpm.y>_xlpm._arr_len,"",INDEX(OFFSET($A24,_xlpm._group_row-ROW(),1,_xlpm._arr_len),_xlpm.y)))))} -> 0 | L24: 10 | M24: 11 | S24: 200000 | T24: 200000 | U24: 600000 | AA24: =IF(A24<>"",IF(SUM(S24:Z24)>=1000000,"Correct","Error"),"") -> Correct | AB24: {=IF(A24<>"",IF(AND(IF(VALUE(RIGHT($S$3:$Z$3,1))>COUNTIF(A:A,A24),S24:Z24<>""=FALSE,TRUE)),"Correct","Error"),"")} -> Correct
A25: 420403 | B25: 11 | C25: =_xlfn.TEXTJOIN(";",1,A25,B25) -> 420403;11 | D25: 460402 | E25: 大湖 | F25: =VLOOKUP(D25,weather!A:D,4,0) -> 浓雾 | G25: =H25&"~"&I25 -> 300~357 | H25: 300 | I25: =H25*1.15+12 -> 357 | J25: {=_xlfn.TEXTJOIN(";",1,_xlfn.MAP(K25:R25,S25:Z25,_xlfn.LAMBDA(_xlpm.a,_xlpm.b,IF(_xlpm.b=0,"",_xlpm.a&"~"&_xlpm.b))))} -> 10~100000;11~900000 | K25: {=_xlfn.LET(_xlpm._arr_len,COUNTIF($A:$A,$A25),_xlpm._group_row,MATCH($A25,$A:$A,0),_xlfn.MAKEARRAY(1,8,_xlfn.LAMBDA(_xlpm.x,_xlpm.y,IF(_xlpm.y>_xlpm._arr_len,"",INDEX(OFFSET($A25,_xlpm._group_row-ROW(),1,_xlpm._arr_len),_xlpm.y)))))} -> 0 | L25: 10 | M25: 11 | T25: 100000 | U25: 900000 | AA25: =IF(A25<>"",IF(SUM(S25:Z25)>=1000000,"Correct","Error"),"") -> Correct | AB25: {=IF(A25<>"",IF(AND(IF(VALUE(RIGHT($S$3:$Z$3,1))>COUNTIF(A:A,A25),S25:Z25<>""=FALSE,TRUE)),"Correct","Error"),"")} -> Correct
C26: =_xlfn.TEXTJOIN(";",1,A26,B26) | AA26: =IF(A26<>"",IF(SUM(S26:Z26)>=1000000,"Correct","Error"),"") | AB26: {=IF(A26<>"",IF(AND(IF(VALUE(RIGHT($S$3:$Z$3,1))>COUNTIF(A:A,A26),S26:Z26<>""=FALSE,TRUE)),"Correct","Error"),"")}
A27: 420404 | B27: 0 | C27: =_xlfn.TEXTJOIN(";",1,A27,B27) -> 420404;0 | D27: 460400 | E27: 大湖 | F27: =VLOOKUP(D27,weather!A:D,4,0) -> 晴空 | G27: =H27&"~"&I27 -> 150~184.5 | H27: 150 | I27: =H27*1.15+12 -> 184.5 | J27: {=_xlfn.TEXTJOIN(";",1,_xlfn.MAP(K27:R27,S27:Z27,_xlfn.LAMBDA(_xlpm.a,_xlpm.b,IF(_xlpm.b=0,"",_xlpm.a&"~"&_xlpm.b))))} -> 0~200000;10~800000 | K27: {=_xlfn.LET(_xlpm._arr_len,COUNTIF($A:$A,$A27),_xlpm._group_row,MATCH($A27,$A:$A,0),_xlfn.MAKEARRAY(1,8,_xlfn.LAMBDA(_xlpm.x,_xlpm.y,IF(_xlpm.y>_xlpm._arr_len,"",INDEX(OFFSET($A27,_xlpm._group_row-ROW(),1,_xlpm._arr_len),_xlpm.y)))))} -> 0 | L27: 10 | M27: 11 | N27: 12 | S27: 200000 | T27: 800000 | AA27: =IF(A27<>"",IF(SUM(S27:Z27)>=1000000,"Correct","Error"),"") -> Correct | AB27: {=IF(A27<>"",IF(AND(IF(VALUE(RIGHT($S$3:$Z$3,1))>COUNTIF(A:A,A27),S27:Z27<>""=FALSE,TRUE)),"Correct","Error"),"")} -> Correct
A28: 420404 | B28: 10 | C28: =_xlfn.TEXTJOIN(";",1,A28,B28) -> 420404;10 | D28: 460401 | E28: 大湖 | F28: =VLOOKUP(D28,weather!A:D,4,0) -> 薄雾 | G28: =H28&"~"&I28 -> 150~184.5 | H28: 150 | I28: =H28*1.15+12 -> 184.5 | J28: {=_xlfn.TEXTJOIN(";",1,_xlfn.MAP(K28:R28,S28:Z28,_xlfn.LAMBDA(_xlpm.a,_xlpm.b,IF(_xlpm.b=0,"",_xlpm.a&"~"&_xlpm.b))))} -> 0~100000;10~200000;11~700000 | K28: {=_xlfn.LET(_xlpm._arr_len,COUNTIF($A:$A,$A28),_xlpm._group_row,MATCH($A28,$A:$A,0),_xlfn.MAKEARRAY(1,8,_xlfn.LAMBDA(_xlpm.x,_xlpm.y,IF(_xlpm.y>_xlpm._arr_len,"",INDEX(OFFSET($A28,_xlpm._group_row-ROW(),1,_xlpm._arr_len),_xlpm.y)))))} -> 0 | L28: 10 | M28: 11 | N28: 12 | S28: 100000 | T28: 200000 | U28: 700000 | AA28: =IF(A28<>"",IF(SUM(S28:Z28)>=1000000,"Correct","Error"),"") -> Correct | AB28: {=IF(A28<>"",IF(AND(IF(VALUE(RIGHT($S$3:$Z$3,1))>COUNTIF(A:A,A28),S28:Z28<>""=FALSE,TRUE)),"Correct","Error"),"")} -> Correct
A29: 420404 | B29: 11 | C29: =_xlfn.TEXTJOIN(";",1,A29,B29) -> 420404;11 | D29: 460402 | E29: 大湖 | F29: =VLOOKUP(D29,weather!A:D,4,0) -> 浓雾 | G29: =H29&"~"&I29 -> 150~184.5 | H29: 150 | I29: =H29*1.15+12 -> 184.5 | J29: {=_xlfn.TEXTJOIN(";",1,_xlfn.MAP(K29:R29,S29:Z29,_xlfn.LAMBDA(_xlpm.a,_xlpm.b,IF(_xlpm.b=0,"",_xlpm.a&"~"&_xlpm.b))))} -> 10~100000;11~300000;12~600000 | K29: {=_xlfn.LET(_xlpm._arr_len,COUNTIF($A:$A,$A29),_xlpm._group_row,MATCH($A29,$A:$A,0),_xlfn.MAKEARRAY(1,8,_xlfn.LAMBDA(_xlpm.x,_xlpm.y,IF(_xlpm.y>_xlpm._arr_len,"",INDEX(OFFSET($A29,_xlpm._group_row-ROW(),1,_xlpm._arr_len),_xlpm.y)))))} -> 0 | L29: 10 | M29: 11 | N29: 12 | T29: 100000 | U29: 300000 | V29: 600000 | AA29: =IF(A29<>"",IF(SUM(S29:Z29)>=1000000,"Correct","Error"),"") -> Correct | AB29: {=IF(A29<>"",IF(AND(IF(VALUE(RIGHT($S$3:$Z$3,1))>COUNTIF(A:A,A29),S29:Z29<>""=FALSE,TRUE)),"Correct","Error"),"")} -> Correct
A30: 420404 | B30: 12 | C30: =_xlfn.TEXTJOIN(";",1,A30,B30) -> 420404;12 | D30: 460403 | E30: 大湖 | F30: =VLOOKUP(D30,weather!A:D,4,0) -> 黑色妖雾 | G30: =H30&"~"&I30 -> 300~357 | H30: 300 | I30: =H30*1.15+12 -> 357 | J30: {=_xlfn.TEXTJOIN(";",1,_xlfn.MAP(K30:R30,S30:Z30,_xlfn.LAMBDA(_xlpm.a,_xlpm.b,IF(_xlpm.b=0,"",_xlpm.a&"~"&_xlpm.b))))} -> 11~100000;12~900000 | K30: {=_xlfn.LET(_xlpm._arr_len,COUNTIF($A:$A,$A30),_xlpm._group_row,MATCH($A30,$A:$A,0),_xlfn.MAKEARRAY(1,8,_xlfn.LAMBDA(_xlpm.x,_xlpm.y,IF(_xlpm.y>_xlpm._arr_len,"",INDEX(OFFSET($A30,_xlpm._group_row-ROW(),1,_xlpm._arr_len),_xlpm.y)))))} -> 0 | L30: 10 | M30: 11 | N30: 12 | U30: 100000 | V30: 900000 | AA30: =IF(A30<>"",IF(SUM(S30:Z30)>=1000000,"Correct","Error"),"") -> Correct | AB30: {=IF(A30<>"",IF(AND(IF(VALUE(RIGHT($S$3:$Z$3,1))>COUNTIF(A:A,A30),S30:Z30<>""=FALSE,TRUE)),"Correct","Error"),"")} -> Correct
C31: =_xlfn.TEXTJOIN(";",1,A31,B31) | AA31: =IF(A31<>"",IF(SUM(S31:Z31)>=1000000,"Correct","Error"),"") | AB31: {=IF(A31<>"",IF(AND(IF(VALUE(RIGHT($S$3:$Z$3,1))>COUNTIF(A:A,A31),S31:Z31<>""=FALSE,TRUE)),"Correct","Error"),"")}
A32: 420405 | B32: 0 | C32: =_xlfn.TEXTJOIN(";",1,A32,B32) -> 420405;0 | D32: 460400 | E32: 大湖 | F32: =VLOOKUP(D32,weather!A:D,4,0) -> 晴空 | G32: =H32&"~"&I32 -> 150~184.5 | H32: 150 | I32: =H32*1.15+12 -> 184.5 | J32: {=_xlfn.TEXTJOIN(";",1,_xlfn.MAP(K32:R32,S32:Z32,_xlfn.LAMBDA(_xlpm.a,_xlpm.b,IF(_xlpm.b=0,"",_xlpm.a&"~"&_xlpm.b))))} -> 0~100000;10~900000 | K32: {=_xlfn.LET(_xlpm._arr_len,COUNTIF($A:$A,$A32),_xlpm._group_row,MATCH($A32,$A:$A,0),_xlfn.MAKEARRAY(1,8,_xlfn.LAMBDA(_xlpm.x,_xlpm.y,IF(_xlpm.y>_xlpm._arr_len,"",INDEX(OFFSET($A32,_xlpm._group_row-ROW(),1,_xlpm._arr_len),_xlpm.y)))))} -> 0 | L32: 10 | M32: 11 | N32: 12 | O32: 13 | S32: 100000 | T32: 900000 | AA32: =IF(A32<>"",IF(SUM(S32:Z32)>=1000000,"Correct","Error"),"") -> Correct | AB32: {=IF(A32<>"",IF(AND(IF(VALUE(RIGHT($S$3:$Z$3,1))>COUNTIF(A:A,A32),S32:Z32<>""=FALSE,TRUE)),"Correct","Error"),"")} -> Correct
A33: 420405 | B33: 10 | C33: =_xlfn.TEXTJOIN(";",1,A33,B33) -> 420405;10 | D33: 460401 | E33: 大湖 | F33: =VLOOKUP(D33,weather!A:D,4,0) -> 薄雾 | G33: =H33&"~"&I33 -> 150~184.5 | H33: 150 | I33: =H33*1.15+12 -> 184.5 | J33: {=_xlfn.TEXTJOIN(";",1,_xlfn.MAP(K33:R33,S33:Z33,_xlfn.LAMBDA(_xlpm.a,_xlpm.b,IF(_xlpm.b=0,"",_xlpm.a&"~"&_xlpm.b))))} -> 0~50000;10~150000;11~800000 | K33: {=_xlfn.LET(_xlpm._arr_len,COUNTIF($A:$A,$A33),_xlpm._group_row,MATCH($A33,$A:$A,0),_xlfn.MAKEARRAY(1,8,_xlfn.LAMBDA(_xlpm.x,_xlpm.y,IF(_xlpm.y>_xlpm._arr_len,"",INDEX(OFFSET($A33,_xlpm._group_row-ROW(),1,_xlpm._arr_len),_xlpm.y)))))} -> 0 | L33: 10 | M33: 11 | N33: 12 | O33: 13 | S33: 50000 | T33: 150000 | U33: 800000 | AA33: =IF(A33<>"",IF(SUM(S33:Z33)>=1000000,"Correct","Error"),"") -> Correct | AB33: {=IF(A33<>"",IF(AND(IF(VALUE(RIGHT($S$3:$Z$3,1))>COUNTIF(A:A,A33),S33:Z33<>""=FALSE,TRUE)),"Correct","Error"),"")} -> Correct
A34: 420405 | B34: 11 | C34: =_xlfn.TEXTJOIN(";",1,A34,B34) -> 420405;11 | D34: 460402 | E34: 大湖 | F34: =VLOOKUP(D34,weather!A:D,4,0) -> 浓雾 | G34: =H34&"~"&I34 -> 150~184.5 | H34: 150 | I34: =H34*1.15+12 -> 184.5 | J34: {=_xlfn.TEXTJOIN(";",1,_xlfn.MAP(K34:R34,S34:Z34,_xlfn.LAMBDA(_xlpm.a,_xlpm.b,IF(_xlpm.b=0,"",_xlpm.a&"~"&_xlpm.b))))} -> 10~100000;11~200000;12~700000 | K34: {=_xlfn.LET(_xlpm._arr_len,COUNTIF($A:$A,$A34),_xlpm._group_row,MATCH($A34,$A:$A,0),_xlfn.MAKEARRAY(1,8,_xlfn.LAMBDA(_xlpm.x,_xlpm.y,IF(_xlpm.y>_xlpm._arr_len,"",INDEX(OFFSET($A34,_xlpm._group_row-ROW(),1,_xlpm._arr_len),_xlpm.y)))))} -> 0 | L34: 10 | M34: 11 | N34: 12 | O34: 13 | T34: 100000 | U34: 200000 | V34: 700000 | AA34: =IF(A34<>"",IF(SUM(S34:Z34)>=1000000,"Correct","Error"),"") -> Correct | AB34: {=IF(A34<>"",IF(AND(IF(VALUE(RIGHT($S$3:$Z$3,1))>COUNTIF(A:A,A34),S34:Z34<>""=FALSE,TRUE)),"Correct","Error"),"")} -> Correct
A35: 420405 | B35: 12 | C35: =_xlfn.TEXTJOIN(";",1,A35,B35) -> 420405;12 | D35: 460403 | E35: 大湖 | F35: =VLOOKUP(D35,weather!A:D,4,0) -> 黑色妖雾 | G35: =H35&"~"&I35 -> 150~184.5 | H35: 150 | I35: =H35*1.15+12 -> 184.5 | J35: {=_xlfn.TEXTJOIN(";",1,_xlfn.MAP(K35:R35,S35:Z35,_xlfn.LAMBDA(_xlpm.a,_xlpm.b,IF(_xlpm.b=0,"",_xlpm.a&"~"&_xlpm.b))))} -> 11~100000;12~300000;13~600000 | K35: {=_xlfn.LET(_xlpm._arr_len,COUNTIF($A:$A,$A35),_xlpm._group_row,MATCH($A35,$A:$A,0),_xlfn.MAKEARRAY(1,8,_xlfn.LAMBDA(_xlpm.x,_xlpm.y,IF(_xlpm.y>_xlpm._arr_len,"",INDEX(OFFSET($A35,_xlpm._group_row-ROW(),1,_xlpm._arr_len),_xlpm.y)))))} -> 0 | L35: 10 | M35: 11 | N35: 12 | O35: 13 | U35: 100000 | V35: 300000 | W35: 600000 | AA35: =IF(A35<>"",IF(SUM(S35:Z35)>=1000000,"Correct","Error"),"") -> Correct | AB35: {=IF(A35<>"",IF(AND(IF(VALUE(RIGHT($S$3:$Z$3,1))>COUNTIF(A:A,A35),S35:Z35<>""=FALSE,TRUE)),"Correct","Error"),"")} -> Correct
A36: 420405 | B36: 13 | C36: =_xlfn.TEXTJOIN(";",1,A36,B36) -> 420405;13 | D36: 460404 | E36: 大湖 | F36: =VLOOKUP(D36,weather!A:D,4,0) -> 浓厚妖雾 | G36: =H36&"~"&I36 -> 300~357 | H36: 300 | I36: =H36*1.15+12 -> 357 | J36: {=_xlfn.TEXTJOIN(";",1,_xlfn.MAP(K36:R36,S36:Z36,_xlfn.LAMBDA(_xlpm.a,_xlpm.b,IF(_xlpm.b=0,"",_xlpm.a&"~"&_xlpm.b))))} -> 12~100000;13~900000 | K36: {=_xlfn.LET(_xlpm._arr_len,COUNTIF($A:$A,$A36),_xlpm._group_row,MATCH($A36,$A:$A,0),_xlfn.MAKEARRAY(1,8,_xlfn.LAMBDA(_xlpm.x,_xlpm.y,IF(_xlpm.y>_xlpm._arr_len,"",INDEX(OFFSET($A36,_xlpm._group_row-ROW(),1,_xlpm._arr_len),_xlpm.y)))))} -> 0 | L36: 10 | M36: 11 | N36: 12 | O36: 13 | V36: 100000 | W36: 900000 | AA36: =IF(A36<>"",IF(SUM(S36:Z36)>=1000000,"Correct","Error"),"") -> Correct | AB36: {=IF(A36<>"",IF(AND(IF(VALUE(RIGHT($S$3:$Z$3,1))>COUNTIF(A:A,A36),S36:Z36<>""=FALSE,TRUE)),"Correct","Error"),"")} -> Correct
C37: =_xlfn.TEXTJOIN(";",1,A37,B37) | AA37: =IF(A37<>"",IF(SUM(S37:Z37)>=1000000,"Correct","Error"),"") | AB37: {=IF(A37<>"",IF(AND(IF(VALUE(RIGHT($S$3:$Z$3,1))>COUNTIF(A:A,A37),S37:Z37<>""=FALSE,TRUE)),"Correct","Error"),"")}
A38: 420406 | B38: 10 | C38: =_xlfn.TEXTJOIN(";",1,A38,B38) -> 420406;10 | D38: 460401 | E38: 大湖 | F38: =VLOOKUP(D38,weather!A:D,4,0) -> 薄雾 | G38: =H38&"~"&I38 -> 150~184.5 | H38: 150 | I38: =H38*1.15+12 -> 184.5 | J38: {=_xlfn.TEXTJOIN(";",1,_xlfn.MAP(K38:R38,S38:Z38,_xlfn.LAMBDA(_xlpm.a,_xlpm.b,IF(_xlpm.b=0,"",_xlpm.a&"~"&_xlpm.b))))} -> 10~200000;11~800000 | K38: {=_xlfn.LET(_xlpm._arr_len,COUNTIF($A:$A,$A38),_xlpm._group_row,MATCH($A38,$A:$A,0),_xlfn.MAKEARRAY(1,8,_xlfn.LAMBDA(_xlpm.x,_xlpm.y,IF(_xlpm.y>_xlpm._arr_len,"",INDEX(OFFSET($A38,_xlpm._group_row-ROW(),1,_xlpm._arr_len),_xlpm.y)))))} -> 10 | L38: 11 | M38: 12 | N38: 13 | S38: 200000 | T38: 800000 | AA38: =IF(A38<>"",IF(SUM(S38:Z38)>=1000000,"Correct","Error"),"") -> Correct | AB38: {=IF(A38<>"",IF(AND(IF(VALUE(RIGHT($S$3:$Z$3,1))>COUNTIF(A:A,A38),S38:Z38<>""=FALSE,TRUE)),"Correct","Error"),"")} -> Correct
A39: 420406 | B39: 11 | C39: =_xlfn.TEXTJOIN(";",1,A39,B39) -> 420406;11 | D39: 460402 | E39: 大湖 | F39: =VLOOKUP(D39,weather!A:D,4,0) -> 浓雾 | G39: =H39&"~"&I39 -> 150~184.5 | H39: 150 | I39: =H39*1.15+12 -> 184.5 | J39: {=_xlfn.TEXTJOIN(";",1,_xlfn.MAP(K39:R39,S39:Z39,_xlfn.LAMBDA(_xlpm.a,_xlpm.b,IF(_xlpm.b=0,"",_xlpm.a&"~"&_xlpm.b))))} -> 10~100000;11~200000;12~700000 | K39: {=_xlfn.LET(_xlpm._arr_len,COUNTIF($A:$A,$A39),_xlpm._group_row,MATCH($A39,$A:$A,0),_xlfn.MAKEARRAY(1,8,_xlfn.LAMBDA(_xlpm.x,_xlpm.y,IF(_xlpm.y>_xlpm._arr_len,"",INDEX(OFFSET($A39,_xlpm._group_row-ROW(),1,_xlpm._arr_len),_xlpm.y)))))} -> 10 | L39: 11 | M39: 12 | N39: 13 | S39: 100000 | T39: 200000 | U39: 700000 | AA39: =IF(A39<>"",IF(SUM(S39:Z39)>=1000000,"Correct","Error"),"") -> Correct | AB39: {=IF(A39<>"",IF(AND(IF(VALUE(RIGHT($S$3:$Z$3,1))>COUNTIF(A:A,A39),S39:Z39<>""=FALSE,TRUE)),"Correct","Error"),"")} -> Correct
A40: 420406 | B40: 12 | C40: =_xlfn.TEXTJOIN(";",1,A40,B40) -> 420406;12 | D40: 460403 | E40: 大湖 | F40: =VLOOKUP(D40,weather!A:D,4,0) -> 黑色妖雾 | G40: =H40&"~"&I40 -> 150~184.5 | H40: 150 | I40: =H40*1.15+12 -> 184.5 | J40: {=_xlfn.TEXTJOIN(";",1,_xlfn.MAP(K40:R40,S40:Z40,_xlfn.LAMBDA(_xlpm.a,_xlpm.b,IF(_xlpm.b=0,"",_xlpm.a&"~"&_xlpm.b))))} -> 11~100000;12~300000;13~600000 | K40: {=_xlfn.LET(_xlpm._arr_len,COUNTIF($A:$A,$A40),_xlpm._group_row,MATCH($A40,$A:$A,0),_xlfn.MAKEARRAY(1,8,_xlfn.LAMBDA(_xlpm.x,_xlpm.y,IF(_xlpm.y>_xlpm._arr_len,"",INDEX(OFFSET($A40,_xlpm._group_row-ROW(),1,_xlpm._arr_len),_xlpm.y)))))} -> 10 | L40: 11 | M40: 12 | N40: 13 | T40: 100000 | U40: 300000 | V40: 600000 | AA40: =IF(A40<>"",IF(SUM(S40:Z40)>=1000000,"Correct","Error"),"") -> Correct | AB40: {=IF(A40<>"",IF(AND(IF(VALUE(RIGHT($S$3:$Z$3,1))>COUNTIF(A:A,A40),S40:Z40<>""=FALSE,TRUE)),"Correct","Error"),"")} -> Correct
A41: 420406 | B41: 13 | C41: =_xlfn.TEXTJOIN(";",1,A41,B41) -> 420406;13 | D41: 460404 | E41: 大湖 | F41: =VLOOKUP(D41,weather!A:D,4,0) -> 浓厚妖雾 | G41: =H41&"~"&I41 -> 300~357 | H41: 300 | I41: =H41*1.15+12 -> 357 | J41: {=_xlfn.TEXTJOIN(";",1,_xlfn.MAP(K41:R41,S41:Z41,_xlfn.LAMBDA(_xlpm.a,_xlpm.b,IF(_xlpm.b=0,"",_xlpm.a&"~"&_xlpm.b))))} -> 12~100000;13~900000 | K41: {=_xlfn.LET(_xlpm._arr_len,COUNTIF($A:$A,$A41),_xlpm._group_row,MATCH($A41,$A:$A,0),_xlfn.MAKEARRAY(1,8,_xlfn.LAMBDA(_xlpm.x,_xlpm.y,IF(_xlpm.y>_xlpm._arr_len,"",INDEX(OFFSET($A41,_xlpm._group_row-ROW(),1,_xlpm._arr_len),_xlpm.y)))))} -> 10 | L41: 11 | M41: 12 | N41: 13 | U41: 100000 | V41: 900000 | AA41: =IF(A41<>"",IF(SUM(S41:Z41)>=1000000,"Correct","Error"),"") -> Correct | AB41: {=IF(A41<>"",IF(AND(IF(VALUE(RIGHT($S$3:$Z$3,1))>COUNTIF(A:A,A41),S41:Z41<>""=FALSE,TRUE)),"Correct","Error"),"")} -> Correct
C42: =_xlfn.TEXTJOIN(";",1,A42,B42) | AA42: =IF(A42<>"",IF(SUM(S42:Z42)>=1000000,"Correct","Error"),"") | AB42: {=IF(A42<>"",IF(AND(IF(VALUE(RIGHT($S$3:$Z$3,1))>COUNTIF(A:A,A42),S42:Z42<>""=FALSE,TRUE)),"Correct","Error"),"")}
A43: 420407 | B43: 11 | C43: =_xlfn.TEXTJOIN(";",1,A43,B43) -> 420407;11 | D43: 460402 | E43: 大湖 | F43: =VLOOKUP(D43,weather!A:D,4,0) -> 浓雾 | G43: =H43&"~"&I43 -> 150~184.5 | H43: 150 | I43: =H43*1.15+12 -> 184.5 | J43: {=_xlfn.TEXTJOIN(";",1,_xlfn.MAP(K43:R43,S43:Z43,_xlfn.LAMBDA(_xlpm.a,_xlpm.b,IF(_xlpm.b=0,"",_xlpm.a&"~"&_xlpm.b))))} -> 11~300000;12~700000 | K43: {=_xlfn.LET(_xlpm._arr_len,COUNTIF($A:$A,$A43),_xlpm._group_row,MATCH($A43,$A:$A,0),_xlfn.MAKEARRAY(1,8,_xlfn.LAMBDA(_xlpm.x,_xlpm.y,IF(_xlpm.y>_xlpm._arr_len,"",INDEX(OFFSET($A43,_xlpm._group_row-ROW(),1,_xlpm._arr_len),_xlpm.y)))))} -> 11 | L43: 12 | M43: 13 | S43: 300000 | T43: 700000 | AA43: =IF(A43<>"",IF(SUM(S43:Z43)>=1000000,"Correct","Error"),"") -> Correct | AB43: {=IF(A43<>"",IF(AND(IF(VALUE(RIGHT($S$3:$Z$3,1))>COUNTIF(A:A,A43),S43:Z43<>""=FALSE,TRUE)),"Correct","Error"),"")} -> Correct
A44: 420407 | B44: 12 | C44: =_xlfn.TEXTJOIN(";",1,A44,B44) -> 420407;12 | D44: 460403 | E44: 大湖 | F44: =VLOOKUP(D44,weather!A:D,4,0) -> 黑色妖雾 | G44: =H44&"~"&I44 -> 150~184.5 | H44: 150 | I44: =H44*1.15+12 -> 184.5 | J44: {=_xlfn.TEXTJOIN(";",1,_xlfn.MAP(K44:R44,S44:Z44,_xlfn.LAMBDA(_xlpm.a,_xlpm.b,IF(_xlpm.b=0,"",_xlpm.a&"~"&_xlpm.b))))} -> 11~200000;12~200000;13~600000 | K44: {=_xlfn.LET(_xlpm._arr_len,COUNTIF($A:$A,$A44),_xlpm._group_row,MATCH($A44,$A:$A,0),_xlfn.MAKEARRAY(1,8,_xlfn.LAMBDA(_xlpm.x,_xlpm.y,IF(_xlpm.y>_xlpm._arr_len,"",INDEX(OFFSET($A44,_xlpm._group_row-ROW(),1,_xlpm._arr_len),_xlpm.y)))))} -> 11 | L44: 12 | M44: 13 | S44: 200000 | T44: 200000 | U44: 600000 | AA44: =IF(A44<>"",IF(SUM(S44:Z44)>=1000000,"Correct","Error"),"") -> Correct | AB44: {=IF(A44<>"",IF(AND(IF(VALUE(RIGHT($S$3:$Z$3,1))>COUNTIF(A:A,A44),S44:Z44<>""=FALSE,TRUE)),"Correct","Error"),"")} -> Correct
A45: 420407 | B45: 13 | C45: =_xlfn.TEXTJOIN(";",1,A45,B45) -> 420407;13 | D45: 460404 | E45: 大湖 | F45: =VLOOKUP(D45,weather!A:D,4,0) -> 浓厚妖雾 | G45: =H45&"~"&I45 -> 300~357 | H45: 300 | I45: =H45*1.15+12 -> 357 | J45: {=_xlfn.TEXTJOIN(";",1,_xlfn.MAP(K45:R45,S45:Z45,_xlfn.LAMBDA(_xlpm.a,_xlpm.b,IF(_xlpm.b=0,"",_xlpm.a&"~"&_xlpm.b))))} -> 12~100000;13~900000 | K45: {=_xlfn.LET(_xlpm._arr_len,COUNTIF($A:$A,$A45),_xlpm._group_row,MATCH($A45,$A:$A,0),_xlfn.MAKEARRAY(1,8,_xlfn.LAMBDA(_xlpm.x,_xlpm.y,IF(_xlpm.y>_xlpm._arr_len,"",INDEX(OFFSET($A45,_xlpm._group_row-ROW(),1,_xlpm._arr_len),_xlpm.y)))))} -> 11 | L45: 12 | M45: 13 | T45: 100000 | U45: 900000 | AA45: =IF(A45<>"",IF(SUM(S45:Z45)>=1000000,"Correct","Error"),"") -> Correct | AB45: {=IF(A45<>"",IF(AND(IF(VALUE(RIGHT($S$3:$Z$3,1))>COUNTIF(A:A,A45),S45:Z45<>""=FALSE,TRUE)),"Correct","Error"),"")} -> Correct
C46: =_xlfn.TEXTJOIN(";",1,A46,B46) | AA46: =IF(A46<>"",IF(SUM(S46:Z46)>=1000000,"Correct","Error"),"") | AB46: {=IF(A46<>"",IF(AND(IF(VALUE(RIGHT($S$3:$Z$3,1))>COUNTIF(A:A,A46),S46:Z46<>""=FALSE,TRUE)),"Correct","Error"),"")}
A47: 420408 | B47: 12 | C47: =_xlfn.TEXTJOIN(";",1,A47,B47) -> 420408;12 | D47: 460403 | E47: 大湖 | F47: =VLOOKUP(D47,weather!A:D,4,0) -> 黑色妖雾 | G47: =H47&"~"&I47 -> 150~184.5 | H47: 150 | I47: =H47*1.15+12 -> 184.5 | J47: {=_xlfn.TEXTJOIN(";",1,_xlfn.MAP(K47:R47,S47:Z47,_xlfn.LAMBDA(_xlpm.a,_xlpm.b,IF(_xlpm.b=0,"",_xlpm.a&"~"&_xlpm.b))))} -> 12~400000;13~600000 | K47: {=_xlfn.LET(_xlpm._arr_len,COUNTIF($A:$A,$A47),_xlpm._group_row,MATCH($A47,$A:$A,0),_xlfn.MAKEARRAY(1,8,_xlfn.LAMBDA(_xlpm.x,_xlpm.y,IF(_xlpm.y>_xlpm._arr_len,"",INDEX(OFFSET($A47,_xlpm._group_row-ROW(),1,_xlpm._arr_len),_xlpm.y)))))} -> 12 | L47: 13 | S47: 400000 | T47: 600000 | AA47: =IF(A47<>"",IF(SUM(S47:Z47)>=1000000,"Correct","Error"),"") -> Correct | AB47: {=IF(A47<>"",IF(AND(IF(VALUE(RIGHT($S$3:$Z$3,1))>COUNTIF(A:A,A47),S47:Z47<>""=FALSE,TRUE)),"Correct","Error"),"")} -> Correct
A48: 420408 | B48: 13 | C48: =_xlfn.TEXTJOIN(";",1,A48,B48) -> 420408;13 | D48: 460404 | E48: 大湖 | F48: =VLOOKUP(D48,weather!A:D,4,0) -> 浓厚妖雾 | G48: =H48&"~"&I48 -> 300~357 | H48: 300 | I48: =H48*1.15+12 -> 357 | J48: {=_xlfn.TEXTJOIN(";",1,_xlfn.MAP(K48:R48,S48:Z48,_xlfn.LAMBDA(_xlpm.a,_xlpm.b,IF(_xlpm.b=0,"",_xlpm.a&"~"&_xlpm.b))))} -> 12~100000;13~900000 | K48: {=_xlfn.LET(_xlpm._arr_len,COUNTIF($A:$A,$A48),_xlpm._group_row,MATCH($A48,$A:$A,0),_xlfn.MAKEARRAY(1,8,_xlfn.LAMBDA(_xlpm.x,_xlpm.y,IF(_xlpm.y>_xlpm._arr_len,"",INDEX(OFFSET($A48,_xlpm._group_row-ROW(),1,_xlpm._arr_len),_xlpm.y)))))} -> 12 | L48: 13 | S48: 100000 | T48: 900000 | AA48: =IF(A48<>"",IF(SUM(S48:Z48)>=1000000,"Correct","Error"),"") -> Correct | AB48: {=IF(A48<>"",IF(AND(IF(VALUE(RIGHT($S$3:$Z$3,1))>COUNTIF(A:A,A48),S48:Z48<>""=FALSE,TRUE)),"Correct","Error"),"")} -> Correct
C49: =_xlfn.TEXTJOIN(";",1,A49,B49) | AA49: =IF(A49<>"",IF(SUM(S49:Z49)>=1000000,"Correct","Error"),"") | AB49: {=IF(A49<>"",IF(AND(IF(VALUE(RIGHT($S$3:$Z$3,1))>COUNTIF(A:A,A49),S49:Z49<>""=FALSE,TRUE)),"Correct","Error"),"")}
A50: 420409 | B50: 13 | C50: =_xlfn.TEXTJOIN(";",1,A50,B50) -> 420409;13 | D50: 460404 | E50: 大湖 | F50: =VLOOKUP(D50,weather!A:D,4,0) -> 浓厚妖雾 | G50: =H50&"~"&I50 -> 8680~9994 | H50: 8680 | I50: =H50*1.15+12 -> 9994 | J50: {=_xlfn.TEXTJOIN(";",1,_xlfn.MAP(K50:R50,S50:Z50,_xlfn.LAMBDA(_xlpm.a,_xlpm.b,IF(_xlpm.b=0,"",_xlpm.a&"~"&_xlpm.b))))} -> 13~1000000 | K50: {=_xlfn.LET(_xlpm._arr_len,COUNTIF($A:$A,$A50),_xlpm._group_row,MATCH($A50,$A:$A,0),_xlfn.MAKEARRAY(1,8,_xlfn.LAMBDA(_xlpm.x,_xlpm.y,IF(_xlpm.y>_xlpm._arr_len,"",INDEX(OFFSET($A50,_xlpm._group_row-ROW(),1,_xlpm._arr_len),_xlpm.y)))))} -> 13 | S50: 1000000 | AA50: =IF(A50<>"",IF(SUM(S50:Z50)>=1000000,"Correct","Error"),"") -> Correct | AB50: {=IF(A50<>"",IF(AND(IF(VALUE(RIGHT($S$3:$Z$3,1))>COUNTIF(A:A,A50),S50:Z50<>""=FALSE,TRUE)),"Correct","Error"),"")} -> Correct
C54: =_xlfn.TEXTJOIN(";",1,A54,B54)
C55: =_xlfn.TEXTJOIN(";",1,A55,B55)
A56: 420701 | B56: 0 | C56: =_xlfn.TEXTJOIN(";",1,A56,B56) -> 420701;0 | D56: 460700 | E56: 大湖 | F56: =VLOOKUP(D56,weather!A:D,4,0) -> 曝晒 | G56: =H56&"~"&I56 -> 8680~9994 | H56: 8680 | I56: =H56*1.15+12 -> 9994 | J56: {=_xlfn.TEXTJOIN(";",1,_xlfn.MAP(K56:R56,S56:Z56,_xlfn.LAMBDA(_xlpm.a,_xlpm.b,IF(_xlpm.b=0,"",_xlpm.a&"~"&_xlpm.b))))} -> 0~1000000 | K56: {=_xlfn.LET(_xlpm._arr_len,COUNTIF($A:$A,$A56),_xlpm._group_row,MATCH($A56,$A:$A,0),_xlfn.MAKEARRAY(1,8,_xlfn.LAMBDA(_xlpm.x,_xlpm.y,IF(_xlpm.y>_xlpm._arr_len,"",INDEX(OFFSET($A56,_xlpm._group_row-ROW(),1,_xlpm._arr_len),_xlpm.y)))))} -> 0 | S56: 1000000 | AA56: =IF(A56<>"",IF(SUM(S56:Z56)>=1000000,"Correct","Error"),"") -> Correct | AB56: {=IF(A56<>"",IF(AND(IF(VALUE(RIGHT($S$3:$Z$3,1))>COUNTIF(A:A,A56),S56:Z56<>""=FALSE,TRUE)),"Correct","Error"),"")} -> Correct
C57: =_xlfn.TEXTJOIN(";",1,A57,B57) | AA57: =IF(A57<>"",IF(SUM(S57:Z57)>=1000000,"Correct","Error"),"") | AB57: {=IF(A57<>"",IF(AND(IF(VALUE(RIGHT($S$3:$Z$3,1))>COUNTIF(A:A,A57),S57:Z57<>""=FALSE,TRUE)),"Correct","Error"),"")}
A58: 420702 | B58: 0 | C58: =_xlfn.TEXTJOIN(";",1,A58,B58) -> 420702;0 | D58: 460700 | E58: 大湖 | F58: =VLOOKUP(D58,weather!A:D,4,0) -> 曝晒 | G58: =H58&"~"&I58 -> 150~184.5 | H58: 150 | I58: =H58*1.15+12 -> 184.5 | J58: {=_xlfn.TEXTJOIN(";",1,_xlfn.MAP(K58:R58,S58:Z58,_xlfn.LAMBDA(_xlpm.a,_xlpm.b,IF(_xlpm.b=0,"",_xlpm.a&"~"&_xlpm.b))))} -> 0~400000;10~600000 | K58: {=_xlfn.LET(_xlpm._arr_len,COUNTIF($A:$A,$A58),_xlpm._group_row,MATCH($A58,$A:$A,0),_xlfn.MAKEARRAY(1,8,_xlfn.LAMBDA(_xlpm.x,_xlpm.y,IF(_xlpm.y>_xlpm._arr_len,"",INDEX(OFFSET($A58,_xlpm._group_row-ROW(),1,_xlpm._arr_len),_xlpm.y)))))} -> 0 | L58: 10 | S58: 400000 | T58: 600000 | AA58: =IF(A58<>"",IF(SUM(S58:Z58)>=1000000,"Correct","Error"),"") -> Correct | AB58: {=IF(A58<>"",IF(AND(IF(VALUE(RIGHT($S$3:$Z$3,1))>COUNTIF(A:A,A58),S58:Z58<>""=FALSE,TRUE)),"Correct","Error"),"")} -> Correct
A59: 420702 | B59: 10 | C59: =_xlfn.TEXTJOIN(";",1,A59,B59) -> 420702;10 | D59: 460701 | E59: 大湖 | F59: =VLOOKUP(D59,weather!A:D,4,0) -> 扬尘 | G59: =H59&"~"&I59 -> 300~357 | H59: 300 | I59: =H59*1.15+12 -> 357 | J59: {=_xlfn.TEXTJOIN(";",1,_xlfn.MAP(K59:R59,S59:Z59,_xlfn.LAMBDA(_xlpm.a,_xlpm.b,IF(_xlpm.b=0,"",_xlpm.a&"~"&_xlpm.b))))} -> 0~100000;10~900000 | K59: {=_xlfn.LET(_xlpm._arr_len,COUNTIF($A:$A,$A59),_xlpm._group_row,MATCH($A59,$A:$A,0),_xlfn.MAKEARRAY(1,8,_xlfn.LAMBDA(_xlpm.x,_xlpm.y,IF(_xlpm.y>_xlpm._arr_len,"",INDEX(OFFSET($A59,_xlpm._group_row-ROW(),1,_xlpm._arr_len),_xlpm.y)))))} -> 0 | L59: 10 | S59: 100000 | T59: 900000 | AA59: =IF(A59<>"",IF(SUM(S59:Z59)>=1000000,"Correct","Error"),"") -> Correct | AB59: {=IF(A59<>"",IF(AND(IF(VALUE(RIGHT($S$3:$Z$3,1))>COUNTIF(A:A,A59),S59:Z59<>""=FALSE,TRUE)),"Correct","Error"),"")} -> Correct
C60: =_xlfn.TEXTJOIN(";",1,A60,B60) | AA60: =IF(A60<>"",IF(SUM(S60:Z60)>=1000000,"Correct","Error"),"") | AB60: {=IF(A60<>"",IF(AND(IF(VALUE(RIGHT($S$3:$Z$3,1))>COUNTIF(A:A,A60),S60:Z60<>""=FALSE,TRUE)),"Correct","Error"),"")}
A61: 420703 | B61: 0 | C61: =_xlfn.TEXTJOIN(";",1,A61,B61) -> 420703;0 | D61: 460700 | E61: 大湖 | F61: =VLOOKUP(D61,weather!A:D,4,0) -> 曝晒 | G61: =H61&"~"&I61 -> 150~184.5 | H61: 150 | I61: =H61*1.15+12 -> 184.5 | J61: {=_xlfn.TEXTJOIN(";",1,_xlfn.MAP(K61:R61,S61:Z61,_xlfn.LAMBDA(_xlpm.a,_xlpm.b,IF(_xlpm.b=0,"",_xlpm.a&"~"&_xlpm.b))))} -> 0~300000;10~700000 | K61: {=_xlfn.LET(_xlpm._arr_len,COUNTIF($A:$A,$A61),_xlpm._group_row,MATCH($A61,$A:$A,0),_xlfn.MAKEARRAY(1,8,_xlfn.LAMBDA(_xlpm.x,_xlpm.y,IF(_xlpm.y>_xlpm._arr_len,"",INDEX(OFFSET($A61,_xlpm._group_row-ROW(),1,_xlpm._arr_len),_xlpm.y)))))} -> 0 | L61: 10 | M61: 11 | S61: 300000 | T61: 700000 | AA61: =IF(A61<>"",IF(SUM(S61:Z61)>=1000000,"Correct","Error"),"") -> Correct | AB61: {=IF(A61<>"",IF(AND(IF(VALUE(RIGHT($S$3:$Z$3,1))>COUNTIF(A:A,A61),S61:Z61<>""=FALSE,TRUE)),"Correct","Error"),"")} -> Correct
A62: 420703 | B62: 10 | C62: =_xlfn.TEXTJOIN(";",1,A62,B62) -> 420703;10 | D62: 460701 | E62: 大湖 | F62: =VLOOKUP(D62,weather!A:D,4,0) -> 扬尘 | G62: =H62&"~"&I62 -> 150~184.5 | H62: 150 | I62: =H62*1.15+12 -> 184.5 | J62: {=_xlfn.TEXTJOIN(";",1,_xlfn.MAP(K62:R62,S62:Z62,_xlfn.LAMBDA(_xlpm.a,_xlpm.b,IF(_xlpm.b=0,"",_xlpm.a&"~"&_xlpm.b))))} -> 0~200000;10~200000;11~600000 | K62: {=_xlfn.LET(_xlpm._arr_len,COUNTIF($A:$A,$A62),_xlpm._group_row,MATCH($A62,$A:$A,0),_xlfn.MAKEARRAY(1,8,_xlfn.LAMBDA(_xlpm.x,_xlpm.y,IF(_xlpm.y>_xlpm._arr_len,"",INDEX(OFFSET($A62,_xlpm._group_row-ROW(),1,_xlpm._arr_len),_xlpm.y)))))} -> 0 | L62: 10 | M62: 11 | S62: 200000 | T62: 200000 | U62: 600000 | AA62: =IF(A62<>"",IF(SUM(S62:Z62)>=1000000,"Correct","Error"),"") -> Correct | AB62: {=IF(A62<>"",IF(AND(IF(VALUE(RIGHT($S$3:$Z$3,1))>COUNTIF(A:A,A62),S62:Z62<>""=FALSE,TRUE)),"Correct","Error"),"")} -> Correct
A63: 420703 | B63: 11 | C63: =_xlfn.TEXTJOIN(";",1,A63,B63) -> 420703;11 | D63: 460702 | E63: 大湖 | F63: =VLOOKUP(D63,weather!A:D,4,0) -> 沙暴 | G63: =H63&"~"&I63 -> 300~357 | H63: 300 | I63: =H63*1.15+12 -> 357 | J63: {=_xlfn.TEXTJOIN(";",1,_xlfn.MAP(K63:R63,S63:Z63,_xlfn.LAMBDA(_xlpm.a,_xlpm.b,IF(_xlpm.b=0,"",_xlpm.a&"~"&_xlpm.b))))} -> 10~100000;11~900000 | K63: {=_xlfn.LET(_xlpm._arr_len,COUNTIF($A:$A,$A63),_xlpm._group_row,MATCH($A63,$A:$A,0),_xlfn.MAKEARRAY(1,8,_xlfn.LAMBDA(_xlpm.x,_xlpm.y,IF(_xlpm.y>_xlpm._arr_len,"",INDEX(OFFSET($A63,_xlpm._group_row-ROW(),1,_xlpm._arr_len),_xlpm.y)))))} -> 0 | L63: 10 | M63: 11 | T63: 100000 | U63: 900000 | AA63: =IF(A63<>"",IF(SUM(S63:Z63)>=1000000,"Correct","Error"),"") -> Correct | AB63: {=IF(A63<>"",IF(AND(IF(VALUE(RIGHT($S$3:$Z$3,1))>COUNTIF(A:A,A63),S63:Z63<>""=FALSE,TRUE)),"Correct","Error"),"")} -> Correct
C64: =_xlfn.TEXTJOIN(";",1,A64,B64) | AA64: =IF(A64<>"",IF(SUM(S64:Z64)>=1000000,"Correct","Error"),"") | AB64: {=IF(A64<>"",IF(AND(IF(VALUE(RIGHT($S$3:$Z$3,1))>COUNTIF(A:A,A64),S64:Z64<>""=FALSE,TRUE)),"Correct","Error"),"")}
A65: 420704 | B65: 0 | C65: =_xlfn.TEXTJOIN(";",1,A65,B65) -> 420704;0 | D65: 460700 | E65: 大湖 | F65: =VLOOKUP(D65,weather!A:D,4,0) -> 曝晒 | G65: =H65&"~"&I65 -> 150~184.5 | H65: 150 | I65: =H65*1.15+12 -> 184.5 | J65: {=_xlfn.TEXTJOIN(";",1,_xlfn.MAP(K65:R65,S65:Z65,_xlfn.LAMBDA(_xlpm.a,_xlpm.b,IF(_xlpm.b=0,"",_xlpm.a&"~"&_xlpm.b))))} -> 0~200000;10~800000 | K65: {=_xlfn.LET(_xlpm._arr_len,COUNTIF($A:$A,$A65),_xlpm._group_row,MATCH($A65,$A:$A,0),_xlfn.MAKEARRAY(1,8,_xlfn.LAMBDA(_xlpm.x,_xlpm.y,IF(_xlpm.y>_xlpm._arr_len,"",INDEX(OFFSET($A65,_xlpm._group_row-ROW(),1,_xlpm._arr_len),_xlpm.y)))))} -> 0 | L65: 10 | M65: 11 | N65: 12 | S65: 200000 | T65: 800000 | AA65: =IF(A65<>"",IF(SUM(S65:Z65)>=1000000,"Correct","Error"),"") -> Correct | AB65: {=IF(A65<>"",IF(AND(IF(VALUE(RIGHT($S$3:$Z$3,1))>COUNTIF(A:A,A65),S65:Z65<>""=FALSE,TRUE)),"Correct","Error"),"")} -> Correct
A66: 420704 | B66: 10 | C66: =_xlfn.TEXTJOIN(";",1,A66,B66) -> 420704;10 | D66: 460701 | E66: 大湖 | F66: =VLOOKUP(D66,weather!A:D,4,0) -> 扬尘 | G66: =H66&"~"&I66 -> 150~184.5 | H66: 150 | I66: =H66*1.15+12 -> 184.5 | J66: {=_xlfn.TEXTJOIN(";",1,_xlfn.MAP(K66:R66,S66:Z66,_xlfn.LAMBDA(_xlpm.a,_xlpm.b,IF(_xlpm.b=0,"",_xlpm.a&"~"&_xlpm.b))))} -> 0~100000;10~200000;11~700000 | K66: {=_xlfn.LET(_xlpm._arr_len,COUNTIF($A:$A,$A66),_xlpm._group_row,MATCH($A66,$A:$A,0),_xlfn.MAKEARRAY(1,8,_xlfn.LAMBDA(_xlpm.x,_xlpm.y,IF(_xlpm.y>_xlpm._arr_len,"",INDEX(OFFSET($A66,_xlpm._group_row-ROW(),1,_xlpm._arr_len),_xlpm.y)))))} -> 0 | L66: 10 | M66: 11 | N66: 12 | S66: 100000 | T66: 200000 | U66: 700000 | AA66: =IF(A66<>"",IF(SUM(S66:Z66)>=1000000,"Correct","Error"),"") -> Correct | AB66: {=IF(A66<>"",IF(AND(IF(VALUE(RIGHT($S$3:$Z$3,1))>COUNTIF(A:A,A66),S66:Z66<>""=FALSE,TRUE)),"Correct","Error"),"")} -> Correct
A67: 420704 | B67: 11 | C67: =_xlfn.TEXTJOIN(";",1,A67,B67) -> 420704;11 | D67: 460702 | E67: 大湖 | F67: =VLOOKUP(D67,weather!A:D,4,0) -> 沙暴 | G67: =H67&"~"&I67 -> 150~184.5 | H67: 150 | I67: =H67*1.15+12 -> 184.5 | J67: {=_xlfn.TEXTJOIN(";",1,_xlfn.MAP(K67:R67,S67:Z67,_xlfn.LAMBDA(_xlpm.a,_xlpm.b,IF(_xlpm.b=0,"",_xlpm.a&"~"&_xlpm.b))))} -> 10~100000;11~300000;12~600000 | K67: {=_xlfn.LET(_xlpm._arr_len,COUNTIF($A:$A,$A67),_xlpm._group_row,MATCH($A67,$A:$A,0),_xlfn.MAKEARRAY(1,8,_xlfn.LAMBDA(_xlpm.x,_xlpm.y,IF(_xlpm.y>_xlpm._arr_len,"",INDEX(OFFSET($A67,_xlpm._group_row-ROW(),1,_xlpm._arr_len),_xlpm.y)))))} -> 0 | L67: 10 | M67: 11 | N67: 12 | T67: 100000 | U67: 300000 | V67: 600000 | AA67: =IF(A67<>"",IF(SUM(S67:Z67)>=1000000,"Correct","Error"),"") -> Correct | AB67: {=IF(A67<>"",IF(AND(IF(VALUE(RIGHT($S$3:$Z$3,1))>COUNTIF(A:A,A67),S67:Z67<>""=FALSE,TRUE)),"Correct","Error"),"")} -> Correct
A68: 420704 | B68: 12 | C68: =_xlfn.TEXTJOIN(";",1,A68,B68) -> 420704;12 | D68: 460703 | E68: 大湖 | F68: =VLOOKUP(D68,weather!A:D,4,0) -> 积沙 | G68: =H68&"~"&I68 -> 300~357 | H68: 300 | I68: =H68*1.15+12 -> 357 | J68: {=_xlfn.TEXTJOIN(";",1,_xlfn.MAP(K68:R68,S68:Z68,_xlfn.LAMBDA(_xlpm.a,_xlpm.b,IF(_xlpm.b=0,"",_xlpm.a&"~"&_xlpm.b))))} -> 11~100000;12~900000 | K68: {=_xlfn.LET(_xlpm._arr_len,COUNTIF($A:$A,$A68),_xlpm._group_row,MATCH($A68,$A:$A,0),_xlfn.MAKEARRAY(1,8,_xlfn.LAMBDA(_xlpm.x,_xlpm.y,IF(_xlpm.y>_xlpm._arr_len,"",INDEX(OFFSET($A68,_xlpm._group_row-ROW(),1,_xlpm._arr_len),_xlpm.y)))))} -> 0 | L68: 10 | M68: 11 | N68: 12 | U68: 100000 | V68: 900000 | AA68: =IF(A68<>"",IF(SUM(S68:Z68)>=1000000,"Correct","Error"),"") -> Correct | AB68: {=IF(A68<>"",IF(AND(IF(VALUE(RIGHT($S$3:$Z$3,1))>COUNTIF(A:A,A68),S68:Z68<>""=FALSE,TRUE)),"Correct","Error"),"")} -> Correct
C69: =_xlfn.TEXTJOIN(";",1,A69,B69) | AA69: =IF(A69<>"",IF(SUM(S69:Z69)>=1000000,"Correct","Error"),"") | AB69: {=IF(A69<>"",IF(AND(IF(VALUE(RIGHT($S$3:$Z$3,1))>COUNTIF(A:A,A69),S69:Z69<>""=FALSE,TRUE)),"Correct","Error"),"")}
A70: 420705 | B70: 0 | C70: =_xlfn.TEXTJOIN(";",1,A70,B70) -> 420705;0 | D70: 460700 | E70: 大湖 | F70: =VLOOKUP(D70,weather!A:D,4,0) -> 曝晒 | G70: =H70&"~"&I70 -> 150~184.5 | H70: 150 | I70: =H70*1.15+12 -> 184.5 | J70: {=_xlfn.TEXTJOIN(";",1,_xlfn.MAP(K70:R70,S70:Z70,_xlfn.LAMBDA(_xlpm.a,_xlpm.b,IF(_xlpm.b=0,"",_xlpm.a&"~"&_xlpm.b))))} -> 0~100000;10~900000 | K70: {=_xlfn.LET(_xlpm._arr_len,COUNTIF($A:$A,$A70),_xlpm._group_row,MATCH($A70,$A:$A,0),_xlfn.MAKEARRAY(1,8,_xlfn.LAMBDA(_xlpm.x,_xlpm.y,IF(_xlpm.y>_xlpm._arr_len,"",INDEX(OFFSET($A70,_xlpm._group_row-ROW(),1,_xlpm._arr_len),_xlpm.y)))))} -> 0 | L70: 10 | M70: 11 | N70: 12 | O70: 13 | S70: 100000 | T70: 900000 | AA70: =IF(A70<>"",IF(SUM(S70:Z70)>=1000000,"Correct","Error"),"") -> Correct | AB70: {=IF(A70<>"",IF(AND(IF(VALUE(RIGHT($S$3:$Z$3,1))>COUNTIF(A:A,A70),S70:Z70<>""=FALSE,TRUE)),"Correct","Error"),"")} -> Correct
A71: 420705 | B71: 10 | C71: =_xlfn.TEXTJOIN(";",1,A71,B71) -> 420705;10 | D71: 460701 | E71: 大湖 | F71: =VLOOKUP(D71,weather!A:D,4,0) -> 扬尘 | G71: =H71&"~"&I71 -> 150~184.5 | H71: 150 | I71: =H71*1.15+12 -> 184.5 | J71: {=_xlfn.TEXTJOIN(";",1,_xlfn.MAP(K71:R71,S71:Z71,_xlfn.LAMBDA(_xlpm.a,_xlpm.b,IF(_xlpm.b=0,"",_xlpm.a&"~"&_xlpm.b))))} -> 0~50000;10~150000;11~800000 | K71: {=_xlfn.LET(_xlpm._arr_len,COUNTIF($A:$A,$A71),_xlpm._group_row,MATCH($A71,$A:$A,0),_xlfn.MAKEARRAY(1,8,_xlfn.LAMBDA(_xlpm.x,_xlpm.y,IF(_xlpm.y>_xlpm._arr_len,"",INDEX(OFFSET($A71,_xlpm._group_row-ROW(),1,_xlpm._arr_len),_xlpm.y)))))} -> 0 | L71: 10 | M71: 11 | N71: 12 | O71: 13 | S71: 50000 | T71: 150000 | U71: 800000 | AA71: =IF(A71<>"",IF(SUM(S71:Z71)>=1000000,"Correct","Error"),"") -> Correct | AB71: {=IF(A71<>"",IF(AND(IF(VALUE(RIGHT($S$3:$Z$3,1))>COUNTIF(A:A,A71),S71:Z71<>""=FALSE,TRUE)),"Correct","Error"),"")} -> Correct
A72: 420705 | B72: 11 | C72: =_xlfn.TEXTJOIN(";",1,A72,B72) -> 420705;11 | D72: 460702 | E72: 大湖 | F72: =VLOOKUP(D72,weather!A:D,4,0) -> 沙暴 | G72: =H72&"~"&I72 -> 150~184.5 | H72: 150 | I72: =H72*1.15+12 -> 184.5 | J72: {=_xlfn.TEXTJOIN(";",1,_xlfn.MAP(K72:R72,S72:Z72,_xlfn.LAMBDA(_xlpm.a,_xlpm.b,IF(_xlpm.b=0,"",_xlpm.a&"~"&_xlpm.b))))} -> 10~100000;11~200000;12~700000 | K72: {=_xlfn.LET(_xlpm._arr_len,COUNTIF($A:$A,$A72),_xlpm._group_row,MATCH($A72,$A:$A,0),_xlfn.MAKEARRAY(1,8,_xlfn.LAMBDA(_xlpm.x,_xlpm.y,IF(_xlpm.y>_xlpm._arr_len,"",INDEX(OFFSET($A72,_xlpm._group_row-ROW(),1,_xlpm._arr_len),_xlpm.y)))))} -> 0 | L72: 10 | M72: 11 | N72: 12 | O72: 13 | T72: 100000 | U72: 200000 | V72: 700000 | AA72: =IF(A72<>"",IF(SUM(S72:Z72)>=1000000,"Correct","Error"),"") -> Correct | AB72: {=IF(A72<>"",IF(AND(IF(VALUE(RIGHT($S$3:$Z$3,1))>COUNTIF(A:A,A72),S72:Z72<>""=FALSE,TRUE)),"Correct","Error"),"")} -> Correct
A73: 420705 | B73: 12 | C73: =_xlfn.TEXTJOIN(";",1,A73,B73) -> 420705;12 | D73: 460704 | E73: 大湖 | F73: =VLOOKUP(D73,weather!A:D,4,0) -> 积沙，扬尘 | G73: =H73&"~"&I73 -> 150~184.5 | H73: 150 | I73: =H73*1.15+12 -> 184.5 | J73: {=_xlfn.TEXTJOIN(";",1,_xlfn.MAP(K73:R73,S73:Z73,_xlfn.LAMBDA(_xlpm.a,_xlpm.b,IF(_xlpm.b=0,"",_xlpm.a&"~"&_xlpm.b))))} -> 11~100000;12~300000;13~600000 | K73: {=_xlfn.LET(_xlpm._arr_len,COUNTIF($A:$A,$A73),_xlpm._group_row,MATCH($A73,$A:$A,0),_xlfn.MAKEARRAY(1,8,_xlfn.LAMBDA(_xlpm.x,_xlpm.y,IF(_xlpm.y>_xlpm._arr_len,"",INDEX(OFFSET($A73,_xlpm._group_row-ROW(),1,_xlpm._arr_len),_xlpm.y)))))} -> 0 | L73: 10 | M73: 11 | N73: 12 | O73: 13 | U73: 100000 | V73: 300000 | W73: 600000 | AA73: =IF(A73<>"",IF(SUM(S73:Z73)>=1000000,"Correct","Error"),"") -> Correct | AB73: {=IF(A73<>"",IF(AND(IF(VALUE(RIGHT($S$3:$Z$3,1))>COUNTIF(A:A,A73),S73:Z73<>""=FALSE,TRUE)),"Correct","Error"),"")} -> Correct
A74: 420705 | B74: 13 | C74: =_xlfn.TEXTJOIN(";",1,A74,B74) -> 420705;13 | D74: 460705 | E74: 大湖 | F74: =VLOOKUP(D74,weather!A:D,4,0) -> 积沙，沙暴 | G74: =H74&"~"&I74 -> 300~357 | H74: 300 | I74: =H74*1.15+12 -> 357 | J74: {=_xlfn.TEXTJOIN(";",1,_xlfn.MAP(K74:R74,S74:Z74,_xlfn.LAMBDA(_xlpm.a,_xlpm.b,IF(_xlpm.b=0,"",_xlpm.a&"~"&_xlpm.b))))} -> 12~100000;13~900000 | K74: {=_xlfn.LET(_xlpm._arr_len,COUNTIF($A:$A,$A74),_xlpm._group_row,MATCH($A74,$A:$A,0),_xlfn.MAKEARRAY(1,8,_xlfn.LAMBDA(_xlpm.x,_xlpm.y,IF(_xlpm.y>_xlpm._arr_len,"",INDEX(OFFSET($A74,_xlpm._group_row-ROW(),1,_xlpm._arr_len),_xlpm.y)))))} -> 0 | L74: 10 | M74: 11 | N74: 12 | O74: 13 | V74: 100000 | W74: 900000 | AA74: =IF(A74<>"",IF(SUM(S74:Z74)>=1000000,"Correct","Error"),"") -> Correct | AB74: {=IF(A74<>"",IF(AND(IF(VALUE(RIGHT($S$3:$Z$3,1))>COUNTIF(A:A,A74),S74:Z74<>""=FALSE,TRUE)),"Correct","Error"),"")} -> Correct
C75: =_xlfn.TEXTJOIN(";",1,A75,B75) | AA75: =IF(A75<>"",IF(SUM(S75:Z75)>=1000000,"Correct","Error"),"") | AB75: {=IF(A75<>"",IF(AND(IF(VALUE(RIGHT($S$3:$Z$3,1))>COUNTIF(A:A,A75),S75:Z75<>""=FALSE,TRUE)),"Correct","Error"),"")}
A76: 420706 | B76: 10 | C76: =_xlfn.TEXTJOIN(";",1,A76,B76) -> 420706;10 | D76: 460701 | E76: 大湖 | F76: =VLOOKUP(D76,weather!A:D,4,0) -> 扬尘 | G76: =H76&"~"&I76 -> 150~184.5 | H76: 150 | I76: =H76*1.15+12 -> 184.5 | J76: {=_xlfn.TEXTJOIN(";",1,_xlfn.MAP(K76:R76,S76:Z76,_xlfn.LAMBDA(_xlpm.a,_xlpm.b,IF(_xlpm.b=0,"",_xlpm.a&"~"&_xlpm.b))))} -> 10~200000;11~800000 | K76: {=_xlfn.LET(_xlpm._arr_len,COUNTIF($A:$A,$A76),_xlpm._group_row,MATCH($A76,$A:$A,0),_xlfn.MAKEARRAY(1,8,_xlfn.LAMBDA(_xlpm.x,_xlpm.y,IF(_xlpm.y>_xlpm._arr_len,"",INDEX(OFFSET($A76,_xlpm._group_row-ROW(),1,_xlpm._arr_len),_xlpm.y)))))} -> 10 | L76: 11 | M76: 12 | N76: 13 | S76: 200000 | T76: 800000 | AA76: =IF(A76<>"",IF(SUM(S76:Z76)>=1000000,"Correct","Error"),"") -> Correct | AB76: {=IF(A76<>"",IF(AND(IF(VALUE(RIGHT($S$3:$Z$3,1))>COUNTIF(A:A,A76),S76:Z76<>""=FALSE,TRUE)),"Correct","Error"),"")} -> Correct
A77: 420706 | B77: 11 | C77: =_xlfn.TEXTJOIN(";",1,A77,B77) -> 420706;11 | D77: 460702 | E77: 大湖 | F77: =VLOOKUP(D77,weather!A:D,4,0) -> 沙暴 | G77: =H77&"~"&I77 -> 150~184.5 | H77: 150 | I77: =H77*1.15+12 -> 184.5 | J77: {=_xlfn.TEXTJOIN(";",1,_xlfn.MAP(K77:R77,S77:Z77,_xlfn.LAMBDA(_xlpm.a,_xlpm.b,IF(_xlpm.b=0,"",_xlpm.a&"~"&_xlpm.b))))} -> 10~100000;11~200000;12~700000 | K77: {=_xlfn.LET(_xlpm._arr_len,COUNTIF($A:$A,$A77),_xlpm._group_row,MATCH($A77,$A:$A,0),_xlfn.MAKEARRAY(1,8,_xlfn.LAMBDA(_xlpm.x,_xlpm.y,IF(_xlpm.y>_xlpm._arr_len,"",INDEX(OFFSET($A77,_xlpm._group_row-ROW(),1,_xlpm._arr_len),_xlpm.y)))))} -> 10 | L77: 11 | M77: 12 | N77: 13 | S77: 100000 | T77: 200000 | U77: 700000 | AA77: =IF(A77<>"",IF(SUM(S77:Z77)>=1000000,"Correct","Error"),"") -> Correct | AB77: {=IF(A77<>"",IF(AND(IF(VALUE(RIGHT($S$3:$Z$3,1))>COUNTIF(A:A,A77),S77:Z77<>""=FALSE,TRUE)),"Correct","Error"),"")} -> Correct
A78: 420706 | B78: 12 | C78: =_xlfn.TEXTJOIN(";",1,A78,B78) -> 420706;12 | D78: 460704 | E78: 大湖 | F78: =VLOOKUP(D78,weather!A:D,4,0) -> 积沙，扬尘 | G78: =H78&"~"&I78 -> 150~184.5 | H78: 150 | I78: =H78*1.15+12 -> 184.5 | J78: {=_xlfn.TEXTJOIN(";",1,_xlfn.MAP(K78:R78,S78:Z78,_xlfn.LAMBDA(_xlpm.a,_xlpm.b,IF(_xlpm.b=0,"",_xlpm.a&"~"&_xlpm.b))))} -> 11~100000;12~300000;13~600000 | K78: {=_xlfn.LET(_xlpm._arr_len,COUNTIF($A:$A,$A78),_xlpm._group_row,MATCH($A78,$A:$A,0),_xlfn.MAKEARRAY(1,8,_xlfn.LAMBDA(_xlpm.x,_xlpm.y,IF(_xlpm.y>_xlpm._arr_len,"",INDEX(OFFSET($A78,_xlpm._group_row-ROW(),1,_xlpm._arr_len),_xlpm.y)))))} -> 10 | L78: 11 | M78: 12 | N78: 13 | T78: 100000 | U78: 300000 | V78: 600000 | AA78: =IF(A78<>"",IF(SUM(S78:Z78)>=1000000,"Correct","Error"),"") -> Correct | AB78: {=IF(A78<>"",IF(AND(IF(VALUE(RIGHT($S$3:$Z$3,1))>COUNTIF(A:A,A78),S78:Z78<>""=FALSE,TRUE)),"Correct","Error"),"")} -> Correct
A79: 420706 | B79: 13 | C79: =_xlfn.TEXTJOIN(";",1,A79,B79) -> 420706;13 | D79: 460705 | E79: 大湖 | F79: =VLOOKUP(D79,weather!A:D,4,0) -> 积沙，沙暴 | G79: =H79&"~"&I79 -> 300~357 | H79: 300 | I79: =H79*1.15+12 -> 357 | J79: {=_xlfn.TEXTJOIN(";",1,_xlfn.MAP(K79:R79,S79:Z79,_xlfn.LAMBDA(_xlpm.a,_xlpm.b,IF(_xlpm.b=0,"",_xlpm.a&"~"&_xlpm.b))))} -> 12~100000;13~900000 | K79: {=_xlfn.LET(_xlpm._arr_len,COUNTIF($A:$A,$A79),_xlpm._group_row,MATCH($A79,$A:$A,0),_xlfn.MAKEARRAY(1,8,_xlfn.LAMBDA(_xlpm.x,_xlpm.y,IF(_xlpm.y>_xlpm._arr_len,"",INDEX(OFFSET($A79,_xlpm._group_row-ROW(),1,_xlpm._arr_len),_xlpm.y)))))} -> 10 | L79: 11 | M79: 12 | N79: 13 | U79: 100000 | V79: 900000 | AA79: =IF(A79<>"",IF(SUM(S79:Z79)>=1000000,"Correct","Error"),"") -> Correct | AB79: {=IF(A79<>"",IF(AND(IF(VALUE(RIGHT($S$3:$Z$3,1))>COUNTIF(A:A,A79),S79:Z79<>""=FALSE,TRUE)),"Correct","Error"),"")} -> Correct
C80: =_xlfn.TEXTJOIN(";",1,A80,B80) | AA80: =IF(A80<>"",IF(SUM(S80:Z80)>=1000000,"Correct","Error"),"") | AB80: {=IF(A80<>"",IF(AND(IF(VALUE(RIGHT($S$3:$Z$3,1))>COUNTIF(A:A,A80),S80:Z80<>""=FALSE,TRUE)),"Correct","Error"),"")}
A81: 420707 | B81: 11 | C81: =_xlfn.TEXTJOIN(";",1,A81,B81) -> 420707;11 | D81: 460702 | E81: 大湖 | F81: =VLOOKUP(D81,weather!A:D,4,0) -> 沙暴 | G81: =H81&"~"&I81 -> 150~184.5 | H81: 150 | I81: =H81*1.15+12 -> 184.5 | J81: {=_xlfn.TEXTJOIN(";",1,_xlfn.MAP(K81:R81,S81:Z81,_xlfn.LAMBDA(_xlpm.a,_xlpm.b,IF(_xlpm.b=0,"",_xlpm.a&"~"&_xlpm.b))))} -> 11~300000;12~700000 | K81: {=_xlfn.LET(_xlpm._arr_len,COUNTIF($A:$A,$A81),_xlpm._group_row,MATCH($A81,$A:$A,0),_xlfn.MAKEARRAY(1,8,_xlfn.LAMBDA(_xlpm.x,_xlpm.y,IF(_xlpm.y>_xlpm._arr_len,"",INDEX(OFFSET($A81,_xlpm._group_row-ROW(),1,_xlpm._arr_len),_xlpm.y)))))} -> 11 | L81: 12 | M81: 13 | S81: 300000 | T81: 700000 | AA81: =IF(A81<>"",IF(SUM(S81:Z81)>=1000000,"Correct","Error"),"") -> Correct | AB81: {=IF(A81<>"",IF(AND(IF(VALUE(RIGHT($S$3:$Z$3,1))>COUNTIF(A:A,A81),S81:Z81<>""=FALSE,TRUE)),"Correct","Error"),"")} -> Correct
A82: 420707 | B82: 12 | C82: =_xlfn.TEXTJOIN(";",1,A82,B82) -> 420707;12 | D82: 460704 | E82: 大湖 | F82: =VLOOKUP(D82,weather!A:D,4,0) -> 积沙，扬尘 | G82: =H82&"~"&I82 -> 150~184.5 | H82: 150 | I82: =H82*1.15+12 -> 184.5 | J82: {=_xlfn.TEXTJOIN(";",1,_xlfn.MAP(K82:R82,S82:Z82,_xlfn.LAMBDA(_xlpm.a,_xlpm.b,IF(_xlpm.b=0,"",_xlpm.a&"~"&_xlpm.b))))} -> 11~200000;12~200000;13~600000 | K82: {=_xlfn.LET(_xlpm._arr_len,COUNTIF($A:$A,$A82),_xlpm._group_row,MATCH($A82,$A:$A,0),_xlfn.MAKEARRAY(1,8,_xlfn.LAMBDA(_xlpm.x,_xlpm.y,IF(_xlpm.y>_xlpm._arr_len,"",INDEX(OFFSET($A82,_xlpm._group_row-ROW(),1,_xlpm._arr_len),_xlpm.y)))))} -> 11 | L82: 12 | M82: 13 | S82: 200000 | T82: 200000 | U82: 600000 | AA82: =IF(A82<>"",IF(SUM(S82:Z82)>=1000000,"Correct","Error"),"") -> Correct | AB82: {=IF(A82<>"",IF(AND(IF(VALUE(RIGHT($S$3:$Z$3,1))>COUNTIF(A:A,A82),S82:Z82<>""=FALSE,TRUE)),"Correct","Error"),"")} -> Correct
A83: 420707 | B83: 13 | C83: =_xlfn.TEXTJOIN(";",1,A83,B83) -> 420707;13 | D83: 460705 | E83: 大湖 | F83: =VLOOKUP(D83,weather!A:D,4,0) -> 积沙，沙暴 | G83: =H83&"~"&I83 -> 300~357 | H83: 300 | I83: =H83*1.15+12 -> 357 | J83: {=_xlfn.TEXTJOIN(";",1,_xlfn.MAP(K83:R83,S83:Z83,_xlfn.LAMBDA(_xlpm.a,_xlpm.b,IF(_xlpm.b=0,"",_xlpm.a&"~"&_xlpm.b))))} -> 12~100000;13~900000 | K83: {=_xlfn.LET(_xlpm._arr_len,COUNTIF($A:$A,$A83),_xlpm._group_row,MATCH($A83,$A:$A,0),_xlfn.MAKEARRAY(1,8,_xlfn.LAMBDA(_xlpm.x,_xlpm.y,IF(_xlpm.y>_xlpm._arr_len,"",INDEX(OFFSET($A83,_xlpm._group_row-ROW(),1,_xlpm._arr_len),_xlpm.y)))))} -> 11 | L83: 12 | M83: 13 | T83: 100000 | U83: 900000 | AA83: =IF(A83<>"",IF(SUM(S83:Z83)>=1000000,"Correct","Error"),"") -> Correct | AB83: {=IF(A83<>"",IF(AND(IF(VALUE(RIGHT($S$3:$Z$3,1))>COUNTIF(A:A,A83),S83:Z83<>""=FALSE,TRUE)),"Correct","Error"),"")} -> Correct
C84: =_xlfn.TEXTJOIN(";",1,A84,B84) | AA84: =IF(A84<>"",IF(SUM(S84:Z84)>=1000000,"Correct","Error"),"") | AB84: {=IF(A84<>"",IF(AND(IF(VALUE(RIGHT($S$3:$Z$3,1))>COUNTIF(A:A,A84),S84:Z84<>""=FALSE,TRUE)),"Correct","Error"),"")}
A85: 420708 | B85: 12 | C85: =_xlfn.TEXTJOIN(";",1,A85,B85) -> 420708;12 | D85: 460704 | E85: 大湖 | F85: =VLOOKUP(D85,weather!A:D,4,0) -> 积沙，扬尘 | G85: =H85&"~"&I85 -> 150~184.5 | H85: 150 | I85: =H85*1.15+12 -> 184.5 | J85: {=_xlfn.TEXTJOIN(";",1,_xlfn.MAP(K85:R85,S85:Z85,_xlfn.LAMBDA(_xlpm.a,_xlpm.b,IF(_xlpm.b=0,"",_xlpm.a&"~"&_xlpm.b))))} -> 12~400000;13~600000 | K85: {=_xlfn.LET(_xlpm._arr_len,COUNTIF($A:$A,$A85),_xlpm._group_row,MATCH($A85,$A:$A,0),_xlfn.MAKEARRAY(1,8,_xlfn.LAMBDA(_xlpm.x,_xlpm.y,IF(_xlpm.y>_xlpm._arr_len,"",INDEX(OFFSET($A85,_xlpm._group_row-ROW(),1,_xlpm._arr_len),_xlpm.y)))))} -> 12 | L85: 13 | S85: 400000 | T85: 600000 | AA85: =IF(A85<>"",IF(SUM(S85:Z85)>=1000000,"Correct","Error"),"") -> Correct | AB85: {=IF(A85<>"",IF(AND(IF(VALUE(RIGHT($S$3:$Z$3,1))>COUNTIF(A:A,A85),S85:Z85<>""=FALSE,TRUE)),"Correct","Error"),"")} -> Correct
A86: 420708 | B86: 13 | C86: =_xlfn.TEXTJOIN(";",1,A86,B86) -> 420708;13 | D86: 460705 | E86: 大湖 | F86: =VLOOKUP(D86,weather!A:D,4,0) -> 积沙，沙暴 | G86: =H86&"~"&I86 -> 300~357 | H86: 300 | I86: =H86*1.15+12 -> 357 | J86: {=_xlfn.TEXTJOIN(";",1,_xlfn.MAP(K86:R86,S86:Z86,_xlfn.LAMBDA(_xlpm.a,_xlpm.b,IF(_xlpm.b=0,"",_xlpm.a&"~"&_xlpm.b))))} -> 12~100000;13~900000 | K86: {=_xlfn.LET(_xlpm._arr_len,COUNTIF($A:$A,$A86),_xlpm._group_row,MATCH($A86,$A:$A,0),_xlfn.MAKEARRAY(1,8,_xlfn.LAMBDA(_xlpm.x,_xlpm.y,IF(_xlpm.y>_xlpm._arr_len,"",INDEX(OFFSET($A86,_xlpm._group_row-ROW(),1,_xlpm._arr_len),_xlpm.y)))))} -> 12 | L86: 13 | S86: 100000 | T86: 900000 | AA86: =IF(A86<>"",IF(SUM(S86:Z86)>=1000000,"Correct","Error"),"") -> Correct | AB86: {=IF(A86<>"",IF(AND(IF(VALUE(RIGHT($S$3:$Z$3,1))>COUNTIF(A:A,A86),S86:Z86<>""=FALSE,TRUE)),"Correct","Error"),"")} -> Correct
C87: =_xlfn.TEXTJOIN(";",1,A87,B87) | AA87: =IF(A87<>"",IF(SUM(S87:Z87)>=1000000,"Correct","Error"),"") | AB87: {=IF(A87<>"",IF(AND(IF(VALUE(RIGHT($S$3:$Z$3,1))>COUNTIF(A:A,A87),S87:Z87<>""=FALSE,TRUE)),"Correct","Error"),"")}
A88: 420709 | B88: 13 | C88: =_xlfn.TEXTJOIN(";",1,A88,B88) -> 420709;13 | D88: 460705 | E88: 大湖 | F88: =VLOOKUP(D88,weather!A:D,4,0) -> 积沙，沙暴 | G88: =H88&"~"&I88 -> 8680~9994 | H88: 8680 | I88: =H88*1.15+12 -> 9994 | J88: {=_xlfn.TEXTJOIN(";",1,_xlfn.MAP(K88:R88,S88:Z88,_xlfn.LAMBDA(_xlpm.a,_xlpm.b,IF(_xlpm.b=0,"",_xlpm.a&"~"&_xlpm.b))))} -> 13~1000000 | K88: {=_xlfn.LET(_xlpm._arr_len,COUNTIF($A:$A,$A88),_xlpm._group_row,MATCH($A88,$A:$A,0),_xlfn.MAKEARRAY(1,8,_xlfn.LAMBDA(_xlpm.x,_xlpm.y,IF(_xlpm.y>_xlpm._arr_len,"",INDEX(OFFSET($A88,_xlpm._group_row-ROW(),1,_xlpm._arr_len),_xlpm.y)))))} -> 13 | S88: 1000000 | AA88: =IF(A88<>"",IF(SUM(S88:Z88)>=1000000,"Correct","Error"),"") -> Correct | AB88: {=IF(A88<>"",IF(AND(IF(VALUE(RIGHT($S$3:$Z$3,1))>COUNTIF(A:A,A88),S88:Z88<>""=FALSE,TRUE)),"Correct","Error"),"")} -> Correct
C93: =_xlfn.TEXTJOIN(";",1,A93,B93) | AA93: =IF(A93<>"",IF(SUM(S93:Z93)>=1000000,"Correct","Error"),"") | AB93: {=IF(A93<>"",IF(AND(IF(VALUE(RIGHT($S$3:$Z$3,1))>COUNTIF(A:A,A93),S93:Z93<>""=FALSE,TRUE)),"Correct","Error"),"")}
A94: 420801 | B94: 0 | C94: =_xlfn.TEXTJOIN(";",1,A94,B94) -> 420801;0 | D94: 460800 | E94: 大湖 | F94: =VLOOKUP(D94,weather!A:D,4,0) -> 暖阳 | G94: =H94&"~"&I94 -> 8680~9994 | H94: 8680 | I94: =H94*1.15+12 -> 9994 | J94: {=_xlfn.TEXTJOIN(";",1,_xlfn.MAP(K94:R94,S94:Z94,_xlfn.LAMBDA(_xlpm.a,_xlpm.b,IF(_xlpm.b=0,"",_xlpm.a&"~"&_xlpm.b))))} -> 0~1000000 | K94: {=_xlfn.LET(_xlpm._arr_len,COUNTIF($A:$A,$A94),_xlpm._group_row,MATCH($A94,$A:$A,0),_xlfn.MAKEARRAY(1,8,_xlfn.LAMBDA(_xlpm.x,_xlpm.y,IF(_xlpm.y>_xlpm._arr_len,"",INDEX(OFFSET($A94,_xlpm._group_row-ROW(),1,_xlpm._arr_len),_xlpm.y)))))} -> 0 | S94: 1000000 | AA94: =IF(A94<>"",IF(SUM(S94:Z94)>=1000000,"Correct","Error"),"") -> Correct | AB94: {=IF(A94<>"",IF(AND(IF(VALUE(RIGHT($S$3:$Z$3,1))>COUNTIF(A:A,A94),S94:Z94<>""=FALSE,TRUE)),"Correct","Error"),"")} -> Correct
C95: =_xlfn.TEXTJOIN(";",1,A95,B95) | AA95: =IF(A95<>"",IF(SUM(S95:Z95)>=1000000,"Correct","Error"),"") | AB95: {=IF(A95<>"",IF(AND(IF(VALUE(RIGHT($S$3:$Z$3,1))>COUNTIF(A:A,A95),S95:Z95<>""=FALSE,TRUE)),"Correct","Error"),"")}
A96: 420802 | B96: 0 | C96: =_xlfn.TEXTJOIN(";",1,A96,B96) -> 420802;0 | D96: 460800 | E96: 大湖 | F96: =VLOOKUP(D96,weather!A:D,4,0) -> 暖阳 | G96: =H96&"~"&I96 -> 150~184.5 | H96: 150 | I96: =H96*1.15+12 -> 184.5 | J96: {=_xlfn.TEXTJOIN(";",1,_xlfn.MAP(K96:R96,S96:Z96,_xlfn.LAMBDA(_xlpm.a,_xlpm.b,IF(_xlpm.b=0,"",_xlpm.a&"~"&_xlpm.b))))} -> 0~500000;10~500000 | K96: {=_xlfn.LET(_xlpm._arr_len,COUNTIF($A:$A,$A96),_xlpm._group_row,MATCH($A96,$A:$A,0),_xlfn.MAKEARRAY(1,8,_xlfn.LAMBDA(_xlpm.x,_xlpm.y,IF(_xlpm.y>_xlpm._arr_len,"",INDEX(OFFSET($A96,_xlpm._group_row-ROW(),1,_xlpm._arr_len),_xlpm.y)))))} -> 0 | L96: 10 | S96: 500000 | T96: 500000 | AA96: =IF(A96<>"",IF(SUM(S96:Z96)>=1000000,"Correct","Error"),"") -> Correct | AB96: {=IF(A96<>"",IF(AND(IF(VALUE(RIGHT($S$3:$Z$3,1))>COUNTIF(A:A,A96),S96:Z96<>""=FALSE,TRUE)),"Correct","Error"),"")} -> Correct
A97: 420802 | B97: 10 | C97: =_xlfn.TEXTJOIN(";",1,A97,B97) -> 420802;10 | D97: 460801 | E97: 大湖 | F97: =VLOOKUP(D97,weather!A:D,4,0) -> 阴天 | G97: =H97&"~"&I97 -> 300~357 | H97: 300 | I97: =H97*1.15+12 -> 357 | J97: {=_xlfn.TEXTJOIN(";",1,_xlfn.MAP(K97:R97,S97:Z97,_xlfn.LAMBDA(_xlpm.a,_xlpm.b,IF(_xlpm.b=0,"",_xlpm.a&"~"&_xlpm.b))))} -> 0~100000;10~900000 | K97: {=_xlfn.LET(_xlpm._arr_len,COUNTIF($A:$A,$A97),_xlpm._group_row,MATCH($A97,$A:$A,0),_xlfn.MAKEARRAY(1,8,_xlfn.LAMBDA(_xlpm.x,_xlpm.y,IF(_xlpm.y>_xlpm._arr_len,"",INDEX(OFFSET($A97,_xlpm._group_row-ROW(),1,_xlpm._arr_len),_xlpm.y)))))} -> 0 | L97: 10 | S97: 100000 | T97: 900000 | AA97: =IF(A97<>"",IF(SUM(S97:Z97)>=1000000,"Correct","Error"),"") -> Correct | AB97: {=IF(A97<>"",IF(AND(IF(VALUE(RIGHT($S$3:$Z$3,1))>COUNTIF(A:A,A97),S97:Z97<>""=FALSE,TRUE)),"Correct","Error"),"")} -> Correct
C98: =_xlfn.TEXTJOIN(";",1,A98,B98) | AA98: =IF(A98<>"",IF(SUM(S98:Z98)>=1000000,"Correct","Error"),"") | AB98: {=IF(A98<>"",IF(AND(IF(VALUE(RIGHT($S$3:$Z$3,1))>COUNTIF(A:A,A98),S98:Z98<>""=FALSE,TRUE)),"Correct","Error"),"")}
A99: 420803 | B99: 0 | C99: =_xlfn.TEXTJOIN(";",1,A99,B99) -> 420803;0 | D99: 460800 | E99: 大湖 | F99: =VLOOKUP(D99,weather!A:D,4,0) -> 暖阳 | G99: =H99&"~"&I99 -> 150~184.5 | H99: 150 | I99: =H99*1.15+12 -> 184.5 | J99: {=_xlfn.TEXTJOIN(";",1,_xlfn.MAP(K99:R99,S99:Z99,_xlfn.LAMBDA(_xlpm.a,_xlpm.b,IF(_xlpm.b=0,"",_xlpm.a&"~"&_xlpm.b))))} -> 0~300000;10~700000 | K99: {=_xlfn.LET(_xlpm._arr_len,COUNTIF($A:$A,$A99),_xlpm._group_row,MATCH($A99,$A:$A,0),_xlfn.MAKEARRAY(1,8,_xlfn.LAMBDA(_xlpm.x,_xlpm.y,IF(_xlpm.y>_xlpm._arr_len,"",INDEX(OFFSET($A99,_xlpm._group_row-ROW(),1,_xlpm._arr_len),_xlpm.y)))))} -> 0 | L99: 10 | M99: 11 | S99: 300000 | T99: 700000 | AA99: =IF(A99<>"",IF(SUM(S99:Z99)>=1000000,"Correct","Error"),"") -> Correct | AB99: {=IF(A99<>"",IF(AND(IF(VALUE(RIGHT($S$3:$Z$3,1))>COUNTIF(A:A,A99),S99:Z99<>""=FALSE,TRUE)),"Correct","Error"),"")} -> Correct
A100: 420803 | B100: 10 | C100: =_xlfn.TEXTJOIN(";",1,A100,B100) -> 420803;10 | D100: 460801 | E100: 大湖 | F100: =VLOOKUP(D100,weather!A:D,4,0) -> 阴天 | G100: =H100&"~"&I100 -> 150~184.5 | H100: 150 | I100: =H100*1.15+12 -> 184.5 | J100: {=_xlfn.TEXTJOIN(";",1,_xlfn.MAP(K100:R100,S100:Z100,_xlfn.LAMBDA(_xlpm.a,_xlpm.b,IF(_xlpm.b=0,"",_xlpm.a&"~"&_xlpm.b))))} -> 0~200000;10~200000;11~600000 | K100: {=_xlfn.LET(_xlpm._arr_len,COUNTIF($A:$A,$A100),_xlpm._group_row,MATCH($A100,$A:$A,0),_xlfn.MAKEARRAY(1,8,_xlfn.LAMBDA(_xlpm.x,_xlpm.y,IF(_xlpm.y>_xlpm._arr_len,"",INDEX(OFFSET($A100,_xlpm._group_row-ROW(),1,_xlpm._arr_len),_xlpm.y)))))} -> 0 | L100: 10 | M100: 11 | S100: 200000 | T100: 200000 | U100: 600000 | AA100: =IF(A100<>"",IF(SUM(S100:Z100)>=1000000,"Correct","Error"),"") -> Correct | AB100: {=IF(A100<>"",IF(AND(IF(VALUE(RIGHT($S$3:$Z$3,1))>COUNTIF(A:A,A100),S100:Z100<>""=FALSE,TRUE)),"Correct","Error"),"")} -> Correct
A101: 420803 | B101: 11 | C101: =_xlfn.TEXTJOIN(";",1,A101,B101) -> 420803;11 | D101: 460802 | E101: 大湖 | F101: =VLOOKUP(D101,weather!A:D,4,0) -> 下雨 | G101: =H101&"~"&I101 -> 300~357 | H101: 300 | I101: =H101*1.15+12 -> 357 | J101: {=_xlfn.TEXTJOIN(";",1,_xlfn.MAP(K101:R101,S101:Z101,_xlfn.LAMBDA(_xlpm.a,_xlpm.b,IF(_xlpm.b=0,"",_xlpm.a&"~"&_xlpm.b))))} -> 10~100000;11~900000 | K101: {=_xlfn.LET(_xlpm._arr_len,COUNTIF($A:$A,$A101),_xlpm._group_row,MATCH($A101,$A:$A,0),_xlfn.MAKEARRAY(1,8,_xlfn.LAMBDA(_xlpm.x,_xlpm.y,IF(_xlpm.y>_xlpm._arr_len,"",INDEX(OFFSET($A101,_xlpm._group_row-ROW(),1,_xlpm._arr_len),_xlpm.y)))))} -> 0 | L101: 10 | M101: 11 | T101: 100000 | U101: 900000 | AA101: =IF(A101<>"",IF(SUM(S101:Z101)>=1000000,"Correct","Error"),"") -> Correct | AB101: {=IF(A101<>"",IF(AND(IF(VALUE(RIGHT($S$3:$Z$3,1))>COUNTIF(A:A,A101),S101:Z101<>""=FALSE,TRUE)),"Correct","Error"),"")} -> Correct
C102: =_xlfn.TEXTJOIN(";",1,A102,B102) | AA102: =IF(A102<>"",IF(SUM(S102:Z102)>=1000000,"Correct","Error"),"") | AB102: {=IF(A102<>"",IF(AND(IF(VALUE(RIGHT($S$3:$Z$3,1))>COUNTIF(A:A,A102),S102:Z102<>""=FALSE,TRUE)),"Correct","Error"),"")}
A103: 420804 | B103: 0 | C103: =_xlfn.TEXTJOIN(";",1,A103,B103) -> 420804;0 | D103: 460800 | E103: 大湖 | F103: =VLOOKUP(D103,weather!A:D,4,0) -> 暖阳 | G103: =H103&"~"&I103 -> 150~184.5 | H103: 150 | I103: =H103*1.15+12 -> 184.5 | J103: {=_xlfn.TEXTJOIN(";",1,_xlfn.MAP(K103:R103,S103:Z103,_xlfn.LAMBDA(_xlpm.a,_xlpm.b,IF(_xlpm.b=0,"",_xlpm.a&"~"&_xlpm.b))))} -> 0~200000;10~800000 | K103: {=_xlfn.LET(_xlpm._arr_len,COUNTIF($A:$A,$A103),_xlpm._group_row,MATCH($A103,$A:$A,0),_xlfn.MAKEARRAY(1,8,_xlfn.LAMBDA(_xlpm.x,_xlpm.y,IF(_xlpm.y>_xlpm._arr_len,"",INDEX(OFFSET($A103,_xlpm._group_row-ROW(),1,_xlpm._arr_len),_xlpm.y)))))} -> 0 | L103: 10 | M103: 11 | N103: 12 | S103: 200000 | T103: 800000 | AA103: =IF(A103<>"",IF(SUM(S103:Z103)>=1000000,"Correct","Error"),"") -> Correct | AB103: {=IF(A103<>"",IF(AND(IF(VALUE(RIGHT($S$3:$Z$3,1))>COUNTIF(A:A,A103),S103:Z103<>""=FALSE,TRUE)),"Correct","Error"),"")} -> Correct
A104: 420804 | B104: 10 | C104: =_xlfn.TEXTJOIN(";",1,A104,B104) -> 420804;10 | D104: 460801 | E104: 大湖 | F104: =VLOOKUP(D104,weather!A:D,4,0) -> 阴天 | G104: =H104&"~"&I104 -> 150~184.5 | H104: 150 | I104: =H104*1.15+12 -> 184.5 | J104: {=_xlfn.TEXTJOIN(";",1,_xlfn.MAP(K104:R104,S104:Z104,_xlfn.LAMBDA(_xlpm.a,_xlpm.b,IF(_xlpm.b=0,"",_xlpm.a&"~"&_xlpm.b))))} -> 0~100000;10~200000;11~700000 | K104: {=_xlfn.LET(_xlpm._arr_len,COUNTIF($A:$A,$A104),_xlpm._group_row,MATCH($A104,$A:$A,0),_xlfn.MAKEARRAY(1,8,_xlfn.LAMBDA(_xlpm.x,_xlpm.y,IF(_xlpm.y>_xlpm._arr_len,"",INDEX(OFFSET($A104,_xlpm._group_row-ROW(),1,_xlpm._arr_len),_xlpm.y)))))} -> 0 | L104: 10 | M104: 11 | N104: 12 | S104: 100000 | T104: 200000 | U104: 700000 | AA104: =IF(A104<>"",IF(SUM(S104:Z104)>=1000000,"Correct","Error"),"") -> Correct | AB104: {=IF(A104<>"",IF(AND(IF(VALUE(RIGHT($S$3:$Z$3,1))>COUNTIF(A:A,A104),S104:Z104<>""=FALSE,TRUE)),"Correct","Error"),"")} -> Correct
A105: 420804 | B105: 11 | C105: =_xlfn.TEXTJOIN(";",1,A105,B105) -> 420804;11 | D105: 460802 | E105: 大湖 | F105: =VLOOKUP(D105,weather!A:D,4,0) -> 下雨 | G105: =H105&"~"&I105 -> 150~184.5 | H105: 150 | I105: =H105*1.15+12 -> 184.5 | J105: {=_xlfn.TEXTJOIN(";",1,_xlfn.MAP(K105:R105,S105:Z105,_xlfn.LAMBDA(_xlpm.a,_xlpm.b,IF(_xlpm.b=0,"",_xlpm.a&"~"&_xlpm.b))))} -> 10~100000;11~300000;12~600000 | K105: {=_xlfn.LET(_xlpm._arr_len,COUNTIF($A:$A,$A105),_xlpm._group_row,MATCH($A105,$A:$A,0),_xlfn.MAKEARRAY(1,8,_xlfn.LAMBDA(_xlpm.x,_xlpm.y,IF(_xlpm.y>_xlpm._arr_len,"",INDEX(OFFSET($A105,_xlpm._group_row-ROW(),1,_xlpm._arr_len),_xlpm.y)))))} -> 0 | L105: 10 | M105: 11 | N105: 12 | T105: 100000 | U105: 300000 | V105: 600000 | AA105: =IF(A105<>"",IF(SUM(S105:Z105)>=1000000,"Correct","Error"),"") -> Correct | AB105: {=IF(A105<>"",IF(AND(IF(VALUE(RIGHT($S$3:$Z$3,1))>COUNTIF(A:A,A105),S105:Z105<>""=FALSE,TRUE)),"Correct","Error"),"")} -> Correct
A106: 420804 | B106: 12 | C106: =_xlfn.TEXTJOIN(";",1,A106,B106) -> 420804;12 | D106: 460803 | E106: 大湖 | F106: =VLOOKUP(D106,weather!A:D,4,0) -> 暴雨 | G106: =H106&"~"&I106 -> 300~357 | H106: 300 | I106: =H106*1.15+12 -> 357 | J106: {=_xlfn.TEXTJOIN(";",1,_xlfn.MAP(K106:R106,S106:Z106,_xlfn.LAMBDA(_xlpm.a,_xlpm.b,IF(_xlpm.b=0,"",_xlpm.a&"~"&_xlpm.b))))} -> 11~100000;12~900000 | K106: {=_xlfn.LET(_xlpm._arr_len,COUNTIF($A:$A,$A106),_xlpm._group_row,MATCH($A106,$A:$A,0),_xlfn.MAKEARRAY(1,8,_xlfn.LAMBDA(_xlpm.x,_xlpm.y,IF(_xlpm.y>_xlpm._arr_len,"",INDEX(OFFSET($A106,_xlpm._group_row-ROW(),1,_xlpm._arr_len),_xlpm.y)))))} -> 0 | L106: 10 | M106: 11 | N106: 12 | U106: 100000 | V106: 900000 | AA106: =IF(A106<>"",IF(SUM(S106:Z106)>=1000000,"Correct","Error"),"") -> Correct | AB106: {=IF(A106<>"",IF(AND(IF(VALUE(RIGHT($S$3:$Z$3,1))>COUNTIF(A:A,A106),S106:Z106<>""=FALSE,TRUE)),"Correct","Error"),"")} -> Correct
C107: =_xlfn.TEXTJOIN(";",1,A107,B107) | AA107: =IF(A107<>"",IF(SUM(S107:Z107)>=1000000,"Correct","Error"),"") | AB107: {=IF(A107<>"",IF(AND(IF(VALUE(RIGHT($S$3:$Z$3,1))>COUNTIF(A:A,A107),S107:Z107<>""=FALSE,TRUE)),"Correct","Error"),"")}
A108: 420805 | B108: 0 | C108: =_xlfn.TEXTJOIN(";",1,A108,B108) -> 420805;0 | D108: 460800 | E108: 大湖 | F108: =VLOOKUP(D108,weather!A:D,4,0) -> 暖阳 | G108: =H108&"~"&I108 -> 150~184.5 | H108: 150 | I108: =H108*1.15+12 -> 184.5 | J108: {=_xlfn.TEXTJOIN(";",1,_xlfn.MAP(K108:R108,S108:Z108,_xlfn.LAMBDA(_xlpm.a,_xlpm.b,IF(_xlpm.b=0,"",_xlpm.a&"~"&_xlpm.b))))} -> 0~100000;10~900000 | K108: {=_xlfn.LET(_xlpm._arr_len,COUNTIF($A:$A,$A108),_xlpm._group_row,MATCH($A108,$A:$A,0),_xlfn.MAKEARRAY(1,8,_xlfn.LAMBDA(_xlpm.x,_xlpm.y,IF(_xlpm.y>_xlpm._arr_len,"",INDEX(OFFSET($A108,_xlpm._group_row-ROW(),1,_xlpm._arr_len),_xlpm.y)))))} -> 0 | L108: 10 | M108: 11 | N108: 12 | O108: 13 | S108: 100000 | T108: 900000 | AA108: =IF(A108<>"",IF(SUM(S108:Z108)>=1000000,"Correct","Error"),"") -> Correct | AB108: {=IF(A108<>"",IF(AND(IF(VALUE(RIGHT($S$3:$Z$3,1))>COUNTIF(A:A,A108),S108:Z108<>""=FALSE,TRUE)),"Correct","Error"),"")} -> Correct
A109: 420805 | B109: 10 | C109: =_xlfn.TEXTJOIN(";",1,A109,B109) -> 420805;10 | D109: 460801 | E109: 大湖 | F109: =VLOOKUP(D109,weather!A:D,4,0) -> 阴天 | G109: =H109&"~"&I109 -> 150~184.5 | H109: 150 | I109: =H109*1.15+12 -> 184.5 | J109: {=_xlfn.TEXTJOIN(";",1,_xlfn.MAP(K109:R109,S109:Z109,_xlfn.LAMBDA(_xlpm.a,_xlpm.b,IF(_xlpm.b=0,"",_xlpm.a&"~"&_xlpm.b))))} -> 0~50000;10~150000;11~800000 | K109: {=_xlfn.LET(_xlpm._arr_len,COUNTIF($A:$A,$A109),_xlpm._group_row,MATCH($A109,$A:$A,0),_xlfn.MAKEARRAY(1,8,_xlfn.LAMBDA(_xlpm.x,_xlpm.y,IF(_xlpm.y>_xlpm._arr_len,"",INDEX(OFFSET($A109,_xlpm._group_row-ROW(),1,_xlpm._arr_len),_xlpm.y)))))} -> 0 | L109: 10 | M109: 11 | N109: 12 | O109: 13 | S109: 50000 | T109: 150000 | U109: 800000 | AA109: =IF(A109<>"",IF(SUM(S109:Z109)>=1000000,"Correct","Error"),"") -> Correct | AB109: {=IF(A109<>"",IF(AND(IF(VALUE(RIGHT($S$3:$Z$3,1))>COUNTIF(A:A,A109),S109:Z109<>""=FALSE,TRUE)),"Correct","Error"),"")} -> Correct
...

Sheet -id 配置说明
A1: 第1位 | B1: 第2位 | C1: 第3位 | D1: 第4位 | E1: 第5位 | F1: 第6位
A2: 46 = weather | C2: 01 = 地宫 | E2: 00~99 编号
C3: 02 = 云间
C4: 08 = 大湖
