Workbook
Name locate: _xlfn.LAMBDA(_xlpm.col_relative,_xlpm.rows,"RC["&_xlpm.col_relative&"]:R["&_xlpm.rows-1&"]C["&_xlpm.col_relative&"]")

Sheet loot
A1: id | F1: name | G1: desc | K1: view | M1: camp_coin
A2: uint key | F2: string | G2: string | K2: string | M2: dict<int,int>
A3: id | B3: 备注1 | C3: 备注2 品质 | D3: 备注3 由...合成 | E3: 备注4 版本 | F3: 物品名称 查localization表id | G3: 物品描述 查localization表id | H3: 物品描述 | I3: 资源前缀 | J3: 资源命名 | K3: 外观address sprite address | L3: 图集编号 | M3: 营地货币折算 | N3: 备注 人话翻译器 | O3: 备注 价值统计
A4: 6000 | B4: 金币 | C4: —— | F4: =IF($A4<>"",_xlfn.TEXTJOIN("_",1,"loot_name",$A4),"") -> loot_name_6000 | G4: =IF($A4<>"",_xlfn.TEXTJOIN("_",1,"loot_desc",$A4),"") -> loot_desc_6000 | J4: coin | K4: =_xlfn.TEXTJOIN("_",1,"loot",A4,J4) -> loot_6000_coin
A5: 6001 | B5: 灵魂 | C5: —— | E5: Remove | F5: =IF($A5<>"",_xlfn.TEXTJOIN("_",1,"loot_name",$A5),"") -> loot_name_6001 | G5: =IF($A5<>"",_xlfn.TEXTJOIN("_",1,"loot_desc",$A5),"") -> loot_desc_6001 | J5: soul | K5: =_xlfn.TEXTJOIN("_",1,"loot",A5,J5) -> loot_6001_soul
A6: 6002 | B6: 食物 | C6: —— | E6: NEW | F6: =IF($A6<>"",_xlfn.TEXTJOIN("_",1,"loot_name",$A6),"") -> loot_name_6002 | G6: =IF($A6<>"",_xlfn.TEXTJOIN("_",1,"loot_desc",$A6),"") -> loot_desc_6002 | J6: meat | K6: =_xlfn.TEXTJOIN("_",1,"loot",A6,J6) -> loot_6002_meat
A7: 6003 | B7: 木材 | C7: —— | E7: NEW | F7: =IF($A7<>"",_xlfn.TEXTJOIN("_",1,"loot_name",$A7),"") -> loot_name_6003 | G7: =IF($A7<>"",_xlfn.TEXTJOIN("_",1,"loot_desc",$A7),"") -> loot_desc_6003 | J7: wood | K7: =_xlfn.TEXTJOIN("_",1,"loot",A7,J7) -> loot_6003_wood
A8: 6004 | B8: 金属 | C8: —— | E8: NEW | F8: =IF($A8<>"",_xlfn.TEXTJOIN("_",1,"loot_name",$A8),"") -> loot_name_6004 | G8: =IF($A8<>"",_xlfn.TEXTJOIN("_",1,"loot_desc",$A8),"") -> loot_desc_6004 | J8: metal | K8: =_xlfn.TEXTJOIN("_",1,"loot",A8,J8) -> loot_6004_metal
F10: =IF($A10<>"",_xlfn.TEXTJOIN("_",1,"loot_name",$A10),"") | G10: =IF($A10<>"",_xlfn.TEXTJOIN("_",1,"loot_desc",$A10),"")
A11: 6010 | B11: 生肉 | C11: 0 | E11: Remove | F11: =IF($A11<>"",_xlfn.TEXTJOIN("_",1,"loot_name",$A11),"") -> loot_name_6010 | G11: =IF($A11<>"",_xlfn.TEXTJOIN("_",1,"loot_desc",$A11),"") -> loot_desc_6010 | J11: meat | K11: =_xlfn.TEXTJOIN("_",1,"loot",A11,J11) -> loot_6010_meat
A12: 6011 | B12: 柔软皮毛 | C12: 0 | E12: Remove | F12: =IF($A12<>"",_xlfn.TEXTJOIN("_",1,"loot_name",$A12),"") -> loot_name_6011 | G12: =IF($A12<>"",_xlfn.TEXTJOIN("_",1,"loot_desc",$A12),"") -> loot_desc_6011 | J12: soft_fur | K12: =_xlfn.TEXTJOIN("_",1,"loot",A12,J12) -> loot_6011_soft_fur
A13: 6012 | B13: 植物果实 | C13: 0 | E13: Remove | F13: =IF($A13<>"",_xlfn.TEXTJOIN("_",1,"loot_name",$A13),"") -> loot_name_6012 | G13: =IF($A13<>"",_xlfn.TEXTJOIN("_",1,"loot_desc",$A13),"") -> loot_desc_6012 | J13: fruit | K13: =_xlfn.TEXTJOIN("_",1,"loot",A13,J13) -> loot_6012_fruit
A14: 6013 | B14: 纤维 | C14: 0 | E14: Remove | F14: =IF($A14<>"",_xlfn.TEXTJOIN("_",1,"loot_name",$A14),"") -> loot_name_6013 | G14: =IF($A14<>"",_xlfn.TEXTJOIN("_",1,"loot_desc",$A14),"") -> loot_desc_6013 | J14: fiber | K14: =_xlfn.TEXTJOIN("_",1,"loot",A14,J14) -> loot_6013_fiber
A15: 6014 | B15: 胶 | C15: 0 | E15: Remove | F15: =IF($A15<>"",_xlfn.TEXTJOIN("_",1,"loot_name",$A15),"") -> loot_name_6014 | G15: =IF($A15<>"",_xlfn.TEXTJOIN("_",1,"loot_desc",$A15),"") -> loot_desc_6014 | J15: glue | K15: =_xlfn.TEXTJOIN("_",1,"loot",A15,J15) -> loot_6014_glue
A16: 6020 | B16: 天然木材 | C16: 0 | E16: Remove | F16: =IF($A16<>"",_xlfn.TEXTJOIN("_",1,"loot_name",$A16),"") -> loot_name_6020 | G16: =IF($A16<>"",_xlfn.TEXTJOIN("_",1,"loot_desc",$A16),"") -> loot_desc_6020 | J16: wood | K16: =_xlfn.TEXTJOIN("_",1,"loot",A16,J16) -> loot_6020_wood
A17: 6021 | B17: 金属矿石 | C17: 0 | E17: Remove | F17: =IF($A17<>"",_xlfn.TEXTJOIN("_",1,"loot_name",$A17),"") -> loot_name_6021 | G17: =IF($A17<>"",_xlfn.TEXTJOIN("_",1,"loot_desc",$A17),"") -> loot_desc_6021 | J17: ore | K17: =_xlfn.TEXTJOIN("_",1,"loot",A17,J17) -> loot_6021_ore
A18: 6022 | B18: 天然石材 | C18: 0 | E18: Remove | F18: =IF($A18<>"",_xlfn.TEXTJOIN("_",1,"loot_name",$A18),"") -> loot_name_6022 | G18: =IF($A18<>"",_xlfn.TEXTJOIN("_",1,"loot_desc",$A18),"") -> loot_desc_6022 | J18: stone | K18: =_xlfn.TEXTJOIN("_",1,"loot",A18,J18) -> loot_6022_stone
A19: 6023 | B19: 易燃粉末 | C19: 0 | E19: Remove | F19: =IF($A19<>"",_xlfn.TEXTJOIN("_",1,"loot_name",$A19),"") -> loot_name_6023 | G19: =IF($A19<>"",_xlfn.TEXTJOIN("_",1,"loot_desc",$A19),"") -> loot_desc_6023 | J19: flammable_powder | K19: =_xlfn.TEXTJOIN("_",1,"loot",A19,J19) -> loot_6023_flammable_powder
A20: 6030 | B20: 废弃木材 | C20: 0 | E20: Remove | F20: =IF($A20<>"",_xlfn.TEXTJOIN("_",1,"loot_name",$A20),"") -> loot_name_6030 | G20: =IF($A20<>"",_xlfn.TEXTJOIN("_",1,"loot_desc",$A20),"") -> loot_desc_6030 | J20: timber_scrap | K20: =_xlfn.TEXTJOIN("_",1,"loot",A20,J20) -> loot_6030_timber_scrap
A21: 6031 | B21: 废弃金属 | C21: 0 | E21: Remove | F21: =IF($A21<>"",_xlfn.TEXTJOIN("_",1,"loot_name",$A21),"") -> loot_name_6031 | G21: =IF($A21<>"",_xlfn.TEXTJOIN("_",1,"loot_desc",$A21),"") -> loot_desc_6031 | J21: metal_scrap | K21: =_xlfn.TEXTJOIN("_",1,"loot",A21,J21) -> loot_6031_metal_scrap
A23: 6050 | B23: 食物 | C23: 1 | D23: 生肉; 植物果实 | E23: Remove | F23: =IF($A23<>"",_xlfn.TEXTJOIN("_",1,"loot_name",$A23),"") -> loot_name_6050 | G23: =IF($A23<>"",_xlfn.TEXTJOIN("_",1,"loot_desc",$A23),"") -> loot_desc_6050 | J23: meal | K23: =_xlfn.TEXTJOIN("_",1,"loot",A23,J23) -> loot_6050_meal
A24: 6051 | B24: 硬化兽皮 | C24: 1 | D24: 柔软皮毛 | E24: Remove | F24: =IF($A24<>"",_xlfn.TEXTJOIN("_",1,"loot_name",$A24),"") -> loot_name_6051 | G24: =IF($A24<>"",_xlfn.TEXTJOIN("_",1,"loot_desc",$A24),"") -> loot_desc_6051 | J24: harden_animal_skin | K24: =_xlfn.TEXTJOIN("_",1,"loot",A24,J24) -> loot_6051_harden_animal_skin
A25: 6052 | B25: 木制零件 | C25: 1 | D25: 天然木材; 废弃木材 | E25: Remove | F25: =IF($A25<>"",_xlfn.TEXTJOIN("_",1,"loot_name",$A25),"") -> loot_name_6052 | G25: =IF($A25<>"",_xlfn.TEXTJOIN("_",1,"loot_desc",$A25),"") -> loot_desc_6052 | J25: timber_part | K25: =_xlfn.TEXTJOIN("_",1,"loot",A25,J25) -> loot_6052_timber_part
A26: 6053 | B26: 金属零件 | C26: 1 | D26: 金属矿石; 废弃金属 | E26: Remove | F26: =IF($A26<>"",_xlfn.TEXTJOIN("_",1,"loot_name",$A26),"") -> loot_name_6053 | G26: =IF($A26<>"",_xlfn.TEXTJOIN("_",1,"loot_desc",$A26),"") -> loot_desc_6053 | J26: metal_parts | K26: =_xlfn.TEXTJOIN("_",1,"loot",A26,J26) -> loot_6053_metal_parts
A27: 6054 | B27: 磨刀石 | C27: 1 | D27: 天然石材 | E27: Remove | F27: =IF($A27<>"",_xlfn.TEXTJOIN("_",1,"loot_name",$A27),"") -> loot_name_6054 | G27: =IF($A27<>"",_xlfn.TEXTJOIN("_",1,"loot_desc",$A27),"") -> loot_desc_6054 | J27: grindstone | K27: =_xlfn.TEXTJOIN("_",1,"loot",A27,J27) -> loot_6054_grindstone
A28: 6055 | B28: 爆燃火药 | C28: 1 | D28: 易燃粉末 | E28: Remove | F28: =IF($A28<>"",_xlfn.TEXTJOIN("_",1,"loot_name",$A28),"") -> loot_name_6055 | G28: =IF($A28<>"",_xlfn.TEXTJOIN("_",1,"loot_desc",$A28),"") -> loot_desc_6055 | J28: fire_powder | K28: =_xlfn.TEXTJOIN("_",1,"loot",A28,J28) -> loot_6055_fire_powder
A29: 6056 | B29: 绑线 | C29: 1 | D29: 纤维 | E29: Remove | F29: =IF($A29<>"",_xlfn.TEXTJOIN("_",1,"loot_name",$A29),"") -> loot_name_6056 | G29: =IF($A29<>"",_xlfn.TEXTJOIN("_",1,"loot_desc",$A29),"") -> loot_desc_6056 | J29: string | K29: =_xlfn.TEXTJOIN("_",1,"loot",A29,J29) -> loot_6056_string
A31: 6070 | B31: 大餐 | C31: 2 | D31: 食物; 生肉; 果蔬 | E31: Remove | F31: =IF($A31<>"",_xlfn.TEXTJOIN("_",1,"loot_name",$A31),"") -> loot_name_6070 | G31: =IF($A31<>"",_xlfn.TEXTJOIN("_",1,"loot_desc",$A31),"") -> loot_desc_6070 | J31: feast | K31: =_xlfn.TEXTJOIN("_",1,"loot",A31,J31) -> loot_6070_feast
A32: 6071 | B32: 坚固皮革 | C32: 2 | D32: 硬化兽皮 | E32: Remove | F32: =IF($A32<>"",_xlfn.TEXTJOIN("_",1,"loot_name",$A32),"") -> loot_name_6071 | G32: =IF($A32<>"",_xlfn.TEXTJOIN("_",1,"loot_desc",$A32),"") -> loot_desc_6071 | J32: strong_leather | K32: =_xlfn.TEXTJOIN("_",1,"loot",A32,J32) -> loot_6071_strong_leather
A33: 6072 | B33: 武器部件 | C33: 2 | D33: 木制零件; 金属零件 | E33: Remove | F33: =IF($A33<>"",_xlfn.TEXTJOIN("_",1,"loot_name",$A33),"") -> loot_name_6072 | G33: =IF($A33<>"",_xlfn.TEXTJOIN("_",1,"loot_desc",$A33),"") -> loot_desc_6072 | J33: weapon_parts | K33: =_xlfn.TEXTJOIN("_",1,"loot",A33,J33) -> loot_6072_weapon_parts
A34: 6073 | B34: 优质磨刀石 | C34: 2 | D34: 磨刀石 | E34: Remove | F34: =IF($A34<>"",_xlfn.TEXTJOIN("_",1,"loot_name",$A34),"") -> loot_name_6073 | G34: =IF($A34<>"",_xlfn.TEXTJOIN("_",1,"loot_desc",$A34),"") -> loot_desc_6073 | J34: high_quality_grindstone | K34: =_xlfn.TEXTJOIN("_",1,"loot",A34,J34) -> loot_6073_high_quality_grindstone
A35: 6074 | B35: 烈性炸药 | C35: 2 | D35: 爆燃火药 | E35: Remove | F35: =IF($A35<>"",_xlfn.TEXTJOIN("_",1,"loot_name",$A35),"") -> loot_name_6074 | G35: =IF($A35<>"",_xlfn.TEXTJOIN("_",1,"loot_desc",$A35),"") -> loot_desc_6074 | J35: high_explosives | K35: =_xlfn.TEXTJOIN("_",1,"loot",A35,J35) -> loot_6074_high_explosives
A40: 10000 | B40: 铜币 | C40: —— | D40: —— | E40: —— | F40: =IF($A40<>"",_xlfn.TEXTJOIN("_",1,"loot_name",$A40),"") -> loot_name_10000 | G40: =IF($A40<>"",_xlfn.TEXTJOIN("_",1,"loot_desc",$A40),"") -> loot_desc_10000 | I40: coin | J40: coin | K40: loot_6000_coin
A42: 600101 | B42: 木武器柄 | C42: 地宫 | E42: 2025.Oct | F42: =IF($A42<>"",_xlfn.TEXTJOIN("_",1,"loot_name",$A42),"") -> loot_name_600101 | G42: =IF($A42<>"",_xlfn.TEXTJOIN("_",1,"loot_desc",$A42),"") -> loot_desc_600101 | I42: Dungeon | K42: =_xlfn.TEXTJOIN("_",1,"loot",A42,I42:J42) -> loot_600101_Dungeon | M42: 6112=4 | N42: {=IF(M42<>"", _xlfn.TEXTJOIN("; ",1, _xlfn.MAP(_xlfn.TEXTSPLIT(M42,";"), _xlfn.LAMBDA(_xlpm.x, _xlfn.LET(_xlpm.kv,_xlfn.TEXTSPLIT(_xlpm.x,"="), VLOOKUP(VALUE(INDEX(_xlpm.kv,1)),camp_coin!A:C,3,0)&" * "&INDEX(_xlpm.kv,2))))),"")} -> 木材 * 4
A43: 600102 | B43: 洞穴人碎金 | C43: 地宫 | E43: 2025.Oct | F43: =IF($A43<>"",_xlfn.TEXTJOIN("_",1,"loot_name",$A43),"") -> loot_name_600102 | G43: =IF($A43<>"",_xlfn.TEXTJOIN("_",1,"loot_desc",$A43),"") -> loot_desc_600102 | I43: Dungeon | K43: =_xlfn.TEXTJOIN("_",1,"loot",A43,I43:J43) -> loot_600102_Dungeon | M43: 6111=6 | N43: {=IF(M43<>"", _xlfn.TEXTJOIN("; ",1, _xlfn.MAP(_xlfn.TEXTSPLIT(M43,";"), _xlfn.LAMBDA(_xlpm.x, _xlfn.LET(_xlpm.kv,_xlfn.TEXTSPLIT(_xlpm.x,"="), VLOOKUP(VALUE(INDEX(_xlpm.kv,1)),camp_coin!A:C,3,0)&" * "&INDEX(_xlpm.kv,2))))),"")} -> 黄金 * 6
A44: 600103 | B44: 狗头金 | C44: 地宫 | E44: 2025.Oct | F44: =IF($A44<>"",_xlfn.TEXTJOIN("_",1,"loot_name",$A44),"") -> loot_name_600103 | G44: =IF($A44<>"",_xlfn.TEXTJOIN("_",1,"loot_desc",$A44),"") -> loot_desc_600103 | I44: Dungeon | K44: =_xlfn.TEXTJOIN("_",1,"loot",A44,I44:J44) -> loot_600103_Dungeon | M44: 6111=7 | N44: {=IF(M44<>"", _xlfn.TEXTJOIN("; ",1, _xlfn.MAP(_xlfn.TEXTSPLIT(M44,";"), _xlfn.LAMBDA(_xlpm.x, _xlfn.LET(_xlpm.kv,_xlfn.TEXTSPLIT(_xlpm.x,"="), VLOOKUP(VALUE(INDEX(_xlpm.kv,1)),camp_coin!A:C,3,0)&" * "&INDEX(_xlpm.kv,2))))),"")} -> 黄金 * 7
A45: 600104 | B45: 洞穴人金块 | C45: 地宫 | E45: 2025.Oct | F45: =IF($A45<>"",_xlfn.TEXTJOIN("_",1,"loot_name",$A45),"") -> loot_name_600104 | G45: =IF($A45<>"",_xlfn.TEXTJOIN("_",1,"loot_desc",$A45),"") -> loot_desc_600104 | I45: Dungeon | K45: =_xlfn.TEXTJOIN("_",1,"loot",A45,I45:J45) -> loot_600104_Dungeon | M45: 6111=12 | N45: {=IF(M45<>"", _xlfn.TEXTJOIN("; ",1, _xlfn.MAP(_xlfn.TEXTSPLIT(M45,";"), _xlfn.LAMBDA(_xlpm.x, _xlfn.LET(_xlpm.kv,_xlfn.TEXTSPLIT(_xlpm.x,"="), VLOOKUP(VALUE(INDEX(_xlpm.kv,1)),camp_coin!A:C,3,0)&" * "&INDEX(_xlpm.kv,2))))),"")} -> 黄金 * 12
A46: 600105 | B46: 古代地宫柱梁 | C46: 地宫 | E46: 2025.Oct | F46: =IF($A46<>"",_xlfn.TEXTJOIN("_",1,"loot_name",$A46),"") -> loot_name_600105 | G46: =IF($A46<>"",_xlfn.TEXTJOIN("_",1,"loot_desc",$A46),"") -> loot_desc_600105 | I46: Dungeon | K46: =_xlfn.TEXTJOIN("_",1,"loot",A46,I46:J46) -> loot_600105_Dungeon | M46: 6112=22 | N46: {=IF(M46<>"", _xlfn.TEXTJOIN("; ",1, _xlfn.MAP(_xlfn.TEXTSPLIT(M46,";"), _xlfn.LAMBDA(_xlpm.x, _xlfn.LET(_xlpm.kv,_xlfn.TEXTSPLIT(_xlpm.x,"="), VLOOKUP(VALUE(INDEX(_xlpm.kv,1)),camp_coin!A:C,3,0)&" * "&INDEX(_xlpm.kv,2))))),"")} -> 木材 * 22
A47: 600106 | B47: 古代地宫金砖 | C47: 地宫 | E47: 2025.Oct | F47: =IF($A47<>"",_xlfn.TEXTJOIN("_",1,"loot_name",$A47),"") -> loot_name_600106 | G47: =IF($A47<>"",_xlfn.TEXTJOIN("_",1,"loot_desc",$A47),"") -> loot_desc_600106 | I47: Dungeon | K47: =_xlfn.TEXTJOIN("_",1,"loot",A47,I47:J47) -> loot_600106_Dungeon | M47: 6111=20 | N47: {=IF(M47<>"", _xlfn.TEXTJOIN("; ",1, _xlfn.MAP(_xlfn.TEXTSPLIT(M47,";"), _xlfn.LAMBDA(_xlpm.x, _xlfn.LET(_xlpm.kv,_xlfn.TEXTSPLIT(_xlpm.x,"="), VLOOKUP(VALUE(INDEX(_xlpm.kv,1)),camp_coin!A:C,3,0)&" * "&INDEX(_xlpm.kv,2))))),"")} -> 黄金 * 20
A48: 600107 | B48: 古代地宫雕像 | C48: 地宫 | E48: 2025.Oct | F48: =IF($A48<>"",_xlfn.TEXTJOIN("_",1,"loot_name",$A48),"") -> loot_name_600107 | G48: =IF($A48<>"",_xlfn.TEXTJOIN("_",1,"loot_desc",$A48),"") -> loot_desc_600107 | I48: Dungeon | K48: =_xlfn.TEXTJOIN("_",1,"loot",A48,I48:J48) -> loot_600107_Dungeon | M48: 6111=18;6112=8 | N48: {=IF(M48<>"", _xlfn.TEXTJOIN("; ",1, _xlfn.MAP(_xlfn.TEXTSPLIT(M48,";"), _xlfn.LAMBDA(_xlpm.x, _xlfn.LET(_xlpm.kv,_xlfn.TEXTSPLIT(_xlpm.x,"="), VLOOKUP(VALUE(INDEX(_xlpm.kv,1)),camp_coin!A:C,3,0)&" * "&INDEX(_xlpm.kv,2))))),"")} -> 黄金 * 18; 木材 * 8
A49: 600108 | B49: 大型鎏金木雕 | C49: 地宫 | E49: 2025.Oct | F49: =IF($A49<>"",_xlfn.TEXTJOIN("_",1,"loot_name",$A49),"") -> loot_name_600108 | G49: =IF($A49<>"",_xlfn.TEXTJOIN("_",1,"loot_desc",$A49),"") -> loot_desc_600108 | I49: Dungeon | K49: =_xlfn.TEXTJOIN("_",1,"loot",A49,I49:J49) -> loot_600108_Dungeon | M49: 6111=12;6112=40 | N49: {=IF(M49<>"", _xlfn.TEXTJOIN("; ",1, _xlfn.MAP(_xlfn.TEXTSPLIT(M49,";"), _xlfn.LAMBDA(_xlpm.x, _xlfn.LET(_xlpm.kv,_xlfn.TEXTSPLIT(_xlpm.x,"="), VLOOKUP(VALUE(INDEX(_xlpm.kv,1)),camp_coin!A:C,3,0)&" * "&INDEX(_xlpm.kv,2))))),"")} -> 黄金 * 12; 木材 * 40
A50: 600109 | B50: 地宫怪物肉 | C50: 地宫 | E50: 2025.Oct | F50: =IF($A50<>"",_xlfn.TEXTJOIN("_",1,"loot_name",$A50),"") -> loot_name_600109 | G50: =IF($A50<>"",_xlfn.TEXTJOIN("_",1,"loot_desc",$A50),"") -> loot_desc_600109 | I50: Dungeon | J50: monster_meat | K50: =_xlfn.TEXTJOIN("_",1,"loot",A50,I50:J50) -> loot_600109_Dungeon_monster_meat | M50: 6113=2 | N50: {=IF(M50<>"", _xlfn.TEXTJOIN("; ",1, _xlfn.MAP(_xlfn.TEXTSPLIT(M50,";"), _xlfn.LAMBDA(_xlpm.x, _xlfn.LET(_xlpm.kv,_xlfn.TEXTSPLIT(_xlpm.x,"="), VLOOKUP(VALUE(INDEX(_xlpm.kv,1)),camp_coin!A:C,3,0)&" * "&INDEX(_xlpm.kv,2))))),"")} -> 食物 * 2
A51: 600110 | B51: 金属矛尖 | C51: 地宫 | E51: 2025.Oct | F51: =IF($A51<>"",_xlfn.TEXTJOIN("_",1,"loot_name",$A51),"") -> loot_name_600110 | G51: =IF($A51<>"",_xlfn.TEXTJOIN("_",1,"loot_desc",$A51),"") -> loot_desc_600110 | I51: Dungeon | K51: =_xlfn.TEXTJOIN("_",1,"loot",A51,I51:J51) -> loot_600110_Dungeon | M51: 6114=2 | N51: {=IF(M51<>"", _xlfn.TEXTJOIN("; ",1, _xlfn.MAP(_xlfn.TEXTSPLIT(M51,";"), _xlfn.LAMBDA(_xlpm.x, _xlfn.LET(_xlpm.kv,_xlfn.TEXTSPLIT(_xlpm.x,"="), VLOOKUP(VALUE(INDEX(_xlpm.kv,1)),camp_coin!A:C,3,0)&" * "&INDEX(_xlpm.kv,2))))),"")} -> 金属 * 2
N52: {=IF(M52<>"", _xlfn.TEXTJOIN("; ",1, _xlfn.MAP(_xlfn.TEXTSPLIT(M52,";"), _xlfn.LAMBDA(_xlpm.x, _xlfn.LET(_xlpm.kv,_xlfn.TEXTSPLIT(_xlpm.x,"="), VLOOKUP(VALUE(INDEX(_xlpm.kv,1)),camp_coin!A:C,3,0)&" * "&INDEX(_xlpm.kv,2))))),"")}
A53: 600401 | B53: 建木细枝 | C53: 树梢 | E53: 2025.Oct | F53: =IF($A53<>"",_xlfn.TEXTJOIN("_",1,"loot_name",$A53),"") -> loot_name_600401 | G53: =IF($A53<>"",_xlfn.TEXTJOIN("_",1,"loot_desc",$A53),"") -> loot_desc_600401 | I53: TreeTop | K53: =_xlfn.TEXTJOIN("_",1,"loot",A53,I53:J53) -> loot_600401_TreeTop | M53: 6112=5 | N53: {=IF(M53<>"", _xlfn.TEXTJOIN("; ",1, _xlfn.MAP(_xlfn.TEXTSPLIT(M53,";"), _xlfn.LAMBDA(_xlpm.x, _xlfn.LET(_xlpm.kv,_xlfn.TEXTSPLIT(_xlpm.x,"="), VLOOKUP(VALUE(INDEX(_xlpm.kv,1)),camp_coin!A:C,3,0)&" * "&INDEX(_xlpm.kv,2))))),"")} -> 木材 * 5
A54: 600402 | B54: 建木粗枝 | C54: 树梢 | E54: 2025.Oct | F54: =IF($A54<>"",_xlfn.TEXTJOIN("_",1,"loot_name",$A54),"") -> loot_name_600402 | G54: =IF($A54<>"",_xlfn.TEXTJOIN("_",1,"loot_desc",$A54),"") -> loot_desc_600402 | I54: TreeTop | K54: =_xlfn.TEXTJOIN("_",1,"loot",A54,I54:J54) -> loot_600402_TreeTop | M54: 6112=15 | N54: {=IF(M54<>"", _xlfn.TEXTJOIN("; ",1, _xlfn.MAP(_xlfn.TEXTSPLIT(M54,";"), _xlfn.LAMBDA(_xlpm.x, _xlfn.LET(_xlpm.kv,_xlfn.TEXTSPLIT(_xlpm.x,"="), VLOOKUP(VALUE(INDEX(_xlpm.kv,1)),camp_coin!A:C,3,0)&" * "&INDEX(_xlpm.kv,2))))),"")} -> 木材 * 15
A55: 600403 | B55: 系铃粗枝 | C55: 树梢 | E55: 2025.Oct | F55: =IF($A55<>"",_xlfn.TEXTJOIN("_",1,"loot_name",$A55),"") -> loot_name_600403 | G55: =IF($A55<>"",_xlfn.TEXTJOIN("_",1,"loot_desc",$A55),"") -> loot_desc_600403 | I55: TreeTop | K55: =_xlfn.TEXTJOIN("_",1,"loot",A55,I55:J55) -> loot_600403_TreeTop | M55: 6112=15;6111=1 | N55: {=IF(M55<>"", _xlfn.TEXTJOIN("; ",1, _xlfn.MAP(_xlfn.TEXTSPLIT(M55,";"), _xlfn.LAMBDA(_xlpm.x, _xlfn.LET(_xlpm.kv,_xlfn.TEXTSPLIT(_xlpm.x,"="), VLOOKUP(VALUE(INDEX(_xlpm.kv,1)),camp_coin!A:C,3,0)&" * "&INDEX(_xlpm.kv,2))))),"")} -> 木材 * 15; 黄金 * 1
A56: 600404 | B56: 腐化粘液 | C56: 树梢 | E56: 2025.Oct | F56: =IF($A56<>"",_xlfn.TEXTJOIN("_",1,"loot_name",$A56),"") -> loot_name_600404 | G56: =IF($A56<>"",_xlfn.TEXTJOIN("_",1,"loot_desc",$A56),"") -> loot_desc_600404 | I56: TreeTop | J56: evil_goo | K56: =_xlfn.TEXTJOIN("_",1,"loot",A56,I56:J56) -> loot_600404_TreeTop_evil_goo | M56: 6113=1 | N56: {=IF(M56<>"", _xlfn.TEXTJOIN("; ",1, _xlfn.MAP(_xlfn.TEXTSPLIT(M56,";"), _xlfn.LAMBDA(_xlpm.x, _xlfn.LET(_xlpm.kv,_xlfn.TEXTSPLIT(_xlpm.x,"="), VLOOKUP(VALUE(INDEX(_xlpm.kv,1)),camp_coin!A:C,3,0)&" * "&INDEX(_xlpm.kv,2))))),"")} -> 食物 * 1
A57: 600405 | B57: 腐化细枝 | C57: 树梢 | E57: 2025.Oct | F57: =IF($A57<>"",_xlfn.TEXTJOIN("_",1,"loot_name",$A57),"") -> loot_name_600405 | G57: =IF($A57<>"",_xlfn.TEXTJOIN("_",1,"loot_desc",$A57),"") -> loot_desc_600405 | I57: TreeTop | K57: =_xlfn.TEXTJOIN("_",1,"loot",A57,I57:J57) -> loot_600405_TreeTop | M57: 6112=15 | N57: {=IF(M57<>"", _xlfn.TEXTJOIN("; ",1, _xlfn.MAP(_xlfn.TEXTSPLIT(M57,";"), _xlfn.LAMBDA(_xlpm.x, _xlfn.LET(_xlpm.kv,_xlfn.TEXTSPLIT(_xlpm.x,"="), VLOOKUP(VALUE(INDEX(_xlpm.kv,1)),camp_coin!A:C,3,0)&" * "&INDEX(_xlpm.kv,2))))),"")} -> 木材 * 15
A58: 600406 | B58: 腐化粗枝 | C58: 树梢 | E58: 2025.Oct | F58: =IF($A58<>"",_xlfn.TEXTJOIN("_",1,"loot_name",$A58),"") -> loot_name_600406 | G58: =IF($A58<>"",_xlfn.TEXTJOIN("_",1,"loot_desc",$A58),"") -> loot_desc_600406 | I58: TreeTop | K58: =_xlfn.TEXTJOIN("_",1,"loot",A58,I58:J58) -> loot_600406_TreeTop | M58: 6112=35 | N58: {=IF(M58<>"", _xlfn.TEXTJOIN("; ",1, _xlfn.MAP(_xlfn.TEXTSPLIT(M58,";"), _xlfn.LAMBDA(_xlpm.x, _xlfn.LET(_xlpm.kv,_xlfn.TEXTSPLIT(_xlpm.x,"="), VLOOKUP(VALUE(INDEX(_xlpm.kv,1)),camp_coin!A:C,3,0)&" * "&INDEX(_xlpm.kv,2))))),"")} -> 木材 * 35
A59: 600407 | B59: 腐化活木 | C59: 树梢 | E59: 2025.Oct | F59: =IF($A59<>"",_xlfn.TEXTJOIN("_",1,"loot_name",$A59),"") -> loot_name_600407 | G59: =IF($A59<>"",_xlfn.TEXTJOIN("_",1,"loot_desc",$A59),"") -> loot_desc_600407 | I59: TreeTop | K59: =_xlfn.TEXTJOIN("_",1,"loot",A59,I59:J59) -> loot_600407_TreeTop | M59: 6112=80 | N59: {=IF(M59<>"", _xlfn.TEXTJOIN("; ",1, _xlfn.MAP(_xlfn.TEXTSPLIT(M59,";"), _xlfn.LAMBDA(_xlpm.x, _xlfn.LET(_xlpm.kv,_xlfn.TEXTSPLIT(_xlpm.x,"="), VLOOKUP(VALUE(INDEX(_xlpm.kv,1)),camp_coin!A:C,3,0)&" * "&INDEX(_xlpm.kv,2))))),"")} -> 木材 * 80
A60: 600408 | B60: 腐化新芽 | C60: 树梢 | E60: 2025.Oct | F60: =IF($A60<>"",_xlfn.TEXTJOIN("_",1,"loot_name",$A60),"") -> loot_name_600408 | G60: =IF($A60<>"",_xlfn.TEXTJOIN("_",1,"loot_desc",$A60),"") -> loot_desc_600408 | I60: TreeTop | K60: =_xlfn.TEXTJOIN("_",1,"loot",A60,I60:J60) -> loot_600408_TreeTop | M60: 6113=2 | N60: {=IF(M60<>"", _xlfn.TEXTJOIN("; ",1, _xlfn.MAP(_xlfn.TEXTSPLIT(M60,";"), _xlfn.LAMBDA(_xlpm.x, _xlfn.LET(_xlpm.kv,_xlfn.TEXTSPLIT(_xlpm.x,"="), VLOOKUP(VALUE(INDEX(_xlpm.kv,1)),camp_coin!A:C,3,0)&" * "&INDEX(_xlpm.kv,2))))),"")} -> 食物 * 2
A61: 600409 | B61: 腐化果实 | C61: 树梢 | E61: 2025.Oct | F61: =IF($A61<>"",_xlfn.TEXTJOIN("_",1,"loot_name",$A61),"") -> loot_name_600409 | G61: =IF($A61<>"",_xlfn.TEXTJOIN("_",1,"loot_desc",$A61),"") -> loot_desc_600409 | I61: TreeTop | K61: =_xlfn.TEXTJOIN("_",1,"loot",A61,I61:J61) -> loot_600409_TreeTop | M61: 6113=35 | N61: {=IF(M61<>"", _xlfn.TEXTJOIN("; ",1, _xlfn.MAP(_xlfn.TEXTSPLIT(M61,";"), _xlfn.LAMBDA(_xlpm.x, _xlfn.LET(_xlpm.kv,_xlfn.TEXTSPLIT(_xlpm.x,"="), VLOOKUP(VALUE(INDEX(_xlpm.kv,1)),camp_coin!A:C,3,0)&" * "&INDEX(_xlpm.kv,2))))),"")} -> 食物 * 35
A62: 600410 | B62: 焦腐朽木 | C62: 树梢 | E62: 2025.Oct | F62: =IF($A62<>"",_xlfn.TEXTJOIN("_",1,"loot_name",$A62),"") -> loot_name_600410 | G62: =IF($A62<>"",_xlfn.TEXTJOIN("_",1,"loot_desc",$A62),"") -> loot_desc_600410 | I62: TreeTop | K62: =_xlfn.TEXTJOIN("_",1,"loot",A62,I62:J62) -> loot_600410_TreeTop | M62: 6112=2 | N62: {=IF(M62<>"", _xlfn.TEXTJOIN("; ",1, _xlfn.MAP(_xlfn.TEXTSPLIT(M62,";"), _xlfn.LAMBDA(_xlpm.x, _xlfn.LET(_xlpm.kv,_xlfn.TEXTSPLIT(_xlpm.x,"="), VLOOKUP(VALUE(INDEX(_xlpm.kv,1)),camp_coin!A:C,3,0)&" * "&INDEX(_xlpm.kv,2))))),"")} -> 木材 * 2
A64: 600701 | B64: 战箭残骸 | C64: 荒漠 | E64: 2025.Oct | F64: =IF($A64<>"",_xlfn.TEXTJOIN("_",1,"loot_name",$A64),"") -> loot_name_600701 | G64: =IF($A64<>"",_xlfn.TEXTJOIN("_",1,"loot_desc",$A64),"") -> loot_desc_600701 | I64: Desert | J64: broken_arrow | K64: =_xlfn.TEXTJOIN("_",1,"loot",A64,I64:J64) -> loot_600701_Desert_broken_arrow | M64: 6114=1 | N64: {=IF(M64<>"", _xlfn.TEXTJOIN("; ",1, _xlfn.MAP(_xlfn.TEXTSPLIT(M64,";"), _xlfn.LAMBDA(_xlpm.x, _xlfn.LET(_xlpm.kv,_xlfn.TEXTSPLIT(_xlpm.x,"="), VLOOKUP(VALUE(INDEX(_xlpm.kv,1)),camp_coin!A:C,3,0)&" * "&INDEX(_xlpm.kv,2))))),"")} -> 金属 * 1
A65: 600702 | B65: 战刃残骸 | C65: 荒漠 | E65: 2025.Oct | F65: =IF($A65<>"",_xlfn.TEXTJOIN("_",1,"loot_name",$A65),"") -> loot_name_600702 | G65: =IF($A65<>"",_xlfn.TEXTJOIN("_",1,"loot_desc",$A65),"") -> loot_desc_600702 | I65: Desert | K65: =_xlfn.TEXTJOIN("_",1,"loot",A65,I65:J65) -> loot_600702_Desert | M65: 6114=7 | N65: {=IF(M65<>"", _xlfn.TEXTJOIN("; ",1, _xlfn.MAP(_xlfn.TEXTSPLIT(M65,";"), _xlfn.LAMBDA(_xlpm.x, _xlfn.LET(_xlpm.kv,_xlfn.TEXTSPLIT(_xlpm.x,"="), VLOOKUP(VALUE(INDEX(_xlpm.kv,1)),camp_coin!A:C,3,0)&" * "&INDEX(_xlpm.kv,2))))),"")} -> 金属 * 7
A66: 600703 | B66: 战斧残骸 | C66: 荒漠 | E66: 2025.Oct | F66: =IF($A66<>"",_xlfn.TEXTJOIN("_",1,"loot_name",$A66),"") -> loot_name_600703 | G66: =IF($A66<>"",_xlfn.TEXTJOIN("_",1,"loot_desc",$A66),"") -> loot_desc_600703 | I66: Desert | K66: =_xlfn.TEXTJOIN("_",1,"loot",A66,I66:J66) -> loot_600703_Desert | M66: 6114=11 | N66: {=IF(M66<>"", _xlfn.TEXTJOIN("; ",1, _xlfn.MAP(_xlfn.TEXTSPLIT(M66,";"), _xlfn.LAMBDA(_xlpm.x, _xlfn.LET(_xlpm.kv,_xlfn.TEXTSPLIT(_xlpm.x,"="), VLOOKUP(VALUE(INDEX(_xlpm.kv,1)),camp_coin!A:C,3,0)&" * "&INDEX(_xlpm.kv,2))))),"")} -> 金属 * 11
A67: 600704 | B67: 战盾残骸 | C67: 荒漠 | E67: 2025.Oct | F67: =IF($A67<>"",_xlfn.TEXTJOIN("_",1,"loot_name",$A67),"") -> loot_name_600704 | G67: =IF($A67<>"",_xlfn.TEXTJOIN("_",1,"loot_desc",$A67),"") -> loot_desc_600704 | I67: Desert | K67: =_xlfn.TEXTJOIN("_",1,"loot",A67,I67:J67) -> loot_600704_Desert | M67: 6114=14 | N67: {=IF(M67<>"", _xlfn.TEXTJOIN("; ",1, _xlfn.MAP(_xlfn.TEXTSPLIT(M67,";"), _xlfn.LAMBDA(_xlpm.x, _xlfn.LET(_xlpm.kv,_xlfn.TEXTSPLIT(_xlpm.x,"="), VLOOKUP(VALUE(INDEX(_xlpm.kv,1)),camp_coin!A:C,3,0)&" * "&INDEX(_xlpm.kv,2))))),"")} -> 金属 * 14
A68: 600705 | B68: 古代金币 | C68: 荒漠 | E68: 2025.Oct | F68: =IF($A68<>"",_xlfn.TEXTJOIN("_",1,"loot_name",$A68),"") -> loot_name_600705 | G68: =IF($A68<>"",_xlfn.TEXTJOIN("_",1,"loot_desc",$A68),"") -> loot_desc_600705 | I68: Desert | K68: =_xlfn.TEXTJOIN("_",1,"loot",A68,I68:J68) -> loot_600705_Desert | M68: 6111=10 | N68: {=IF(M68<>"", _xlfn.TEXTJOIN("; ",1, _xlfn.MAP(_xlfn.TEXTSPLIT(M68,";"), _xlfn.LAMBDA(_xlpm.x, _xlfn.LET(_xlpm.kv,_xlfn.TEXTSPLIT(_xlpm.x,"="), VLOOKUP(VALUE(INDEX(_xlpm.kv,1)),camp_coin!A:C,3,0)&" * "&INDEX(_xlpm.kv,2))))),"")} -> 黄金 * 10
A69: 600706 | B69: 古代金饰 | C69: 荒漠 | E69: 2025.Oct | F69: =IF($A69<>"",_xlfn.TEXTJOIN("_",1,"loot_name",$A69),"") -> loot_name_600706 | G69: =IF($A69<>"",_xlfn.TEXTJOIN("_",1,"loot_desc",$A69),"") -> loot_desc_600706 | I69: Desert | K69: =_xlfn.TEXTJOIN("_",1,"loot",A69,I69:J69) -> loot_600706_Desert | M69: 6111=9 | N69: {=IF(M69<>"", _xlfn.TEXTJOIN("; ",1, _xlfn.MAP(_xlfn.TEXTSPLIT(M69,";"), _xlfn.LAMBDA(_xlpm.x, _xlfn.LET(_xlpm.kv,_xlfn.TEXTSPLIT(_xlpm.x,"="), VLOOKUP(VALUE(INDEX(_xlpm.kv,1)),camp_coin!A:C,3,0)&" * "&INDEX(_xlpm.kv,2))))),"")} -> 黄金 * 9
A70: 600707 | B70: 古代金锭 | C70: 荒漠 | E70: 2025.Oct | F70: =IF($A70<>"",_xlfn.TEXTJOIN("_",1,"loot_name",$A70),"") -> loot_name_600707 | G70: =IF($A70<>"",_xlfn.TEXTJOIN("_",1,"loot_desc",$A70),"") -> loot_desc_600707 | I70: Desert | K70: =_xlfn.TEXTJOIN("_",1,"loot",A70,I70:J70) -> loot_600707_Desert | M70: 6111=25 | N70: {=IF(M70<>"", _xlfn.TEXTJOIN("; ",1, _xlfn.MAP(_xlfn.TEXTSPLIT(M70,";"), _xlfn.LAMBDA(_xlpm.x, _xlfn.LET(_xlpm.kv,_xlfn.TEXTSPLIT(_xlpm.x,"="), VLOOKUP(VALUE(INDEX(_xlpm.kv,1)),camp_coin!A:C,3,0)&" * "&INDEX(_xlpm.kv,2))))),"")} -> 黄金 * 25
A71: 600708 | B71: 古代诅咒雕像1 | C71: 荒漠 | E71: 2025.Oct | F71: =IF($A71<>"",_xlfn.TEXTJOIN("_",1,"loot_name",$A71),"") -> loot_name_600708 | G71: =IF($A71<>"",_xlfn.TEXTJOIN("_",1,"loot_desc",$A71),"") -> loot_desc_600708 | I71: Desert | K71: =_xlfn.TEXTJOIN("_",1,"loot",A71,I71:J71) -> loot_600708_Desert | M71: 6111=61 | N71: {=IF(M71<>"", _xlfn.TEXTJOIN("; ",1, _xlfn.MAP(_xlfn.TEXTSPLIT(M71,";"), _xlfn.LAMBDA(_xlpm.x, _xlfn.LET(_xlpm.kv,_xlfn.TEXTSPLIT(_xlpm.x,"="), VLOOKUP(VALUE(INDEX(_xlpm.kv,1)),camp_coin!A:C,3,0)&" * "&INDEX(_xlpm.kv,2))))),"")} -> 黄金 * 61
A72: 600709 | B72: 古代诅咒雕像2 | C72: 荒漠 | E72: 2025.Oct | F72: =IF($A72<>"",_xlfn.TEXTJOIN("_",1,"loot_name",$A72),"") -> loot_name_600709 | G72: =IF($A72<>"",_xlfn.TEXTJOIN("_",1,"loot_desc",$A72),"") -> loot_desc_600709 | I72: Desert | K72: =_xlfn.TEXTJOIN("_",1,"loot",A72,I72:J72) -> loot_600709_Desert | M72: 6111=61 | N72: {=IF(M72<>"", _xlfn.TEXTJOIN("; ",1, _xlfn.MAP(_xlfn.TEXTSPLIT(M72,";"), _xlfn.LAMBDA(_xlpm.x, _xlfn.LET(_xlpm.kv,_xlfn.TEXTSPLIT(_xlpm.x,"="), VLOOKUP(VALUE(INDEX(_xlpm.kv,1)),camp_coin!A:C,3,0)&" * "&INDEX(_xlpm.kv,2))))),"")} -> 黄金 * 61
A73: 600710 | B73: 沙漠怪物肉 | C73: 荒漠 | E73: 2025.Oct | F73: =IF($A73<>"",_xlfn.TEXTJOIN("_",1,"loot_name",$A73),"") -> loot_name_600710 | G73: =IF($A73<>"",_xlfn.TEXTJOIN("_",1,"loot_desc",$A73),"") -> loot_desc_600710 | I73: Desert | K73: =_xlfn.TEXTJOIN("_",1,"loot",A73,I73:J73) -> loot_600710_Desert | M73: 6113=2 | N73: {=IF(M73<>"", _xlfn.TEXTJOIN("; ",1, _xlfn.MAP(_xlfn.TEXTSPLIT(M73,";"), _xlfn.LAMBDA(_xlpm.x, _xlfn.LET(_xlpm.kv,_xlfn.TEXTSPLIT(_xlpm.x,"="), VLOOKUP(VALUE(INDEX(_xlpm.kv,1)),camp_coin!A:C,3,0)&" * "&INDEX(_xlpm.kv,2))))),"")} -> 食物 * 2
A75: 600801 | B75: 水草 | C75: 大湖 | E75: 2025.Nov.25 | F75: =IF($A75<>"",_xlfn.TEXTJOIN("_",1,"loot_name",$A75),"") -> loot_name_600801 | G75: loot_desc_600800 | H75: <br><i>可以用来结算为营地货币的战利品…</i><br> | I75: Lake | J75: seaweed | K75: =_xlfn.CONCAT("temp_loot_08[temp_loot_08_",L75,"]") -> temp_loot_08[temp_loot_08_0] | L75: 0 | M75: 6113=5 | N75: {=IF(M75<>"", _xlfn.TEXTJOIN("; ",1, _xlfn.MAP(_xlfn.TEXTSPLIT(M75,";"), _xlfn.LAMBDA(_xlpm.x, _xlfn.LET(_xlpm.kv,_xlfn.TEXTSPLIT(_xlpm.x,"="), VLOOKUP(VALUE(INDEX(_xlpm.kv,1)),camp_coin!A:C,3,0)&" * "&INDEX(_xlpm.kv,2))))),"")} -> 食物 * 5 | O75: {=IF(M75<>"", SUM(_xlfn.MAP(_xlfn.TEXTSPLIT(M75,";"),_xlfn.LAMBDA(_xlpm.x,VALUE(INDEX(_xlfn.TEXTSPLIT(_xlpm.x,"="),2))))),"")} -> 5
A76: 600802 | B76: 鱼肉 | C76: 大湖 | E76: 2025.Nov.25 | F76: =IF($A76<>"",_xlfn.TEXTJOIN("_",1,"loot_name",$A76),"") -> loot_name_600802 | G76: loot_desc_600800 | H76: <br><i>可以用来结算为营地货币的战利品…</i><br> | I76: Lake | K76: =_xlfn.CONCAT("temp_loot_08[temp_loot_08_",L76,"]") -> temp_loot_08[temp_loot_08_1] | L76: 1 | M76: 6113=55 | N76: {=IF(M76<>"", _xlfn.TEXTJOIN("; ",1, _xlfn.MAP(_xlfn.TEXTSPLIT(M76,";"), _xlfn.LAMBDA(_xlpm.x, _xlfn.LET(_xlpm.kv,_xlfn.TEXTSPLIT(_xlpm.x,"="), VLOOKUP(VALUE(INDEX(_xlpm.kv,1)),camp_coin!A:C,3,0)&" * "&INDEX(_xlpm.kv,2))))),"")} -> 食物 * 55 | O76: {=IF(M76<>"", SUM(_xlfn.MAP(_xlfn.TEXTSPLIT(M76,";"), _xlfn.LAMBDA(_xlpm.x,VALUE(INDEX(_xlfn.TEXTSPLIT(_xlpm.x,"="),2))))),"")} -> 55
A77: 600803 | B77: 鱼油 | C77: 大湖 | E77: 2025.Nov.25 | F77: =IF($A77<>"",_xlfn.TEXTJOIN("_",1,"loot_name",$A77),"") -> loot_name_600803 | G77: loot_desc_600800 | H77: <br><i>可以用来结算为营地货币的战利品…</i><br> | I77: Lake | K77: =_xlfn.CONCAT("temp_loot_08[temp_loot_08_",L77,"]") -> temp_loot_08[temp_loot_08_2] | L77: 2 | M77: 6111=10;6113=10 | N77: {=IF(M77<>"", _xlfn.TEXTJOIN("; ",1, _xlfn.MAP(_xlfn.TEXTSPLIT(M77,";"), _xlfn.LAMBDA(_xlpm.x, _xlfn.LET(_xlpm.kv,_xlfn.TEXTSPLIT(_xlpm.x,"="), VLOOKUP(VALUE(INDEX(_xlpm.kv,1)),camp_coin!A:C,3,0)&" * "&INDEX(_xlpm.kv,2))))),"")} -> 黄金 * 10; 食物 * 10 | O77: {=IF(M77<>"", SUM(_xlfn.MAP(_xlfn.TEXTSPLIT(M77,";"), _xlfn.LAMBDA(_xlpm.x,VALUE(INDEX(_xlfn.TEXTSPLIT(_xlpm.x,"="),2))))),"")} -> 20
A78: 600804 | B78: 海蜇肉 | C78: 大湖 | E78: 2025.Nov.25 | F78: =IF($A78<>"",_xlfn.TEXTJOIN("_",1,"loot_name",$A78),"") -> loot_name_600804 | G78: loot_desc_600800 | H78: <br><i>可以用来结算为营地货币的战利品…</i><br> | I78: Lake | K78: =_xlfn.CONCAT("temp_loot_08[temp_loot_08_",L78,"]") -> temp_loot_08[temp_loot_08_3] | L78: 3 | M78: 6113=45 | N78: {=IF(M78<>"", _xlfn.TEXTJOIN("; ",1, _xlfn.MAP(_xlfn.TEXTSPLIT(M78,";"), _xlfn.LAMBDA(_xlpm.x, _xlfn.LET(_xlpm.kv,_xlfn.TEXTSPLIT(_xlpm.x,"="), VLOOKUP(VALUE(INDEX(_xlpm.kv,1)),camp_coin!A:C,3,0)&" * "&INDEX(_xlpm.kv,2))))),"")} -> 食物 * 45 | O78: {=IF(M78<>"", SUM(_xlfn.MAP(_xlfn.TEXTSPLIT(M78,";"), _xlfn.LAMBDA(_xlpm.x,VALUE(INDEX(_xlfn.TEXTSPLIT(_xlpm.x,"="),2))))),"")} -> 45
A79: 600805 | B79: 蟹肉 | C79: 大湖 | E79: 2025.Nov.25 | F79: =IF($A79<>"",_xlfn.TEXTJOIN("_",1,"loot_name",$A79),"") -> loot_name_600805 | G79: loot_desc_600800 | H79: <br><i>可以用来结算为营地货币的战利品…</i><br> | I79: Lake | K79: =_xlfn.CONCAT("temp_loot_08[temp_loot_08_",L79,"]") -> temp_loot_08[temp_loot_08_4] | L79: 4 | M79: 6113=30 | N79: {=IF(M79<>"", _xlfn.TEXTJOIN("; ",1, _xlfn.MAP(_xlfn.TEXTSPLIT(M79,";"), _xlfn.LAMBDA(_xlpm.x, _xlfn.LET(_xlpm.kv,_xlfn.TEXTSPLIT(_xlpm.x,"="), VLOOKUP(VALUE(INDEX(_xlpm.kv,1)),camp_coin!A:C,3,0)&" * "&INDEX(_xlpm.kv,2))))),"")} -> 食物 * 30 | O79: {=IF(M79<>"", SUM(_xlfn.MAP(_xlfn.TEXTSPLIT(M79,";"), _xlfn.LAMBDA(_xlpm.x,VALUE(INDEX(_xlfn.TEXTSPLIT(_xlpm.x,"="),2))))),"")} -> 30
A80: 600806 | B80: 蟹钳 | C80: 大湖 | E80: 2025.Nov.25 | F80: =IF($A80<>"",_xlfn.TEXTJOIN("_",1,"loot_name",$A80),"") -> loot_name_600806 | G80: loot_desc_600800 | H80: <br><i>可以用来结算为营地货币的战利品…</i><br> | I80: Lake | K80: =_xlfn.CONCAT("temp_loot_08[temp_loot_08_",L80,"]") -> temp_loot_08[temp_loot_08_5] | L80: 5 | M80: 6111=3 | N80: {=IF(M80<>"", _xlfn.TEXTJOIN("; ",1, _xlfn.MAP(_xlfn.TEXTSPLIT(M80,";"), _xlfn.LAMBDA(_xlpm.x, _xlfn.LET(_xlpm.kv,_xlfn.TEXTSPLIT(_xlpm.x,"="), VLOOKUP(VALUE(INDEX(_xlpm.kv,1)),camp_coin!A:C,3,0)&" * "&INDEX(_xlpm.kv,2))))),"")} -> 黄金 * 3 | O80: {=IF(M80<>"", SUM(_xlfn.MAP(_xlfn.TEXTSPLIT(M80,";"), _xlfn.LAMBDA(_xlpm.x,VALUE(INDEX(_xlfn.TEXTSPLIT(_xlpm.x,"="),2))))),"")} -> 3
A81: 600807 | B81: 贝肉 | C81: 大湖 | E81: 2025.Nov.25 | F81: =IF($A81<>"",_xlfn.TEXTJOIN("_",1,"loot_name",$A81),"") -> loot_name_600807 | G81: loot_desc_600800 | H81: <br><i>可以用来结算为营地货币的战利品…</i><br> | I81: Lake | K81: =_xlfn.CONCAT("temp_loot_08[temp_loot_08_",L81,"]") -> temp_loot_08[temp_loot_08_6] | L81: 6 | M81: 6113=15 | N81: {=IF(M81<>"", _xlfn.TEXTJOIN("; ",1, _xlfn.MAP(_xlfn.TEXTSPLIT(M81,";"), _xlfn.LAMBDA(_xlpm.x, _xlfn.LET(_xlpm.kv,_xlfn.TEXTSPLIT(_xlpm.x,"="), VLOOKUP(VALUE(INDEX(_xlpm.kv,1)),camp_coin!A:C,3,0)&" * "&INDEX(_xlpm.kv,2))))),"")} -> 食物 * 15 | O81: {=IF(M81<>"", SUM(_xlfn.MAP(_xlfn.TEXTSPLIT(M81,";"), _xlfn.LAMBDA(_xlpm.x,VALUE(INDEX(_xlfn.TEXTSPLIT(_xlpm.x,"="),2))))),"")} -> 15
A82: 600808 | B82: 蚌壳 | C82: 大湖 | E82: 2025.Nov.25 | F82: =IF($A82<>"",_xlfn.TEXTJOIN("_",1,"loot_name",$A82),"") -> loot_name_600808 | G82: loot_desc_600800 | H82: <br><i>可以用来结算为营地货币的战利品…</i><br> | I82: Lake | K82: =_xlfn.CONCAT("temp_loot_08[temp_loot_08_",L82,"]") -> temp_loot_08[temp_loot_08_7] | L82: 7 | M82: 6111=2 | N82: {=IF(M82<>"", _xlfn.TEXTJOIN("; ",1, _xlfn.MAP(_xlfn.TEXTSPLIT(M82,";"), _xlfn.LAMBDA(_xlpm.x, _xlfn.LET(_xlpm.kv,_xlfn.TEXTSPLIT(_xlpm.x,"="), VLOOKUP(VALUE(INDEX(_xlpm.kv,1)),camp_coin!A:C,3,0)&" * "&INDEX(_xlpm.kv,2))))),"")} -> 黄金 * 2 | O82: {=IF(M82<>"", SUM(_xlfn.MAP(_xlfn.TEXTSPLIT(M82,";"), _xlfn.LAMBDA(_xlpm.x,VALUE(INDEX(_xlfn.TEXTSPLIT(_xlpm.x,"="),2))))),"")} -> 2
A83: 600809 | B83: 珍珠 | C83: 大湖 | E83: 2025.Nov.25 | F83: =IF($A83<>"",_xlfn.TEXTJOIN("_",1,"loot_name",$A83),"") -> loot_name_600809 | G83: loot_desc_600800 | H83: <br><i>可以用来结算为营地货币的战利品…</i><br> | I83: Lake | K83: =_xlfn.CONCAT("temp_loot_08[temp_loot_08_",L83,"]") -> temp_loot_08[temp_loot_08_12] | L83: 12 | M83: 6111=15 | N83: {=IF(M83<>"", _xlfn.TEXTJOIN("; ",1, _xlfn.MAP(_xlfn.TEXTSPLIT(M83,";"), _xlfn.LAMBDA(_xlpm.x, _xlfn.LET(_xlpm.kv,_xlfn.TEXTSPLIT(_xlpm.x,"="), VLOOKUP(VALUE(INDEX(_xlpm.kv,1)),camp_coin!A:C,3,0)&" * "&INDEX(_xlpm.kv,2))))),"")} -> 黄金 * 15 | O83: {=IF(M83<>"", SUM(_xlfn.MAP(_xlfn.TEXTSPLIT(M83,";"), _xlfn.LAMBDA(_xlpm.x,VALUE(INDEX(_xlfn.TEXTSPLIT(_xlpm.x,"="),2))))),"")} -> 15
A84: 600810 | B84: 黑珍珠 | C84: 大湖 | E84: 2025.Nov.25 | F84: =IF($A84<>"",_xlfn.TEXTJOIN("_",1,"loot_name",$A84),"") -> loot_name_600810 | G84: loot_desc_600800 | H84: <br><i>可以用来结算为营地货币的战利品…</i><br> | I84: Lake | K84: =_xlfn.CONCAT("temp_loot_08[temp_loot_08_",L84,"]") -> temp_loot_08[temp_loot_08_13] | L84: 13 | M84: 6111=35 | N84: {=IF(M84<>"", _xlfn.TEXTJOIN("; ",1, _xlfn.MAP(_xlfn.TEXTSPLIT(M84,";"), _xlfn.LAMBDA(_xlpm.x, _xlfn.LET(_xlpm.kv,_xlfn.TEXTSPLIT(_xlpm.x,"="), VLOOKUP(VALUE(INDEX(_xlpm.kv,1)),camp_coin!A:C,3,0)&" * "&INDEX(_xlpm.kv,2))))),"")} -> 黄金 * 35 | O84: {=IF(M84<>"", SUM(_xlfn.MAP(_xlfn.TEXTSPLIT(M84,";"), _xlfn.LAMBDA(_xlpm.x,VALUE(INDEX(_xlfn.TEXTSPLIT(_xlpm.x,"="),2))))),"")} -> 35
A85: 600811 | B85: 朽木 | C85: 大湖 | E85: 2025.Nov.25 | F85: =IF($A85<>"",_xlfn.TEXTJOIN("_",1,"loot_name",$A85),"") -> loot_name_600811 | G85: loot_desc_600800 | H85: <br><i>可以用来结算为营地货币的战利品…</i><br> | I85: Lake | K85: =_xlfn.CONCAT("temp_loot_08[temp_loot_08_",L85,"]") -> temp_loot_08[temp_loot_08_10] | L85: 10 | M85: 6112=20 | N85: {=IF(M85<>"", _xlfn.TEXTJOIN("; ",1, _xlfn.MAP(_xlfn.TEXTSPLIT(M85,";"), _xlfn.LAMBDA(_xlpm.x, _xlfn.LET(_xlpm.kv,_xlfn.TEXTSPLIT(_xlpm.x,"="), VLOOKUP(VALUE(INDEX(_xlpm.kv,1)),camp_coin!A:C,3,0)&" * "&INDEX(_xlpm.kv,2))))),"")} -> 木材 * 20 | O85: {=IF(M85<>"", SUM(_xlfn.MAP(_xlfn.TEXTSPLIT(M85,";"), _xlfn.LAMBDA(_xlpm.x,VALUE(INDEX(_xlfn.TEXTSPLIT(_xlpm.x,"="),2))))),"")} -> 20
A86: 600812 | B86: 锈铁 | C86: 大湖 | E86: 2025.Nov.25 | F86: =IF($A86<>"",_xlfn.TEXTJOIN("_",1,"loot_name",$A86),"") -> loot_name_600812 | G86: loot_desc_600800 | H86: <br><i>可以用来结算为营地货币的战利品…</i><br> | I86: Lake | K86: =_xlfn.CONCAT("temp_loot_08[temp_loot_08_",L86,"]") -> temp_loot_08[temp_loot_08_11] | L86: 11 | M86: 6114=20 | N86: {=IF(M86<>"", _xlfn.TEXTJOIN("; ",1, _xlfn.MAP(_xlfn.TEXTSPLIT(M86,";"), _xlfn.LAMBDA(_xlpm.x, _xlfn.LET(_xlpm.kv,_xlfn.TEXTSPLIT(_xlpm.x,"="), VLOOKUP(VALUE(INDEX(_xlpm.kv,1)),camp_coin!A:C,3,0)&" * "&INDEX(_xlpm.kv,2))))),"")} -> 金属 * 20 | O86: {=IF(M86<>"", SUM(_xlfn.MAP(_xlfn.TEXTSPLIT(M86,";"), _xlfn.LAMBDA(_xlpm.x,VALUE(INDEX(_xlfn.TEXTSPLIT(_xlpm.x,"="),2))))),"")} -> 20
A87: 600813 | B87: 湖盐 | C87: 大湖 | E87: 2025.Nov.25 | F87: =IF($A87<>"",_xlfn.TEXTJOIN("_",1,"loot_name",$A87),"") -> loot_name_600813 | G87: loot_desc_600800 | H87: <br><i>可以用来结算为营地货币的战利品…</i><br> | I87: Lake | K87: =_xlfn.CONCAT("temp_loot_08[temp_loot_08_",L87,"]") -> temp_loot_08[temp_loot_08_14] | L87: 14 | M87: 6111=6 | N87: {=IF(M87<>"", _xlfn.TEXTJOIN("; ",1, _xlfn.MAP(_xlfn.TEXTSPLIT(M87,";"), _xlfn.LAMBDA(_xlpm.x, _xlfn.LET(_xlpm.kv,_xlfn.TEXTSPLIT(_xlpm.x,"="), VLOOKUP(VALUE(INDEX(_xlpm.kv,1)),camp_coin!A:C,3,0)&" * "&INDEX(_xlpm.kv,2))))),"")} -> 黄金 * 6 | O87: {=IF(M87<>"", SUM(_xlfn.MAP(_xlfn.TEXTSPLIT(M87,";"), _xlfn.LAMBDA(_xlpm.x,VALUE(INDEX(_xlfn.TEXTSPLIT(_xlpm.x,"="),2))))),"")} -> 6
A88: 600881 | B88: 软体动物(小) | C88: 大湖 | E88: 2025.Oct | F88: =IF($A88<>"",_xlfn.TEXTJOIN("_",1,"loot_name",$A88),"") -> loot_name_600881 | G88: =IF($A88<>"",_xlfn.TEXTJOIN("_",1,"loot_desc",$A88),"") -> loot_desc_600881 | I88: Lake | K88: =_xlfn.TEXTJOIN("_",1,"loot",A88,I88:J88) -> loot_600881_Lake | M88: 6113=8 | N88: {=IF(M88<>"", _xlfn.TEXTJOIN("; ",1, _xlfn.MAP(_xlfn.TEXTSPLIT(M88,";"), _xlfn.LAMBDA(_xlpm.x, _xlfn.LET(_xlpm.kv,_xlfn.TEXTSPLIT(_xlpm.x,"="), VLOOKUP(VALUE(INDEX(_xlpm.kv,1)),camp_coin!A:C,3,0)&" * "&INDEX(_xlpm.kv,2))))),"")} -> 食物 * 8
A89: 600882 | B89: 软体动物(中) | C89: 大湖 | E89: 2025.Oct | F89: =IF($A89<>"",_xlfn.TEXTJOIN("_",1,"loot_name",$A89),"") -> loot_name_600882 | G89: =IF($A89<>"",_xlfn.TEXTJOIN("_",1,"loot_desc",$A89),"") -> loot_desc_600882 | I89: Lake | K89: =_xlfn.TEXTJOIN("_",1,"loot",A89,I89:J89) -> loot_600882_Lake | M89: 6113=12 | N89: {=IF(M89<>"", _xlfn.TEXTJOIN("; ",1, _xlfn.MAP(_xlfn.TEXTSPLIT(M89,";"), _xlfn.LAMBDA(_xlpm.x, _xlfn.LET(_xlpm.kv,_xlfn.TEXTSPLIT(_xlpm.x,"="), VLOOKUP(VALUE(INDEX(_xlpm.kv,1)),camp_coin!A:C,3,0)&" * "&INDEX(_xlpm.kv,2))))),"")} -> 食物 * 12
A90: 600883 | B90: 软体动物(大) | C90: 大湖 | E90: 2025.Oct | F90: =IF($A90<>"",_xlfn.TEXTJOIN("_",1,"loot_name",$A90),"") -> loot_name_600883 | G90: =IF($A90<>"",_xlfn.TEXTJOIN("_",1,"loot_desc",$A90),"") -> loot_desc_600883 | I90: Lake | K90: =_xlfn.TEXTJOIN("_",1,"loot",A90,I90:J90) -> loot_600883_Lake | M90: 6113=16 | N90: {=IF(M90<>"", _xlfn.TEXTJOIN("; ",1, _xlfn.MAP(_xlfn.TEXTSPLIT(M90,";"), _xlfn.LAMBDA(_xlpm.x, _xlfn.LET(_xlpm.kv,_xlfn.TEXTSPLIT(_xlpm.x,"="), VLOOKUP(VALUE(INDEX(_xlpm.kv,1)),camp_coin!A:C,3,0)&" * "&INDEX(_xlpm.kv,2))))),"")} -> 食物 * 16
A91: 600884 | B91: 甲壳动物(小) | C91: 大湖 | E91: 2025.Oct | F91: =IF($A91<>"",_xlfn.TEXTJOIN("_",1,"loot_name",$A91),"") -> loot_name_600884 | G91: =IF($A91<>"",_xlfn.TEXTJOIN("_",1,"loot_desc",$A91),"") -> loot_desc_600884 | I91: Lake | K91: =_xlfn.TEXTJOIN("_",1,"loot",A91,I91:J91) -> loot_600884_Lake | M91: 6113=12 | N91: {=IF(M91<>"", _xlfn.TEXTJOIN("; ",1, _xlfn.MAP(_xlfn.TEXTSPLIT(M91,";"), _xlfn.LAMBDA(_xlpm.x, _xlfn.LET(_xlpm.kv,_xlfn.TEXTSPLIT(_xlpm.x,"="), VLOOKUP(VALUE(INDEX(_xlpm.kv,1)),camp_coin!A:C,3,0)&" * "&INDEX(_xlpm.kv,2))))),"")} -> 食物 * 12
A92: 600885 | B92: 甲壳动物(中) | C92: 大湖 | E92: 2025.Oct | F92: =IF($A92<>"",_xlfn.TEXTJOIN("_",1,"loot_name",$A92),"") -> loot_name_600885 | G92: =IF($A92<>"",_xlfn.TEXTJOIN("_",1,"loot_desc",$A92),"") -> loot_desc_600885 | I92: Lake | K92: =_xlfn.TEXTJOIN("_",1,"loot",A92,I92:J92) -> loot_600885_Lake | M92: 6113=15 | N92: {=IF(M92<>"", _xlfn.TEXTJOIN("; ",1, _xlfn.MAP(_xlfn.TEXTSPLIT(M92,";"), _xlfn.LAMBDA(_xlpm.x, _xlfn.LET(_xlpm.kv,_xlfn.TEXTSPLIT(_xlpm.x,"="), VLOOKUP(VALUE(INDEX(_xlpm.kv,1)),camp_coin!A:C,3,0)&" * "&INDEX(_xlpm.kv,2))))),"")} -> 食物 * 15
A93: 600886 | B93: 甲壳动物(大) | C93: 大湖 | E93: 2025.Oct | F93: =IF($A93<>"",_xlfn.TEXTJOIN("_",1,"loot_name",$A93),"") -> loot_name_600886 | G93: =IF($A93<>"",_xlfn.TEXTJOIN("_",1,"loot_desc",$A93),"") -> loot_desc_600886 | I93: Lake | K93: =_xlfn.TEXTJOIN("_",1,"loot",A93,I93:J93) -> loot_600886_Lake | M93: 6113=18 | N93: {=IF(M93<>"", _xlfn.TEXTJOIN("; ",1, _xlfn.MAP(_xlfn.TEXTSPLIT(M93,";"), _xlfn.LAMBDA(_xlpm.x, _xlfn.LET(_xlpm.kv,_xlfn.TEXTSPLIT(_xlpm.x,"="), VLOOKUP(VALUE(INDEX(_xlpm.kv,1)),camp_coin!A:C,3,0)&" * "&INDEX(_xlpm.kv,2))))),"")} -> 食物 * 18
A94: 600887 | B94: 河鱼(小) | C94: 大湖 | E94: 2025.Oct | F94: =IF($A94<>"",_xlfn.TEXTJOIN("_",1,"loot_name",$A94),"") -> loot_name_600887 | G94: =IF($A94<>"",_xlfn.TEXTJOIN("_",1,"loot_desc",$A94),"") -> loot_desc_600887 | I94: Lake | K94: =_xlfn.TEXTJOIN("_",1,"loot",A94,I94:J94) -> loot_600887_Lake | M94: 6113=20 | N94: {=IF(M94<>"", _xlfn.TEXTJOIN("; ",1, _xlfn.MAP(_xlfn.TEXTSPLIT(M94,";"), _xlfn.LAMBDA(_xlpm.x, _xlfn.LET(_xlpm.kv,_xlfn.TEXTSPLIT(_xlpm.x,"="), VLOOKUP(VALUE(INDEX(_xlpm.kv,1)),camp_coin!A:C,3,0)&" * "&INDEX(_xlpm.kv,2))))),"")} -> 食物 * 20
A95: 600888 | B95: 河鱼(中) | C95: 大湖 | E95: 2025.Oct | F95: =IF($A95<>"",_xlfn.TEXTJOIN("_",1,"loot_name",$A95),"") -> loot_name_600888 | G95: =IF($A95<>"",_xlfn.TEXTJOIN("_",1,"loot_desc",$A95),"") -> loot_desc_600888 | I95: Lake | K95: =_xlfn.TEXTJOIN("_",1,"loot",A95,I95:J95) -> loot_600888_Lake | M95: 6113=25 | N95: {=IF(M95<>"", _xlfn.TEXTJOIN("; ",1, _xlfn.MAP(_xlfn.TEXTSPLIT(M95,";"), _xlfn.LAMBDA(_xlpm.x, _xlfn.LET(_xlpm.kv,_xlfn.TEXTSPLIT(_xlpm.x,"="), VLOOKUP(VALUE(INDEX(_xlpm.kv,1)),camp_coin!A:C,3,0)&" * "&INDEX(_xlpm.kv,2))))),"")} -> 食物 * 25
A96: 600889 | B96: 河鱼(大) | C96: 大湖 | E96: 2025.Oct | F96: =IF($A96<>"",_xlfn.TEXTJOIN("_",1,"loot_name",$A96),"") -> loot_name_600889 | G96: =IF($A96<>"",_xlfn.TEXTJOIN("_",1,"loot_desc",$A96),"") -> loot_desc_600889 | I96: Lake | K96: =_xlfn.TEXTJOIN("_",1,"loot",A96,I96:J96) -> loot_600889_Lake | M96: 6113=30 | N96: {=IF(M96<>"", _xlfn.TEXTJOIN("; ",1, _xlfn.MAP(_xlfn.TEXTSPLIT(M96,";"), _xlfn.LAMBDA(_xlpm.x, _xlfn.LET(_xlpm.kv,_xlfn.TEXTSPLIT(_xlpm.x,"="), VLOOKUP(VALUE(INDEX(_xlpm.kv,1)),camp_coin!A:C,3,0)&" * "&INDEX(_xlpm.kv,2))))),"")} -> 食物 * 30
A97: 600890 | B97: 狗鱼 | C97: 大湖 | E97: 2025.Oct | F97: =IF($A97<>"",_xlfn.TEXTJOIN("_",1,"loot_name",$A97),"") -> loot_name_600890 | G97: =IF($A97<>"",_xlfn.TEXTJOIN("_",1,"loot_desc",$A97),"") -> loot_desc_600890 | I97: Lake | K97: =_xlfn.TEXTJOIN("_",1,"loot",A97,I97:J97) -> loot_600890_Lake | M97: 6113=58 | N97: {=IF(M97<>"", _xlfn.TEXTJOIN("; ",1, _xlfn.MAP(_xlfn.TEXTSPLIT(M97,";"), _xlfn.LAMBDA(_xlpm.x, _xlfn.LET(_xlpm.kv,_xlfn.TEXTSPLIT(_xlpm.x,"="), VLOOKUP(VALUE(INDEX(_xlpm.kv,1)),camp_coin!A:C,3,0)&" * "&INDEX(_xlpm.kv,2))))),"")} -> 食物 * 58
A98: 600891 | B98: 多肉鱼 | C98: 大湖 | E98: 2025.Oct | F98: =IF($A98<>"",_xlfn.TEXTJOIN("_",1,"loot_name",$A98),"") -> loot_name_600891 | G98: =IF($A98<>"",_xlfn.TEXTJOIN("_",1,"loot_desc",$A98),"") -> loot_desc_600891 | I98: Lake | K98: =_xlfn.TEXTJOIN("_",1,"loot",A98,I98:J98) -> loot_600891_Lake | M98: 6113=75 | N98: {=IF(M98<>"", _xlfn.TEXTJOIN("; ",1, _xlfn.MAP(_xlfn.TEXTSPLIT(M98,";"), _xlfn.LAMBDA(_xlpm.x, _xlfn.LET(_xlpm.kv,_xlfn.TEXTSPLIT(_xlpm.x,"="), VLOOKUP(VALUE(INDEX(_xlpm.kv,1)),camp_coin!A:C,3,0)&" * "&INDEX(_xlpm.kv,2))))),"")} -> 食物 * 75
A99: 600892 | B99: 大嘴鱼 | C99: 大湖 | E99: 2025.Oct | F99: =IF($A99<>"",_xlfn.TEXTJOIN("_",1,"loot_name",$A99),"") -> loot_name_600892 | G99: =IF($A99<>"",_xlfn.TEXTJOIN("_",1,"loot_desc",$A99),"") -> loot_desc_600892 | I99: Lake | K99: =_xlfn.TEXTJOIN("_",1,"loot",A99,I99:J99) -> loot_600892_Lake | M99: 6111=1;6113=1;6114=1 | N99: {=IF(M99<>"", _xlfn.TEXTJOIN("; ",1, _xlfn.MAP(_xlfn.TEXTSPLIT(M99,";"), _xlfn.LAMBDA(_xlpm.x, _xlfn.LET(_xlpm.kv,_xlfn.TEXTSPLIT(_xlpm.x,"="), VLOOKUP(VALUE(INDEX(_xlpm.kv,1)),camp_coin!A:C,3,0)&" * "&INDEX(_xlpm.kv,2))))),"")} -> 黄金 * 1; 食物 * 1; 金属 * 1
... A102: 600895 | B102: 河边锈铁 | C102: 大湖 | E102: 2025.Oct | F102: =IF($A102<>"",_xlfn.TEXTJOIN("_",1,"loot_name",$A102),"") -> loot_name_600895 | G102: =IF($A102<>"",_xlfn.TEXTJOIN("_",1,"loot_desc",$A102),"") -> loot_desc_600895 | I102: Lake | K102: =_xlfn.TEXTJOIN("_",1,"loot",A102,I102:J102) -> loot_600895_Lake | M102: 6114=3 | N102: {=IF(M102<>"", _xlfn.TEXTJOIN("; ",1, _xlfn.MAP(_xlfn.TEXTSPLIT(M102,";"), _xlfn.LAMBDA(_xlpm.x, _xlfn.LET(_xlpm.kv,_xlfn.TEXTSPLIT(_xlpm.x,"="), VLOOKUP(VALUE(INDEX(_xlpm.kv,1)),camp_coin!A:C,3,0)&" * "&INDEX(_xlpm.kv,2))))),"")} -> 金属 * 3
A106: 600001 | B106: 火硫磺 | C106: 地宫 | D106: —— | E106: —— | F106: =IF($A106<>"",_xlfn.TEXTJOIN("_",1,"loot_name",$A106),"") -> loot_name_600001 | G106: =IF($A106<>"",_xlfn.TEXTJOIN("_",1,"loot_desc",$A106),"") -> loot_desc_600001 | I106: Dungeon | J106: brimstone | M106: 6121=1 | N106: {=IF(M106<>"", _xlfn.TEXTJOIN("; ",1, _xlfn.MAP(_xlfn.TEXTSPLIT(M106,";"), _xlfn.LAMBDA(_xlpm.x, _xlfn.LET(_xlpm.kv,_xlfn.TEXTSPLIT(_xlpm.x,"="), VLOOKUP(VALUE(INDEX(_xlpm.kv,1)),camp_coin!A:C,3,0)&" * "&INDEX(_xlpm.kv,2))))),"")} -> 火硫磺 * 1
A107: 600002 | B107: 天空石 | C107: 云间 | D107: —— | E107: —— | F107: =IF($A107<>"",_xlfn.TEXTJOIN("_",1,"loot_name",$A107),"") -> loot_name_600002 | G107: =IF($A107<>"",_xlfn.TEXTJOIN("_",1,"loot_desc",$A107),"") -> loot_desc_600002 | M107: 6122=1 | N107: {=IF(M107<>"", _xlfn.TEXTJOIN("; ",1, _xlfn.MAP(_xlfn.TEXTSPLIT(M107,";"), _xlfn.LAMBDA(_xlpm.x, _xlfn.LET(_xlpm.kv,_xlfn.TEXTSPLIT(_xlpm.x,"="), VLOOKUP(VALUE(INDEX(_xlpm.kv,1)),camp_coin!A:C,3,0)&" * "&INDEX(_xlpm.kv,2))))),"")} -> 天空石 * 1
A108: 600003 | B108: 建木根须 | C108: 密林 | D108: —— | E108: —— | F108: =IF($A108<>"",_xlfn.TEXTJOIN("_",1,"loot_name",$A108),"") -> loot_name_600003 | G108: =IF($A108<>"",_xlfn.TEXTJOIN("_",1,"loot_desc",$A108),"") -> loot_desc_600003 | M108: 6123=1 | N108: {=IF(M108<>"", _xlfn.TEXTJOIN("; ",1, _xlfn.MAP(_xlfn.TEXTSPLIT(M108,";"), _xlfn.LAMBDA(_xlpm.x, _xlfn.LET(_xlpm.kv,_xlfn.TEXTSPLIT(_xlpm.x,"="), VLOOKUP(VALUE(INDEX(_xlpm.kv,1)),camp_coin!A:C,3,0)&" * "&INDEX(_xlpm.kv,2))))),"")} -> 建木根须 * 1
A109: 600004 | B109: 建木果实 | C109: 树梢 | D109: —— | E109: —— | F109: =IF($A109<>"",_xlfn.TEXTJOIN("_",1,"loot_name",$A109),"") -> loot_name_600004 | G109: =IF($A109<>"",_xlfn.TEXTJOIN("_",1,"loot_desc",$A109),"") -> loot_desc_600004 | I109: TreeTop | J109: fruit | M109: 6124=1 | N109: {=IF(M109<>"", _xlfn.TEXTJOIN("; ",1, _xlfn.MAP(_xlfn.TEXTSPLIT(M109,";"), _xlfn.LAMBDA(_xlpm.x, _xlfn.LET(_xlpm.kv,_xlfn.TEXTSPLIT(_xlpm.x,"="), VLOOKUP(VALUE(INDEX(_xlpm.kv,1)),camp_coin!A:C,3,0)&" * "&INDEX(_xlpm.kv,2))))),"")} -> 建木果实 * 1
A110: 600005 | C110: 田间 | D110: —— | E110: —— | F110: =IF($A110<>"",_xlfn.TEXTJOIN("_",1,"loot_name",$A110),"") -> loot_name_600005 | G110: =IF($A110<>"",_xlfn.TEXTJOIN("_",1,"loot_desc",$A110),"") -> loot_desc_600005 | N110: {=IF(M110<>"", _xlfn.TEXTJOIN("; ",1, _xlfn.MAP(_xlfn.TEXTSPLIT(M110,";"), _xlfn.LAMBDA(_xlpm.x, _xlfn.LET(_xlpm.kv,_xlfn.TEXTSPLIT(_xlpm.x,"="), VLOOKUP(VALUE(INDEX(_xlpm.kv,1)),camp_coin!A:C,3,0)&" * "&INDEX(_xlpm.kv,2))))),"")}
A111: 600006 | B111: 矮人矿石 | C111: 永夜 | D111: —— | E111: —— | F111: =IF($A111<>"",_xlfn.TEXTJOIN("_",1,"loot_name",$A111),"") -> loot_name_600006 | G111: =IF($A111<>"",_xlfn.TEXTJOIN("_",1,"loot_desc",$A111),"") -> loot_desc_600006 | M111: 6126=1 | N111: {=IF(M111<>"", _xlfn.TEXTJOIN("; ",1, _xlfn.MAP(_xlfn.TEXTSPLIT(M111,";"), _xlfn.LAMBDA(_xlpm.x, _xlfn.LET(_xlpm.kv,_xlfn.TEXTSPLIT(_xlpm.x,"="), VLOOKUP(VALUE(INDEX(_xlpm.kv,1)),camp_coin!A:C,3,0)&" * "&INDEX(_xlpm.kv,2))))),"")} -> 矮人矿石 * 1
A112: 600007 | B112: 沙漠水晶 | C112: 荒漠 | D112: —— | E112: —— | F112: =IF($A112<>"",_xlfn.TEXTJOIN("_",1,"loot_name",$A112),"") -> loot_name_600007 | G112: =IF($A112<>"",_xlfn.TEXTJOIN("_",1,"loot_desc",$A112),"") -> loot_desc_600007 | I112: Desert | J112: crystal | M112: 6127=1 | N112: {=IF(M112<>"", _xlfn.TEXTJOIN("; ",1, _xlfn.MAP(_xlfn.TEXTSPLIT(M112,";"), _xlfn.LAMBDA(_xlpm.x, _xlfn.LET(_xlpm.kv,_xlfn.TEXTSPLIT(_xlpm.x,"="), VLOOKUP(VALUE(INDEX(_xlpm.kv,1)),camp_coin!A:C,3,0)&" * "&INDEX(_xlpm.kv,2))))),"")} -> 沙漠水晶 * 1
A113: 600008 | B113: 珍珠 | C113: 大湖 | D113: —— | E113: —— | F113: =IF($A113<>"",_xlfn.TEXTJOIN("_",1,"loot_name",$A113),"") -> loot_name_600008 | G113: =IF($A113<>"",_xlfn.TEXTJOIN("_",1,"loot_desc",$A113),"") -> loot_desc_600008 | I113: Lake | J113: pearl | M113: 6128=1 | N113: {=IF(M113<>"", _xlfn.TEXTJOIN("; ",1, _xlfn.MAP(_xlfn.TEXTSPLIT(M113,";"), _xlfn.LAMBDA(_xlpm.x, _xlfn.LET(_xlpm.kv,_xlfn.TEXTSPLIT(_xlpm.x,"="), VLOOKUP(VALUE(INDEX(_xlpm.kv,1)),camp_coin!A:C,3,0)&" * "&INDEX(_xlpm.kv,2))))),"")} -> 珍珠 * 1

Sheet camp_coin
A1: id | B1: name | D1: icon
A2: uint key | B2: string | D2: string
A3: 编号 | B3: 名称 | C3: 备注 | D3: 图标 (asset address)
A4: 6111 | B4: ="camp_res_name_"&$A4 -> camp_res_name_6111 | C4: 黄金 | D4: ui_item_icon[ui_item_icon_0]
A5: 6112 | B5: ="camp_res_name_"&$A5 -> camp_res_name_6112 | C5: 木材 | D5: ui_item_icon[ui_item_icon_1]
A6: 6113 | B6: ="camp_res_name_"&$A6 -> camp_res_name_6113 | C6: 食物 | D6: ui_item_icon[ui_item_icon_2]
A7: 6114 | B7: ="camp_res_name_"&$A7 -> camp_res_name_6114 | C7: 金属 | D7: ui_item_icon[ui_item_icon_3]
A10: 6121 | B10: ="camp_res_name_"&$A10 -> camp_res_name_6121 | C10: 火硫磺 | D10: ="camp_res_icon_"&$A10 -> camp_res_icon_6121
A11: 6122 | B11: ="camp_res_name_"&$A11 -> camp_res_name_6122 | C11: 天空石 | D11: ="camp_res_icon_"&$A11 -> camp_res_icon_6122
A12: 6123 | B12: ="camp_res_name_"&$A12 -> camp_res_name_6123 | C12: 建木根须 | D12: ="camp_res_icon_"&$A12 -> camp_res_icon_6123
A13: 6124 | B13: ="camp_res_name_"&$A13 -> camp_res_name_6124 | C13: 建木果实 | D13: ="camp_res_icon_"&$A13 -> camp_res_icon_6124
A15: 6126 | B15: ="camp_res_name_"&$A15 -> camp_res_name_6126 | C15: 矮人矿石 | D15: ="camp_res_icon_"&$A15 -> camp_res_icon_6126
A16: 6127 | B16: ="camp_res_name_"&$A16 -> camp_res_name_6127 | C16: 沙漠水晶 | D16: ="camp_res_icon_"&$A16 -> camp_res_icon_6127
A17: 6128 | B17: ="camp_res_name_"&$A17 -> camp_res_name_6128 | C17: 珍珠 | D17: ="camp_res_icon_"&$A17 -> camp_res_icon_6128

Sheet -id 配置说明
A1: 第1位 | B1: 第2位 | C1: 第3位 | D1: 第4位 | E1: 第5位 | F1: 第6位
A2: 60 = loot | C2: 01 = 地宫 | E2: 00~99 编号
C3: 04 = 树梢
C4: 07 = 荒漠
C5: 08 = 大湖
A11: 第1位 | B11: 第2位 | C11: 第3位 | D11: 第4位
A12: 61 = camp_coin | C12: 1 = 基础 | D12: 1~9=编号
C13: 2 = 世界特殊 | D13: 1~8=世界编号
