Workbook

Sheet shop
A1: #enum shopType: int {设备 = 1,角色 = 2,遗物掉落 = 3,遗物商人 = 4}
A2: id | B2: shop_type | E2: goods_count_rnd | F2: shop_goods_price | G2: discount | H2: goods_rnd_pool
A3: uint key | B3: shopType | E3: (int,int) | F3: (uint,int)[] | G3: (int,float,float) | H3: dict<uint,int>
A4: 商店 编号 | B4: 商店类型 | C4: 备注 世界 | D4: 备注 等级 | E4: 商店商品数量 item1: 数量下限 item2: 数量上限 | F4: 商品价格 item1: 局内货币系数 item2: 权重 | G4: 折扣信息 item1: 折扣物品数量上限 item2: 每个物品的折扣几率 item3：折后价（比例） | H4: 商品随机池 key: 商品id value: 权重
A5: 3000 | B5: 遗物掉落 | C5: 普通三选一 | E5: 3~3 | F5: 0~1 | H5: 300011=1;300012=1;300013=1;300021=1;300022=1;300023=1;300031=1;300032=1;300033=1;300041=1;300042=1;300043=1;300051=1;300052=1;300053=1;300061=1;300062=1;300063=1;300071=1;300072=1;300073=1;300081=1;300082=1;300083=1;300091=1;300092=1;300093=1;301011=1;301012=1;301013=1;301021=1;301022=1;301023=1;301031=1;301032=1;301033=1;301041=1;301042=1;301043=1;301051=1;301052=1;301053=1;301061=1;301062=1;301063=1;301211=1;301212=1;301213=1;301221=1;301222=1;301223=1;301231=1;301232=1;301233=1;302011=1;302012=1;302013=1;302021=1;302022=1;302023=1;302031=1;302032=1;302033=1;302041=1;302042=1;302043=1;302051=1;302052=1;302053=1;302061=1;302062=1;302063=1;302211=1;302212=1;302213=1;302231=1;302232=1;302233=1;302311=1;302312=1;302313=1;302321=1;302322=1;302323=1;310201=10;310202=10;310203=10;310204=10;310205=10;310206=10;310207=10;310208=10;310209=10;310210=10;310211=10;310212=10;310213=10;310217=10;310218=10;310219=10;310401=10;310402=10;310403=10;310404=10;310407=10;310408=10;310409=10
A6: 3001 | B6: 遗物掉落 | C6: 普通三选一 | E6: 3~3 | F6: 0~1 | H6: 300011=1;300012=1;300013=1;300021=1;300022=1;300023=1;300031=1;300032=1;300033=1;300041=1;300042=1;300043=1;300051=1;300052=1;300053=1;300061=1;300062=1;300063=1;300071=1;300072=1;300073=1;300081=1;300082=1;300083=1;300091=1;300092=1;300093=1;301011=1;301012=1;301013=1;301021=1;301022=1;301023=1;301031=1;301032=1;301033=1;301041=1;301042=1;301043=1;301051=1;301052=1;301053=1;301061=1;301062=1;301063=1;301211=1;301212=1;301213=1;301221=1;301222=1;301223=1;301231=1;301232=1;301233=1;302011=1;302012=1;302013=1;302021=1;302022=1;302023=1;302031=1;302032=1;302033=1;302041=1;302042=1;302043=1;302051=1;302052=1;302053=1;302061=1;302062=1;302063=1;302211=1;302212=1;302213=1;302231=1;302232=1;302233=1;302311=1;302312=1;302313=1;302321=1;302322=1;302323=1;310201=10;310202=10;310203=10;310204=10;310205=10;310206=10;310207=10;310208=10;310209=10;310210=10;310211=10;310212=10;310213=10;310217=10;310218=10;310219=10;310401=10;310402=10;310403=10;310404=10;310407=10;310408=10;310409=10
C9: Main
A11: 10101 | B11: =VLOOKUP(VALUE(LEFT(A11,2)),tb_shopType[[prefix]:[type]],2,0) -> 设备 | C11: =VLOOKUP(VALUE(MID(A11,LEN(A11)-2,1)),table_world[[id]:[name]],2,0) -> 地宫 | D11: 1 | E11: =_xlfn.LET(_xlpm._i,RIGHT(A11,2), --ISODD(_xlpm._i)+2&"~"&3) -> 3~3 | F11: 800~4079 | G11: 1~1~0.5 | H11: {=_xlfn.LET(_xlpm._tb,_xlfn.XLOOKUP($B11,tb_shopType[type],tb_shopType[shop_table_name]), _xlpm._col,MATCH($C11&"-"&TEXT(D11,"00"),INDIRECT(_xlpm._tb&"[#标题]"),0), _xlpm._arr_id,INDIRECT(_xlpm._tb&"[id]"), _xlpm._count,ROWS(_xlpm._arr_id), _xlpm._arr_weight,OFFSET(INDIRECT(_xlpm._tb),0,_xlpm._col-1,_xlpm._count,1), _xlpm._outcome_arr,_xlfn.MAP(_xlpm._arr_id,_xlpm._arr_weight,_xlfn.LAMBDA(_xlpm.a,_xlpm.b,IF(AND(_xlpm.a<>"",_xlpm.b<>0),_xlpm.a&"="&_xlpm.b,""))), _xlfn.TEXTJOIN(";",1,_xlpm._outcome_arr))} -> 1310102=100;13101050=100;13101051=10;13101061=10;13101070=100;13101071=10;1311101=100;1311801=50;1320101=100;13201021=25;13201030=100;13201031=25;1320108=25;13201120=100;13201121=25;13301060=12;13601010=40;13601011=8;13601030=40;13601031=8
A12: 10102 | B12: =VLOOKUP(VALUE(LEFT(A12,2)),tb_shopType[[prefix]:[type]],2,0) -> 设备 | C12: =VLOOKUP(VALUE(MID(A12,LEN(A12)-2,1)),table_world[[id]:[name]],2,0) -> 地宫 | D12: 2 | E12: =_xlfn.LET(_xlpm._i,RIGHT(A12,2), --ISODD(_xlpm._i)+2&"~"&3) -> 2~3 | F12: 800~87739;825~6491;850~85 | G12: 2~0.2~0.75 | H12: {=_xlfn.LET(_xlpm._tb,_xlfn.XLOOKUP($B12,tb_shopType[type],tb_shopType[shop_table_name]), _xlpm._col,MATCH($C12&"-"&TEXT(D12,"00"),INDIRECT(_xlpm._tb&"[#标题]"),0), _xlpm._arr_id,INDIRECT(_xlpm._tb&"[id]"), _xlpm._count,ROWS(_xlpm._arr_id), _xlpm._arr_weight,OFFSET(INDIRECT(_xlpm._tb),0,_xlpm._col-1,_xlpm._count,1), _xlpm._outcome_arr,_xlfn.MAP(_xlpm._arr_id,_xlpm._arr_weight,_xlfn.LAMBDA(_xlpm.a,_xlpm.b,IF(AND(_xlpm.a<>"",_xlpm.b<>0),_xlpm.a&"="&_xlpm.b,""))), _xlfn.TEXTJOIN(";",1,_xlpm._outcome_arr))} -> 1310102=100;13101050=100;13101051=10;13101061=10;13101070=100;13101071=10;1311101=100;1311801=50;1320101=100;13201021=25;13201030=100;13201031=25;1320108=25;13201120=100;13201121=25;13301060=30;13301061=12;13601010=40;13601011=8;13601030=40;13601031=8
A13: 10103 | B13: =VLOOKUP(VALUE(LEFT(A13,2)),tb_shopType[[prefix]:[type]],2,0) -> 设备 | C13: =VLOOKUP(VALUE(MID(A13,LEN(A13)-2,1)),table_world[[id]:[name]],2,0) -> 地宫 | D13: 3 | E13: =_xlfn.LET(_xlpm._i,RIGHT(A13,2), --ISODD(_xlpm._i)+2&"~"&3) -> 3~3 | F13: 800~131058;825~48106;850~7005;875~404;900~9 | G13: 2~0.2~0.75 | H13: {=_xlfn.LET(_xlpm._tb,_xlfn.XLOOKUP($B13,tb_shopType[type],tb_shopType[shop_table_name]), _xlpm._col,MATCH($C13&"-"&TEXT(D13,"00"),INDIRECT(_xlpm._tb&"[#标题]"),0), _xlpm._arr_id,INDIRECT(_xlpm._tb&"[id]"), _xlpm._count,ROWS(_xlpm._arr_id), _xlpm._arr_weight,OFFSET(INDIRECT(_xlpm._tb),0,_xlpm._col-1,_xlpm._count,1), _xlpm._outcome_arr,_xlfn.MAP(_xlpm._arr_id,_xlpm._arr_weight,_xlfn.LAMBDA(_xlpm.a,_xlpm.b,IF(AND(_xlpm.a<>"",_xlpm.b<>0),_xlpm.a&"="&_xlpm.b,""))), _xlfn.TEXTJOIN(";",1,_xlpm._outcome_arr))} -> 1310102=100;13101050=100;13101051=10;13101061=10;13101070=100;13101071=10;1311101=100;1311801=50;1320101=50;13201021=100;13201022=25;13201030=50;13201031=100;13201032=25;1320105=25;1320108=100;1320111=25;13201120=50;13201121=100;13201122=25;13301060=30;13301061=12;13601010=40;13601011=8;13601030=40;13601031=8
A14: 10104 | B14: =VLOOKUP(VALUE(LEFT(A14,2)),tb_shopType[[prefix]:[type]],2,0) -> 设备 | C14: =VLOOKUP(VALUE(MID(A14,LEN(A14)-2,1)),table_world[[id]:[name]],2,0) -> 地宫 | D14: 4 | E14: =_xlfn.LET(_xlpm._i,RIGHT(A14,2), --ISODD(_xlpm._i)+2&"~"&3) -> 2~3 | F14: 800~119962;825~81948;850~31534;875~6835;900~834;925~57;950~2 | G14: 2~0.2~0.75 | H14: {=_xlfn.LET(_xlpm._tb,_xlfn.XLOOKUP($B14,tb_shopType[type],tb_shopType[shop_table_name]), _xlpm._col,MATCH($C14&"-"&TEXT(D14,"00"),INDIRECT(_xlpm._tb&"[#标题]"),0), _xlpm._arr_id,INDIRECT(_xlpm._tb&"[id]"), _xlpm._count,ROWS(_xlpm._arr_id), _xlpm._arr_weight,OFFSET(INDIRECT(_xlpm._tb),0,_xlpm._col-1,_xlpm._count,1), _xlpm._outcome_arr,_xlfn.MAP(_xlpm._arr_id,_xlpm._arr_weight,_xlfn.LAMBDA(_xlpm.a,_xlpm.b,IF(AND(_xlpm.a<>"",_xlpm.b<>0),_xlpm.a&"="&_xlpm.b,""))), _xlfn.TEXTJOIN(";",1,_xlpm._outcome_arr))} -> 1310102=100;1310104=20;13101050=100;13101051=10;13101061=50;13101062=10;13101070=100;13101071=50;13101072=10;1311101=100;1311801=50;1311802=10;1320101=50;13201021=100;13201022=25;13201030=50;13201031=100;13201032=25;1320105=25;1320108=100;1320111=25;13201120=50;13201121=100;13201122=25;13301060=30;13301061=12;13601010=40;13601011=8;13601030=40;13601031=8
A15: 10105 | B15: =VLOOKUP(VALUE(LEFT(A15,2)),tb_shopType[[prefix]:[type]],2,0) -> 设备 | C15: =VLOOKUP(VALUE(MID(A15,LEN(A15)-2,1)),table_world[[id]:[name]],2,0) -> 地宫 | D15: 5 | E15: =_xlfn.LET(_xlpm._i,RIGHT(A15,2), --ISODD(_xlpm._i)+2&"~"&3) -> 3~3 | F15: 800~98467;825~89515;850~55062;875~22917;900~6454;925~1229;950~158;975~13 | G15: 2~0.2~0.75 | H15: {=_xlfn.LET(_xlpm._tb,_xlfn.XLOOKUP($B15,tb_shopType[type],tb_shopType[shop_table_name]), _xlpm._col,MATCH($C15&"-"&TEXT(D15,"00"),INDIRECT(_xlpm._tb&"[#标题]"),0), _xlpm._arr_id,INDIRECT(_xlpm._tb&"[id]"), _xlpm._count,ROWS(_xlpm._arr_id), _xlpm._arr_weight,OFFSET(INDIRECT(_xlpm._tb),0,_xlpm._col-1,_xlpm._count,1), _xlpm._outcome_arr,_xlfn.MAP(_xlpm._arr_id,_xlpm._arr_weight,_xlfn.LAMBDA(_xlpm.a,_xlpm.b,IF(AND(_xlpm.a<>"",_xlpm.b<>0),_xlpm.a&"="&_xlpm.b,""))), _xlfn.TEXTJOIN(";",1,_xlpm._outcome_arr))} -> 1310102=100;1310104=20;13101050=100;13101051=100;13101061=100;13101062=10;13101070=100;13101071=100;13101072=10;1311101=100;1311801=50;1311802=10;1320101=50;13201021=100;13201022=25;13201030=50;13201031=100;13201032=25;1320105=25;1320108=100;1320111=25;13201120=50;13201121=100;13201122=25;13301012=12;13301060=60;13301061=30;13301062=12;13601010=40;13601011=40;13601012=8;13601022=8;13601030=40;13601031=40
A16: 10106 | B16: =VLOOKUP(VALUE(LEFT(A16,2)),tb_shopType[[prefix]:[type]],2,0) -> 设备 | C16: =VLOOKUP(VALUE(MID(A16,LEN(A16)-2,1)),table_world[[id]:[name]],2,0) -> 地宫 | D16: 6 | E16: =_xlfn.LET(_xlpm._i,RIGHT(A16,2), --ISODD(_xlpm._i)+2&"~"&3) -> 2~3 | F16: 800~79567;825~83630;850~66238;875~39535;900~17782;925~6027;950~1539;975~296;1000~42;1025~4 | G16: 2~0.2~0.75 | H16: {=_xlfn.LET(_xlpm._tb,_xlfn.XLOOKUP($B16,tb_shopType[type],tb_shopType[shop_table_name]), _xlpm._col,MATCH($C16&"-"&TEXT(D16,"00"),INDIRECT(_xlpm._tb&"[#标题]"),0), _xlpm._arr_id,INDIRECT(_xlpm._tb&"[id]"), _xlpm._count,ROWS(_xlpm._arr_id), _xlpm._arr_weight,OFFSET(INDIRECT(_xlpm._tb),0,_xlpm._col-1,_xlpm._count,1), _xlpm._outcome_arr,_xlfn.MAP(_xlpm._arr_id,_xlpm._arr_weight,_xlfn.LAMBDA(_xlpm.a,_xlpm.b,IF(AND(_xlpm.a<>"",_xlpm.b<>0),_xlpm.a&"="&_xlpm.b,""))), _xlfn.TEXTJOIN(";",1,_xlpm._outcome_arr))} -> 1310102=100;1310104=20;13101050=50;13101051=100;13101061=100;13101062=10;13101070=50;13101071=100;13101072=10;1311101=100;1311801=50;1311802=10;1320101=10;13201021=50;13201022=100;13201023=25;13201030=10;13201031=50;13201032=100;13201033=25;13201043=25;1320105=100;1320108=50;1320111=100;13201120=10;13201121=50;13201122=100;1320113=25;1320114=25;1320115=25;13301012=12;13301060=60;13301061=30;13301062=12;13601010=40;13601011=40;13601012=8;13601022=8;13601030=40;13601031=40
A17: 10107 | B17: =VLOOKUP(VALUE(LEFT(A17,2)),tb_shopType[[prefix]:[type]],2,0) -> 设备 | C17: =VLOOKUP(VALUE(MID(A17,LEN(A17)-2,1)),table_world[[id]:[name]],2,0) -> 地宫 | D17: 7 | E17: =_xlfn.LET(_xlpm._i,RIGHT(A17,2), --ISODD(_xlpm._i)+2&"~"&3) -> 3~3 | F17: 800~64954;825~73805;850~67683;875~50094;900~29923;925~14426;950~5613;975~1762;1000~446;1025~91;1050~15;1075~2 | G17: 2~0.2~0.75 | H17: {=_xlfn.LET(_xlpm._tb,_xlfn.XLOOKUP($B17,tb_shopType[type],tb_shopType[shop_table_name]), _xlpm._col,MATCH($C17&"-"&TEXT(D17,"00"),INDIRECT(_xlpm._tb&"[#标题]"),0), _xlpm._arr_id,INDIRECT(_xlpm._tb&"[id]"), _xlpm._count,ROWS(_xlpm._arr_id), _xlpm._arr_weight,OFFSET(INDIRECT(_xlpm._tb),0,_xlpm._col-1,_xlpm._count,1), _xlpm._outcome_arr,_xlfn.MAP(_xlpm._arr_id,_xlpm._arr_weight,_xlfn.LAMBDA(_xlpm.a,_xlpm.b,IF(AND(_xlpm.a<>"",_xlpm.b<>0),_xlpm.a&"="&_xlpm.b,""))), _xlfn.TEXTJOIN(";",1,_xlpm._outcome_arr))} -> 1310102=100;1310104=20;13101050=50;13101051=100;13101061=100;13101062=50;13101063=10;13101070=50;13101071=100;13101072=50;13101073=10;1311101=100;1311801=50;1311802=10;1320101=10;13201021=50;13201022=100;13201023=25;13201030=10;13201031=50;13201032=100;13201033=25;13201043=25;1320105=100;1320108=50;1320111=100;13201120=10;13201121=50;13201122=100;1320113=25;1320114=25;1320115=25;13301012=12;13301060=60;13301061=30;13301062=12;13601010=40;13601011=40;13601012=8;13601022=8;13601030=40;13601031=40
A18: 10108 | B18: =VLOOKUP(VALUE(LEFT(A18,2)),tb_shopType[[prefix]:[type]],2,0) -> 设备 | C18: =VLOOKUP(VALUE(MID(A18,LEN(A18)-2,1)),table_world[[id]:[name]],2,0) -> 地宫 | D18: 8 | E18: =_xlfn.LET(_xlpm._i,RIGHT(A18,2), --ISODD(_xlpm._i)+2&"~"&3) -> 2~3 | F18: 800~53920;825~63954;850~64126;875~54357;900~38952;925~23597;950~12084;975~5232;1000~1914;1025~592;1050~154;1075~34;1100~6;1125~1 | G18: 2~0.2~0.75 | H18: {=_xlfn.LET(_xlpm._tb,_xlfn.XLOOKUP($B18,tb_shopType[type],tb_shopType[shop_table_name]), _xlpm._col,MATCH($C18&"-"&TEXT(D18,"00"),INDIRECT(_xlpm._tb&"[#标题]"),0), _xlpm._arr_id,INDIRECT(_xlpm._tb&"[id]"), _xlpm._count,ROWS(_xlpm._arr_id), _xlpm._arr_weight,OFFSET(INDIRECT(_xlpm._tb),0,_xlpm._col-1,_xlpm._count,1), _xlpm._outcome_arr,_xlfn.MAP(_xlpm._arr_id,_xlpm._arr_weight,_xlfn.LAMBDA(_xlpm.a,_xlpm.b,IF(AND(_xlpm.a<>"",_xlpm.b<>0),_xlpm.a&"="&_xlpm.b,""))), _xlfn.TEXTJOIN(";",1,_xlpm._outcome_arr))} -> 1310102=50;1310103=20;1310104=100;13101050=50;13101051=100;13101061=100;13101062=100;13101063=10;13101070=50;13101071=100;13101072=100;13101073=10;1311101=50;1311801=25;1311802=50;1320101=10;13201021=50;13201022=100;13201023=25;13201030=10;13201031=50;13201032=100;13201033=25;13201043=25;1320105=100;1320108=50;1320111=100;13201120=10;13201121=50;13201122=100;1320113=25;1320114=25;1320115=25;13301012=30;13301013=12;13301060=60;13301061=60;13301062=30;13301063=12;13601010=40;13601011=40;13601012=8;13601022=8;13601030=40;13601031=40
A19: 10109 | B19: =VLOOKUP(VALUE(LEFT(A19,2)),tb_shopType[[prefix]:[type]],2,0) -> 设备 | C19: =VLOOKUP(VALUE(MID(A19,LEN(A19)-2,1)),table_world[[id]:[name]],2,0) -> 地宫 | D19: 9 | E19: =_xlfn.LET(_xlpm._i,RIGHT(A19,2), --ISODD(_xlpm._i)+2&"~"&3) -> 3~3 | F19: 800~45539;825~55295;850~58651;875~54346;900~43991;925~31106;950~19215;975~10368;1000~4887;1025~2012;1050~724;1075~227;1100~62;1125~14;1150~3 | G19: 2~0.2~0.75 | H19: {=_xlfn.LET(_xlpm._tb,_xlfn.XLOOKUP($B19,tb_shopType[type],tb_shopType[shop_table_name]), _xlpm._col,MATCH($C19&"-"&TEXT(D19,"00"),INDIRECT(_xlpm._tb&"[#标题]"),0), _xlpm._arr_id,INDIRECT(_xlpm._tb&"[id]"), _xlpm._count,ROWS(_xlpm._arr_id), _xlpm._arr_weight,OFFSET(INDIRECT(_xlpm._tb),0,_xlpm._col-1,_xlpm._count,1), _xlpm._outcome_arr,_xlfn.MAP(_xlpm._arr_id,_xlpm._arr_weight,_xlfn.LAMBDA(_xlpm.a,_xlpm.b,IF(AND(_xlpm.a<>"",_xlpm.b<>0),_xlpm.a&"="&_xlpm.b,""))), _xlfn.TEXTJOIN(";",1,_xlpm._outcome_arr))} -> 1310102=50;1310103=20;1310104=100;13101050=50;13101051=100;13101061=100;13101062=100;13101063=10;13101070=50;13101071=100;13101072=100;13101073=10;1311101=50;1311801=25;1311802=50;1320101=10;13201021=50;13201022=100;13201023=25;13201030=10;13201031=50;13201032=100;13201033=25;13201043=25;1320105=100;1320108=50;1320111=100;13201120=10;13201121=50;13201122=100;1320113=25;1320114=25;1320115=25;13301012=30;13301013=12;1330102=12;13301060=50;13301061=60;13301062=30;13301063=12;13601010=19;13601011=40;13601012=40;13601022=40;13601023=8;13601030=19;13601031=40
A20: 10110 | B20: =VLOOKUP(VALUE(LEFT(A20,2)),tb_shopType[[prefix]:[type]],2,0) -> 设备 | C20: =VLOOKUP(VALUE(MID(A20,LEN(A20)-2,1)),table_world[[id]:[name]],2,0) -> 地宫 | D20: 10 | E20: =_xlfn.LET(_xlpm._i,RIGHT(A20,2), --ISODD(_xlpm._i)+2&"~"&3) -> 2~3 | F20: 800~39077;825~48026;850~52819;875~51980;900~45776;925~36072;950~25437;975~16050;1000~9063;1025~4579;1050~2070;1075~837;1100~303;1125~98;1150~28;1175~7;1200~1 | G20: 2~0.2~0.75 | H20: {=_xlfn.LET(_xlpm._tb,_xlfn.XLOOKUP($B20,tb_shopType[type],tb_shopType[shop_table_name]), _xlpm._col,MATCH($C20&"-"&TEXT(D20,"00"),INDIRECT(_xlpm._tb&"[#标题]"),0), _xlpm._arr_id,INDIRECT(_xlpm._tb&"[id]"), _xlpm._count,ROWS(_xlpm._arr_id), _xlpm._arr_weight,OFFSET(INDIRECT(_xlpm._tb),0,_xlpm._col-1,_xlpm._count,1), _xlpm._outcome_arr,_xlfn.MAP(_xlpm._arr_id,_xlpm._arr_weight,_xlfn.LAMBDA(_xlpm.a,_xlpm.b,IF(AND(_xlpm.a<>"",_xlpm.b<>0),_xlpm.a&"="&_xlpm.b,""))), _xlfn.TEXTJOIN(";",1,_xlpm._outcome_arr))} -> 1310102=50;1310103=20;1310104=100;13101050=50;13101051=50;13101061=50;13101062=100;13101063=50;13101064=10;13101070=50;13101071=50;13101072=100;13101073=50;1311101=50;1311801=25;1311802=50;1320101=10;13201021=50;13201022=100;13201023=25;13201030=10;13201031=50;13201032=100;13201033=25;13201043=25;1320105=100;1320108=50;1320111=100;13201120=10;13201121=50;13201122=100;1320113=25;1320114=25;1320115=25;13301012=30;13301013=12;1330102=12;13301060=50;13301061=60;13301062=30;13301063=12;13601010=19;13601011=40;13601012=40;13601022=40;13601023=8;13601030=19;13601031=40
A21: 10111 | B21: =VLOOKUP(VALUE(LEFT(A21,2)),tb_shopType[[prefix]:[type]],2,0) -> 设备 | C21: =VLOOKUP(VALUE(MID(A21,LEN(A21)-2,1)),table_world[[id]:[name]],2,0) -> 地宫 | D21: 11 | E21: =_xlfn.LET(_xlpm._i,RIGHT(A21,2), --ISODD(_xlpm._i)+2&"~"&3) -> 3~3 | F21: 800~34005;825~42017;850~47308;875~48538;900~45379;925~38660;950~30012;975~21230;1000~13685;1025~8039;1050~4303;1075~2098;1100~932;1125~377;1150~139;1175~46;1200~14;1225~4;1250~1 | G21: 2~0.2~0.75 | H21: {=_xlfn.LET(_xlpm._tb,_xlfn.XLOOKUP($B21,tb_shopType[type],tb_shopType[shop_table_name]), _xlpm._col,MATCH($C21&"-"&TEXT(D21,"00"),INDIRECT(_xlpm._tb&"[#标题]"),0), _xlpm._arr_id,INDIRECT(_xlpm._tb&"[id]"), _xlpm._count,ROWS(_xlpm._arr_id), _xlpm._arr_weight,OFFSET(INDIRECT(_xlpm._tb),0,_xlpm._col-1,_xlpm._count,1), _xlpm._outcome_arr,_xlfn.MAP(_xlpm._arr_id,_xlpm._arr_weight,_xlfn.LAMBDA(_xlpm.a,_xlpm.b,IF(AND(_xlpm.a<>"",_xlpm.b<>0),_xlpm.a&"="&_xlpm.b,""))), _xlfn.TEXTJOIN(";",1,_xlpm._outcome_arr))} -> 1310102=50;1310103=20;1310104=100;13101050=50;13101051=50;13101061=50;13101062=100;13101063=100;13101064=10;13101070=50;13101071=50;13101072=100;13101073=100;1311101=50;1311801=25;1311802=50;1320101=5;13201021=20;13201022=50;13201023=100;13201030=5;13201031=20;13201032=50;13201033=100;13201043=100;13201044=25;1320105=50;1320108=20;1320111=50;13201120=5;13201121=20;13201122=50;1320113=100;1320114=100;1320115=100;13301012=60;13301013=30;13301014=12;1330102=30;13301060=25;13301061=60;13301062=60;13301063=30;13301064=12;13601010=19;13601011=40;13601012=40;13601022=40;13601023=8;13601030=19;13601031=40
A22: 10112 | B22: =VLOOKUP(VALUE(LEFT(A22,2)),tb_shopType[[prefix]:[type]],2,0) -> 设备 | C22: =VLOOKUP(VALUE(MID(A22,LEN(A22)-2,1)),table_world[[id]:[name]],2,0) -> 地宫 | D22: 12 | E22: =_xlfn.LET(_xlpm._i,RIGHT(A22,2), --ISODD(_xlpm._i)+2&"~"&3) -> 2~3 | F22: 800~29957;825~37058;850~42365;875~44757;900~43696;925~39423;950~32870;975~25327;1000~18034;1025~11867;1050~7216;1075~4055;1100~2106;1125~1010;1150~448;1175~183;1200~69;1225~24;1250~7;1275~2 | G22: 2~0.2~0.75 | H22: {=_xlfn.LET(_xlpm._tb,_xlfn.XLOOKUP($B22,tb_shopType[type],tb_shopType[shop_table_name]), _xlpm._col,MATCH($C22&"-"&TEXT(D22,"00"),INDIRECT(_xlpm._tb&"[#标题]"),0), _xlpm._arr_id,INDIRECT(_xlpm._tb&"[id]"), _xlpm._count,ROWS(_xlpm._arr_id), _xlpm._arr_weight,OFFSET(INDIRECT(_xlpm._tb),0,_xlpm._col-1,_xlpm._count,1), _xlpm._outcome_arr,_xlfn.MAP(_xlpm._arr_id,_xlpm._arr_weight,_xlfn.LAMBDA(_xlpm.a,_xlpm.b,IF(AND(_xlpm.a<>"",_xlpm.b<>0),_xlpm.a&"="&_xlpm.b,""))), _xlfn.TEXTJOIN(";",1,_xlpm._outcome_arr))} -> 1310102=18;1310103=100;1310104=50;13101050=18;13101051=50;13101061=50;13101062=100;13101063=100;13101064=10;13101070=18;13101071=50;13101072=100;13101073=100;1311101=18;1311801=9;1311802=25;1320101=5;13201021=20;13201022=50;13201023=100;13201030=5;13201031=20;13201032=50;13201033=100;13201043=100;13201044=25;1320105=50;1320108=20;1320111=50;13201120=5;13201121=20;13201122=50;1320113=100;1320114=100;1320115=100;13301012=60;13301013=30;13301014=12;1330102=30;13301060=25;13301061=50;13301062=60;13301063=30;13301064=12;13601010=19;13601011=40;13601012=40;13601022=40;13601023=8;13601030=19;13601031=40
... A93: 10820 | B93: =VLOOKUP(VALUE(LEFT(A93,2)),tb_shopType[[prefix]:[type]],2,0) -> 设备 | C93: =VLOOKUP(VALUE(MID(A93,LEN(A93)-2,1)),table_world[[id]:[name]],2,0) -> 大湖 | D93: 20 | E93: =_xlfn.LET(_xlpm._i,RIGHT(A93,2), --ISODD(_xlpm._i)+2&"~"&3) -> 2~3 | F93: 800~14524;825~17389;850~20209;875~22799;900~24967;925~26540;950~27387;975~27432;1000~26673;1025~25175;1050~23066;1075~20514;1100~17710;1125~14842;1150~12073;1175~9534;1200~7308;1225~5438;1250~3927;1275~2753;1300~1874 | G93: 2~0.2~0.75 | H93: {=_xlfn.LET(_xlpm._tb,_xlfn.XLOOKUP($B93,tb_shopType[type],tb_shopType[shop_table_name]), _xlpm._col,MATCH($C93&"-"&TEXT(D93,"00"),INDIRECT(_xlpm._tb&"[#标题]"),0), _xlpm._arr_id,INDIRECT(_xlpm._tb&"[id]"), _xlpm._count,ROWS(_xlpm._arr_id), _xlpm._arr_weight,OFFSET(INDIRECT(_xlpm._tb),0,_xlpm._col-1,_xlpm._count,1), _xlpm._outcome_arr,_xlfn.MAP(_xlpm._arr_id,_xlpm._arr_weight,_xlfn.LAMBDA(_xlpm.a,_xlpm.b,IF(AND(_xlpm.a<>"",_xlpm.b<>0),_xlpm.a&"="&_xlpm.b,""))), _xlfn.TEXTJOIN(";",1,_xlpm._outcome_arr))} -> 12101011=38;12101012=31;12101013=17;13101050=18;13101051=38;13101061=38;13101062=31;13101063=17;13101064=10;13101070=18;13101071=38;13101072=31;13101073=17;13201021=38;13201022=31;13201023=17;13201030=18;13201031=38;13201032=31;13201033=17;13201043=17;13201044=10;13201120=18;13201121=38;13201122=31;13301012=31;13301013=17;13301014=10;13301060=18;13301061=38;13301062=31;13301063=17;13301064=10;13318012=31;13318013=17;13318014=10;13601010=18;13601011=38;13601012=31;13601022=31;13601023=17;13601030=18;13601031=38;13618011=38;13618012=31;13618013=17
A97: 20101 | B97: =VLOOKUP(VALUE(LEFT(A97,2)),tb_shopType[[prefix]:[type]],2,0) -> 角色 | C97: =VLOOKUP(VALUE(MID(A97,LEN(A97)-2,1)),table_world[[id]:[name]],2,0) -> 地宫 | D97: 1 | E97: =_xlfn.LET(_xlpm._i,RIGHT(A97,2), INT(_xlpm._i/14)+2&"~"&3) -> 2~3 | F97: 500~25158;750~3599;1000~32 | G97: 1~1~0 | H97: {=_xlfn.LET(_xlpm._tb,_xlfn.XLOOKUP($B97,tb_shopType[type],tb_shopType[shop_table_name]), _xlpm._col,MATCH($C97&"-"&TEXT(D97,"00"),INDIRECT(_xlpm._tb&"[#标题]"),0), _xlpm._arr_id,INDIRECT(_xlpm._tb&"[id]"), _xlpm._count,ROWS(_xlpm._arr_id), _xlpm._arr_weight,OFFSET(INDIRECT(_xlpm._tb),0,_xlpm._col-1,_xlpm._count,1), _xlpm._outcome_arr,_xlfn.MAP(_xlpm._arr_id,_xlpm._arr_weight,_xlfn.LAMBDA(_xlpm.a,_xlpm.b,IF(AND(_xlpm.a<>"",_xlpm.b<>0),_xlpm.a&"="&_xlpm.b,""))), _xlfn.TEXTJOIN(";",1,_xlpm._outcome_arr))} -> 15101=756;15102=756;15103=756;15104=756;15105=692;15106=692;15107=692;15108=588;15109=588;15110=588;15111=452;15112=452;15113=452;15114=301;15115=301;15116=164;15117=164;15118=164;15119=67;15120=67
A98: 20102 | B98: =VLOOKUP(VALUE(LEFT(A98,2)),tb_shopType[[prefix]:[type]],2,0) -> 角色 | C98: =VLOOKUP(VALUE(MID(A98,LEN(A98)-2,1)),table_world[[id]:[name]],2,0) -> 地宫 | D98: 2 | E98: =_xlfn.LET(_xlpm._i,RIGHT(A98,2), INT(_xlpm._i/14)+2&"~"&3) -> 2~3 | F98: 500~759;750~16131;1000~21296;1250~1748;1500~8 | G98: ="1~0.4~"&0.2+D98*0.02 -> 1~0.4~0.24 | H98: {=_xlfn.LET(_xlpm._tb,_xlfn.XLOOKUP($B98,tb_shopType[type],tb_shopType[shop_table_name]), _xlpm._col,MATCH($C98&"-"&TEXT(D98,"00"),INDIRECT(_xlpm._tb&"[#标题]"),0), _xlpm._arr_id,INDIRECT(_xlpm._tb&"[id]"), _xlpm._count,ROWS(_xlpm._arr_id), _xlpm._arr_weight,OFFSET(INDIRECT(_xlpm._tb),0,_xlpm._col-1,_xlpm._count,1), _xlpm._outcome_arr,_xlfn.MAP(_xlpm._arr_id,_xlpm._arr_weight,_xlfn.LAMBDA(_xlpm.a,_xlpm.b,IF(AND(_xlpm.a<>"",_xlpm.b<>0),_xlpm.a&"="&_xlpm.b,""))), _xlfn.TEXTJOIN(";",1,_xlpm._outcome_arr))} -> 15101=752;15102=752;15103=752;15104=752;15105=705;15106=705;15107=705;15108=617;15109=617;15110=617;15111=492;15112=492;15113=492;15114=344;15115=344;15116=200;15117=200;15118=200;15119=88;15120=88
A99: 20103 | B99: =VLOOKUP(VALUE(LEFT(A99,2)),tb_shopType[[prefix]:[type]],2,0) -> 角色 | C99: =VLOOKUP(VALUE(MID(A99,LEN(A99)-2,1)),table_world[[id]:[name]],2,0) -> 地宫 | D99: 3 | E99: =_xlfn.LET(_xlpm._i,RIGHT(A99,2), INT(_xlpm._i/14)+2&"~"&3) -> 2~3 | F99: 750~8;1000~1748;1250~21296;1500~16131;1750~759;2000~2 | G99: ="1~0.4~"&0.2+D99*0.02 -> 1~0.4~0.26 | H99: {=_xlfn.LET(_xlpm._tb,_xlfn.XLOOKUP($B99,tb_shopType[type],tb_shopType[shop_table_name]), _xlpm._col,MATCH($C99&"-"&TEXT(D99,"00"),INDIRECT(_xlpm._tb&"[#标题]"),0), _xlpm._arr_id,INDIRECT(_xlpm._tb&"[id]"), _xlpm._count,ROWS(_xlpm._arr_id), _xlpm._arr_weight,OFFSET(INDIRECT(_xlpm._tb),0,_xlpm._col-1,_xlpm._count,1), _xlpm._outcome_arr,_xlfn.MAP(_xlpm._arr_id,_xlpm._arr_weight,_xlfn.LAMBDA(_xlpm.a,_xlpm.b,IF(AND(_xlpm.a<>"",_xlpm.b<>0),_xlpm.a&"="&_xlpm.b,""))), _xlfn.TEXTJOIN(";",1,_xlpm._outcome_arr))} -> 15101=739;15102=739;15103=739;15104=739;15105=709;15106=709;15107=709;15108=639;15109=639;15110=639;15111=528;15112=528;15113=528;15114=386;15115=386;15116=237;15117=237;15118=237;15119=113;15120=113
A100: 20104 | B100: =VLOOKUP(VALUE(LEFT(A100,2)),tb_shopType[[prefix]:[type]],2,0) -> 角色 | C100: =VLOOKUP(VALUE(MID(A100,LEN(A100)-2,1)),table_world[[id]:[name]],2,0) -> 地宫 | D100: 4 | E100: =_xlfn.LET(_xlpm._i,RIGHT(A100,2), INT(_xlpm._i/14)+2&"~"&3) -> 2~3 | F100: 1250~32;1500~3599;1750~25158;2000~10934;2250~295 | G100: ="1~0.4~"&0.2+D100*0.02 -> 1~0.4~0.28 | H100: {=_xlfn.LET(_xlpm._tb,_xlfn.XLOOKUP($B100,tb_shopType[type],tb_shopType[shop_table_name]), _xlpm._col,MATCH($C100&"-"&TEXT(D100,"00"),INDIRECT(_xlpm._tb&"[#标题]"),0), _xlpm._arr_id,INDIRECT(_xlpm._tb&"[id]"), _xlpm._count,ROWS(_xlpm._arr_id), _xlpm._arr_weight,OFFSET(INDIRECT(_xlpm._tb),0,_xlpm._col-1,_xlpm._count,1), _xlpm._outcome_arr,_xlfn.MAP(_xlpm._arr_id,_xlpm._arr_weight,_xlfn.LAMBDA(_xlpm.a,_xlpm.b,IF(AND(_xlpm.a<>"",_xlpm.b<>0),_xlpm.a&"="&_xlpm.b,""))), _xlfn.TEXTJOIN(";",1,_xlpm._outcome_arr))} -> 15101=719;15102=719;15103=719;15104=719;15105=705;15106=705;15107=705;15108=653;15109=653;15110=653;15111=558;15112=558;15113=558;15114=426;15115=426;15116=277;15117=277;15118=277;15119=141;15120=141
A101: 20105 | B101: =VLOOKUP(VALUE(LEFT(A101,2)),tb_shopType[[prefix]:[type]],2,0) -> 角色 | C101: =VLOOKUP(VALUE(MID(A101,LEN(A101)-2,1)),table_world[[id]:[name]],2,0) -> 地宫 | D101: 5 | E101: =_xlfn.LET(_xlpm._i,RIGHT(A101,2), INT(_xlpm._i/14)+2&"~"&3) -> 2~3 | F101: 1750~102;2000~6631;2250~26596;2500~6631;2750~102 | G101: ="1~0.4~"&0.2+D101*0.02 -> 1~0.4~0.3 | H101: {=_xlfn.LET(_xlpm._tb,_xlfn.XLOOKUP($B101,tb_shopType[type],tb_shopType[shop_table_name]), _xlpm._col,MATCH($C101&"-"&TEXT(D101,"00"),INDIRECT(_xlpm._tb&"[#标题]"),0), _xlpm._arr_id,INDIRECT(_xlpm._tb&"[id]"), _xlpm._count,ROWS(_xlpm._arr_id), _xlpm._arr_weight,OFFSET(INDIRECT(_xlpm._tb),0,_xlpm._col-1,_xlpm._count,1), _xlpm._outcome_arr,_xlfn.MAP(_xlpm._arr_id,_xlpm._arr_weight,_xlfn.LAMBDA(_xlpm.a,_xlpm.b,IF(AND(_xlpm.a<>"",_xlpm.b<>0),_xlpm.a&"="&_xlpm.b,""))), _xlfn.TEXTJOIN(";",1,_xlpm._outcome_arr))} -> 15101=692;15102=692;15103=692;15104=692;15105=692;15106=692;15107=692;15108=657;15109=657;15110=657;15111=580;15112=580;15113=580;15114=461;15115=461;15116=316;15117=316;15118=316;15119=173;15120=173
A102: 20106 | B102: =VLOOKUP(VALUE(LEFT(A102,2)),tb_shopType[[prefix]:[type]],2,0) -> 角色 | C102: =VLOOKUP(VALUE(MID(A102,LEN(A102)-2,1)),table_world[[id]:[name]],2,0) -> 地宫 | D102: 6 | E102: =_xlfn.LET(_xlpm._i,RIGHT(A102,2), INT(_xlpm._i/14)+2&"~"&3) -> 2~3 | F102: 2250~295;2500~10934;2750~25158;3000~3599;3250~32 | G102: ="1~0.4~"&0.2+D102*0.02 -> 1~0.4~0.32 | H102: {=_xlfn.LET(_xlpm._tb,_xlfn.XLOOKUP($B102,tb_shopType[type],tb_shopType[shop_table_name]), _xlpm._col,MATCH($C102&"-"&TEXT(D102,"00"),INDIRECT(_xlpm._tb&"[#标题]"),0), _xlpm._arr_id,INDIRECT(_xlpm._tb&"[id]"), _xlpm._count,ROWS(_xlpm._arr_id), _xlpm._arr_weight,OFFSET(INDIRECT(_xlpm._tb),0,_xlpm._col-1,_xlpm._count,1), _xlpm._outcome_arr,_xlfn.MAP(_xlpm._arr_id,_xlpm._arr_weight,_xlfn.LAMBDA(_xlpm.a,_xlpm.b,IF(AND(_xlpm.a<>"",_xlpm.b<>0),_xlpm.a&"="&_xlpm.b,""))), _xlfn.TEXTJOIN(";",1,_xlpm._outcome_arr))} -> 15101=658;15102=658;15103=658;15104=658;15105=671;15106=671;15107=671;15108=653;15109=653;15110=653;15111=594;15112=594;15113=594;15114=491;15115=491;15116=353;15117=353;15118=353;15119=206;15120=206
A103: 20107 | B103: =VLOOKUP(VALUE(LEFT(A103,2)),tb_shopType[[prefix]:[type]],2,0) -> 角色 | C103: =VLOOKUP(VALUE(MID(A103,LEN(A103)-2,1)),table_world[[id]:[name]],2,0) -> 地宫 | D103: 7 | E103: =_xlfn.LET(_xlpm._i,RIGHT(A103,2), INT(_xlpm._i/14)+2&"~"&3) -> 2~3 | F103: 2500~2;2750~759;3000~16131;3250~21296;3500~1748;3750~8 | G103: ="1~0.4~"&0.2+D103*0.02 -> 1~0.4~0.34 | H103: {=_xlfn.LET(_xlpm._tb,_xlfn.XLOOKUP($B103,tb_shopType[type],tb_shopType[shop_table_name]), _xlpm._col,MATCH($C103&"-"&TEXT(D103,"00"),INDIRECT(_xlpm._tb&"[#标题]"),0), _xlpm._arr_id,INDIRECT(_xlpm._tb&"[id]"), _xlpm._count,ROWS(_xlpm._arr_id), _xlpm._arr_weight,OFFSET(INDIRECT(_xlpm._tb),0,_xlpm._col-1,_xlpm._count,1), _xlpm._outcome_arr,_xlfn.MAP(_xlpm._arr_id,_xlpm._arr_weight,_xlfn.LAMBDA(_xlpm.a,_xlpm.b,IF(AND(_xlpm.a<>"",_xlpm.b<>0),_xlpm.a&"="&_xlpm.b,""))), _xlfn.TEXTJOIN(";",1,_xlpm._outcome_arr))} -> 15101=619;15102=619;15103=619;15104=619;15105=643;15106=643;15107=643;15108=639;15109=639;15110=639;15111=598;15112=598;15113=598;15114=513;15115=513;15116=387;15117=387;15118=387;15119=241;15120=241
A104: 20108 | B104: =VLOOKUP(VALUE(LEFT(A104,2)),tb_shopType[[prefix]:[type]],2,0) -> 角色 | C104: =VLOOKUP(VALUE(MID(A104,LEN(A104)-2,1)),table_world[[id]:[name]],2,0) -> 地宫 | D104: 8 | E104: =_xlfn.LET(_xlpm._i,RIGHT(A104,2), INT(_xlpm._i/14)+2&"~"&3) -> 2~3 | F104: 3000~8;3250~1748;3500~21296;3750~16131;4000~759;4250~2 | G104: ="1~0.4~"&0.2+D104*0.02 -> 1~0.4~0.36 | H104: {=_xlfn.LET(_xlpm._tb,_xlfn.XLOOKUP($B104,tb_shopType[type],tb_shopType[shop_table_name]), _xlpm._col,MATCH($C104&"-"&TEXT(D104,"00"),INDIRECT(_xlpm._tb&"[#标题]"),0), _xlpm._arr_id,INDIRECT(_xlpm._tb&"[id]"), _xlpm._count,ROWS(_xlpm._arr_id), _xlpm._arr_weight,OFFSET(INDIRECT(_xlpm._tb),0,_xlpm._col-1,_xlpm._count,1), _xlpm._outcome_arr,_xlfn.MAP(_xlpm._arr_id,_xlpm._arr_weight,_xlfn.LAMBDA(_xlpm.a,_xlpm.b,IF(AND(_xlpm.a<>"",_xlpm.b<>0),_xlpm.a&"="&_xlpm.b,""))), _xlfn.TEXTJOIN(";",1,_xlpm._outcome_arr))} -> 15101=576;15102=576;15103=576;15104=576;15105=608;15106=608;15107=608;15108=617;15109=617;15110=617;15111=594;15112=594;15113=594;15114=527;15115=527;15116=416;15117=416;15118=416;15119=274;15120=274
A105: 20109 | B105: =VLOOKUP(VALUE(LEFT(A105,2)),tb_shopType[[prefix]:[type]],2,0) -> 角色 | C105: =VLOOKUP(VALUE(MID(A105,LEN(A105)-2,1)),table_world[[id]:[name]],2,0) -> 地宫 | D105: 9 | E105: =_xlfn.LET(_xlpm._i,RIGHT(A105,2), INT(_xlpm._i/14)+2&"~"&3) -> 2~3 | F105: 3500~32;3750~3599;4000~25158;4250~10934;4500~295 | G105: ="1~0.4~"&0.2+D105*0.02 -> 1~0.4~0.38 | H105: {=_xlfn.LET(_xlpm._tb,_xlfn.XLOOKUP($B105,tb_shopType[type],tb_shopType[shop_table_name]), _xlpm._col,MATCH($C105&"-"&TEXT(D105,"00"),INDIRECT(_xlpm._tb&"[#标题]"),0), _xlpm._arr_id,INDIRECT(_xlpm._tb&"[id]"), _xlpm._count,ROWS(_xlpm._arr_id), _xlpm._arr_weight,OFFSET(INDIRECT(_xlpm._tb),0,_xlpm._col-1,_xlpm._count,1), _xlpm._outcome_arr,_xlfn.MAP(_xlpm._arr_id,_xlpm._arr_weight,_xlfn.LAMBDA(_xlpm.a,_xlpm.b,IF(AND(_xlpm.a<>"",_xlpm.b<>0),_xlpm.a&"="&_xlpm.b,""))), _xlfn.TEXTJOIN(";",1,_xlpm._outcome_arr))} -> 15101=530;15102=530;15103=530;15104=530;15105=568;15106=568;15107=568;15108=588;15109=588;15110=588;15111=580;15112=580;15113=580;15114=532;15115=532;15116=438;15117=438;15118=438;15119=305;15120=305
A106: 20110 | B106: =VLOOKUP(VALUE(LEFT(A106,2)),tb_shopType[[prefix]:[type]],2,0) -> 角色 | C106: =VLOOKUP(VALUE(MID(A106,LEN(A106)-2,1)),table_world[[id]:[name]],2,0) -> 地宫 | D106: 10 | E106: =_xlfn.LET(_xlpm._i,RIGHT(A106,2), INT(_xlpm._i/14)+2&"~"&3) -> 2~3 | F106: 4000~102;4250~6631;4500~26596;4750~6631;5000~102 | G106: ="1~0.4~"&0.2+D106*0.02 -> 1~0.4~0.4 | H106: {=_xlfn.LET(_xlpm._tb,_xlfn.XLOOKUP($B106,tb_shopType[type],tb_shopType[shop_table_name]), _xlpm._col,MATCH($C106&"-"&TEXT(D106,"00"),INDIRECT(_xlpm._tb&"[#标题]"),0), _xlpm._arr_id,INDIRECT(_xlpm._tb&"[id]"), _xlpm._count,ROWS(_xlpm._arr_id), _xlpm._arr_weight,OFFSET(INDIRECT(_xlpm._tb),0,_xlpm._col-1,_xlpm._count,1), _xlpm._outcome_arr,_xlfn.MAP(_xlpm._arr_id,_xlpm._arr_weight,_xlfn.LAMBDA(_xlpm.a,_xlpm.b,IF(AND(_xlpm.a<>"",_xlpm.b<>0),_xlpm.a&"="&_xlpm.b,""))), _xlfn.TEXTJOIN(";",1,_xlpm._outcome_arr))} -> 15101=483;15102=483;15103=483;15104=483;15105=524;15106=524;15107=524;15108=553;15109=553;15110=553;15111=558;15112=558;15113=558;15114=527;15115=527;15116=451;15117=451;15118=451;15119=331;15120=331
A107: 20111 | B107: =VLOOKUP(VALUE(LEFT(A107,2)),tb_shopType[[prefix]:[type]],2,0) -> 角色 | C107: =VLOOKUP(VALUE(MID(A107,LEN(A107)-2,1)),table_world[[id]:[name]],2,0) -> 地宫 | D107: 11 | E107: =_xlfn.LET(_xlpm._i,RIGHT(A107,2), INT(_xlpm._i/14)+2&"~"&3) -> 2~3 | F107: 4500~295;4750~10934;5000~25158;5250~3599;5500~32 | G107: ="1~0.4~"&0.2+D107*0.02 -> 1~0.4~0.42 | H107: {=_xlfn.LET(_xlpm._tb,_xlfn.XLOOKUP($B107,tb_shopType[type],tb_shopType[shop_table_name]), _xlpm._col,MATCH($C107&"-"&TEXT(D107,"00"),INDIRECT(_xlpm._tb&"[#标题]"),0), _xlpm._arr_id,INDIRECT(_xlpm._tb&"[id]"), _xlpm._count,ROWS(_xlpm._arr_id), _xlpm._arr_weight,OFFSET(INDIRECT(_xlpm._tb),0,_xlpm._col-1,_xlpm._count,1), _xlpm._outcome_arr,_xlfn.MAP(_xlpm._arr_id,_xlpm._arr_weight,_xlfn.LAMBDA(_xlpm.a,_xlpm.b,IF(AND(_xlpm.a<>"",_xlpm.b<>0),_xlpm.a&"="&_xlpm.b,""))), _xlfn.TEXTJOIN(";",1,_xlpm._outcome_arr))} -> 15101=434;15102=434;15103=434;15104=434;15105=478;15106=478;15107=478;15108=512;15109=512;15110=512;15111=528;15112=528;15113=528;15114=513;15115=513;15116=456;15117=456;15118=456;15119=351;15120=351
A108: 20112 | B108: =VLOOKUP(VALUE(LEFT(A108,2)),tb_shopType[[prefix]:[type]],2,0) -> 角色 | C108: =VLOOKUP(VALUE(MID(A108,LEN(A108)-2,1)),table_world[[id]:[name]],2,0) -> 地宫 | D108: 12 | E108: =_xlfn.LET(_xlpm._i,RIGHT(A108,2), INT(_xlpm._i/14)+2&"~"&3) -> 2~3 | F108: 4750~2;5000~759;5250~16131;5500~21296;5750~1748;6000~8 | G108: ="1~0.4~"&0.2+D108*0.02 -> 1~0.4~0.44 | H108: {=_xlfn.LET(_xlpm._tb,_xlfn.XLOOKUP($B108,tb_shopType[type],tb_shopType[shop_table_name]), _xlpm._col,MATCH($C108&"-"&TEXT(D108,"00"),INDIRECT(_xlpm._tb&"[#标题]"),0), _xlpm._arr_id,INDIRECT(_xlpm._tb&"[id]"), _xlpm._count,ROWS(_xlpm._arr_id), _xlpm._arr_weight,OFFSET(INDIRECT(_xlpm._tb),0,_xlpm._col-1,_xlpm._count,1), _xlpm._outcome_arr,_xlfn.MAP(_xlpm._arr_id,_xlpm._arr_weight,_xlfn.LAMBDA(_xlpm.a,_xlpm.b,IF(AND(_xlpm.a<>"",_xlpm.b<>0),_xlpm.a&"="&_xlpm.b,""))), _xlfn.TEXTJOIN(";",1,_xlpm._outcome_arr))} -> 15101=387;15102=387;15103=387;15104=387;15105=430;15106=430;15107=430;15108=468;15109=468;15110=468;15111=492;15112=492;15113=492;15114=491;15115=491;15116=451;15117=451;15118=451;15119=364;15120=364
A109: 20113 | B109: =VLOOKUP(VALUE(LEFT(A109,2)),tb_shopType[[prefix]:[type]],2,0) -> 角色 | C109: =VLOOKUP(VALUE(MID(A109,LEN(A109)-2,1)),table_world[[id]:[name]],2,0) -> 地宫 | D109: 13 | E109: =_xlfn.LET(_xlpm._i,RIGHT(A109,2), INT(_xlpm._i/14)+2&"~"&3) -> 2~3 | F109: 5250~8;5500~1748;5750~21296;6000~16131;6250~759;6500~2 | G109: ="1~0.4~"&0.2+D109*0.02 -> 1~0.4~0.46 | H109: {=_xlfn.LET(_xlpm._tb,_xlfn.XLOOKUP($B109,tb_shopType[type],tb_shopType[shop_table_name]), _xlpm._col,MATCH($C109&"-"&TEXT(D109,"00"),INDIRECT(_xlpm._tb&"[#标题]"),0), _xlpm._arr_id,INDIRECT(_xlpm._tb&"[id]"), _xlpm._count,ROWS(_xlpm._arr_id), _xlpm._arr_weight,OFFSET(INDIRECT(_xlpm._tb),0,_xlpm._col-1,_xlpm._count,1), _xlpm._outcome_arr,_xlfn.MAP(_xlpm._arr_id,_xlpm._arr_weight,_xlfn.LAMBDA(_xlpm.a,_xlpm.b,IF(AND(_xlpm.a<>"",_xlpm.b<>0),_xlpm.a&"="&_xlpm.b,""))), _xlfn.TEXTJOIN(";",1,_xlpm._outcome_arr))} -> 15101=340;15102=340;15103=340;15104=340;15105=383;15106=383;15107=383;15108=422;15109=422;15110=422;15111=452;15112=452;15113=452;15114=461;15115=461;15116=438;15117=438;15118=438;15119=368;15120=368
... A116: 20120 | B116: =VLOOKUP(VALUE(LEFT(A116,2)),tb_shopType[[prefix]:[type]],2,0) -> 角色 | C116: =VLOOKUP(VALUE(MID(A116,LEN(A116)-2,1)),table_world[[id]:[name]],2,0) -> 地宫 | D116: 20 | E116: =_xlfn.LET(_xlpm._i,RIGHT(A116,2), INT(_xlpm._i/14)+2&"~"&3) -> 3~3 | F116: 8500~102 | G116: ="1~0.4~"&0.2+D116*0.02 -> 1~0.4~0.6 | H116: {=_xlfn.LET(_xlpm._tb,_xlfn.XLOOKUP($B116,tb_shopType[type],tb_shopType[shop_table_name]), _xlpm._col,MATCH($C116&"-"&TEXT(D116,"00"),INDIRECT(_xlpm._tb&"[#标题]"),0), _xlpm._arr_id,INDIRECT(_xlpm._tb&"[id]"), _xlpm._count,ROWS(_xlpm._arr_id), _xlpm._arr_weight,OFFSET(INDIRECT(_xlpm._tb),0,_xlpm._col-1,_xlpm._count,1), _xlpm._outcome_arr,_xlfn.MAP(_xlpm._arr_id,_xlpm._arr_weight,_xlfn.LAMBDA(_xlpm.a,_xlpm.b,IF(AND(_xlpm.a<>"",_xlpm.b<>0),_xlpm.a&"="&_xlpm.b,""))), _xlfn.TEXTJOIN(";",1,_xlpm._outcome_arr))} -> 15101=102;15102=102;15103=102;15104=102;15105=119;15106=119;15107=119;15108=138;15109=138;15110=138;15111=160;15112=160;15113=160;15114=181;15115=181;15116=200;15117=200;15118=200;15119=206;15120=206
A118: 20401 | B118: =VLOOKUP(VALUE(LEFT(A118,2)),tb_shopType[[prefix]:[type]],2,0) -> 角色 | C118: =VLOOKUP(VALUE(MID(A118,LEN(A118)-2,1)),table_world[[id]:[name]],2,0) -> 树梢 | D118: 1 | E118: =_xlfn.LET(_xlpm._i,RIGHT(A118,2), INT(_xlpm._i/14)+2&"~"&3) -> 2~3 | F118: 500~25158;750~3599;1000~32 | G118: 1~1~0 | H118: {=_xlfn.LET(_xlpm._tb,_xlfn.XLOOKUP($B118,tb_shopType[type],tb_shopType[shop_table_name]), _xlpm._col,MATCH($C118&"-"&TEXT(D118,"00"),INDIRECT(_xlpm._tb&"[#标题]"),0), _xlpm._arr_id,INDIRECT(_xlpm._tb&"[id]"), _xlpm._count,ROWS(_xlpm._arr_id), _xlpm._arr_weight,OFFSET(INDIRECT(_xlpm._tb),0,_xlpm._col-1,_xlpm._count,1), _xlpm._outcome_arr,_xlfn.MAP(_xlpm._arr_id,_xlpm._arr_weight,_xlfn.LAMBDA(_xlpm.a,_xlpm.b,IF(AND(_xlpm.a<>"",_xlpm.b<>0),_xlpm.a&"="&_xlpm.b,""))), _xlfn.TEXTJOIN(";",1,_xlpm._outcome_arr))} -> 15101=756;15102=756;15103=756;15104=756;15105=692;15106=692;15107=692;15108=588;15109=588;15110=588;15111=452;15112=452;15113=452;15114=301;15115=301;15116=164;15117=164;15118=164;15119=67;15120=67
A119: 20402 | B119: =VLOOKUP(VALUE(LEFT(A119,2)),tb_shopType[[prefix]:[type]],2,0) -> 角色 | C119: =VLOOKUP(VALUE(MID(A119,LEN(A119)-2,1)),table_world[[id]:[name]],2,0) -> 树梢 | D119: 2 | E119: =_xlfn.LET(_xlpm._i,RIGHT(A119,2), INT(_xlpm._i/14)+2&"~"&3) -> 2~3 | F119: 500~759;750~16131;1000~21296;1250~1748;1500~8 | G119: ="1~0.4~"&0.2+D119*0.02 -> 1~0.4~0.24 | H119: {=_xlfn.LET(_xlpm._tb,_xlfn.XLOOKUP($B119,tb_shopType[type],tb_shopType[shop_table_name]), _xlpm._col,MATCH($C119&"-"&TEXT(D119,"00"),INDIRECT(_xlpm._tb&"[#标题]"),0), _xlpm._arr_id,INDIRECT(_xlpm._tb&"[id]"), _xlpm._count,ROWS(_xlpm._arr_id), _xlpm._arr_weight,OFFSET(INDIRECT(_xlpm._tb),0,_xlpm._col-1,_xlpm._count,1), _xlpm._outcome_arr,_xlfn.MAP(_xlpm._arr_id,_xlpm._arr_weight,_xlfn.LAMBDA(_xlpm.a,_xlpm.b,IF(AND(_xlpm.a<>"",_xlpm.b<>0),_xlpm.a&"="&_xlpm.b,""))), _xlfn.TEXTJOIN(";",1,_xlpm._outcome_arr))} -> 15101=752;15102=752;15103=752;15104=752;15105=705;15106=705;15107=705;15108=617;15109=617;15110=617;15111=492;15112=492;15113=492;15114=344;15115=344;15116=200;15117=200;15118=200;15119=88;15120=88
A120: 20403 | B120: =VLOOKUP(VALUE(LEFT(A120,2)),tb_shopType[[prefix]:[type]],2,0) -> 角色 | C120: =VLOOKUP(VALUE(MID(A120,LEN(A120)-2,1)),table_world[[id]:[name]],2,0) -> 树梢 | D120: 3 | E120: =_xlfn.LET(_xlpm._i,RIGHT(A120,2), INT(_xlpm._i/14)+2&"~"&3) -> 2~3 | F120: 750~8;1000~1748;1250~21296;1500~16131;1750~759;2000~2 | G120: ="1~0.4~"&0.2+D120*0.02 -> 1~0.4~0.26 | H120: {=_xlfn.LET(_xlpm._tb,_xlfn.XLOOKUP($B120,tb_shopType[type],tb_shopType[shop_table_name]), _xlpm._col,MATCH($C120&"-"&TEXT(D120,"00"),INDIRECT(_xlpm._tb&"[#标题]"),0), _xlpm._arr_id,INDIRECT(_xlpm._tb&"[id]"), _xlpm._count,ROWS(_xlpm._arr_id), _xlpm._arr_weight,OFFSET(INDIRECT(_xlpm._tb),0,_xlpm._col-1,_xlpm._count,1), _xlpm._outcome_arr,_xlfn.MAP(_xlpm._arr_id,_xlpm._arr_weight,_xlfn.LAMBDA(_xlpm.a,_xlpm.b,IF(AND(_xlpm.a<>"",_xlpm.b<>0),_xlpm.a&"="&_xlpm.b,""))), _xlfn.TEXTJOIN(";",1,_xlpm._outcome_arr))} -> 15101=739;15102=739;15103=739;15104=739;15105=709;15106=709;15107=709;15108=639;15109=639;15110=639;15111=528;15112=528;15113=528;15114=386;15115=386;15116=237;15117=237;15118=237;15119=113;15120=113
A121: 20404 | B121: =VLOOKUP(VALUE(LEFT(A121,2)),tb_shopType[[prefix]:[type]],2,0) -> 角色 | C121: =VLOOKUP(VALUE(MID(A121,LEN(A121)-2,1)),table_world[[id]:[name]],2,0) -> 树梢 | D121: 4 | E121: =_xlfn.LET(_xlpm._i,RIGHT(A121,2), INT(_xlpm._i/14)+2&"~"&3) -> 2~3 | F121: 1250~32;1500~3599;1750~25158;2000~10934;2250~295 | G121: ="1~0.4~"&0.2+D121*0.02 -> 1~0.4~0.28 | H121: {=_xlfn.LET(_xlpm._tb,_xlfn.XLOOKUP($B121,tb_shopType[type],tb_shopType[shop_table_name]), _xlpm._col,MATCH($C121&"-"&TEXT(D121,"00"),INDIRECT(_xlpm._tb&"[#标题]"),0), _xlpm._arr_id,INDIRECT(_xlpm._tb&"[id]"), _xlpm._count,ROWS(_xlpm._arr_id), _xlpm._arr_weight,OFFSET(INDIRECT(_xlpm._tb),0,_xlpm._col-1,_xlpm._count,1), _xlpm._outcome_arr,_xlfn.MAP(_xlpm._arr_id,_xlpm._arr_weight,_xlfn.LAMBDA(_xlpm.a,_xlpm.b,IF(AND(_xlpm.a<>"",_xlpm.b<>0),_xlpm.a&"="&_xlpm.b,""))), _xlfn.TEXTJOIN(";",1,_xlpm._outcome_arr))} -> 15101=719;15102=719;15103=719;15104=719;15105=705;15106=705;15107=705;15108=653;15109=653;15110=653;15111=558;15112=558;15113=558;15114=426;15115=426;15116=277;15117=277;15118=277;15119=141;15120=141
A122: 20405 | B122: =VLOOKUP(VALUE(LEFT(A122,2)),tb_shopType[[prefix]:[type]],2,0) -> 角色 | C122: =VLOOKUP(VALUE(MID(A122,LEN(A122)-2,1)),table_world[[id]:[name]],2,0) -> 树梢 | D122: 5 | E122: =_xlfn.LET(_xlpm._i,RIGHT(A122,2), INT(_xlpm._i/14)+2&"~"&3) -> 2~3 | F122: 1750~102;2000~6631;2250~26596;2500~6631;2750~102 | G122: ="1~0.4~"&0.2+D122*0.02 -> 1~0.4~0.3 | H122: {=_xlfn.LET(_xlpm._tb,_xlfn.XLOOKUP($B122,tb_shopType[type],tb_shopType[shop_table_name]), _xlpm._col,MATCH($C122&"-"&TEXT(D122,"00"),INDIRECT(_xlpm._tb&"[#标题]"),0), _xlpm._arr_id,INDIRECT(_xlpm._tb&"[id]"), _xlpm._count,ROWS(_xlpm._arr_id), _xlpm._arr_weight,OFFSET(INDIRECT(_xlpm._tb),0,_xlpm._col-1,_xlpm._count,1), _xlpm._outcome_arr,_xlfn.MAP(_xlpm._arr_id,_xlpm._arr_weight,_xlfn.LAMBDA(_xlpm.a,_xlpm.b,IF(AND(_xlpm.a<>"",_xlpm.b<>0),_xlpm.a&"="&_xlpm.b,""))), _xlfn.TEXTJOIN(";",1,_xlpm._outcome_arr))} -> 15101=692;15102=692;15103=692;15104=692;15105=692;15106=692;15107=692;15108=657;15109=657;15110=657;15111=580;15112=580;15113=580;15114=461;15115=461;15116=316;15117=316;15118=316;15119=173;15120=173
A123: 20406 | B123: =VLOOKUP(VALUE(LEFT(A123,2)),tb_shopType[[prefix]:[type]],2,0) -> 角色 | C123: =VLOOKUP(VALUE(MID(A123,LEN(A123)-2,1)),table_world[[id]:[name]],2,0) -> 树梢 | D123: 6 | E123: =_xlfn.LET(_xlpm._i,RIGHT(A123,2), INT(_xlpm._i/14)+2&"~"&3) -> 2~3 | F123: 2250~295;2500~10934;2750~25158;3000~3599;3250~32 | G123: ="1~0.4~"&0.2+D123*0.02 -> 1~0.4~0.32 | H123: {=_xlfn.LET(_xlpm._tb,_xlfn.XLOOKUP($B123,tb_shopType[type],tb_shopType[shop_table_name]), _xlpm._col,MATCH($C123&"-"&TEXT(D123,"00"),INDIRECT(_xlpm._tb&"[#标题]"),0), _xlpm._arr_id,INDIRECT(_xlpm._tb&"[id]"), _xlpm._count,ROWS(_xlpm._arr_id), _xlpm._arr_weight,OFFSET(INDIRECT(_xlpm._tb),0,_xlpm._col-1,_xlpm._count,1), _xlpm._outcome_arr,_xlfn.MAP(_xlpm._arr_id,_xlpm._arr_weight,_xlfn.LAMBDA(_xlpm.a,_xlpm.b,IF(AND(_xlpm.a<>"",_xlpm.b<>0),_xlpm.a&"="&_xlpm.b,""))), _xlfn.TEXTJOIN(";",1,_xlpm._outcome_arr))} -> 15101=658;15102=658;15103=658;15104=658;15105=671;15106=671;15107=671;15108=653;15109=653;15110=653;15111=594;15112=594;15113=594;15114=491;15115=491;15116=353;15117=353;15118=353;15119=206;15120=206
A124: 20407 | B124: =VLOOKUP(VALUE(LEFT(A124,2)),tb_shopType[[prefix]:[type]],2,0) -> 角色 | C124: =VLOOKUP(VALUE(MID(A124,LEN(A124)-2,1)),table_world[[id]:[name]],2,0) -> 树梢 | D124: 7 | E124: =_xlfn.LET(_xlpm._i,RIGHT(A124,2), INT(_xlpm._i/14)+2&"~"&3) -> 2~3 | F124: 2500~2;2750~759;3000~16131;3250~21296;3500~1748;3750~8 | G124: ="1~0.4~"&0.2+D124*0.02 -> 1~0.4~0.34 | H124: {=_xlfn.LET(_xlpm._tb,_xlfn.XLOOKUP($B124,tb_shopType[type],tb_shopType[shop_table_name]), _xlpm._col,MATCH($C124&"-"&TEXT(D124,"00"),INDIRECT(_xlpm._tb&"[#标题]"),0), _xlpm._arr_id,INDIRECT(_xlpm._tb&"[id]"), _xlpm._count,ROWS(_xlpm._arr_id), _xlpm._arr_weight,OFFSET(INDIRECT(_xlpm._tb),0,_xlpm._col-1,_xlpm._count,1), _xlpm._outcome_arr,_xlfn.MAP(_xlpm._arr_id,_xlpm._arr_weight,_xlfn.LAMBDA(_xlpm.a,_xlpm.b,IF(AND(_xlpm.a<>"",_xlpm.b<>0),_xlpm.a&"="&_xlpm.b,""))), _xlfn.TEXTJOIN(";",1,_xlpm._outcome_arr))} -> 15101=619;15102=619;15103=619;15104=619;15105=643;15106=643;15107=643;15108=639;15109=639;15110=639;15111=598;15112=598;15113=598;15114=513;15115=513;15116=387;15117=387;15118=387;15119=241;15120=241
A125: 20408 | B125: =VLOOKUP(VALUE(LEFT(A125,2)),tb_shopType[[prefix]:[type]],2,0) -> 角色 | C125: =VLOOKUP(VALUE(MID(A125,LEN(A125)-2,1)),table_world[[id]:[name]],2,0) -> 树梢 | D125: 8 | E125: =_xlfn.LET(_xlpm._i,RIGHT(A125,2), INT(_xlpm._i/14)+2&"~"&3) -> 2~3 | F125: 3000~8;3250~1748;3500~21296;3750~16131;4000~759;4250~2 | G125: ="1~0.4~"&0.2+D125*0.02 -> 1~0.4~0.36 | H125: {=_xlfn.LET(_xlpm._tb,_xlfn.XLOOKUP($B125,tb_shopType[type],tb_shopType[shop_table_name]), _xlpm._col,MATCH($C125&"-"&TEXT(D125,"00"),INDIRECT(_xlpm._tb&"[#标题]"),0), _xlpm._arr_id,INDIRECT(_xlpm._tb&"[id]"), _xlpm._count,ROWS(_xlpm._arr_id), _xlpm._arr_weight,OFFSET(INDIRECT(_xlpm._tb),0,_xlpm._col-1,_xlpm._count,1), _xlpm._outcome_arr,_xlfn.MAP(_xlpm._arr_id,_xlpm._arr_weight,_xlfn.LAMBDA(_xlpm.a,_xlpm.b,IF(AND(_xlpm.a<>"",_xlpm.b<>0),_xlpm.a&"="&_xlpm.b,""))), _xlfn.TEXTJOIN(";",1,_xlpm._outcome_arr))} -> 15101=576;15102=576;15103=576;15104=576;15105=608;15106=608;15107=608;15108=617;15109=617;15110=617;15111=594;15112=594;15113=594;15114=527;15115=527;15116=416;15117=416;15118=416;15119=274;15120=274
A126: 20409 | B126: =VLOOKUP(VALUE(LEFT(A126,2)),tb_shopType[[prefix]:[type]],2,0) -> 角色 | C126: =VLOOKUP(VALUE(MID(A126,LEN(A126)-2,1)),table_world[[id]:[name]],2,0) -> 树梢 | D126: 9 | E126: =_xlfn.LET(_xlpm._i,RIGHT(A126,2), INT(_xlpm._i/14)+2&"~"&3) -> 2~3 | F126: 3500~32;3750~3599;4000~25158;4250~10934;4500~295 | G126: ="1~0.4~"&0.2+D126*0.02 -> 1~0.4~0.38 | H126: {=_xlfn.LET(_xlpm._tb,_xlfn.XLOOKUP($B126,tb_shopType[type],tb_shopType[shop_table_name]), _xlpm._col,MATCH($C126&"-"&TEXT(D126,"00"),INDIRECT(_xlpm._tb&"[#标题]"),0), _xlpm._arr_id,INDIRECT(_xlpm._tb&"[id]"), _xlpm._count,ROWS(_xlpm._arr_id), _xlpm._arr_weight,OFFSET(INDIRECT(_xlpm._tb),0,_xlpm._col-1,_xlpm._count,1), _xlpm._outcome_arr,_xlfn.MAP(_xlpm._arr_id,_xlpm._arr_weight,_xlfn.LAMBDA(_xlpm.a,_xlpm.b,IF(AND(_xlpm.a<>"",_xlpm.b<>0),_xlpm.a&"="&_xlpm.b,""))), _xlfn.TEXTJOIN(";",1,_xlpm._outcome_arr))} -> 15101=530;15102=530;15103=530;15104=530;15105=568;15106=568;15107=568;15108=588;15109=588;15110=588;15111=580;15112=580;15113=580;15114=532;15115=532;15116=438;15117=438;15118=438;15119=305;15120=305
A127: 20410 | B127: =VLOOKUP(VALUE(LEFT(A127,2)),tb_shopType[[prefix]:[type]],2,0) -> 角色 | C127: =VLOOKUP(VALUE(MID(A127,LEN(A127)-2,1)),table_world[[id]:[name]],2,0) -> 树梢 | D127: 10 | E127: =_xlfn.LET(_xlpm._i,RIGHT(A127,2), INT(_xlpm._i/14)+2&"~"&3) -> 2~3 | F127: 4000~102;4250~6631;4500~26596;4750~6631;5000~102 | G127: ="1~0.4~"&0.2+D127*0.02 -> 1~0.4~0.4 | H127: {=_xlfn.LET(_xlpm._tb,_xlfn.XLOOKUP($B127,tb_shopType[type],tb_shopType[shop_table_name]), _xlpm._col,MATCH($C127&"-"&TEXT(D127,"00"),INDIRECT(_xlpm._tb&"[#标题]"),0), _xlpm._arr_id,INDIRECT(_xlpm._tb&"[id]"), _xlpm._count,ROWS(_xlpm._arr_id), _xlpm._arr_weight,OFFSET(INDIRECT(_xlpm._tb),0,_xlpm._col-1,_xlpm._count,1), _xlpm._outcome_arr,_xlfn.MAP(_xlpm._arr_id,_xlpm._arr_weight,_xlfn.LAMBDA(_xlpm.a,_xlpm.b,IF(AND(_xlpm.a<>"",_xlpm.b<>0),_xlpm.a&"="&_xlpm.b,""))), _xlfn.TEXTJOIN(";",1,_xlpm._outcome_arr))} -> 15101=483;15102=483;15103=483;15104=483;15105=524;15106=524;15107=524;15108=553;15109=553;15110=553;15111=558;15112=558;15113=558;15114=527;15115=527;15116=451;15117=451;15118=451;15119=331;15120=331
A128: 20411 | B128: =VLOOKUP(VALUE(LEFT(A128,2)),tb_shopType[[prefix]:[type]],2,0) -> 角色 | C128: =VLOOKUP(VALUE(MID(A128,LEN(A128)-2,1)),table_world[[id]:[name]],2,0) -> 树梢 | D128: 11 | E128: =_xlfn.LET(_xlpm._i,RIGHT(A128,2), INT(_xlpm._i/14)+2&"~"&3) -> 2~3 | F128: 4500~295;4750~10934;5000~25158;5250~3599;5500~32 | G128: ="1~0.4~"&0.2+D128*0.02 -> 1~0.4~0.42 | H128: {=_xlfn.LET(_xlpm._tb,_xlfn.XLOOKUP($B128,tb_shopType[type],tb_shopType[shop_table_name]), _xlpm._col,MATCH($C128&"-"&TEXT(D128,"00"),INDIRECT(_xlpm._tb&"[#标题]"),0), _xlpm._arr_id,INDIRECT(_xlpm._tb&"[id]"), _xlpm._count,ROWS(_xlpm._arr_id), _xlpm._arr_weight,OFFSET(INDIRECT(_xlpm._tb),0,_xlpm._col-1,_xlpm._count,1), _xlpm._outcome_arr,_xlfn.MAP(_xlpm._arr_id,_xlpm._arr_weight,_xlfn.LAMBDA(_xlpm.a,_xlpm.b,IF(AND(_xlpm.a<>"",_xlpm.b<>0),_xlpm.a&"="&_xlpm.b,""))), _xlfn.TEXTJOIN(";",1,_xlpm._outcome_arr))} -> 15101=434;15102=434;15103=434;15104=434;15105=478;15106=478;15107=478;15108=512;15109=512;15110=512;15111=528;15112=528;15113=528;15114=513;15115=513;15116=456;15117=456;15118=456;15119=351;15120=351
A129: 20412 | B129: =VLOOKUP(VALUE(LEFT(A129,2)),tb_shopType[[prefix]:[type]],2,0) -> 角色 | C129: =VLOOKUP(VALUE(MID(A129,LEN(A129)-2,1)),table_world[[id]:[name]],2,0) -> 树梢 | D129: 12 | E129: =_xlfn.LET(_xlpm._i,RIGHT(A129,2), INT(_xlpm._i/14)+2&"~"&3) -> 2~3 | F129: 4750~2;5000~759;5250~16131;5500~21296;5750~1748;6000~8 | G129: ="1~0.4~"&0.2+D129*0.02 -> 1~0.4~0.44 | H129: {=_xlfn.LET(_xlpm._tb,_xlfn.XLOOKUP($B129,tb_shopType[type],tb_shopType[shop_table_name]), _xlpm._col,MATCH($C129&"-"&TEXT(D129,"00"),INDIRECT(_xlpm._tb&"[#标题]"),0), _xlpm._arr_id,INDIRECT(_xlpm._tb&"[id]"), _xlpm._count,ROWS(_xlpm._arr_id), _xlpm._arr_weight,OFFSET(INDIRECT(_xlpm._tb),0,_xlpm._col-1,_xlpm._count,1), _xlpm._outcome_arr,_xlfn.MAP(_xlpm._arr_id,_xlpm._arr_weight,_xlfn.LAMBDA(_xlpm.a,_xlpm.b,IF(AND(_xlpm.a<>"",_xlpm.b<>0),_xlpm.a&"="&_xlpm.b,""))), _xlfn.TEXTJOIN(";",1,_xlpm._outcome_arr))} -> 15101=387;15102=387;15103=387;15104=387;15105=430;15106=430;15107=430;15108=468;15109=468;15110=468;15111=492;15112=492;15113=492;15114=491;15115=491;15116=451;15117=451;15118=451;15119=364;15120=364
A130: 20413 | B130: =VLOOKUP(VALUE(LEFT(A130,2)),tb_shopType[[prefix]:[type]],2,0) -> 角色 | C130: =VLOOKUP(VALUE(MID(A130,LEN(A130)-2,1)),table_world[[id]:[name]],2,0) -> 树梢 | D130: 13 | E130: =_xlfn.LET(_xlpm._i,RIGHT(A130,2), INT(_xlpm._i/14)+2&"~"&3) -> 2~3 | F130: 5250~8;5500~1748;5750~21296;6000~16131;6250~759;6500~2 | G130: ="1~0.4~"&0.2+D130*0.02 -> 1~0.4~0.46 | H130: {=_xlfn.LET(_xlpm._tb,_xlfn.XLOOKUP($B130,tb_shopType[type],tb_shopType[shop_table_name]), _xlpm._col,MATCH($C130&"-"&TEXT(D130,"00"),INDIRECT(_xlpm._tb&"[#标题]"),0), _xlpm._arr_id,INDIRECT(_xlpm._tb&"[id]"), _xlpm._count,ROWS(_xlpm._arr_id), _xlpm._arr_weight,OFFSET(INDIRECT(_xlpm._tb),0,_xlpm._col-1,_xlpm._count,1), _xlpm._outcome_arr,_xlfn.MAP(_xlpm._arr_id,_xlpm._arr_weight,_xlfn.LAMBDA(_xlpm.a,_xlpm.b,IF(AND(_xlpm.a<>"",_xlpm.b<>0),_xlpm.a&"="&_xlpm.b,""))), _xlfn.TEXTJOIN(";",1,_xlpm._outcome_arr))} -> 15101=340;15102=340;15103=340;15104=340;15105=383;15106=383;15107=383;15108=422;15109=422;15110=422;15111=452;15112=452;15113=452;15114=461;15115=461;15116=438;15117=438;15118=438;15119=368;15120=368
... A137: 20420 | B137: =VLOOKUP(VALUE(LEFT(A137,2)),tb_shopType[[prefix]:[type]],2,0) -> 角色 | C137: =VLOOKUP(VALUE(MID(A137,LEN(A137)-2,1)),table_world[[id]:[name]],2,0) -> 树梢 | D137: 20 | E137: =_xlfn.LET(_xlpm._i,RIGHT(A137,2), INT(_xlpm._i/14)+2&"~"&3) -> 3~3 | F137: 8500~102 | G137: ="1~0.4~"&0.2+D137*0.02 -> 1~0.4~0.6 | H137: {=_xlfn.LET(_xlpm._tb,_xlfn.XLOOKUP($B137,tb_shopType[type],tb_shopType[shop_table_name]), _xlpm._col,MATCH($C137&"-"&TEXT(D137,"00"),INDIRECT(_xlpm._tb&"[#标题]"),0), _xlpm._arr_id,INDIRECT(_xlpm._tb&"[id]"), _xlpm._count,ROWS(_xlpm._arr_id), _xlpm._arr_weight,OFFSET(INDIRECT(_xlpm._tb),0,_xlpm._col-1,_xlpm._count,1), _xlpm._outcome_arr,_xlfn.MAP(_xlpm._arr_id,_xlpm._arr_weight,_xlfn.LAMBDA(_xlpm.a,_xlpm.b,IF(AND(_xlpm.a<>"",_xlpm.b<>0),_xlpm.a&"="&_xlpm.b,""))), _xlfn.TEXTJOIN(";",1,_xlpm._outcome_arr))} -> 15101=102;15102=102;15103=102;15104=102;15105=119;15106=119;15107=119;15108=138;15109=138;15110=138;15111=160;15112=160;15113=160;15114=181;15115=181;15116=200;15117=200;15118=200;15119=206;15120=206
A139: 20701 | B139: =VLOOKUP(VALUE(LEFT(A139,2)),tb_shopType[[prefix]:[type]],2,0) -> 角色 | C139: =VLOOKUP(VALUE(MID(A139,LEN(A139)-2,1)),table_world[[id]:[name]],2,0) -> 荒漠 | D139: 1 | E139: =_xlfn.LET(_xlpm._i,RIGHT(A139,2), INT(_xlpm._i/14)+2&"~"&3) -> 2~3 | F139: 500~25158;750~3599;1000~32 | G139: 1~1~0 | H139: {=_xlfn.LET(_xlpm._tb,_xlfn.XLOOKUP($B139,tb_shopType[type],tb_shopType[shop_table_name]), _xlpm._col,MATCH($C139&"-"&TEXT(D139,"00"),INDIRECT(_xlpm._tb&"[#标题]"),0), _xlpm._arr_id,INDIRECT(_xlpm._tb&"[id]"), _xlpm._count,ROWS(_xlpm._arr_id), _xlpm._arr_weight,OFFSET(INDIRECT(_xlpm._tb),0,_xlpm._col-1,_xlpm._count,1), _xlpm._outcome_arr,_xlfn.MAP(_xlpm._arr_id,_xlpm._arr_weight,_xlfn.LAMBDA(_xlpm.a,_xlpm.b,IF(AND(_xlpm.a<>"",_xlpm.b<>0),_xlpm.a&"="&_xlpm.b,""))), _xlfn.TEXTJOIN(";",1,_xlpm._outcome_arr))} -> 15101=756;15102=756;15103=756;15104=756;15105=692;15106=692;15107=692;15108=588;15109=588;15110=588;15111=452;15112=452;15113=452;15114=301;15115=301;15116=164;15117=164;15118=164;15119=67;15120=67
A140: 20702 | B140: =VLOOKUP(VALUE(LEFT(A140,2)),tb_shopType[[prefix]:[type]],2,0) -> 角色 | C140: =VLOOKUP(VALUE(MID(A140,LEN(A140)-2,1)),table_world[[id]:[name]],2,0) -> 荒漠 | D140: 2 | E140: =_xlfn.LET(_xlpm._i,RIGHT(A140,2), INT(_xlpm._i/14)+2&"~"&3) -> 2~3 | F140: 500~759;750~16131;1000~21296;1250~1748;1500~8 | G140: ="1~0.4~"&0.2+D140*0.02 -> 1~0.4~0.24 | H140: {=_xlfn.LET(_xlpm._tb,_xlfn.XLOOKUP($B140,tb_shopType[type],tb_shopType[shop_table_name]), _xlpm._col,MATCH($C140&"-"&TEXT(D140,"00"),INDIRECT(_xlpm._tb&"[#标题]"),0), _xlpm._arr_id,INDIRECT(_xlpm._tb&"[id]"), _xlpm._count,ROWS(_xlpm._arr_id), _xlpm._arr_weight,OFFSET(INDIRECT(_xlpm._tb),0,_xlpm._col-1,_xlpm._count,1), _xlpm._outcome_arr,_xlfn.MAP(_xlpm._arr_id,_xlpm._arr_weight,_xlfn.LAMBDA(_xlpm.a,_xlpm.b,IF(AND(_xlpm.a<>"",_xlpm.b<>0),_xlpm.a&"="&_xlpm.b,""))), _xlfn.TEXTJOIN(";",1,_xlpm._outcome_arr))} -> 15101=752;15102=752;15103=752;15104=752;15105=705;15106=705;15107=705;15108=617;15109=617;15110=617;15111=492;15112=492;15113=492;15114=344;15115=344;15116=200;15117=200;15118=200;15119=88;15120=88
A141: 20703 | B141: =VLOOKUP(VALUE(LEFT(A141,2)),tb_shopType[[prefix]:[type]],2,0) -> 角色 | C141: =VLOOKUP(VALUE(MID(A141,LEN(A141)-2,1)),table_world[[id]:[name]],2,0) -> 荒漠 | D141: 3 | E141: =_xlfn.LET(_xlpm._i,RIGHT(A141,2), INT(_xlpm._i/14)+2&"~"&3) -> 2~3 | F141: 750~8;1000~1748;1250~21296;1500~16131;1750~759;2000~2 | G141: ="1~0.4~"&0.2+D141*0.02 -> 1~0.4~0.26 | H141: {=_xlfn.LET(_xlpm._tb,_xlfn.XLOOKUP($B141,tb_shopType[type],tb_shopType[shop_table_name]), _xlpm._col,MATCH($C141&"-"&TEXT(D141,"00"),INDIRECT(_xlpm._tb&"[#标题]"),0), _xlpm._arr_id,INDIRECT(_xlpm._tb&"[id]"), _xlpm._count,ROWS(_xlpm._arr_id), _xlpm._arr_weight,OFFSET(INDIRECT(_xlpm._tb),0,_xlpm._col-1,_xlpm._count,1), _xlpm._outcome_arr,_xlfn.MAP(_xlpm._arr_id,_xlpm._arr_weight,_xlfn.LAMBDA(_xlpm.a,_xlpm.b,IF(AND(_xlpm.a<>"",_xlpm.b<>0),_xlpm.a&"="&_xlpm.b,""))), _xlfn.TEXTJOIN(";",1,_xlpm._outcome_arr))} -> 15101=739;15102=739;15103=739;15104=739;15105=709;15106=709;15107=709;15108=639;15109=639;15110=639;15111=528;15112=528;15113=528;15114=386;15115=386;15116=237;15117=237;15118=237;15119=113;15120=113
A142: 20704 | B142: =VLOOKUP(VALUE(LEFT(A142,2)),tb_shopType[[prefix]:[type]],2,0) -> 角色 | C142: =VLOOKUP(VALUE(MID(A142,LEN(A142)-2,1)),table_world[[id]:[name]],2,0) -> 荒漠 | D142: 4 | E142: =_xlfn.LET(_xlpm._i,RIGHT(A142,2), INT(_xlpm._i/14)+2&"~"&3) -> 2~3 | F142: 1250~32;1500~3599;1750~25158;2000~10934;2250~295 | G142: ="1~0.4~"&0.2+D142*0.02 -> 1~0.4~0.28 | H142: {=_xlfn.LET(_xlpm._tb,_xlfn.XLOOKUP($B142,tb_shopType[type],tb_shopType[shop_table_name]), _xlpm._col,MATCH($C142&"-"&TEXT(D142,"00"),INDIRECT(_xlpm._tb&"[#标题]"),0), _xlpm._arr_id,INDIRECT(_xlpm._tb&"[id]"), _xlpm._count,ROWS(_xlpm._arr_id), _xlpm._arr_weight,OFFSET(INDIRECT(_xlpm._tb),0,_xlpm._col-1,_xlpm._count,1), _xlpm._outcome_arr,_xlfn.MAP(_xlpm._arr_id,_xlpm._arr_weight,_xlfn.LAMBDA(_xlpm.a,_xlpm.b,IF(AND(_xlpm.a<>"",_xlpm.b<>0),_xlpm.a&"="&_xlpm.b,""))), _xlfn.TEXTJOIN(";",1,_xlpm._outcome_arr))} -> 15101=719;15102=719;15103=719;15104=719;15105=705;15106=705;15107=705;15108=653;15109=653;15110=653;15111=558;15112=558;15113=558;15114=426;15115=426;15116=277;15117=277;15118=277;15119=141;15120=141
A143: 20705 | B143: =VLOOKUP(VALUE(LEFT(A143,2)),tb_shopType[[prefix]:[type]],2,0) -> 角色 | C143: =VLOOKUP(VALUE(MID(A143,LEN(A143)-2,1)),table_world[[id]:[name]],2,0) -> 荒漠 | D143: 5 | E143: =_xlfn.LET(_xlpm._i,RIGHT(A143,2), INT(_xlpm._i/14)+2&"~"&3) -> 2~3 | F143: 1750~102;2000~6631;2250~26596;2500~6631;2750~102 | G143: ="1~0.4~"&0.2+D143*0.02 -> 1~0.4~0.3 | H143: {=_xlfn.LET(_xlpm._tb,_xlfn.XLOOKUP($B143,tb_shopType[type],tb_shopType[shop_table_name]), _xlpm._col,MATCH($C143&"-"&TEXT(D143,"00"),INDIRECT(_xlpm._tb&"[#标题]"),0), _xlpm._arr_id,INDIRECT(_xlpm._tb&"[id]"), _xlpm._count,ROWS(_xlpm._arr_id), _xlpm._arr_weight,OFFSET(INDIRECT(_xlpm._tb),0,_xlpm._col-1,_xlpm._count,1), _xlpm._outcome_arr,_xlfn.MAP(_xlpm._arr_id,_xlpm._arr_weight,_xlfn.LAMBDA(_xlpm.a,_xlpm.b,IF(AND(_xlpm.a<>"",_xlpm.b<>0),_xlpm.a&"="&_xlpm.b,""))), _xlfn.TEXTJOIN(";",1,_xlpm._outcome_arr))} -> 15101=692;15102=692;15103=692;15104=692;15105=692;15106=692;15107=692;15108=657;15109=657;15110=657;15111=580;15112=580;15113=580;15114=461;15115=461;15116=316;15117=316;15118=316;15119=173;15120=173
A144: 20706 | B144: =VLOOKUP(VALUE(LEFT(A144,2)),tb_shopType[[prefix]:[type]],2,0) -> 角色 | C144: =VLOOKUP(VALUE(MID(A144,LEN(A144)-2,1)),table_world[[id]:[name]],2,0) -> 荒漠 | D144: 6 | E144: =_xlfn.LET(_xlpm._i,RIGHT(A144,2), INT(_xlpm._i/14)+2&"~"&3) -> 2~3 | F144: 2250~295;2500~10934;2750~25158;3000~3599;3250~32 | G144: ="1~0.4~"&0.2+D144*0.02 -> 1~0.4~0.32 | H144: {=_xlfn.LET(_xlpm._tb,_xlfn.XLOOKUP($B144,tb_shopType[type],tb_shopType[shop_table_name]), _xlpm._col,MATCH($C144&"-"&TEXT(D144,"00"),INDIRECT(_xlpm._tb&"[#标题]"),0), _xlpm._arr_id,INDIRECT(_xlpm._tb&"[id]"), _xlpm._count,ROWS(_xlpm._arr_id), _xlpm._arr_weight,OFFSET(INDIRECT(_xlpm._tb),0,_xlpm._col-1,_xlpm._count,1), _xlpm._outcome_arr,_xlfn.MAP(_xlpm._arr_id,_xlpm._arr_weight,_xlfn.LAMBDA(_xlpm.a,_xlpm.b,IF(AND(_xlpm.a<>"",_xlpm.b<>0),_xlpm.a&"="&_xlpm.b,""))), _xlfn.TEXTJOIN(";",1,_xlpm._outcome_arr))} -> 15101=658;15102=658;15103=658;15104=658;15105=671;15106=671;15107=671;15108=653;15109=653;15110=653;15111=594;15112=594;15113=594;15114=491;15115=491;15116=353;15117=353;15118=353;15119=206;15120=206
A145: 20707 | B145: =VLOOKUP(VALUE(LEFT(A145,2)),tb_shopType[[prefix]:[type]],2,0) -> 角色 | C145: =VLOOKUP(VALUE(MID(A145,LEN(A145)-2,1)),table_world[[id]:[name]],2,0) -> 荒漠 | D145: 7 | E145: =_xlfn.LET(_xlpm._i,RIGHT(A145,2), INT(_xlpm._i/14)+2&"~"&3) -> 2~3 | F145: 2500~2;2750~759;3000~16131;3250~21296;3500~1748;3750~8 | G145: ="1~0.4~"&0.2+D145*0.02 -> 1~0.4~0.34 | H145: {=_xlfn.LET(_xlpm._tb,_xlfn.XLOOKUP($B145,tb_shopType[type],tb_shopType[shop_table_name]), _xlpm._col,MATCH($C145&"-"&TEXT(D145,"00"),INDIRECT(_xlpm._tb&"[#标题]"),0), _xlpm._arr_id,INDIRECT(_xlpm._tb&"[id]"), _xlpm._count,ROWS(_xlpm._arr_id), _xlpm._arr_weight,OFFSET(INDIRECT(_xlpm._tb),0,_xlpm._col-1,_xlpm._count,1), _xlpm._outcome_arr,_xlfn.MAP(_xlpm._arr_id,_xlpm._arr_weight,_xlfn.LAMBDA(_xlpm.a,_xlpm.b,IF(AND(_xlpm.a<>"",_xlpm.b<>0),_xlpm.a&"="&_xlpm.b,""))), _xlfn.TEXTJOIN(";",1,_xlpm._outcome_arr))} -> 15101=619;15102=619;15103=619;15104=619;15105=643;15106=643;15107=643;15108=639;15109=639;15110=639;15111=598;15112=598;15113=598;15114=513;15115=513;15116=387;15117=387;15118=387;15119=241;15120=241
A146: 20708 | B146: =VLOOKUP(VALUE(LEFT(A146,2)),tb_shopType[[prefix]:[type]],2,0) -> 角色 | C146: =VLOOKUP(VALUE(MID(A146,LEN(A146)-2,1)),table_world[[id]:[name]],2,0) -> 荒漠 | D146: 8 | E146: =_xlfn.LET(_xlpm._i,RIGHT(A146,2), INT(_xlpm._i/14)+2&"~"&3) -> 2~3 | F146: 3000~8;3250~1748;3500~21296;3750~16131;4000~759;4250~2 | G146: ="1~0.4~"&0.2+D146*0.02 -> 1~0.4~0.36 | H146: {=_xlfn.LET(_xlpm._tb,_xlfn.XLOOKUP($B146,tb_shopType[type],tb_shopType[shop_table_name]), _xlpm._col,MATCH($C146&"-"&TEXT(D146,"00"),INDIRECT(_xlpm._tb&"[#标题]"),0), _xlpm._arr_id,INDIRECT(_xlpm._tb&"[id]"), _xlpm._count,ROWS(_xlpm._arr_id), _xlpm._arr_weight,OFFSET(INDIRECT(_xlpm._tb),0,_xlpm._col-1,_xlpm._count,1), _xlpm._outcome_arr,_xlfn.MAP(_xlpm._arr_id,_xlpm._arr_weight,_xlfn.LAMBDA(_xlpm.a,_xlpm.b,IF(AND(_xlpm.a<>"",_xlpm.b<>0),_xlpm.a&"="&_xlpm.b,""))), _xlfn.TEXTJOIN(";",1,_xlpm._outcome_arr))} -> 15101=576;15102=576;15103=576;15104=576;15105=608;15106=608;15107=608;15108=617;15109=617;15110=617;15111=594;15112=594;15113=594;15114=527;15115=527;15116=416;15117=416;15118=416;15119=274;15120=274
A147: 20709 | B147: =VLOOKUP(VALUE(LEFT(A147,2)),tb_shopType[[prefix]:[type]],2,0) -> 角色 | C147: =VLOOKUP(VALUE(MID(A147,LEN(A147)-2,1)),table_world[[id]:[name]],2,0) -> 荒漠 | D147: 9 | E147: =_xlfn.LET(_xlpm._i,RIGHT(A147,2), INT(_xlpm._i/14)+2&"~"&3) -> 2~3 | F147: 3500~32;3750~3599;4000~25158;4250~10934;4500~295 | G147: ="1~0.4~"&0.2+D147*0.02 -> 1~0.4~0.38 | H147: {=_xlfn.LET(_xlpm._tb,_xlfn.XLOOKUP($B147,tb_shopType[type],tb_shopType[shop_table_name]), _xlpm._col,MATCH($C147&"-"&TEXT(D147,"00"),INDIRECT(_xlpm._tb&"[#标题]"),0), _xlpm._arr_id,INDIRECT(_xlpm._tb&"[id]"), _xlpm._count,ROWS(_xlpm._arr_id), _xlpm._arr_weight,OFFSET(INDIRECT(_xlpm._tb),0,_xlpm._col-1,_xlpm._count,1), _xlpm._outcome_arr,_xlfn.MAP(_xlpm._arr_id,_xlpm._arr_weight,_xlfn.LAMBDA(_xlpm.a,_xlpm.b,IF(AND(_xlpm.a<>"",_xlpm.b<>0),_xlpm.a&"="&_xlpm.b,""))), _xlfn.TEXTJOIN(";",1,_xlpm._outcome_arr))} -> 15101=530;15102=530;15103=530;15104=530;15105=568;15106=568;15107=568;15108=588;15109=588;15110=588;15111=580;15112=580;15113=580;15114=532;15115=532;15116=438;15117=438;15118=438;15119=305;15120=305
A148: 20710 | B148: =VLOOKUP(VALUE(LEFT(A148,2)),tb_shopType[[prefix]:[type]],2,0) -> 角色 | C148: =VLOOKUP(VALUE(MID(A148,LEN(A148)-2,1)),table_world[[id]:[name]],2,0) -> 荒漠 | D148: 10 | E148: =_xlfn.LET(_xlpm._i,RIGHT(A148,2), INT(_xlpm._i/14)+2&"~"&3) -> 2~3 | F148: 4000~102;4250~6631;4500~26596;4750~6631;5000~102 | G148: ="1~0.4~"&0.2+D148*0.02 -> 1~0.4~0.4 | H148: {=_xlfn.LET(_xlpm._tb,_xlfn.XLOOKUP($B148,tb_shopType[type],tb_shopType[shop_table_name]), _xlpm._col,MATCH($C148&"-"&TEXT(D148,"00"),INDIRECT(_xlpm._tb&"[#标题]"),0), _xlpm._arr_id,INDIRECT(_xlpm._tb&"[id]"), _xlpm._count,ROWS(_xlpm._arr_id), _xlpm._arr_weight,OFFSET(INDIRECT(_xlpm._tb),0,_xlpm._col-1,_xlpm._count,1), _xlpm._outcome_arr,_xlfn.MAP(_xlpm._arr_id,_xlpm._arr_weight,_xlfn.LAMBDA(_xlpm.a,_xlpm.b,IF(AND(_xlpm.a<>"",_xlpm.b<>0),_xlpm.a&"="&_xlpm.b,""))), _xlfn.TEXTJOIN(";",1,_xlpm._outcome_arr))} -> 15101=483;15102=483;15103=483;15104=483;15105=524;15106=524;15107=524;15108=553;15109=553;15110=553;15111=558;15112=558;15113=558;15114=527;15115=527;15116=451;15117=451;15118=451;15119=331;15120=331
A149: 20711 | B149: =VLOOKUP(VALUE(LEFT(A149,2)),tb_shopType[[prefix]:[type]],2,0) -> 角色 | C149: =VLOOKUP(VALUE(MID(A149,LEN(A149)-2,1)),table_world[[id]:[name]],2,0) -> 荒漠 | D149: 11 | E149: =_xlfn.LET(_xlpm._i,RIGHT(A149,2), INT(_xlpm._i/14)+2&"~"&3) -> 2~3 | F149: 4500~295;4750~10934;5000~25158;5250~3599;5500~32 | G149: ="1~0.4~"&0.2+D149*0.02 -> 1~0.4~0.42 | H149: {=_xlfn.LET(_xlpm._tb,_xlfn.XLOOKUP($B149,tb_shopType[type],tb_shopType[shop_table_name]), _xlpm._col,MATCH($C149&"-"&TEXT(D149,"00"),INDIRECT(_xlpm._tb&"[#标题]"),0), _xlpm._arr_id,INDIRECT(_xlpm._tb&"[id]"), _xlpm._count,ROWS(_xlpm._arr_id), _xlpm._arr_weight,OFFSET(INDIRECT(_xlpm._tb),0,_xlpm._col-1,_xlpm._count,1), _xlpm._outcome_arr,_xlfn.MAP(_xlpm._arr_id,_xlpm._arr_weight,_xlfn.LAMBDA(_xlpm.a,_xlpm.b,IF(AND(_xlpm.a<>"",_xlpm.b<>0),_xlpm.a&"="&_xlpm.b,""))), _xlfn.TEXTJOIN(";",1,_xlpm._outcome_arr))} -> 15101=434;15102=434;15103=434;15104=434;15105=478;15106=478;15107=478;15108=512;15109=512;15110=512;15111=528;15112=528;15113=528;15114=513;15115=513;15116=456;15117=456;15118=456;15119=351;15120=351
A150: 20712 | B150: =VLOOKUP(VALUE(LEFT(A150,2)),tb_shopType[[prefix]:[type]],2,0) -> 角色 | C150: =VLOOKUP(VALUE(MID(A150,LEN(A150)-2,1)),table_world[[id]:[name]],2,0) -> 荒漠 | D150: 12 | E150: =_xlfn.LET(_xlpm._i,RIGHT(A150,2), INT(_xlpm._i/14)+2&"~"&3) -> 2~3 | F150: 4750~2;5000~759;5250~16131;5500~21296;5750~1748;6000~8 | G150: ="1~0.4~"&0.2+D150*0.02 -> 1~0.4~0.44 | H150: {=_xlfn.LET(_xlpm._tb,_xlfn.XLOOKUP($B150,tb_shopType[type],tb_shopType[shop_table_name]), _xlpm._col,MATCH($C150&"-"&TEXT(D150,"00"),INDIRECT(_xlpm._tb&"[#标题]"),0), _xlpm._arr_id,INDIRECT(_xlpm._tb&"[id]"), _xlpm._count,ROWS(_xlpm._arr_id), _xlpm._arr_weight,OFFSET(INDIRECT(_xlpm._tb),0,_xlpm._col-1,_xlpm._count,1), _xlpm._outcome_arr,_xlfn.MAP(_xlpm._arr_id,_xlpm._arr_weight,_xlfn.LAMBDA(_xlpm.a,_xlpm.b,IF(AND(_xlpm.a<>"",_xlpm.b<>0),_xlpm.a&"="&_xlpm.b,""))), _xlfn.TEXTJOIN(";",1,_xlpm._outcome_arr))} -> 15101=387;15102=387;15103=387;15104=387;15105=430;15106=430;15107=430;15108=468;15109=468;15110=468;15111=492;15112=492;15113=492;15114=491;15115=491;15116=451;15117=451;15118=451;15119=364;15120=364
A151: 20713 | B151: =VLOOKUP(VALUE(LEFT(A151,2)),tb_shopType[[prefix]:[type]],2,0) -> 角色 | C151: =VLOOKUP(VALUE(MID(A151,LEN(A151)-2,1)),table_world[[id]:[name]],2,0) -> 荒漠 | D151: 13 | E151: =_xlfn.LET(_xlpm._i,RIGHT(A151,2), INT(_xlpm._i/14)+2&"~"&3) -> 2~3 | F151: 5250~8;5500~1748;5750~21296;6000~16131;6250~759;6500~2 | G151: ="1~0.4~"&0.2+D151*0.02 -> 1~0.4~0.46 | H151: {=_xlfn.LET(_xlpm._tb,_xlfn.XLOOKUP($B151,tb_shopType[type],tb_shopType[shop_table_name]), _xlpm._col,MATCH($C151&"-"&TEXT(D151,"00"),INDIRECT(_xlpm._tb&"[#标题]"),0), _xlpm._arr_id,INDIRECT(_xlpm._tb&"[id]"), _xlpm._count,ROWS(_xlpm._arr_id), _xlpm._arr_weight,OFFSET(INDIRECT(_xlpm._tb),0,_xlpm._col-1,_xlpm._count,1), _xlpm._outcome_arr,_xlfn.MAP(_xlpm._arr_id,_xlpm._arr_weight,_xlfn.LAMBDA(_xlpm.a,_xlpm.b,IF(AND(_xlpm.a<>"",_xlpm.b<>0),_xlpm.a&"="&_xlpm.b,""))), _xlfn.TEXTJOIN(";",1,_xlpm._outcome_arr))} -> 15101=340;15102=340;15103=340;15104=340;15105=383;15106=383;15107=383;15108=422;15109=422;15110=422;15111=452;15112=452;15113=452;15114=461;15115=461;15116=438;15117=438;15118=438;15119=368;15120=368
... A158: 20720 | B158: =VLOOKUP(VALUE(LEFT(A158,2)),tb_shopType[[prefix]:[type]],2,0) -> 角色 | C158: =VLOOKUP(VALUE(MID(A158,LEN(A158)-2,1)),table_world[[id]:[name]],2,0) -> 荒漠 | D158: 20 | E158: =_xlfn.LET(_xlpm._i,RIGHT(A158,2), INT(_xlpm._i/14)+2&"~"&3) -> 3~3 | F158: 8500~102 | G158: ="1~0.4~"&0.2+D158*0.02 -> 1~0.4~0.6 | H158: {=_xlfn.LET(_xlpm._tb,_xlfn.XLOOKUP($B158,tb_shopType[type],tb_shopType[shop_table_name]), _xlpm._col,MATCH($C158&"-"&TEXT(D158,"00"),INDIRECT(_xlpm._tb&"[#标题]"),0), _xlpm._arr_id,INDIRECT(_xlpm._tb&"[id]"), _xlpm._count,ROWS(_xlpm._arr_id), _xlpm._arr_weight,OFFSET(INDIRECT(_xlpm._tb),0,_xlpm._col-1,_xlpm._count,1), _xlpm._outcome_arr,_xlfn.MAP(_xlpm._arr_id,_xlpm._arr_weight,_xlfn.LAMBDA(_xlpm.a,_xlpm.b,IF(AND(_xlpm.a<>"",_xlpm.b<>0),_xlpm.a&"="&_xlpm.b,""))), _xlfn.TEXTJOIN(";",1,_xlpm._outcome_arr))} -> 15101=102;15102=102;15103=102;15104=102;15105=119;15106=119;15107=119;15108=138;15109=138;15110=138;15111=160;15112=160;15113=160;15114=181;15115=181;15116=200;15117=200;15118=200;15119=206;15120=206
A160: 20801 | B160: =VLOOKUP(VALUE(LEFT(A160,2)),tb_shopType[[prefix]:[type]],2,0) -> 角色 | C160: =VLOOKUP(VALUE(MID(A160,LEN(A160)-2,1)),table_world[[id]:[name]],2,0) -> 大湖 | D160: 1 | E160: =_xlfn.LET(_xlpm._i,RIGHT(A160,2), INT(_xlpm._i/14)+2&"~"&3) -> 2~3 | F160: 500~25158;750~3599;1000~32 | G160: 1~1~0 | H160: {=_xlfn.LET(_xlpm._tb,_xlfn.XLOOKUP($B160,tb_shopType[type],tb_shopType[shop_table_name]), _xlpm._col,MATCH($C160&"-"&TEXT(D160,"00"),INDIRECT(_xlpm._tb&"[#标题]"),0), _xlpm._arr_id,INDIRECT(_xlpm._tb&"[id]"), _xlpm._count,ROWS(_xlpm._arr_id), _xlpm._arr_weight,OFFSET(INDIRECT(_xlpm._tb),0,_xlpm._col-1,_xlpm._count,1), _xlpm._outcome_arr,_xlfn.MAP(_xlpm._arr_id,_xlpm._arr_weight,_xlfn.LAMBDA(_xlpm.a,_xlpm.b,IF(AND(_xlpm.a<>"",_xlpm.b<>0),_xlpm.a&"="&_xlpm.b,""))), _xlfn.TEXTJOIN(";",1,_xlpm._outcome_arr))} -> 15101=756;15102=756;15103=756;15104=756;15105=692;15106=692;15107=692;15108=588;15109=588;15110=588;15111=452;15112=452;15113=452;15114=301;15115=301;15116=164;15117=164;15118=164;15119=67;15120=67
A161: 20802 | B161: =VLOOKUP(VALUE(LEFT(A161,2)),tb_shopType[[prefix]:[type]],2,0) -> 角色 | C161: =VLOOKUP(VALUE(MID(A161,LEN(A161)-2,1)),table_world[[id]:[name]],2,0) -> 大湖 | D161: 2 | E161: =_xlfn.LET(_xlpm._i,RIGHT(A161,2), INT(_xlpm._i/14)+2&"~"&3) -> 2~3 | F161: 500~759;750~16131;1000~21296;1250~1748;1500~8 | G161: ="1~0.4~"&0.2+D161*0.02 -> 1~0.4~0.24 | H161: {=_xlfn.LET(_xlpm._tb,_xlfn.XLOOKUP($B161,tb_shopType[type],tb_shopType[shop_table_name]), _xlpm._col,MATCH($C161&"-"&TEXT(D161,"00"),INDIRECT(_xlpm._tb&"[#标题]"),0), _xlpm._arr_id,INDIRECT(_xlpm._tb&"[id]"), _xlpm._count,ROWS(_xlpm._arr_id), _xlpm._arr_weight,OFFSET(INDIRECT(_xlpm._tb),0,_xlpm._col-1,_xlpm._count,1), _xlpm._outcome_arr,_xlfn.MAP(_xlpm._arr_id,_xlpm._arr_weight,_xlfn.LAMBDA(_xlpm.a,_xlpm.b,IF(AND(_xlpm.a<>"",_xlpm.b<>0),_xlpm.a&"="&_xlpm.b,""))), _xlfn.TEXTJOIN(";",1,_xlpm._outcome_arr))} -> 15101=752;15102=752;15103=752;15104=752;15105=705;15106=705;15107=705;15108=617;15109=617;15110=617;15111=492;15112=492;15113=492;15114=344;15115=344;15116=200;15117=200;15118=200;15119=88;15120=88
A162: 20803 | B162: =VLOOKUP(VALUE(LEFT(A162,2)),tb_shopType[[prefix]:[type]],2,0) -> 角色 | C162: =VLOOKUP(VALUE(MID(A162,LEN(A162)-2,1)),table_world[[id]:[name]],2,0) -> 大湖 | D162: 3 | E162: =_xlfn.LET(_xlpm._i,RIGHT(A162,2), INT(_xlpm._i/14)+2&"~"&3) -> 2~3 | F162: 750~8;1000~1748;1250~21296;1500~16131;1750~759;2000~2 | G162: ="1~0.4~"&0.2+D162*0.02 -> 1~0.4~0.26 | H162: {=_xlfn.LET(_xlpm._tb,_xlfn.XLOOKUP($B162,tb_shopType[type],tb_shopType[shop_table_name]), _xlpm._col,MATCH($C162&"-"&TEXT(D162,"00"),INDIRECT(_xlpm._tb&"[#标题]"),0), _xlpm._arr_id,INDIRECT(_xlpm._tb&"[id]"), _xlpm._count,ROWS(_xlpm._arr_id), _xlpm._arr_weight,OFFSET(INDIRECT(_xlpm._tb),0,_xlpm._col-1,_xlpm._count,1), _xlpm._outcome_arr,_xlfn.MAP(_xlpm._arr_id,_xlpm._arr_weight,_xlfn.LAMBDA(_xlpm.a,_xlpm.b,IF(AND(_xlpm.a<>"",_xlpm.b<>0),_xlpm.a&"="&_xlpm.b,""))), _xlfn.TEXTJOIN(";",1,_xlpm._outcome_arr))} -> 15101=739;15102=739;15103=739;15104=739;15105=709;15106=709;15107=709;15108=639;15109=639;15110=639;15111=528;15112=528;15113=528;15114=386;15115=386;15116=237;15117=237;15118=237;15119=113;15120=113
A163: 20804 | B163: =VLOOKUP(VALUE(LEFT(A163,2)),tb_shopType[[prefix]:[type]],2,0) -> 角色 | C163: =VLOOKUP(VALUE(MID(A163,LEN(A163)-2,1)),table_world[[id]:[name]],2,0) -> 大湖 | D163: 4 | E163: =_xlfn.LET(_xlpm._i,RIGHT(A163,2), INT(_xlpm._i/14)+2&"~"&3) -> 2~3 | F163: 1250~32;1500~3599;1750~25158;2000~10934;2250~295 | G163: ="1~0.4~"&0.2+D163*0.02 -> 1~0.4~0.28 | H163: {=_xlfn.LET(_xlpm._tb,_xlfn.XLOOKUP($B163,tb_shopType[type],tb_shopType[shop_table_name]), _xlpm._col,MATCH($C163&"-"&TEXT(D163,"00"),INDIRECT(_xlpm._tb&"[#标题]"),0), _xlpm._arr_id,INDIRECT(_xlpm._tb&"[id]"), _xlpm._count,ROWS(_xlpm._arr_id), _xlpm._arr_weight,OFFSET(INDIRECT(_xlpm._tb),0,_xlpm._col-1,_xlpm._count,1), _xlpm._outcome_arr,_xlfn.MAP(_xlpm._arr_id,_xlpm._arr_weight,_xlfn.LAMBDA(_xlpm.a,_xlpm.b,IF(AND(_xlpm.a<>"",_xlpm.b<>0),_xlpm.a&"="&_xlpm.b,""))), _xlfn.TEXTJOIN(";",1,_xlpm._outcome_arr))} -> 15101=719;15102=719;15103=719;15104=719;15105=705;15106=705;15107=705;15108=653;15109=653;15110=653;15111=558;15112=558;15113=558;15114=426;15115=426;15116=277;15117=277;15118=277;15119=141;15120=141
A164: 20805 | B164: =VLOOKUP(VALUE(LEFT(A164,2)),tb_shopType[[prefix]:[type]],2,0) -> 角色 | C164: =VLOOKUP(VALUE(MID(A164,LEN(A164)-2,1)),table_world[[id]:[name]],2,0) -> 大湖 | D164: 5 | E164: =_xlfn.LET(_xlpm._i,RIGHT(A164,2), INT(_xlpm._i/14)+2&"~"&3) -> 2~3 | F164: 1750~102;2000~6631;2250~26596;2500~6631;2750~102 | G164: ="1~0.4~"&0.2+D164*0.02 -> 1~0.4~0.3 | H164: {=_xlfn.LET(_xlpm._tb,_xlfn.XLOOKUP($B164,tb_shopType[type],tb_shopType[shop_table_name]), _xlpm._col,MATCH($C164&"-"&TEXT(D164,"00"),INDIRECT(_xlpm._tb&"[#标题]"),0), _xlpm._arr_id,INDIRECT(_xlpm._tb&"[id]"), _xlpm._count,ROWS(_xlpm._arr_id), _xlpm._arr_weight,OFFSET(INDIRECT(_xlpm._tb),0,_xlpm._col-1,_xlpm._count,1), _xlpm._outcome_arr,_xlfn.MAP(_xlpm._arr_id,_xlpm._arr_weight,_xlfn.LAMBDA(_xlpm.a,_xlpm.b,IF(AND(_xlpm.a<>"",_xlpm.b<>0),_xlpm.a&"="&_xlpm.b,""))), _xlfn.TEXTJOIN(";",1,_xlpm._outcome_arr))} -> 15101=692;15102=692;15103=692;15104=692;15105=692;15106=692;15107=692;15108=657;15109=657;15110=657;15111=580;15112=580;15113=580;15114=461;15115=461;15116=316;15117=316;15118=316;15119=173;15120=173
A165: 20806 | B165: =VLOOKUP(VALUE(LEFT(A165,2)),tb_shopType[[prefix]:[type]],2,0) -> 角色 | C165: =VLOOKUP(VALUE(MID(A165,LEN(A165)-2,1)),table_world[[id]:[name]],2,0) -> 大湖 | D165: 6 | E165: =_xlfn.LET(_xlpm._i,RIGHT(A165,2), INT(_xlpm._i/14)+2&"~"&3) -> 2~3 | F165: 2250~295;2500~10934;2750~25158;3000~3599;3250~32 | G165: ="1~0.4~"&0.2+D165*0.02 -> 1~0.4~0.32 | H165: {=_xlfn.LET(_xlpm._tb,_xlfn.XLOOKUP($B165,tb_shopType[type],tb_shopType[shop_table_name]), _xlpm._col,MATCH($C165&"-"&TEXT(D165,"00"),INDIRECT(_xlpm._tb&"[#标题]"),0), _xlpm._arr_id,INDIRECT(_xlpm._tb&"[id]"), _xlpm._count,ROWS(_xlpm._arr_id), _xlpm._arr_weight,OFFSET(INDIRECT(_xlpm._tb),0,_xlpm._col-1,_xlpm._count,1), _xlpm._outcome_arr,_xlfn.MAP(_xlpm._arr_id,_xlpm._arr_weight,_xlfn.LAMBDA(_xlpm.a,_xlpm.b,IF(AND(_xlpm.a<>"",_xlpm.b<>0),_xlpm.a&"="&_xlpm.b,""))), _xlfn.TEXTJOIN(";",1,_xlpm._outcome_arr))} -> 15101=658;15102=658;15103=658;15104=658;15105=671;15106=671;15107=671;15108=653;15109=653;15110=653;15111=594;15112=594;15113=594;15114=491;15115=491;15116=353;15117=353;15118=353;15119=206;15120=206
A166: 20807 | B166: =VLOOKUP(VALUE(LEFT(A166,2)),tb_shopType[[prefix]:[type]],2,0) -> 角色 | C166: =VLOOKUP(VALUE(MID(A166,LEN(A166)-2,1)),table_world[[id]:[name]],2,0) -> 大湖 | D166: 7 | E166: =_xlfn.LET(_xlpm._i,RIGHT(A166,2), INT(_xlpm._i/14)+2&"~"&3) -> 2~3 | F166: 2500~2;2750~759;3000~16131;3250~21296;3500~1748;3750~8 | G166: ="1~0.4~"&0.2+D166*0.02 -> 1~0.4~0.34 | H166: {=_xlfn.LET(_xlpm._tb,_xlfn.XLOOKUP($B166,tb_shopType[type],tb_shopType[shop_table_name]), _xlpm._col,MATCH($C166&"-"&TEXT(D166,"00"),INDIRECT(_xlpm._tb&"[#标题]"),0), _xlpm._arr_id,INDIRECT(_xlpm._tb&"[id]"), _xlpm._count,ROWS(_xlpm._arr_id), _xlpm._arr_weight,OFFSET(INDIRECT(_xlpm._tb),0,_xlpm._col-1,_xlpm._count,1), _xlpm._outcome_arr,_xlfn.MAP(_xlpm._arr_id,_xlpm._arr_weight,_xlfn.LAMBDA(_xlpm.a,_xlpm.b,IF(AND(_xlpm.a<>"",_xlpm.b<>0),_xlpm.a&"="&_xlpm.b,""))), _xlfn.TEXTJOIN(";",1,_xlpm._outcome_arr))} -> 15101=619;15102=619;15103=619;15104=619;15105=643;15106=643;15107=643;15108=639;15109=639;15110=639;15111=598;15112=598;15113=598;15114=513;15115=513;15116=387;15117=387;15118=387;15119=241;15120=241
A167: 20808 | B167: =VLOOKUP(VALUE(LEFT(A167,2)),tb_shopType[[prefix]:[type]],2,0) -> 角色 | C167: =VLOOKUP(VALUE(MID(A167,LEN(A167)-2,1)),table_world[[id]:[name]],2,0) -> 大湖 | D167: 8 | E167: =_xlfn.LET(_xlpm._i,RIGHT(A167,2), INT(_xlpm._i/14)+2&"~"&3) -> 2~3 | F167: 3000~8;3250~1748;3500~21296;3750~16131;4000~759;4250~2 | G167: ="1~0.4~"&0.2+D167*0.02 -> 1~0.4~0.36 | H167: {=_xlfn.LET(_xlpm._tb,_xlfn.XLOOKUP($B167,tb_shopType[type],tb_shopType[shop_table_name]), _xlpm._col,MATCH($C167&"-"&TEXT(D167,"00"),INDIRECT(_xlpm._tb&"[#标题]"),0), _xlpm._arr_id,INDIRECT(_xlpm._tb&"[id]"), _xlpm._count,ROWS(_xlpm._arr_id), _xlpm._arr_weight,OFFSET(INDIRECT(_xlpm._tb),0,_xlpm._col-1,_xlpm._count,1), _xlpm._outcome_arr,_xlfn.MAP(_xlpm._arr_id,_xlpm._arr_weight,_xlfn.LAMBDA(_xlpm.a,_xlpm.b,IF(AND(_xlpm.a<>"",_xlpm.b<>0),_xlpm.a&"="&_xlpm.b,""))), _xlfn.TEXTJOIN(";",1,_xlpm._outcome_arr))} -> 15101=576;15102=576;15103=576;15104=576;15105=608;15106=608;15107=608;15108=617;15109=617;15110=617;15111=594;15112=594;15113=594;15114=527;15115=527;15116=416;15117=416;15118=416;15119=274;15120=274
A168: 20809 | B168: =VLOOKUP(VALUE(LEFT(A168,2)),tb_shopType[[prefix]:[type]],2,0) -> 角色 | C168: =VLOOKUP(VALUE(MID(A168,LEN(A168)-2,1)),table_world[[id]:[name]],2,0) -> 大湖 | D168: 9 | E168: =_xlfn.LET(_xlpm._i,RIGHT(A168,2), INT(_xlpm._i/14)+2&"~"&3) -> 2~3 | F168: 3500~32;3750~3599;4000~25158;4250~10934;4500~295 | G168: ="1~0.4~"&0.2+D168*0.02 -> 1~0.4~0.38 | H168: {=_xlfn.LET(_xlpm._tb,_xlfn.XLOOKUP($B168,tb_shopType[type],tb_shopType[shop_table_name]), _xlpm._col,MATCH($C168&"-"&TEXT(D168,"00"),INDIRECT(_xlpm._tb&"[#标题]"),0), _xlpm._arr_id,INDIRECT(_xlpm._tb&"[id]"), _xlpm._count,ROWS(_xlpm._arr_id), _xlpm._arr_weight,OFFSET(INDIRECT(_xlpm._tb),0,_xlpm._col-1,_xlpm._count,1), _xlpm._outcome_arr,_xlfn.MAP(_xlpm._arr_id,_xlpm._arr_weight,_xlfn.LAMBDA(_xlpm.a,_xlpm.b,IF(AND(_xlpm.a<>"",_xlpm.b<>0),_xlpm.a&"="&_xlpm.b,""))), _xlfn.TEXTJOIN(";",1,_xlpm._outcome_arr))} -> 15101=530;15102=530;15103=530;15104=530;15105=568;15106=568;15107=568;15108=588;15109=588;15110=588;15111=580;15112=580;15113=580;15114=532;15115=532;15116=438;15117=438;15118=438;15119=305;15120=305
A169: 20810 | B169: =VLOOKUP(VALUE(LEFT(A169,2)),tb_shopType[[prefix]:[type]],2,0) -> 角色 | C169: =VLOOKUP(VALUE(MID(A169,LEN(A169)-2,1)),table_world[[id]:[name]],2,0) -> 大湖 | D169: 10 | E169: =_xlfn.LET(_xlpm._i,RIGHT(A169,2), INT(_xlpm._i/14)+2&"~"&3) -> 2~3 | F169: 4000~102;4250~6631;4500~26596;4750~6631;5000~102 | G169: ="1~0.4~"&0.2+D169*0.02 -> 1~0.4~0.4 | H169: {=_xlfn.LET(_xlpm._tb,_xlfn.XLOOKUP($B169,tb_shopType[type],tb_shopType[shop_table_name]), _xlpm._col,MATCH($C169&"-"&TEXT(D169,"00"),INDIRECT(_xlpm._tb&"[#标题]"),0), _xlpm._arr_id,INDIRECT(_xlpm._tb&"[id]"), _xlpm._count,ROWS(_xlpm._arr_id), _xlpm._arr_weight,OFFSET(INDIRECT(_xlpm._tb),0,_xlpm._col-1,_xlpm._count,1), _xlpm._outcome_arr,_xlfn.MAP(_xlpm._arr_id,_xlpm._arr_weight,_xlfn.LAMBDA(_xlpm.a,_xlpm.b,IF(AND(_xlpm.a<>"",_xlpm.b<>0),_xlpm.a&"="&_xlpm.b,""))), _xlfn.TEXTJOIN(";",1,_xlpm._outcome_arr))} -> 15101=483;15102=483;15103=483;15104=483;15105=524;15106=524;15107=524;15108=553;15109=553;15110=553;15111=558;15112=558;15113=558;15114=527;15115=527;15116=451;15117=451;15118=451;15119=331;15120=331
A170: 20811 | B170: =VLOOKUP(VALUE(LEFT(A170,2)),tb_shopType[[prefix]:[type]],2,0) -> 角色 | C170: =VLOOKUP(VALUE(MID(A170,LEN(A170)-2,1)),table_world[[id]:[name]],2,0) -> 大湖 | D170: 11 | E170: =_xlfn.LET(_xlpm._i,RIGHT(A170,2), INT(_xlpm._i/14)+2&"~"&3) -> 2~3 | F170: 4500~295;4750~10934;5000~25158;5250~3599;5500~32 | G170: ="1~0.4~"&0.2+D170*0.02 -> 1~0.4~0.42 | H170: {=_xlfn.LET(_xlpm._tb,_xlfn.XLOOKUP($B170,tb_shopType[type],tb_shopType[shop_table_name]), _xlpm._col,MATCH($C170&"-"&TEXT(D170,"00"),INDIRECT(_xlpm._tb&"[#标题]"),0), _xlpm._arr_id,INDIRECT(_xlpm._tb&"[id]"), _xlpm._count,ROWS(_xlpm._arr_id), _xlpm._arr_weight,OFFSET(INDIRECT(_xlpm._tb),0,_xlpm._col-1,_xlpm._count,1), _xlpm._outcome_arr,_xlfn.MAP(_xlpm._arr_id,_xlpm._arr_weight,_xlfn.LAMBDA(_xlpm.a,_xlpm.b,IF(AND(_xlpm.a<>"",_xlpm.b<>0),_xlpm.a&"="&_xlpm.b,""))), _xlfn.TEXTJOIN(";",1,_xlpm._outcome_arr))} -> 15101=434;15102=434;15103=434;15104=434;15105=478;15106=478;15107=478;15108=512;15109=512;15110=512;15111=528;15112=528;15113=528;15114=513;15115=513;15116=456;15117=456;15118=456;15119=351;15120=351
A171: 20812 | B171: =VLOOKUP(VALUE(LEFT(A171,2)),tb_shopType[[prefix]:[type]],2,0) -> 角色 | C171: =VLOOKUP(VALUE(MID(A171,LEN(A171)-2,1)),table_world[[id]:[name]],2,0) -> 大湖 | D171: 12 | E171: =_xlfn.LET(_xlpm._i,RIGHT(A171,2), INT(_xlpm._i/14)+2&"~"&3) -> 2~3 | F171: 4750~2;5000~759;5250~16131;5500~21296;5750~1748;6000~8 | G171: ="1~0.4~"&0.2+D171*0.02 -> 1~0.4~0.44 | H171: {=_xlfn.LET(_xlpm._tb,_xlfn.XLOOKUP($B171,tb_shopType[type],tb_shopType[shop_table_name]), _xlpm._col,MATCH($C171&"-"&TEXT(D171,"00"),INDIRECT(_xlpm._tb&"[#标题]"),0), _xlpm._arr_id,INDIRECT(_xlpm._tb&"[id]"), _xlpm._count,ROWS(_xlpm._arr_id), _xlpm._arr_weight,OFFSET(INDIRECT(_xlpm._tb),0,_xlpm._col-1,_xlpm._count,1), _xlpm._outcome_arr,_xlfn.MAP(_xlpm._arr_id,_xlpm._arr_weight,_xlfn.LAMBDA(_xlpm.a,_xlpm.b,IF(AND(_xlpm.a<>"",_xlpm.b<>0),_xlpm.a&"="&_xlpm.b,""))), _xlfn.TEXTJOIN(";",1,_xlpm._outcome_arr))} -> 15101=387;15102=387;15103=387;15104=387;15105=430;15106=430;15107=430;15108=468;15109=468;15110=468;15111=492;15112=492;15113=492;15114=491;15115=491;15116=451;15117=451;15118=451;15119=364;15120=364
A172: 20813 | B172: =VLOOKUP(VALUE(LEFT(A172,2)),tb_shopType[[prefix]:[type]],2,0) -> 角色 | C172: =VLOOKUP(VALUE(MID(A172,LEN(A172)-2,1)),table_world[[id]:[name]],2,0) -> 大湖 | D172: 13 | E172: =_xlfn.LET(_xlpm._i,RIGHT(A172,2), INT(_xlpm._i/14)+2&"~"&3) -> 2~3 | F172: 5250~8;5500~1748;5750~21296;6000~16131;6250~759;6500~2 | G172: ="1~0.4~"&0.2+D172*0.02 -> 1~0.4~0.46 | H172: {=_xlfn.LET(_xlpm._tb,_xlfn.XLOOKUP($B172,tb_shopType[type],tb_shopType[shop_table_name]), _xlpm._col,MATCH($C172&"-"&TEXT(D172,"00"),INDIRECT(_xlpm._tb&"[#标题]"),0), _xlpm._arr_id,INDIRECT(_xlpm._tb&"[id]"), _xlpm._count,ROWS(_xlpm._arr_id), _xlpm._arr_weight,OFFSET(INDIRECT(_xlpm._tb),0,_xlpm._col-1,_xlpm._count,1), _xlpm._outcome_arr,_xlfn.MAP(_xlpm._arr_id,_xlpm._arr_weight,_xlfn.LAMBDA(_xlpm.a,_xlpm.b,IF(AND(_xlpm.a<>"",_xlpm.b<>0),_xlpm.a&"="&_xlpm.b,""))), _xlfn.TEXTJOIN(";",1,_xlpm._outcome_arr))} -> 15101=340;15102=340;15103=340;15104=340;15105=383;15106=383;15107=383;15108=422;15109=422;15110=422;15111=452;15112=452;15113=452;15114=461;15115=461;15116=438;15117=438;15118=438;15119=368;15120=368
... A179: 20820 | B179: =VLOOKUP(VALUE(LEFT(A179,2)),tb_shopType[[prefix]:[type]],2,0) -> 角色 | C179: =VLOOKUP(VALUE(MID(A179,LEN(A179)-2,1)),table_world[[id]:[name]],2,0) -> 大湖 | D179: 20 | E179: =_xlfn.LET(_xlpm._i,RIGHT(A179,2), INT(_xlpm._i/14)+2&"~"&3) -> 3~3 | F179: 8500~102 | G179: ="1~0.4~"&0.2+D179*0.02 -> 1~0.4~0.6 | H179: {=_xlfn.LET(_xlpm._tb,_xlfn.XLOOKUP($B179,tb_shopType[type],tb_shopType[shop_table_name]), _xlpm._col,MATCH($C179&"-"&TEXT(D179,"00"),INDIRECT(_xlpm._tb&"[#标题]"),0), _xlpm._arr_id,INDIRECT(_xlpm._tb&"[id]"), _xlpm._count,ROWS(_xlpm._arr_id), _xlpm._arr_weight,OFFSET(INDIRECT(_xlpm._tb),0,_xlpm._col-1,_xlpm._count,1), _xlpm._outcome_arr,_xlfn.MAP(_xlpm._arr_id,_xlpm._arr_weight,_xlfn.LAMBDA(_xlpm.a,_xlpm.b,IF(AND(_xlpm.a<>"",_xlpm.b<>0),_xlpm.a&"="&_xlpm.b,""))), _xlfn.TEXTJOIN(";",1,_xlpm._outcome_arr))} -> 15101=102;15102=102;15103=102;15104=102;15105=119;15106=119;15107=119;15108=138;15109=138;15110=138;15111=160;15112=160;15113=160;15114=181;15115=181;15116=200;15117=200;15118=200;15119=206;15120=206
A184: 30101 | B184: =VLOOKUP(VALUE(LEFT(A184,2)),tb_shopType[[prefix]:[type]],2,0) -> 遗物掉落 | C184: =VLOOKUP(VALUE(MID(A184,LEN(A184)-2,1)),table_world[[id]:[name]],2,0) -> 地宫 | D184: 1 | E184: 3~3 | F184: 1000~1 | G184: 0~0~1 | H184: {=_xlfn.LET(_xlpm._tb,_xlfn.XLOOKUP($B184,tb_shopType[type],tb_shopType[shop_table_name]), _xlpm._col,MATCH($C184&"-"&TEXT(D184,"00"),INDIRECT(_xlpm._tb&"[#标题]"),0), _xlpm._arr_id,INDIRECT(_xlpm._tb&"[id]"), _xlpm._count,ROWS(_xlpm._arr_id), _xlpm._arr_weight,OFFSET(INDIRECT(_xlpm._tb),0,_xlpm._col-1,_xlpm._count,1), _xlpm._outcome_arr,_xlfn.MAP(_xlpm._arr_id,_xlpm._arr_weight,_xlfn.LAMBDA(_xlpm.a,_xlpm.b,IF(AND(_xlpm.a<>"",_xlpm.b<>0),_xlpm.a&"="&_xlpm.b,""))), _xlfn.TEXTJOIN(";",1,_xlpm._outcome_arr))} -> 300011=709;300012=337;300013=75;300014=4;300021=337;300022=75;300023=4;300031=709;300032=337;300033=75;300034=4;300041=709;300042=337;300043=75;300044=4;300071=709;300072=337;300073=75;300074=4;300081=709;300082=337;300083=75;300084=4;301011=709;301012=337;301013=75;301014=4;301031=709;301032=337;301033=75;301034=4;301041=709;301042=337;301043=75;301044=4;301051=709;301052=337;301053=75;301054=4;302011=709;302012=337;302013=75;302014=4;302031=709;302032=337;302033=75;302034=4;302041=709;302042=337;302043=75;302044=4;302231=75;302232=4;302321=709;302322=337;302323=75;310203=709;310204=337;310205=75;310208=4;310218=4;310219=4;310223=4;310407=337;310408=75;310409=4;310501=75;310502=4;310504=75;310505=4;310507=75
A185: 30102 | B185: =VLOOKUP(VALUE(LEFT(A185,2)),tb_shopType[[prefix]:[type]],2,0) -> 遗物掉落 | C185: =VLOOKUP(VALUE(MID(A185,LEN(A185)-2,1)),table_world[[id]:[name]],2,0) -> 地宫 | D185: 2 | E185: 3~3 | F185: 1000~1 | G185: 0~0~1 | H185: {=_xlfn.LET(_xlpm._tb,_xlfn.XLOOKUP($B185,tb_shopType[type],tb_shopType[shop_table_name]), _xlpm._col,MATCH($C185&"-"&TEXT(D185,"00"),INDIRECT(_xlpm._tb&"[#标题]"),0), _xlpm._arr_id,INDIRECT(_xlpm._tb&"[id]"), _xlpm._count,ROWS(_xlpm._arr_id), _xlpm._arr_weight,OFFSET(INDIRECT(_xlpm._tb),0,_xlpm._col-1,_xlpm._count,1), _xlpm._outcome_arr,_xlfn.MAP(_xlpm._arr_id,_xlpm._arr_weight,_xlfn.LAMBDA(_xlpm.a,_xlpm.b,IF(AND(_xlpm.a<>"",_xlpm.b<>0),_xlpm.a&"="&_xlpm.b,""))), _xlfn.TEXTJOIN(";",1,_xlpm._outcome_arr))} -> 300011=705;300012=364;300013=94;300014=6;300021=364;300022=94;300023=6;300031=705;300032=364;300033=94;300034=6;300041=705;300042=364;300043=94;300044=6;300071=705;300072=364;300073=94;300074=6;300081=705;300082=364;300083=94;300084=6;301011=705;301012=364;301013=94;301014=6;301031=705;301032=364;301033=94;301034=6;301041=705;301042=364;301043=94;301044=6;301051=705;301052=364;301053=94;301054=6;302011=705;302012=364;302013=94;302014=6;302031=705;302032=364;302033=94;302034=6;302041=705;302042=364;302043=94;302044=6;302231=94;302232=6;302321=705;302322=364;302323=94;310203=705;310204=364;310205=94;310208=6;310218=6;310219=6;310223=6;310407=364;310408=94;310409=6;310501=94;310502=6;310504=94;310505=6;310507=94
A186: 30103 | B186: =VLOOKUP(VALUE(LEFT(A186,2)),tb_shopType[[prefix]:[type]],2,0) -> 遗物掉落 | C186: =VLOOKUP(VALUE(MID(A186,LEN(A186)-2,1)),table_world[[id]:[name]],2,0) -> 地宫 | D186: 3 | E186: 3~3 | F186: 1000~1 | G186: 0~0~1 | H186: {=_xlfn.LET(_xlpm._tb,_xlfn.XLOOKUP($B186,tb_shopType[type],tb_shopType[shop_table_name]), _xlpm._col,MATCH($C186&"-"&TEXT(D186,"00"),INDIRECT(_xlpm._tb&"[#标题]"),0), _xlpm._arr_id,INDIRECT(_xlpm._tb&"[id]"), _xlpm._count,ROWS(_xlpm._arr_id), _xlpm._arr_weight,OFFSET(INDIRECT(_xlpm._tb),0,_xlpm._col-1,_xlpm._count,1), _xlpm._outcome_arr,_xlfn.MAP(_xlpm._arr_id,_xlpm._arr_weight,_xlfn.LAMBDA(_xlpm.a,_xlpm.b,IF(AND(_xlpm.a<>"",_xlpm.b<>0),_xlpm.a&"="&_xlpm.b,""))), _xlfn.TEXTJOIN(";",1,_xlpm._outcome_arr))} -> 300011=692;300012=386;300013=115;300014=9;300021=386;300022=115;300023=9;300031=692;300032=386;300033=115;300034=9;300041=692;300042=386;300043=115;300044=9;300071=692;300072=386;300073=115;300074=9;300081=692;300082=386;300083=115;300084=9;301011=692;301012=386;301013=115;301014=9;301031=692;301032=386;301033=115;301034=9;301041=692;301042=386;301043=115;301044=9;301051=692;301052=386;301053=115;301054=9;302011=692;302012=386;302013=115;302014=9;302031=692;302032=386;302033=115;302034=9;302041=692;302042=386;302043=115;302044=9;302231=115;302232=9;302321=692;302322=386;302323=115;310203=692;310204=386;310205=115;310208=9;310218=9;310219=9;310223=9;310407=386;310408=115;310409=9;310501=115;310502=9;310504=115;310505=9;310507=115
A187: 30104 | B187: =VLOOKUP(VALUE(LEFT(A187,2)),tb_shopType[[prefix]:[type]],2,0) -> 遗物掉落 | C187: =VLOOKUP(VALUE(MID(A187,LEN(A187)-2,1)),table_world[[id]:[name]],2,0) -> 地宫 | D187: 4 | E187: 3~3 | F187: 1000~1 | G187: 0~0~1 | H187: {=_xlfn.LET(_xlpm._tb,_xlfn.XLOOKUP($B187,tb_shopType[type],tb_shopType[shop_table_name]), _xlpm._col,MATCH($C187&"-"&TEXT(D187,"00"),INDIRECT(_xlpm._tb&"[#标题]"),0), _xlpm._arr_id,INDIRECT(_xlpm._tb&"[id]"), _xlpm._count,ROWS(_xlpm._arr_id), _xlpm._arr_weight,OFFSET(INDIRECT(_xlpm._tb),0,_xlpm._col-1,_xlpm._count,1), _xlpm._outcome_arr,_xlfn.MAP(_xlpm._arr_id,_xlpm._arr_weight,_xlfn.LAMBDA(_xlpm.a,_xlpm.b,IF(AND(_xlpm.a<>"",_xlpm.b<>0),_xlpm.a&"="&_xlpm.b,""))), _xlfn.TEXTJOIN(";",1,_xlpm._outcome_arr))} -> 300011=671;300012=403;300013=137;300014=14;300021=403;300022=137;300023=14;300031=671;300032=403;300033=137;300034=14;300041=671;300042=403;300043=137;300044=14;300071=671;300072=403;300073=137;300074=14;300081=671;300082=403;300083=137;300084=14;301011=671;301012=403;301013=137;301014=14;301031=671;301032=403;301033=137;301034=14;301041=671;301042=403;301043=137;301044=14;301051=671;301052=403;301053=137;301054=14;302011=671;302012=403;302013=137;302014=14;302031=671;302032=403;302033=137;302034=14;302041=671;302042=403;302043=137;302044=14;302231=137;302232=14;302321=671;302322=403;302323=137;310203=671;310204=403;310205=137;310208=14;310218=14;310219=14;310223=14;310407=403;310408=137;310409=14;310501=137;310502=14;310504=137;310505=14;310507=137
A188: 30105 | B188: =VLOOKUP(VALUE(LEFT(A188,2)),tb_shopType[[prefix]:[type]],2,0) -> 遗物掉落 | C188: =VLOOKUP(VALUE(MID(A188,LEN(A188)-2,1)),table_world[[id]:[name]],2,0) -> 地宫 | D188: 5 | E188: 3~3 | F188: 1000~1 | G188: 0~0~1 | H188: {=_xlfn.LET(_xlpm._tb,_xlfn.XLOOKUP($B188,tb_shopType[type],tb_shopType[shop_table_name]), _xlpm._col,MATCH($C188&"-"&TEXT(D188,"00"),INDIRECT(_xlpm._tb&"[#标题]"),0), _xlpm._arr_id,INDIRECT(_xlpm._tb&"[id]"), _xlpm._count,ROWS(_xlpm._arr_id), _xlpm._arr_weight,OFFSET(INDIRECT(_xlpm._tb),0,_xlpm._col-1,_xlpm._count,1), _xlpm._outcome_arr,_xlfn.MAP(_xlpm._arr_id,_xlpm._arr_weight,_xlfn.LAMBDA(_xlpm.a,_xlpm.b,IF(AND(_xlpm.a<>"",_xlpm.b<>0),_xlpm.a&"="&_xlpm.b,""))), _xlfn.TEXTJOIN(";",1,_xlpm._outcome_arr))} -> 300011=643;300012=414;300013=160;300014=20;300021=414;300022=160;300023=20;300031=643;300032=414;300033=160;300034=20;300041=643;300042=414;300043=160;300044=20;300071=643;300072=414;300073=160;300074=20;300081=643;300082=414;300083=160;300084=20;301011=643;301012=414;301013=160;301014=20;301031=643;301032=414;301033=160;301034=20;301041=643;301042=414;301043=160;301044=20;301051=643;301052=414;301053=160;301054=20;302011=643;302012=414;302013=160;302014=20;302031=643;302032=414;302033=160;302034=20;302041=643;302042=414;302043=160;302044=20;302231=160;302232=20;302321=643;302322=414;302323=160;310203=643;310204=414;310205=160;310208=20;310218=20;310219=20;310223=20;310407=414;310408=160;310409=20;310501=160;310502=20;310504=160;310505=20;310507=160
A189: 30106 | B189: =VLOOKUP(VALUE(LEFT(A189,2)),tb_shopType[[prefix]:[type]],2,0) -> 遗物掉落 | C189: =VLOOKUP(VALUE(MID(A189,LEN(A189)-2,1)),table_world[[id]:[name]],2,0) -> 地宫 | D189: 6 | E189: 3~3 | F189: 1000~1 | G189: 0~0~1 | H189: {=_xlfn.LET(_xlpm._tb,_xlfn.XLOOKUP($B189,tb_shopType[type],tb_shopType[shop_table_name]), _xlpm._col,MATCH($C189&"-"&TEXT(D189,"00"),INDIRECT(_xlpm._tb&"[#标题]"),0), _xlpm._arr_id,INDIRECT(_xlpm._tb&"[id]"), _xlpm._count,ROWS(_xlpm._arr_id), _xlpm._arr_weight,OFFSET(INDIRECT(_xlpm._tb),0,_xlpm._col-1,_xlpm._count,1), _xlpm._outcome_arr,_xlfn.MAP(_xlpm._arr_id,_xlpm._arr_weight,_xlfn.LAMBDA(_xlpm.a,_xlpm.b,IF(AND(_xlpm.a<>"",_xlpm.b<>0),_xlpm.a&"="&_xlpm.b,""))), _xlfn.TEXTJOIN(";",1,_xlpm._outcome_arr))} -> 300011=608;300012=417;300013=183;300014=28;300021=417;300022=183;300023=28;300031=608;300032=417;300033=183;300034=28;300041=608;300042=417;300043=183;300044=28;300071=608;300072=417;300073=183;300074=28;300081=608;300082=417;300083=183;300084=28;301011=608;301012=417;301013=183;301014=28;301031=608;301032=417;301033=183;301034=28;301041=608;301042=417;301043=183;301044=28;301051=608;301052=417;301053=183;301054=28;302011=608;302012=417;302013=183;302014=28;302031=608;302032=417;302033=183;302034=28;302041=608;302042=417;302043=183;302044=28;302231=183;302232=28;302233=1;302321=608;302322=417;302323=183;310203=608;310204=417;310205=183;310206=1;310207=1;310208=28;310217=1;310218=28;310219=28;310223=28;310224=1;310225=1;310407=417;310408=183;310409=28;310501=183;310502=28;310503=1;310504=183;310505=28;310506=1;310507=183
A190: 30107 | B190: =VLOOKUP(VALUE(LEFT(A190,2)),tb_shopType[[prefix]:[type]],2,0) -> 遗物掉落 | C190: =VLOOKUP(VALUE(MID(A190,LEN(A190)-2,1)),table_world[[id]:[name]],2,0) -> 地宫 | D190: 7 | E190: 3~3 | F190: 1000~1 | G190: 0~0~1 | H190: {=_xlfn.LET(_xlpm._tb,_xlfn.XLOOKUP($B190,tb_shopType[type],tb_shopType[shop_table_name]), _xlpm._col,MATCH($C190&"-"&TEXT(D190,"00"),INDIRECT(_xlpm._tb&"[#标题]"),0), _xlpm._arr_id,INDIRECT(_xlpm._tb&"[id]"), _xlpm._count,ROWS(_xlpm._arr_id), _xlpm._arr_weight,OFFSET(INDIRECT(_xlpm._tb),0,_xlpm._col-1,_xlpm._count,1), _xlpm._outcome_arr,_xlfn.MAP(_xlpm._arr_id,_xlpm._arr_weight,_xlfn.LAMBDA(_xlpm.a,_xlpm.b,IF(AND(_xlpm.a<>"",_xlpm.b<>0),_xlpm.a&"="&_xlpm.b,""))), _xlfn.TEXTJOIN(";",1,_xlpm._outcome_arr))} -> 300011=568;300012=414;300013=203;300014=38;300021=414;300022=203;300023=38;300031=568;300032=414;300033=203;300034=38;300041=568;300042=414;300043=203;300044=38;300071=568;300072=414;300073=203;300074=38;300081=568;300082=414;300083=203;300084=38;301011=568;301012=414;301013=203;301014=38;301031=568;301032=414;301033=203;301034=38;301041=568;301042=414;301043=203;301044=38;301051=568;301052=414;301053=203;301054=38;302011=568;302012=414;302013=203;302014=38;302031=568;302032=414;302033=203;302034=38;302041=568;302042=414;302043=203;302044=38;302231=203;302232=38;302233=1;302321=568;302322=414;302323=203;310203=568;310204=414;310205=203;310206=1;310207=1;310208=38;310217=1;310218=38;310219=38;310223=38;310224=1;310225=1;310407=414;310408=203;310409=38;310501=203;310502=38;310503=1;310504=203;310505=38;310506=1;310507=203
A191: 30108 | B191: =VLOOKUP(VALUE(LEFT(A191,2)),tb_shopType[[prefix]:[type]],2,0) -> 遗物掉落 | C191: =VLOOKUP(VALUE(MID(A191,LEN(A191)-2,1)),table_world[[id]:[name]],2,0) -> 地宫 | D191: 8 | E191: 3~3 | F191: 1000~1 | G191: 0~0~1 | H191: {=_xlfn.LET(_xlpm._tb,_xlfn.XLOOKUP($B191,tb_shopType[type],tb_shopType[shop_table_name]), _xlpm._col,MATCH($C191&"-"&TEXT(D191,"00"),INDIRECT(_xlpm._tb&"[#标题]"),0), _xlpm._arr_id,INDIRECT(_xlpm._tb&"[id]"), _xlpm._count,ROWS(_xlpm._arr_id), _xlpm._arr_weight,OFFSET(INDIRECT(_xlpm._tb),0,_xlpm._col-1,_xlpm._count,1), _xlpm._outcome_arr,_xlfn.MAP(_xlpm._arr_id,_xlpm._arr_weight,_xlfn.LAMBDA(_xlpm.a,_xlpm.b,IF(AND(_xlpm.a<>"",_xlpm.b<>0),_xlpm.a&"="&_xlpm.b,""))), _xlfn.TEXTJOIN(";",1,_xlpm._outcome_arr))} -> 300011=524;300012=403;300013=221;300014=51;300021=403;300022=221;300023=51;300031=524;300032=403;300033=221;300034=51;300041=524;300042=403;300043=221;300044=51;300071=524;300072=403;300073=221;300074=51;300081=524;300082=403;300083=221;300084=51;301011=524;301012=403;301013=221;301014=51;301031=524;301032=403;301033=221;301034=51;301041=524;301042=403;301043=221;301044=51;301051=524;301052=403;301053=221;301054=51;302011=524;302012=403;302013=221;302014=51;302031=524;302032=403;302033=221;302034=51;302041=524;302042=403;302043=221;302044=51;302231=221;302232=51;302233=2;302321=524;302322=403;302323=221;310203=524;310204=403;310205=221;310206=2;310207=2;310208=51;310217=2;310218=51;310219=51;310223=51;310224=2;310225=2;310407=403;310408=221;310409=51;310501=221;310502=51;310503=2;310504=221;310505=51;310506=2;310507=221
A192: 30109 | B192: =VLOOKUP(VALUE(LEFT(A192,2)),tb_shopType[[prefix]:[type]],2,0) -> 遗物掉落 | C192: =VLOOKUP(VALUE(MID(A192,LEN(A192)-2,1)),table_world[[id]:[name]],2,0) -> 地宫 | D192: 9 | E192: 3~3 | F192: 1000~1 | G192: 0~0~1 | H192: {=_xlfn.LET(_xlpm._tb,_xlfn.XLOOKUP($B192,tb_shopType[type],tb_shopType[shop_table_name]), _xlpm._col,MATCH($C192&"-"&TEXT(D192,"00"),INDIRECT(_xlpm._tb&"[#标题]"),0), _xlpm._arr_id,INDIRECT(_xlpm._tb&"[id]"), _xlpm._count,ROWS(_xlpm._arr_id), _xlpm._arr_weight,OFFSET(INDIRECT(_xlpm._tb),0,_xlpm._col-1,_xlpm._count,1), _xlpm._outcome_arr,_xlfn.MAP(_xlpm._arr_id,_xlpm._arr_weight,_xlfn.LAMBDA(_xlpm.a,_xlpm.b,IF(AND(_xlpm.a<>"",_xlpm.b<>0),_xlpm.a&"="&_xlpm.b,""))), _xlfn.TEXTJOIN(";",1,_xlpm._outcome_arr))} -> 300011=478;300012=386;300013=234;300014=65;300021=386;300022=234;300023=65;300031=478;300032=386;300033=234;300034=65;300041=478;300042=386;300043=234;300044=65;300071=478;300072=386;300073=234;300074=65;300081=478;300082=386;300083=234;300084=65;301011=478;301012=386;301013=234;301014=65;301031=478;301032=386;301033=234;301034=65;301041=478;301042=386;301043=234;301044=65;301051=478;301052=386;301053=234;301054=65;302011=478;302012=386;302013=234;302014=65;302031=478;302032=386;302033=234;302034=65;302041=478;302042=386;302043=234;302044=65;302231=234;302232=65;302233=3;302321=478;302322=386;302323=234;310203=478;310204=386;310205=234;310206=3;310207=3;310208=65;310217=3;310218=65;310219=65;310223=65;310224=3;310225=3;310407=386;310408=234;310409=65;310501=234;310502=65;310503=3;310504=234;310505=65;310506=3;310507=234
A193: 30110 | B193: =VLOOKUP(VALUE(LEFT(A193,2)),tb_shopType[[prefix]:[type]],2,0) -> 遗物掉落 | C193: =VLOOKUP(VALUE(MID(A193,LEN(A193)-2,1)),table_world[[id]:[name]],2,0) -> 地宫 | D193: 10 | E193: 3~3 | F193: 1000~1 | G193: 0~0~1 | H193: {=_xlfn.LET(_xlpm._tb,_xlfn.XLOOKUP($B193,tb_shopType[type],tb_shopType[shop_table_name]), _xlpm._col,MATCH($C193&"-"&TEXT(D193,"00"),INDIRECT(_xlpm._tb&"[#标题]"),0), _xlpm._arr_id,INDIRECT(_xlpm._tb&"[id]"), _xlpm._count,ROWS(_xlpm._arr_id), _xlpm._arr_weight,OFFSET(INDIRECT(_xlpm._tb),0,_xlpm._col-1,_xlpm._count,1), _xlpm._outcome_arr,_xlfn.MAP(_xlpm._arr_id,_xlpm._arr_weight,_xlfn.LAMBDA(_xlpm.a,_xlpm.b,IF(AND(_xlpm.a<>"",_xlpm.b<>0),_xlpm.a&"="&_xlpm.b,""))), _xlfn.TEXTJOIN(";",1,_xlpm._outcome_arr))} -> 300011=430;300012=364;300013=243;300014=80;300021=364;300022=243;300023=80;300031=430;300032=364;300033=243;300034=80;300041=430;300042=364;300043=243;300044=80;300071=430;300072=364;300073=243;300074=80;300081=430;300082=364;300083=243;300084=80;301011=430;301012=364;301013=243;301014=80;301031=430;301032=364;301033=243;301034=80;301041=430;301042=364;301043=243;301044=80;301051=430;301052=364;301053=243;301054=80;302011=430;302012=364;302013=243;302014=80;302031=430;302032=364;302033=243;302034=80;302041=430;302042=364;302043=243;302044=80;302231=243;302232=80;302233=5;302321=430;302322=364;302323=243;310203=430;310204=364;310205=243;310206=5;310207=5;310208=80;310217=5;310218=80;310219=80;310223=80;310224=5;310225=5;310407=364;310408=243;310409=80;310501=243;310502=80;310503=5;310504=243;310505=80;310506=5;310507=243
A194: 30111 | B194: =VLOOKUP(VALUE(LEFT(A194,2)),tb_shopType[[prefix]:[type]],2,0) -> 遗物掉落 | C194: =VLOOKUP(VALUE(MID(A194,LEN(A194)-2,1)),table_world[[id]:[name]],2,0) -> 地宫 | D194: 11 | E194: 3~3 | F194: 1000~1 | G194: 0~0~1 | H194: {=_xlfn.LET(_xlpm._tb,_xlfn.XLOOKUP($B194,tb_shopType[type],tb_shopType[shop_table_name]), _xlpm._col,MATCH($C194&"-"&TEXT(D194,"00"),INDIRECT(_xlpm._tb&"[#标题]"),0), _xlpm._arr_id,INDIRECT(_xlpm._tb&"[id]"), _xlpm._count,ROWS(_xlpm._arr_id), _xlpm._arr_weight,OFFSET(INDIRECT(_xlpm._tb),0,_xlpm._col-1,_xlpm._count,1), _xlpm._outcome_arr,_xlfn.MAP(_xlpm._arr_id,_xlpm._arr_weight,_xlfn.LAMBDA(_xlpm.a,_xlpm.b,IF(AND(_xlpm.a<>"",_xlpm.b<>0),_xlpm.a&"="&_xlpm.b,""))), _xlfn.TEXTJOIN(";",1,_xlpm._outcome_arr))} -> 300011=383;300012=337;300013=245;300014=96;300021=337;300022=245;300023=96;300031=383;300032=337;300033=245;300034=96;300041=383;300042=337;300043=245;300044=96;300071=383;300072=337;300073=245;300074=96;300081=383;300082=337;300083=245;300084=96;301011=383;301012=337;301013=245;301014=96;301031=383;301032=337;301033=245;301034=96;301041=383;301042=337;301043=245;301044=96;301051=383;301052=337;301053=245;301054=96;302011=383;302012=337;302013=245;302014=96;302031=383;302032=337;302033=245;302034=96;302041=383;302042=337;302043=245;302044=96;302231=245;302232=96;302233=9;302321=383;302322=337;302323=245;310203=383;310204=337;310205=245;310206=9;310207=9;310208=96;310217=9;310218=96;310219=96;310223=96;310224=9;310225=9;310407=337;310408=245;310409=96;310501=245;310502=96;310503=9;310504=245;310505=96;310506=9;310507=245
A195: 30112 | B195: =VLOOKUP(VALUE(LEFT(A195,2)),tb_shopType[[prefix]:[type]],2,0) -> 遗物掉落 | C195: =VLOOKUP(VALUE(MID(A195,LEN(A195)-2,1)),table_world[[id]:[name]],2,0) -> 地宫 | D195: 12 | E195: 3~3 | F195: 1000~1 | G195: 0~0~1 | H195: {=_xlfn.LET(_xlpm._tb,_xlfn.XLOOKUP($B195,tb_shopType[type],tb_shopType[shop_table_name]), _xlpm._col,MATCH($C195&"-"&TEXT(D195,"00"),INDIRECT(_xlpm._tb&"[#标题]"),0), _xlpm._arr_id,INDIRECT(_xlpm._tb&"[id]"), _xlpm._count,ROWS(_xlpm._arr_id), _xlpm._arr_weight,OFFSET(INDIRECT(_xlpm._tb),0,_xlpm._col-1,_xlpm._count,1), _xlpm._outcome_arr,_xlfn.MAP(_xlpm._arr_id,_xlpm._arr_weight,_xlfn.LAMBDA(_xlpm.a,_xlpm.b,IF(AND(_xlpm.a<>"",_xlpm.b<>0),_xlpm.a&"="&_xlpm.b,""))), _xlfn.TEXTJOIN(";",1,_xlpm._outcome_arr))} -> 300011=336;300012=307;300013=243;300014=111;300021=307;300022=243;300023=111;300031=336;300032=307;300033=243;300034=111;300041=336;300042=307;300043=243;300044=111;300071=336;300072=307;300073=243;300074=111;300081=336;300082=307;300083=243;300084=111;301011=336;301012=307;301013=243;301014=111;301031=336;301032=307;301033=243;301034=111;301041=336;301042=307;301043=243;301044=111;301051=336;301052=307;301053=243;301054=111;302011=336;302012=307;302013=243;302014=111;302031=336;302032=307;302033=243;302034=111;302041=336;302042=307;302043=243;302044=111;302231=243;302232=111;302233=14;302321=336;302322=307;302323=243;310203=336;310204=307;310205=243;310206=14;310207=14;310208=111;310217=14;310218=111;310219=111;310223=111;310224=14;310225=14;310407=307;310408=243;310409=111;310501=243;310502=111;310503=14;310504=243;310505=111;310506=14;310507=243
... A354: 40820 | B354: =VLOOKUP(VALUE(LEFT(A354,2)),tb_shopType[[prefix]:[type]],2,0) -> 遗物商人 | C354: =VLOOKUP(VALUE(MID(A354,LEN(A354)-2,1)),table_world[[id]:[name]],2,0) -> 大湖 | D354: 20 | E354: 3~3 | F354: 1200~26;1300~10798;1400~79788 | G354: 1~0.25~0.5 | H354: {=_xlfn.LET(_xlpm._tb,_xlfn.XLOOKUP($B354,tb_shopType[type],tb_shopType[shop_table_name]), _xlpm._col,MATCH($C354&"-"&TEXT(D354,"00"),INDIRECT(_xlpm._tb&"[#标题]"),0), _xlpm._arr_id,INDIRECT(_xlpm._tb&"[id]"), _xlpm._count,ROWS(_xlpm._arr_id), _xlpm._arr_weight,OFFSET(INDIRECT(_xlpm._tb),0,_xlpm._col-1,_xlpm._count,1), _xlpm._outcome_arr,_xlfn.MAP(_xlpm._arr_id,_xlpm._arr_weight,_xlfn.LAMBDA(_xlpm.a,_xlpm.b,IF(AND(_xlpm.a<>"",_xlpm.b<>0),_xlpm.a&"="&_xlpm.b,""))), _xlfn.TEXTJOIN(";",1,_xlpm._outcome_arr))} -> 300011=76;300012=78;300013=94;300014=111;300021=78;300022=94;300023=111;300031=76;300032=78;300033=94;300034=111;300041=76;300042=78;300043=94;300044=111;300071=76;300072=78;300073=94;300074=111;300081=76;300082=78;300083=94;300084=111;301011=76;301012=78;301013=94;301014=111;301031=76;301032=78;301033=94;301034=111;301041=76;301042=78;301043=94;301044=111;301051=76;301052=78;301053=94;301054=111;302011=76;302012=78;302013=94;302014=111;302031=76;302032=78;302033=94;302034=111;302041=76;302042=78;302043=94;302044=111;302231=94;302232=111;302233=83;302321=76;302322=78;302323=94;310203=76;310204=78;310205=94;310206=83;310207=83;310208=111;310217=83;310218=111;310219=111;310223=111;310224=83;310225=83;310407=78;310408=94;310409=111;310501=94;310502=111;310503=83;310504=94;310505=111;310506=83;310507=94

Sheet shop_ui
A1: id | B1: name | E1: icon
A2: string key | B2: string | E2: string
A3: 商店 种类 | B3: 名称 用于选路界面 | D3: 辅助列 图集编号 | E3: 商店icon 用于选路界面 填写资源address
A4: repair | B4: ="safe_zone_"&D4 -> safe_zone_0 | C4: 修理匠 | D4: 0 | E4: ="icon_store[namecard-npc_"&D4&"]" -> icon_store[namecard-npc_0]
A5: relic | B5: ="safe_zone_"&D5 -> safe_zone_1 | C5: 饰品商店 | D5: 1 | E5: ="icon_store[namecard-npc_"&D5&"]" -> icon_store[namecard-npc_1]
A6: device | B6: ="safe_zone_"&D6 -> safe_zone_2 | C6: 设备商店 | D6: 2 | E6: ="icon_store[namecard-npc_"&D6&"]" -> icon_store[namecard-npc_2]
A7: role | B7: ="safe_zone_"&D7 -> safe_zone_3 | C7: 英雄营地 | D7: 3 | E7: ="icon_store[namecard-npc_"&D7&"]" -> icon_store[namecard-npc_3]
A8: elite_relic | B8: ="safe_zone_"&D8 -> safe_zone_5 | C8: 饰品奖励 | D8: 5 | E8: ="icon_store[namecard-npc_"&D8&"]" -> icon_store[namecard-npc_5]

Sheet -10.device
A1: id | B1: name | C1: type | D1: rank | E1: 地宫-01 | F1: 地宫-02 | G1: 地宫-03 | H1: 地宫-04 | I1: 地宫-05 | J1: 地宫-06 | K1: 地宫-07 | L1: 地宫-08 | M1: 地宫-09 | N1: 地宫-10 | O1: 地宫-11 | P1: 地宫-12 | Q1: 地宫-13 | R1: 地宫-14 | S1: 地宫-15 | T1: 地宫-16 | U1: 地宫-17 | V1: 地宫-18 | W1: 地宫-19 | X1: 地宫-20 | Y1: 树梢-01 | Z1: 树梢-02 | AA1: 树梢-03 | AB1: 树梢-04 | AC1: 树梢-05 | AD1: 树梢-06 | AE1: 树梢-07 | AF1: 树梢-08 | AG1: 树梢-09 | AH1: 树梢-10 | AI1: 树梢-11 | AJ1: 树梢-12 | AK1: 树梢-13 | AL1: 树梢-14 | AM1: 树梢-15 | AN1: 树梢-16 | AO1: 树梢-17 | AP1: 树梢-18 | AQ1: 树梢-19 | AR1: 树梢-20 | AS1: 荒漠-01 | AT1: 荒漠-02 | AU1: 荒漠-03 | AV1: 荒漠-04 | AW1: 荒漠-05 | AX1: 荒漠-06 | AY1: 荒漠-07 | AZ1: 荒漠-08 | BA1: 荒漠-09 | BB1: 荒漠-10 | BC1: 荒漠-11 | BD1: 荒漠-12 | BE1: 荒漠-13 | BF1: 荒漠-14 | BG1: 荒漠-15 | BH1: 荒漠-16 | BI1: 荒漠-17 | BJ1: 荒漠-18 | BK1: 荒漠-19 | BL1: 荒漠-20 | BM1: 大湖-01 | BN1: 大湖-02 | BO1: 大湖-03 | BP1: 大湖-04 | BQ1: 大湖-05 | BR1: 大湖-06 | BS1: 大湖-07 | BT1: 大湖-08 | BU1: 大湖-09 | BV1: 大湖-10 | BW1: 大湖-11 | BX1: 大湖-12 | BY1: 大湖-13 | BZ1: 大湖-14 | CA1: 大湖-15 | CB1: 大湖-16 | CC1: 大湖-17 | CD1: 大湖-18 | CE1: 大湖-19 | CF1: 大湖-20
A2: 1210101 | B2: 硬木车轮 | C2: 车轮 | D2: 模板 | E2: 0 | F2: 0 | G2: 0 | H2: 0 | I2: 0 | J2: 0 | K2: 0 | L2: 0 | M2: 0 | N2: 0 | O2: 0 | P2: 0 | Q2: 0 | R2: 0 | S2: 0 | T2: 0 | U2: 0 | V2: 0 | W2: 0 | X2: 0 | Y2: 0 | Z2: 0 | AA2: 0 | AB2: 0 | AC2: 0 | AD2: 0 | AE2: 0 | AF2: 0 | AG2: 0 | AH2: 0 | AI2: 0 | AJ2: 0 | AK2: 0 | AL2: 0 | AM2: 0 | AN2: 0 | AO2: 0 | AP2: 0 | AQ2: 0 | AR2: 0 | AS2: 0 | AT2: 0 | AU2: 0 | AV2: 0 | AW2: 0 | AX2: 0 | AY2: 0 | AZ2: 0 | BA2: 0 | BB2: 0 | BC2: 0 | BD2: 0 | BE2: 0 | BF2: 0 | BG2: 0 | BH2: 0 | BI2: 0 | BJ2: 0 | BK2: 0 | BL2: 0
A3: 12101011 | B3: 硬木车轮 Lv.1 | C3: 车轮 | D3: 1 | BM3: 99999 | BN3: {=INDEX(_xlfn.ANCHORARRAY(_xlfn.XLOOKUP($D3,'-ref_Distribution'!$B$117:$B$121,'-ref_Distribution'!$G$117:$G$121)),RIGHT(BN$1,2))} -> 72 | BO3: {=INDEX(_xlfn.ANCHORARRAY(_xlfn.XLOOKUP($D3,'-ref_Distribution'!$B$117:$B$121,'-ref_Distribution'!$G$117:$G$121)),RIGHT(BO$1,2))} -> 66 | BP3: {=INDEX(_xlfn.ANCHORARRAY(_xlfn.XLOOKUP($D3,'-ref_Distribution'!$B$117:$B$121,'-ref_Distribution'!$G$117:$G$121)),RIGHT(BP$1,2))} -> 61 | BQ3: {=INDEX(_xlfn.ANCHORARRAY(_xlfn.XLOOKUP($D3,'-ref_Distribution'!$B$117:$B$121,'-ref_Distribution'!$G$117:$G$121)),RIGHT(BQ$1,2))} -> 58 | BR3: {=INDEX(_xlfn.ANCHORARRAY(_xlfn.XLOOKUP($D3,'-ref_Distribution'!$B$117:$B$121,'-ref_Distribution'!$G$117:$G$121)),RIGHT(BR$1,2))} -> 55 | BS3: {=INDEX(_xlfn.ANCHORARRAY(_xlfn.XLOOKUP($D3,'-ref_Distribution'!$B$117:$B$121,'-ref_Distribution'!$G$117:$G$121)),RIGHT(BS$1,2))} -> 52 | BT3: {=INDEX(_xlfn.ANCHORARRAY(_xlfn.XLOOKUP($D3,'-ref_Distribution'!$B$117:$B$121,'-ref_Distribution'!$G$117:$G$121)),RIGHT(BT$1,2))} -> 50 | BU3: {=INDEX(_xlfn.ANCHORARRAY(_xlfn.XLOOKUP($D3,'-ref_Distribution'!$B$117:$B$121,'-ref_Distribution'!$G$117:$G$121)),RIGHT(BU$1,2))} -> 48 | ... CF3: {=INDEX(_xlfn.ANCHORARRAY(_xlfn.XLOOKUP($D3,'-ref_Distribution'!$B$117:$B$121,'-ref_Distribution'!$G$117:$G$121)),RIGHT(CF$1,2))} -> 38
A4: 12101012 | B4: 硬木车轮 Lv.2 | C4: 车轮 | D4: 2 | BM4: {=INDEX(_xlfn.ANCHORARRAY(_xlfn.XLOOKUP($D4,'-ref_Distribution'!$B$117:$B$121,'-ref_Distribution'!$G$117:$G$121)),RIGHT(BM$1,2))} -> 0 | BN4: {=INDEX(_xlfn.ANCHORARRAY(_xlfn.XLOOKUP($D4,'-ref_Distribution'!$B$117:$B$121,'-ref_Distribution'!$G$117:$G$121)),RIGHT(BN$1,2))} -> 5 | BO4: {=INDEX(_xlfn.ANCHORARRAY(_xlfn.XLOOKUP($D4,'-ref_Distribution'!$B$117:$B$121,'-ref_Distribution'!$G$117:$G$121)),RIGHT(BO$1,2))} -> 12 | BP4: {=INDEX(_xlfn.ANCHORARRAY(_xlfn.XLOOKUP($D4,'-ref_Distribution'!$B$117:$B$121,'-ref_Distribution'!$G$117:$G$121)),RIGHT(BP$1,2))} -> 16 | BQ4: {=INDEX(_xlfn.ANCHORARRAY(_xlfn.XLOOKUP($D4,'-ref_Distribution'!$B$117:$B$121,'-ref_Distribution'!$G$117:$G$121)),RIGHT(BQ$1,2))} -> 19 | BR4: {=INDEX(_xlfn.ANCHORARRAY(_xlfn.XLOOKUP($D4,'-ref_Distribution'!$B$117:$B$121,'-ref_Distribution'!$G$117:$G$121)),RIGHT(BR$1,2))} -> 22 | BS4: {=INDEX(_xlfn.ANCHORARRAY(_xlfn.XLOOKUP($D4,'-ref_Distribution'!$B$117:$B$121,'-ref_Distribution'!$G$117:$G$121)),RIGHT(BS$1,2))} -> 23 | BT4: {=INDEX(_xlfn.ANCHORARRAY(_xlfn.XLOOKUP($D4,'-ref_Distribution'!$B$117:$B$121,'-ref_Distribution'!$G$117:$G$121)),RIGHT(BT$1,2))} -> 25 | ... CF4: {=INDEX(_xlfn.ANCHORARRAY(_xlfn.XLOOKUP($D4,'-ref_Distribution'!$B$117:$B$121,'-ref_Distribution'!$G$117:$G$121)),RIGHT(CF$1,2))} -> 31
A5: 12101013 | B5: 硬木车轮 Lv.3 | C5: 车轮 | D5: 3 | BM5: {=INDEX(_xlfn.ANCHORARRAY(_xlfn.XLOOKUP($D5,'-ref_Distribution'!$B$117:$B$121,'-ref_Distribution'!$G$117:$G$121)),RIGHT(BM$1,2))} -> 0 | BN5: {=INDEX(_xlfn.ANCHORARRAY(_xlfn.XLOOKUP($D5,'-ref_Distribution'!$B$117:$B$121,'-ref_Distribution'!$G$117:$G$121)),RIGHT(BN$1,2))} -> 0 | BO5: {=INDEX(_xlfn.ANCHORARRAY(_xlfn.XLOOKUP($D5,'-ref_Distribution'!$B$117:$B$121,'-ref_Distribution'!$G$117:$G$121)),RIGHT(BO$1,2))} -> 1 | BP5: {=INDEX(_xlfn.ANCHORARRAY(_xlfn.XLOOKUP($D5,'-ref_Distribution'!$B$117:$B$121,'-ref_Distribution'!$G$117:$G$121)),RIGHT(BP$1,2))} -> 3 | BQ5: {=INDEX(_xlfn.ANCHORARRAY(_xlfn.XLOOKUP($D5,'-ref_Distribution'!$B$117:$B$121,'-ref_Distribution'!$G$117:$G$121)),RIGHT(BQ$1,2))} -> 6 | BR5: {=INDEX(_xlfn.ANCHORARRAY(_xlfn.XLOOKUP($D5,'-ref_Distribution'!$B$117:$B$121,'-ref_Distribution'!$G$117:$G$121)),RIGHT(BR$1,2))} -> 8 | BS5: {=INDEX(_xlfn.ANCHORARRAY(_xlfn.XLOOKUP($D5,'-ref_Distribution'!$B$117:$B$121,'-ref_Distribution'!$G$117:$G$121)),RIGHT(BS$1,2))} -> 9 | BT5: {=INDEX(_xlfn.ANCHORARRAY(_xlfn.XLOOKUP($D5,'-ref_Distribution'!$B$117:$B$121,'-ref_Distribution'!$G$117:$G$121)),RIGHT(BT$1,2))} -> 10 | ... CF5: {=INDEX(_xlfn.ANCHORARRAY(_xlfn.XLOOKUP($D5,'-ref_Distribution'!$B$117:$B$121,'-ref_Distribution'!$G$117:$G$121)),RIGHT(CF$1,2))} -> 17
A6: 1210102 | B6: 履带 | C6: 车轮 | E6: 0 | F6: 0 | G6: 0 | H6: 0 | I6: 0 | J6: 0 | K6: 0 | L6: 0 | M6: 0 | N6: 0 | O6: 0 | P6: 0 | Q6: 0 | R6: 0 | S6: 0 | T6: 0 | U6: 0 | V6: 0 | W6: 0 | X6: 0 | Y6: 0 | Z6: 0 | AA6: 0 | AB6: 0 | AC6: 0 | AD6: 0 | AE6: 0 | AF6: 0 | AG6: 0 | AH6: 0 | AI6: 0 | AJ6: 0 | AK6: 0 | AL6: 0 | AM6: 0 | AN6: 0 | AO6: 0 | AP6: 0 | AQ6: 0 | AR6: 0 | AS6: 0 | AT6: 0 | AU6: 0 | AV6: 0 | AW6: 0 | AX6: 0 | AY6: 0 | AZ6: 0 | BA6: 0 | BB6: 0 | BC6: 0 | BD6: 0 | BE6: 0 | BF6: 0 | BG6: 0 | BH6: 0 | BI6: 0 | BJ6: 0 | BK6: 0 | BL6: 0
A7: 1211801 | B7: 救生圈 | C7: 车轮 | E7: 0 | F7: 0 | G7: 0 | H7: 0 | I7: 0 | J7: 0 | K7: 0 | L7: 0 | M7: 0 | N7: 0 | O7: 0 | P7: 0 | Q7: 0 | R7: 0 | S7: 0 | T7: 0 | U7: 0 | V7: 0 | W7: 0 | X7: 0 | Y7: 0 | Z7: 0 | AA7: 0 | AB7: 0 | AC7: 0 | AD7: 0 | AE7: 0 | AF7: 0 | AG7: 0 | AH7: 0 | AI7: 0 | AJ7: 0 | AK7: 0 | AL7: 0 | AM7: 0 | AN7: 0 | AO7: 0 | AP7: 0 | AQ7: 0 | AR7: 0 | AS7: 0 | AT7: 0 | AU7: 0 | AV7: 0 | AW7: 0 | AX7: 0 | AY7: 0 | AZ7: 0 | BA7: 0 | BB7: 0 | BC7: 0 | BD7: 0 | BE7: 0 | BF7: 0 | BG7: 0 | BH7: 0 | BI7: 0 | BJ7: 0 | BK7: 0 | BL7: 0
A9: 1310101 | B9: 短匕 | C9: 近战 | E9: 0 | F9: 0 | G9: 0 | H9: 0 | I9: 0 | J9: 0 | K9: 0 | L9: 0 | M9: 0 | N9: 0 | O9: 0 | P9: 0 | Q9: 0 | R9: 0 | S9: 0 | T9: 0 | U9: 0 | V9: 0 | W9: 0 | X9: 0 | Y9: 0 | Z9: 0 | AA9: 0 | AB9: 0 | AC9: 0 | AD9: 0 | AE9: 0 | AF9: 0 | AG9: 0 | AH9: 0 | AI9: 0 | AJ9: 0 | AK9: 0 | AL9: 0 | AM9: 0 | AN9: 0 | AO9: 0 | AP9: 0 | AQ9: 0 | AR9: 0 | AS9: 0 | AT9: 0 | AU9: 0 | AV9: 0 | AW9: 0 | AX9: 0 | AY9: 0 | AZ9: 0 | BA9: 0 | BB9: 0 | BC9: 0 | BD9: 0 | BE9: 0 | BF9: 0 | BG9: 0 | BH9: 0 | BI9: 0 | BJ9: 0 | BK9: 0 | BL9: 0
A10: 1310102 | B10: 砍刀 | C10: 近战 | E10: 100 | F10: 100 | G10: 100 | H10: 100 | I10: 100 | J10: 100 | K10: 100 | L10: 50 | M10: 50 | N10: 50 | O10: 50 | P10: 18 | Q10: 18 | R10: 18 | S10: 18 | T10: 18 | U10: 18 | V10: 18 | W10: 18 | X10: 18 | Y10: 100 | Z10: 100 | AA10: 100 | AB10: 100 | AC10: 100 | AD10: 100 | AE10: 100 | AF10: 50 | AG10: 50 | AH10: 50 | AI10: 50 | AJ10: 18 | AK10: 18 | AL10: 18 | AM10: 18 | AN10: 18 | AO10: 18 | AP10: 18 | AQ10: 18 | AR10: 18 | AS10: 100 | AT10: 100 | AU10: 100 | AV10: 100 | AW10: 100 | AX10: 100 | AY10: 100 | AZ10: 50 | BA10: 50 | BB10: 50 | BC10: 50 | BD10: 18 | BE10: 18 | BF10: 18 | BG10: 18 | BH10: 18 | BI10: 18 | BJ10: 18 | BK10: 18 | BL10: 18
A11: 1310103 | B11: 大剑 | C11: 近战 | E11: 0 | F11: 0 | G11: 0 | H11: 0 | I11: 0 | J11: 0 | K11: 0 | L11: 20 | M11: 20 | N11: 20 | O11: 20 | P11: 100 | Q11: 100 | R11: 100 | S11: 100 | T11: 100 | U11: 100 | V11: 100 | W11: 100 | X11: 100 | Y11: 0 | Z11: 0 | AA11: 0 | AB11: 0 | AC11: 0 | AD11: 0 | AE11: 0 | AF11: 20 | AG11: 20 | AH11: 20 | AI11: 20 | AJ11: 100 | AK11: 100 | AL11: 100 | AM11: 100 | AN11: 100 | AO11: 100 | AP11: 100 | AQ11: 100 | AR11: 100 | AS11: 0 | AT11: 0 | AU11: 0 | AV11: 0 | AW11: 0 | AX11: 0 | AY11: 0 | AZ11: 20 | BA11: 20 | BB11: 20 | BC11: 20 | BD11: 100 | BE11: 100 | BF11: 100 | BG11: 100 | BH11: 100 | BI11: 100 | BJ11: 100 | BK11: 100 | BL11: 100
A12: 1310104 | B12: 长矛 | C12: 近战 | E12: 0 | F12: 0 | G12: 0 | H12: 20 | I12: 20 | J12: 20 | K12: 20 | L12: 100 | M12: 100 | N12: 100 | O12: 100 | P12: 50 | Q12: 50 | R12: 50 | S12: 50 | T12: 50 | U12: 50 | V12: 50 | W12: 50 | X12: 50 | Y12: 0 | Z12: 0 | AA12: 0 | AB12: 20 | AC12: 20 | AD12: 20 | AE12: 20 | AF12: 100 | AG12: 100 | AH12: 100 | AI12: 100 | AJ12: 50 | AK12: 50 | AL12: 50 | AM12: 50 | AN12: 50 | AO12: 50 | AP12: 50 | AQ12: 50 | AR12: 50 | AS12: 0 | AT12: 0 | AU12: 0 | AV12: 20 | AW12: 20 | AX12: 20 | AY12: 20 | AZ12: 100 | BA12: 100 | BB12: 100 | BC12: 100 | BD12: 50 | BE12: 50 | BF12: 50 | BG12: 50 | BH12: 50 | BI12: 50 | BJ12: 50 | BK12: 50 | BL12: 50
A13: 1310105 | B13: 充气球棒(模板) | C13: 近战 | D13: 模板
A14: 13101050 | B14: 充气球棒 Lv.0 | C14: 近战 | D14: 0 | E14: 100 | F14: 100 | G14: 100 | H14: 100 | I14: 100 | J14: 50 | K14: 50 | L14: 50 | M14: 50 | N14: 50 | O14: 50 | P14: 18 | Q14: 18 | R14: 18 | S14: 18 | T14: 18 | U14: 0 | V14: 0 | W14: 0 | X14: 0 | Y14: 100 | Z14: 100 | AA14: 100 | AB14: 100 | AC14: 100 | AD14: 50 | AE14: 50 | AF14: 50 | AG14: 50 | AH14: 50 | AI14: 50 | AJ14: 18 | AK14: 18 | AL14: 18 | AM14: 18 | AN14: 18 | AO14: 0 | AP14: 0 | AQ14: 0 | AR14: 0 | AS14: 100 | AT14: 100 | AU14: 100 | AV14: 100 | AW14: 100 | AX14: 50 | AY14: 50 | AZ14: 50 | BA14: 50 | BB14: 50 | BC14: 50 | BD14: 18 | BE14: 18 | BF14: 18 | BG14: 18 | BH14: 18 | BI14: 0 | BJ14: 0 | BK14: 0 | BL14: 0 | BM14: {=INDEX(_xlfn.ANCHORARRAY(_xlfn.XLOOKUP($D14,'-ref_Distribution'!$B$117:$B$121,'-ref_Distribution'!$G$117:$G$121)),RIGHT(BM$1,2))} -> 130 | BN14: {=INDEX(_xlfn.ANCHORARRAY(_xlfn.XLOOKUP($D14,'-ref_Distribution'!$B$117:$B$121,'-ref_Distribution'!$G$117:$G$121)),RIGHT(BN$1,2))} -> 84 | BO14: {=INDEX(_xlfn.ANCHORARRAY(_xlfn.XLOOKUP($D14,'-ref_Distribution'!$B$117:$B$121,'-ref_Distribution'!$G$117:$G$121)),RIGHT(BO$1,2))} -> 65 | BP14: {=INDEX(_xlfn.ANCHORARRAY(_xlfn.XLOOKUP($D14,'-ref_Distribution'!$B$117:$B$121,'-ref_Distribution'!$G$117:$G$121)),RIGHT(BP$1,2))} -> 54 | BQ14: {=INDEX(_xlfn.ANCHORARRAY(_xlfn.XLOOKUP($D14,'-ref_Distribution'!$B$117:$B$121,'-ref_Distribution'!$G$117:$G$121)),RIGHT(BQ$1,2))} -> 47 | BR14: {=INDEX(_xlfn.ANCHORARRAY(_xlfn.XLOOKUP($D14,'-ref_Distribution'!$B$117:$B$121,'-ref_Distribution'!$G$117:$G$121)),RIGHT(BR$1,2))} -> 41 | BS14: {=INDEX(_xlfn.ANCHORARRAY(_xlfn.XLOOKUP($D14,'-ref_Distribution'!$B$117:$B$121,'-ref_Distribution'!$G$117:$G$121)),RIGHT(BS$1,2))} -> 38 | BT14: {=INDEX(_xlfn.ANCHORARRAY(_xlfn.XLOOKUP($D14,'-ref_Distribution'!$B$117:$B$121,'-ref_Distribution'!$G$117:$G$121)),RIGHT(BT$1,2))} -> 34 | ... CF14: {=INDEX(_xlfn.ANCHORARRAY(_xlfn.XLOOKUP($D14,'-ref_Distribution'!$B$117:$B$121,'-ref_Distribution'!$G$117:$G$121)),RIGHT(CF$1,2))} -> 18
A15: 13101051 | B15: 充气球棒 Lv.1 | C15: 近战 | D15: 1 | E15: 10 | F15: 10 | G15: 10 | H15: 10 | I15: 100 | J15: 100 | K15: 100 | L15: 100 | M15: 100 | N15: 50 | O15: 50 | P15: 50 | Q15: 50 | R15: 50 | S15: 50 | T15: 18 | U15: 18 | V15: 18 | W15: 18 | X15: 18 | Y15: 10 | Z15: 10 | AA15: 10 | AB15: 10 | AC15: 100 | AD15: 100 | AE15: 100 | AF15: 100 | AG15: 100 | AH15: 50 | AI15: 50 | AJ15: 50 | AK15: 50 | AL15: 50 | AM15: 50 | AN15: 18 | AO15: 18 | AP15: 18 | AQ15: 18 | AR15: 18 | AS15: 10 | AT15: 10 | AU15: 10 | AV15: 10 | AW15: 100 | AX15: 100 | AY15: 100 | AZ15: 100 | BA15: 100 | BB15: 50 | BC15: 50 | BD15: 50 | BE15: 50 | BF15: 50 | BG15: 50 | BH15: 18 | BI15: 18 | BJ15: 18 | BK15: 18 | BL15: 18 | BM15: {=INDEX(_xlfn.ANCHORARRAY(_xlfn.XLOOKUP($D15,'-ref_Distribution'!$B$117:$B$121,'-ref_Distribution'!$G$117:$G$121)),RIGHT(BM$1,2))} -> 78 | BN15: {=INDEX(_xlfn.ANCHORARRAY(_xlfn.XLOOKUP($D15,'-ref_Distribution'!$B$117:$B$121,'-ref_Distribution'!$G$117:$G$121)),RIGHT(BN$1,2))} -> 72 | BO15: {=INDEX(_xlfn.ANCHORARRAY(_xlfn.XLOOKUP($D15,'-ref_Distribution'!$B$117:$B$121,'-ref_Distribution'!$G$117:$G$121)),RIGHT(BO$1,2))} -> 66 | BP15: {=INDEX(_xlfn.ANCHORARRAY(_xlfn.XLOOKUP($D15,'-ref_Distribution'!$B$117:$B$121,'-ref_Distribution'!$G$117:$G$121)),RIGHT(BP$1,2))} -> 61 | BQ15: {=INDEX(_xlfn.ANCHORARRAY(_xlfn.XLOOKUP($D15,'-ref_Distribution'!$B$117:$B$121,'-ref_Distribution'!$G$117:$G$121)),RIGHT(BQ$1,2))} -> 58 | BR15: {=INDEX(_xlfn.ANCHORARRAY(_xlfn.XLOOKUP($D15,'-ref_Distribution'!$B$117:$B$121,'-ref_Distribution'!$G$117:$G$121)),RIGHT(BR$1,2))} -> 55 | BS15: {=INDEX(_xlfn.ANCHORARRAY(_xlfn.XLOOKUP($D15,'-ref_Distribution'!$B$117:$B$121,'-ref_Distribution'!$G$117:$G$121)),RIGHT(BS$1,2))} -> 52 | BT15: {=INDEX(_xlfn.ANCHORARRAY(_xlfn.XLOOKUP($D15,'-ref_Distribution'!$B$117:$B$121,'-ref_Distribution'!$G$117:$G$121)),RIGHT(BT$1,2))} -> 50 | ... CF15: {=INDEX(_xlfn.ANCHORARRAY(_xlfn.XLOOKUP($D15,'-ref_Distribution'!$B$117:$B$121,'-ref_Distribution'!$G$117:$G$121)),RIGHT(CF$1,2))} -> 38
A16: 1310106 | B16: 圆锯 (模板) | C16: 近战 | D16: 模板
A17: 13101061 | B17: 圆锯 Lv.1 | C17: 近战 | D17: 1 | E17: 10 | F17: 10 | G17: 10 | H17: 50 | I17: 100 | J17: 100 | K17: 100 | L17: 100 | M17: 100 | N17: 50 | O17: 50 | P17: 50 | Q17: 50 | R17: 50 | S17: 50 | T17: 18 | U17: 18 | V17: 18 | W17: 18 | X17: 18 | Y17: 10 | Z17: 10 | AA17: 10 | AB17: 50 | AC17: 100 | AD17: 100 | AE17: 100 | AF17: 100 | AG17: 100 | AH17: 50 | AI17: 50 | AJ17: 50 | AK17: 50 | AL17: 50 | AM17: 50 | AN17: 18 | AO17: 18 | AP17: 18 | AQ17: 18 | AR17: 18 | AS17: 10 | AT17: 10 | AU17: 10 | AV17: 50 | AW17: 100 | AX17: 100 | AY17: 100 | AZ17: 100 | BA17: 100 | BB17: 50 | BC17: 50 | BD17: 50 | BE17: 50 | BF17: 50 | BG17: 50 | BH17: 18 | BI17: 18 | BJ17: 18 | BK17: 18 | BL17: 18 | BM17: {=INDEX(_xlfn.ANCHORARRAY(_xlfn.XLOOKUP($D17,'-ref_Distribution'!$B$117:$B$121,'-ref_Distribution'!$G$117:$G$121)),RIGHT(BM$1,2))} -> 78 | BN17: {=INDEX(_xlfn.ANCHORARRAY(_xlfn.XLOOKUP($D17,'-ref_Distribution'!$B$117:$B$121,'-ref_Distribution'!$G$117:$G$121)),RIGHT(BN$1,2))} -> 72 | BO17: {=INDEX(_xlfn.ANCHORARRAY(_xlfn.XLOOKUP($D17,'-ref_Distribution'!$B$117:$B$121,'-ref_Distribution'!$G$117:$G$121)),RIGHT(BO$1,2))} -> 66 | BP17: {=INDEX(_xlfn.ANCHORARRAY(_xlfn.XLOOKUP($D17,'-ref_Distribution'!$B$117:$B$121,'-ref_Distribution'!$G$117:$G$121)),RIGHT(BP$1,2))} -> 61 | BQ17: {=INDEX(_xlfn.ANCHORARRAY(_xlfn.XLOOKUP($D17,'-ref_Distribution'!$B$117:$B$121,'-ref_Distribution'!$G$117:$G$121)),RIGHT(BQ$1,2))} -> 58 | BR17: {=INDEX(_xlfn.ANCHORARRAY(_xlfn.XLOOKUP($D17,'-ref_Distribution'!$B$117:$B$121,'-ref_Distribution'!$G$117:$G$121)),RIGHT(BR$1,2))} -> 55 | BS17: {=INDEX(_xlfn.ANCHORARRAY(_xlfn.XLOOKUP($D17,'-ref_Distribution'!$B$117:$B$121,'-ref_Distribution'!$G$117:$G$121)),RIGHT(BS$1,2))} -> 52 | BT17: {=INDEX(_xlfn.ANCHORARRAY(_xlfn.XLOOKUP($D17,'-ref_Distribution'!$B$117:$B$121,'-ref_Distribution'!$G$117:$G$121)),RIGHT(BT$1,2))} -> 50 | ... CF17: {=INDEX(_xlfn.ANCHORARRAY(_xlfn.XLOOKUP($D17,'-ref_Distribution'!$B$117:$B$121,'-ref_Distribution'!$G$117:$G$121)),RIGHT(CF$1,2))} -> 38
A18: 13101062 | B18: 圆锯 Lv.2 | C18: 近战 | D18: 2 | E18: 0 | F18: 0 | G18: 0 | H18: 10 | I18: 10 | J18: 10 | K18: 50 | L18: 100 | M18: 100 | N18: 100 | O18: 100 | P18: 100 | Q18: 50 | R18: 50 | S18: 50 | T18: 50 | U18: 50 | V18: 50 | W18: 18 | X18: 18 | Y18: 0 | Z18: 0 | AA18: 0 | AB18: 10 | AC18: 10 | AD18: 10 | AE18: 50 | AF18: 100 | AG18: 100 | AH18: 100 | AI18: 100 | AJ18: 100 | AK18: 50 | AL18: 50 | AM18: 50 | AN18: 50 | AO18: 50 | AP18: 50 | AQ18: 18 | AR18: 18 | AS18: 0 | AT18: 0 | AU18: 0 | AV18: 10 | AW18: 10 | AX18: 10 | AY18: 50 | AZ18: 100 | BA18: 100 | BB18: 100 | BC18: 100 | BD18: 100 | BE18: 50 | BF18: 50 | BG18: 50 | BH18: 50 | BI18: 50 | BJ18: 50 | BK18: 18 | BL18: 18 | BM18: {=INDEX(_xlfn.ANCHORARRAY(_xlfn.XLOOKUP($D18,'-ref_Distribution'!$B$117:$B$121,'-ref_Distribution'!$G$117:$G$121)),RIGHT(BM$1,2))} -> 0 | BN18: {=INDEX(_xlfn.ANCHORARRAY(_xlfn.XLOOKUP($D18,'-ref_Distribution'!$B$117:$B$121,'-ref_Distribution'!$G$117:$G$121)),RIGHT(BN$1,2))} -> 5 | BO18: {=INDEX(_xlfn.ANCHORARRAY(_xlfn.XLOOKUP($D18,'-ref_Distribution'!$B$117:$B$121,'-ref_Distribution'!$G$117:$G$121)),RIGHT(BO$1,2))} -> 12 | BP18: {=INDEX(_xlfn.ANCHORARRAY(_xlfn.XLOOKUP($D18,'-ref_Distribution'!$B$117:$B$121,'-ref_Distribution'!$G$117:$G$121)),RIGHT(BP$1,2))} -> 16 | BQ18: {=INDEX(_xlfn.ANCHORARRAY(_xlfn.XLOOKUP($D18,'-ref_Distribution'!$B$117:$B$121,'-ref_Distribution'!$G$117:$G$121)),RIGHT(BQ$1,2))} -> 19 | BR18: {=INDEX(_xlfn.ANCHORARRAY(_xlfn.XLOOKUP($D18,'-ref_Distribution'!$B$117:$B$121,'-ref_Distribution'!$G$117:$G$121)),RIGHT(BR$1,2))} -> 22 | BS18: {=INDEX(_xlfn.ANCHORARRAY(_xlfn.XLOOKUP($D18,'-ref_Distribution'!$B$117:$B$121,'-ref_Distribution'!$G$117:$G$121)),RIGHT(BS$1,2))} -> 23 | BT18: {=INDEX(_xlfn.ANCHORARRAY(_xlfn.XLOOKUP($D18,'-ref_Distribution'!$B$117:$B$121,'-ref_Distribution'!$G$117:$G$121)),RIGHT(BT$1,2))} -> 25 | ... CF18: {=INDEX(_xlfn.ANCHORARRAY(_xlfn.XLOOKUP($D18,'-ref_Distribution'!$B$117:$B$121,'-ref_Distribution'!$G$117:$G$121)),RIGHT(CF$1,2))} -> 31
A19: 13101063 | B19: 圆锯 Lv.3 | C19: 近战 | D19: 3 | E19: 0 | F19: 0 | G19: 0 | H19: 0 | I19: 0 | J19: 0 | K19: 10 | L19: 10 | M19: 10 | N19: 50 | O19: 100 | P19: 100 | Q19: 100 | R19: 100 | S19: 100 | T19: 50 | U19: 50 | V19: 50 | W19: 50 | X19: 50 | Y19: 0 | Z19: 0 | AA19: 0 | AB19: 0 | AC19: 0 | AD19: 0 | AE19: 10 | AF19: 10 | AG19: 10 | AH19: 50 | AI19: 100 | AJ19: 100 | AK19: 100 | AL19: 100 | AM19: 100 | AN19: 50 | AO19: 50 | AP19: 50 | AQ19: 50 | AR19: 50 | AS19: 0 | AT19: 0 | AU19: 0 | AV19: 0 | AW19: 0 | AX19: 0 | AY19: 10 | AZ19: 10 | BA19: 10 | BB19: 50 | BC19: 100 | BD19: 100 | BE19: 100 | BF19: 100 | BG19: 100 | BH19: 50 | BI19: 50 | BJ19: 50 | BK19: 50 | BL19: 50 | BM19: {=INDEX(_xlfn.ANCHORARRAY(_xlfn.XLOOKUP($D19,'-ref_Distribution'!$B$117:$B$121,'-ref_Distribution'!$G$117:$G$121)),RIGHT(BM$1,2))} -> 0 | BN19: {=INDEX(_xlfn.ANCHORARRAY(_xlfn.XLOOKUP($D19,'-ref_Distribution'!$B$117:$B$121,'-ref_Distribution'!$G$117:$G$121)),RIGHT(BN$1,2))} -> 0 | BO19: {=INDEX(_xlfn.ANCHORARRAY(_xlfn.XLOOKUP($D19,'-ref_Distribution'!$B$117:$B$121,'-ref_Distribution'!$G$117:$G$121)),RIGHT(BO$1,2))} -> 1 | BP19: {=INDEX(_xlfn.ANCHORARRAY(_xlfn.XLOOKUP($D19,'-ref_Distribution'!$B$117:$B$121,'-ref_Distribution'!$G$117:$G$121)),RIGHT(BP$1,2))} -> 3 | BQ19: {=INDEX(_xlfn.ANCHORARRAY(_xlfn.XLOOKUP($D19,'-ref_Distribution'!$B$117:$B$121,'-ref_Distribution'!$G$117:$G$121)),RIGHT(BQ$1,2))} -> 6 | BR19: {=INDEX(_xlfn.ANCHORARRAY(_xlfn.XLOOKUP($D19,'-ref_Distribution'!$B$117:$B$121,'-ref_Distribution'!$G$117:$G$121)),RIGHT(BR$1,2))} -> 8 | BS19: {=INDEX(_xlfn.ANCHORARRAY(_xlfn.XLOOKUP($D19,'-ref_Distribution'!$B$117:$B$121,'-ref_Distribution'!$G$117:$G$121)),RIGHT(BS$1,2))} -> 9 | BT19: {=INDEX(_xlfn.ANCHORARRAY(_xlfn.XLOOKUP($D19,'-ref_Distribution'!$B$117:$B$121,'-ref_Distribution'!$G$117:$G$121)),RIGHT(BT$1,2))} -> 10 | ... CF19: {=INDEX(_xlfn.ANCHORARRAY(_xlfn.XLOOKUP($D19,'-ref_Distribution'!$B$117:$B$121,'-ref_Distribution'!$G$117:$G$121)),RIGHT(CF$1,2))} -> 17
A20: 13101064 | B20: 圆锯 Lv.4 | C20: 近战 | D20: 4 | E20: 0 | F20: 0 | G20: 0 | H20: 0 | I20: 0 | J20: 0 | K20: 0 | L20: 0 | M20: 0 | N20: 10 | O20: 10 | P20: 10 | Q20: 50 | R20: 100 | S20: 100 | T20: 100 | U20: 100 | V20: 100 | W20: 50 | X20: 50 | Y20: 0 | Z20: 0 | AA20: 0 | AB20: 0 | AC20: 0 | AD20: 0 | AE20: 0 | AF20: 0 | AG20: 0 | AH20: 10 | AI20: 10 | AJ20: 10 | AK20: 50 | AL20: 100 | AM20: 100 | AN20: 100 | AO20: 100 | AP20: 100 | AQ20: 50 | AR20: 50 | AS20: 0 | AT20: 0 | AU20: 0 | AV20: 0 | AW20: 0 | AX20: 0 | AY20: 0 | AZ20: 0 | BA20: 0 | BB20: 10 | BC20: 10 | BD20: 10 | BE20: 50 | BF20: 100 | BG20: 100 | BH20: 100 | BI20: 100 | BJ20: 100 | BK20: 50 | BL20: 50 | BM20: {=INDEX(_xlfn.ANCHORARRAY(_xlfn.XLOOKUP($D20,'-ref_Distribution'!$B$117:$B$121,'-ref_Distribution'!$G$117:$G$121)),RIGHT(BM$1,2))} -> 0 | BN20: {=INDEX(_xlfn.ANCHORARRAY(_xlfn.XLOOKUP($D20,'-ref_Distribution'!$B$117:$B$121,'-ref_Distribution'!$G$117:$G$121)),RIGHT(BN$1,2))} -> 0 | BO20: {=INDEX(_xlfn.ANCHORARRAY(_xlfn.XLOOKUP($D20,'-ref_Distribution'!$B$117:$B$121,'-ref_Distribution'!$G$117:$G$121)),RIGHT(BO$1,2))} -> 0 | BP20: {=INDEX(_xlfn.ANCHORARRAY(_xlfn.XLOOKUP($D20,'-ref_Distribution'!$B$117:$B$121,'-ref_Distribution'!$G$117:$G$121)),RIGHT(BP$1,2))} -> 0 | BQ20: {=INDEX(_xlfn.ANCHORARRAY(_xlfn.XLOOKUP($D20,'-ref_Distribution'!$B$117:$B$121,'-ref_Distribution'!$G$117:$G$121)),RIGHT(BQ$1,2))} -> 1 | BR20: {=INDEX(_xlfn.ANCHORARRAY(_xlfn.XLOOKUP($D20,'-ref_Distribution'!$B$117:$B$121,'-ref_Distribution'!$G$117:$G$121)),RIGHT(BR$1,2))} -> 2 | BS20: {=INDEX(_xlfn.ANCHORARRAY(_xlfn.XLOOKUP($D20,'-ref_Distribution'!$B$117:$B$121,'-ref_Distribution'!$G$117:$G$121)),RIGHT(BS$1,2))} -> 3 | BT20: {=INDEX(_xlfn.ANCHORARRAY(_xlfn.XLOOKUP($D20,'-ref_Distribution'!$B$117:$B$121,'-ref_Distribution'!$G$117:$G$121)),RIGHT(BT$1,2))} -> 4 | ... CF20: {=INDEX(_xlfn.ANCHORARRAY(_xlfn.XLOOKUP($D20,'-ref_Distribution'!$B$117:$B$121,'-ref_Distribution'!$G$117:$G$121)),RIGHT(CF$1,2))} -> 10
A21: 1310107 | B21: 双刃铡刀 (模板) | C21: 近战 | D21: 模板
A22: 13101070 | B22: 双刃铡刀 Lv.0 | C22: 近战 | D22: 0 | E22: 100 | F22: 100 | G22: 100 | H22: 100 | I22: 100 | J22: 50 | K22: 50 | L22: 50 | M22: 50 | N22: 50 | O22: 50 | P22: 18 | Q22: 18 | R22: 18 | S22: 18 | T22: 18 | U22: 0 | V22: 0 | W22: 0 | X22: 0 | Y22: 100 | Z22: 100 | AA22: 100 | AB22: 100 | AC22: 100 | AD22: 50 | AE22: 50 | AF22: 50 | AG22: 50 | AH22: 50 | AI22: 50 | AJ22: 18 | AK22: 18 | AL22: 18 | AM22: 18 | AN22: 18 | AO22: 0 | AP22: 0 | AQ22: 0 | AR22: 0 | AS22: 100 | AT22: 100 | AU22: 100 | AV22: 100 | AW22: 100 | AX22: 50 | AY22: 50 | AZ22: 50 | BA22: 50 | BB22: 50 | BC22: 50 | BD22: 18 | BE22: 18 | BF22: 18 | BG22: 18 | BH22: 18 | BI22: 0 | BJ22: 0 | BK22: 0 | BL22: 0 | BM22: {=INDEX(_xlfn.ANCHORARRAY(_xlfn.XLOOKUP($D22,'-ref_Distribution'!$B$117:$B$121,'-ref_Distribution'!$G$117:$G$121)),RIGHT(BM$1,2))} -> 130 | BN22: {=INDEX(_xlfn.ANCHORARRAY(_xlfn.XLOOKUP($D22,'-ref_Distribution'!$B$117:$B$121,'-ref_Distribution'!$G$117:$G$121)),RIGHT(BN$1,2))} -> 84 | BO22: {=INDEX(_xlfn.ANCHORARRAY(_xlfn.XLOOKUP($D22,'-ref_Distribution'!$B$117:$B$121,'-ref_Distribution'!$G$117:$G$121)),RIGHT(BO$1,2))} -> 65 | BP22: {=INDEX(_xlfn.ANCHORARRAY(_xlfn.XLOOKUP($D22,'-ref_Distribution'!$B$117:$B$121,'-ref_Distribution'!$G$117:$G$121)),RIGHT(BP$1,2))} -> 54 | BQ22: {=INDEX(_xlfn.ANCHORARRAY(_xlfn.XLOOKUP($D22,'-ref_Distribution'!$B$117:$B$121,'-ref_Distribution'!$G$117:$G$121)),RIGHT(BQ$1,2))} -> 47 | BR22: {=INDEX(_xlfn.ANCHORARRAY(_xlfn.XLOOKUP($D22,'-ref_Distribution'!$B$117:$B$121,'-ref_Distribution'!$G$117:$G$121)),RIGHT(BR$1,2))} -> 41 | BS22: {=INDEX(_xlfn.ANCHORARRAY(_xlfn.XLOOKUP($D22,'-ref_Distribution'!$B$117:$B$121,'-ref_Distribution'!$G$117:$G$121)),RIGHT(BS$1,2))} -> 38 | BT22: {=INDEX(_xlfn.ANCHORARRAY(_xlfn.XLOOKUP($D22,'-ref_Distribution'!$B$117:$B$121,'-ref_Distribution'!$G$117:$G$121)),RIGHT(BT$1,2))} -> 34 | ... CF22: {=INDEX(_xlfn.ANCHORARRAY(_xlfn.XLOOKUP($D22,'-ref_Distribution'!$B$117:$B$121,'-ref_Distribution'!$G$117:$G$121)),RIGHT(CF$1,2))} -> 18
A23: 13101071 | B23: 双刃铡刀 Lv.1 | C23: 近战 | D23: 1 | E23: 10 | F23: 10 | G23: 10 | H23: 50 | I23: 100 | J23: 100 | K23: 100 | L23: 100 | M23: 100 | N23: 50 | O23: 50 | P23: 50 | Q23: 50 | R23: 50 | S23: 50 | T23: 18 | U23: 18 | V23: 18 | W23: 18 | X23: 18 | Y23: 10 | Z23: 10 | AA23: 10 | AB23: 50 | AC23: 100 | AD23: 100 | AE23: 100 | AF23: 100 | AG23: 100 | AH23: 50 | AI23: 50 | AJ23: 50 | AK23: 50 | AL23: 50 | AM23: 50 | AN23: 18 | AO23: 18 | AP23: 18 | AQ23: 18 | AR23: 18 | AS23: 10 | AT23: 10 | AU23: 10 | AV23: 50 | AW23: 100 | AX23: 100 | AY23: 100 | AZ23: 100 | BA23: 100 | BB23: 50 | BC23: 50 | BD23: 50 | BE23: 50 | BF23: 50 | BG23: 50 | BH23: 18 | BI23: 18 | BJ23: 18 | BK23: 18 | BL23: 18 | BM23: {=INDEX(_xlfn.ANCHORARRAY(_xlfn.XLOOKUP($D23,'-ref_Distribution'!$B$117:$B$121,'-ref_Distribution'!$G$117:$G$121)),RIGHT(BM$1,2))} -> 78 | BN23: {=INDEX(_xlfn.ANCHORARRAY(_xlfn.XLOOKUP($D23,'-ref_Distribution'!$B$117:$B$121,'-ref_Distribution'!$G$117:$G$121)),RIGHT(BN$1,2))} -> 72 | BO23: {=INDEX(_xlfn.ANCHORARRAY(_xlfn.XLOOKUP($D23,'-ref_Distribution'!$B$117:$B$121,'-ref_Distribution'!$G$117:$G$121)),RIGHT(BO$1,2))} -> 66 | BP23: {=INDEX(_xlfn.ANCHORARRAY(_xlfn.XLOOKUP($D23,'-ref_Distribution'!$B$117:$B$121,'-ref_Distribution'!$G$117:$G$121)),RIGHT(BP$1,2))} -> 61 | BQ23: {=INDEX(_xlfn.ANCHORARRAY(_xlfn.XLOOKUP($D23,'-ref_Distribution'!$B$117:$B$121,'-ref_Distribution'!$G$117:$G$121)),RIGHT(BQ$1,2))} -> 58 | BR23: {=INDEX(_xlfn.ANCHORARRAY(_xlfn.XLOOKUP($D23,'-ref_Distribution'!$B$117:$B$121,'-ref_Distribution'!$G$117:$G$121)),RIGHT(BR$1,2))} -> 55 | BS23: {=INDEX(_xlfn.ANCHORARRAY(_xlfn.XLOOKUP($D23,'-ref_Distribution'!$B$117:$B$121,'-ref_Distribution'!$G$117:$G$121)),RIGHT(BS$1,2))} -> 52 | BT23: {=INDEX(_xlfn.ANCHORARRAY(_xlfn.XLOOKUP($D23,'-ref_Distribution'!$B$117:$B$121,'-ref_Distribution'!$G$117:$G$121)),RIGHT(BT$1,2))} -> 50 | ... CF23: {=INDEX(_xlfn.ANCHORARRAY(_xlfn.XLOOKUP($D23,'-ref_Distribution'!$B$117:$B$121,'-ref_Distribution'!$G$117:$G$121)),RIGHT(CF$1,2))} -> 38
A24: 13101072 | B24: 双刃铡刀 Lv.2 | C24: 近战 | D24: 2 | E24: 0 | F24: 0 | G24: 0 | H24: 10 | I24: 10 | J24: 10 | K24: 50 | L24: 100 | M24: 100 | N24: 100 | O24: 100 | P24: 100 | Q24: 50 | R24: 50 | S24: 50 | T24: 50 | U24: 50 | V24: 50 | W24: 18 | X24: 18 | Y24: 0 | Z24: 0 | AA24: 0 | AB24: 10 | AC24: 10 | AD24: 10 | AE24: 50 | AF24: 100 | AG24: 100 | AH24: 100 | AI24: 100 | AJ24: 100 | AK24: 50 | AL24: 50 | AM24: 50 | AN24: 50 | AO24: 50 | AP24: 50 | AQ24: 18 | AR24: 18 | AS24: 0 | AT24: 0 | AU24: 0 | AV24: 10 | AW24: 10 | AX24: 10 | AY24: 50 | AZ24: 100 | BA24: 100 | BB24: 100 | BC24: 100 | BD24: 100 | BE24: 50 | BF24: 50 | BG24: 50 | BH24: 50 | BI24: 50 | BJ24: 50 | BK24: 18 | BL24: 18 | BM24: {=INDEX(_xlfn.ANCHORARRAY(_xlfn.XLOOKUP($D24,'-ref_Distribution'!$B$117:$B$121,'-ref_Distribution'!$G$117:$G$121)),RIGHT(BM$1,2))} -> 0 | BN24: {=INDEX(_xlfn.ANCHORARRAY(_xlfn.XLOOKUP($D24,'-ref_Distribution'!$B$117:$B$121,'-ref_Distribution'!$G$117:$G$121)),RIGHT(BN$1,2))} -> 5 | BO24: {=INDEX(_xlfn.ANCHORARRAY(_xlfn.XLOOKUP($D24,'-ref_Distribution'!$B$117:$B$121,'-ref_Distribution'!$G$117:$G$121)),RIGHT(BO$1,2))} -> 12 | BP24: {=INDEX(_xlfn.ANCHORARRAY(_xlfn.XLOOKUP($D24,'-ref_Distribution'!$B$117:$B$121,'-ref_Distribution'!$G$117:$G$121)),RIGHT(BP$1,2))} -> 16 | BQ24: {=INDEX(_xlfn.ANCHORARRAY(_xlfn.XLOOKUP($D24,'-ref_Distribution'!$B$117:$B$121,'-ref_Distribution'!$G$117:$G$121)),RIGHT(BQ$1,2))} -> 19 | BR24: {=INDEX(_xlfn.ANCHORARRAY(_xlfn.XLOOKUP($D24,'-ref_Distribution'!$B$117:$B$121,'-ref_Distribution'!$G$117:$G$121)),RIGHT(BR$1,2))} -> 22 | BS24: {=INDEX(_xlfn.ANCHORARRAY(_xlfn.XLOOKUP($D24,'-ref_Distribution'!$B$117:$B$121,'-ref_Distribution'!$G$117:$G$121)),RIGHT(BS$1,2))} -> 23 | BT24: {=INDEX(_xlfn.ANCHORARRAY(_xlfn.XLOOKUP($D24,'-ref_Distribution'!$B$117:$B$121,'-ref_Distribution'!$G$117:$G$121)),RIGHT(BT$1,2))} -> 25 | ... CF24: {=INDEX(_xlfn.ANCHORARRAY(_xlfn.XLOOKUP($D24,'-ref_Distribution'!$B$117:$B$121,'-ref_Distribution'!$G$117:$G$121)),RIGHT(CF$1,2))} -> 31
A25: 13101073 | B25: 双刃铡刀 Lv.3 | C25: 近战 | D25: 3 | E25: 0 | F25: 0 | G25: 0 | H25: 0 | I25: 0 | J25: 0 | K25: 10 | L25: 10 | M25: 10 | N25: 50 | O25: 100 | P25: 100 | Q25: 100 | R25: 100 | S25: 100 | T25: 50 | U25: 50 | V25: 50 | W25: 50 | X25: 50 | Y25: 0 | Z25: 0 | AA25: 0 | AB25: 0 | AC25: 0 | AD25: 0 | AE25: 10 | AF25: 10 | AG25: 10 | AH25: 50 | AI25: 100 | AJ25: 100 | AK25: 100 | AL25: 100 | AM25: 100 | AN25: 50 | AO25: 50 | AP25: 50 | AQ25: 50 | AR25: 50 | AS25: 0 | AT25: 0 | AU25: 0 | AV25: 0 | AW25: 0 | AX25: 0 | AY25: 10 | AZ25: 10 | BA25: 10 | BB25: 50 | BC25: 100 | BD25: 100 | BE25: 100 | BF25: 100 | BG25: 100 | BH25: 50 | BI25: 50 | BJ25: 50 | BK25: 50 | BL25: 50 | BM25: {=INDEX(_xlfn.ANCHORARRAY(_xlfn.XLOOKUP($D25,'-ref_Distribution'!$B$117:$B$121,'-ref_Distribution'!$G$117:$G$121)),RIGHT(BM$1,2))} -> 0 | BN25: {=INDEX(_xlfn.ANCHORARRAY(_xlfn.XLOOKUP($D25,'-ref_Distribution'!$B$117:$B$121,'-ref_Distribution'!$G$117:$G$121)),RIGHT(BN$1,2))} -> 0 | BO25: {=INDEX(_xlfn.ANCHORARRAY(_xlfn.XLOOKUP($D25,'-ref_Distribution'!$B$117:$B$121,'-ref_Distribution'!$G$117:$G$121)),RIGHT(BO$1,2))} -> 1 | BP25: {=INDEX(_xlfn.ANCHORARRAY(_xlfn.XLOOKUP($D25,'-ref_Distribution'!$B$117:$B$121,'-ref_Distribution'!$G$117:$G$121)),RIGHT(BP$1,2))} -> 3 | BQ25: {=INDEX(_xlfn.ANCHORARRAY(_xlfn.XLOOKUP($D25,'-ref_Distribution'!$B$117:$B$121,'-ref_Distribution'!$G$117:$G$121)),RIGHT(BQ$1,2))} -> 6 | BR25: {=INDEX(_xlfn.ANCHORARRAY(_xlfn.XLOOKUP($D25,'-ref_Distribution'!$B$117:$B$121,'-ref_Distribution'!$G$117:$G$121)),RIGHT(BR$1,2))} -> 8 | BS25: {=INDEX(_xlfn.ANCHORARRAY(_xlfn.XLOOKUP($D25,'-ref_Distribution'!$B$117:$B$121,'-ref_Distribution'!$G$117:$G$121)),RIGHT(BS$1,2))} -> 9 | BT25: {=INDEX(_xlfn.ANCHORARRAY(_xlfn.XLOOKUP($D25,'-ref_Distribution'!$B$117:$B$121,'-ref_Distribution'!$G$117:$G$121)),RIGHT(BT$1,2))} -> 10 | ... CF25: {=INDEX(_xlfn.ANCHORARRAY(_xlfn.XLOOKUP($D25,'-ref_Distribution'!$B$117:$B$121,'-ref_Distribution'!$G$117:$G$121)),RIGHT(CF$1,2))} -> 17
A26: 1311101 | B26: 执刑钉棍 | C26: 近战 | E26: 100 | F26: 100 | G26: 100 | H26: 100 | I26: 100 | J26: 100 | K26: 100 | L26: 50 | M26: 50 | N26: 50 | O26: 50 | P26: 18 | Q26: 18 | R26: 18 | S26: 18 | T26: 18 | U26: 18 | V26: 18 | W26: 18 | X26: 18 | Y26: 100 | Z26: 100 | AA26: 100 | AB26: 100 | AC26: 100 | AD26: 100 | AE26: 100 | AF26: 50 | AG26: 50 | AH26: 50 | AI26: 50 | AJ26: 18 | AK26: 18 | AL26: 18 | AM26: 18 | AN26: 18 | AO26: 18 | AP26: 18 | AQ26: 18 | AR26: 18 | AS26: 100 | AT26: 100 | AU26: 100 | AV26: 100 | AW26: 100 | AX26: 100 | AY26: 100 | AZ26: 50 | BA26: 50 | BB26: 50 | BC26: 50 | BD26: 18 | BE26: 18 | BF26: 18 | BG26: 18 | BH26: 18 | BI26: 18 | BJ26: 18 | BK26: 18 | BL26: 18
A27: 1311102 | B27: 执刑斧钺 | C27: 近战 | E27: 0 | F27: 0 | G27: 0 | H27: 0 | I27: 0 | J27: 0 | K27: 0 | L27: 0 | M27: 0 | N27: 0 | O27: 0 | P27: 0 | Q27: 0 | R27: 0 | S27: 0 | T27: 0 | U27: 0 | V27: 0 | W27: 0 | X27: 0 | Y27: 0 | Z27: 0 | AA27: 0 | AB27: 0 | AC27: 0 | AD27: 0 | AE27: 0 | AF27: 0 | AG27: 0 | AH27: 0 | AI27: 0 | AJ27: 0 | AK27: 0 | AL27: 0 | AM27: 0 | AN27: 0 | AO27: 0 | AP27: 0 | AQ27: 0 | AR27: 0 | AS27: 0 | AT27: 0 | AU27: 0 | AV27: 0 | AW27: 0 | AX27: 0 | AY27: 0 | AZ27: 0 | BA27: 0 | BB27: 0 | BC27: 0 | BD27: 0 | BE27: 0 | BF27: 0 | BG27: 0 | BH27: 0 | BI27: 0 | BJ27: 0 | BK27: 0 | BL27: 0
A28: 1311801 | B28: 短柄渔叉 | C28: 近战 | E28: 50 | F28: 50 | G28: 50 | H28: 50 | I28: 50 | J28: 50 | K28: 50 | L28: 25 | M28: 25 | N28: 25 | O28: 25 | P28: 9 | Q28: 9 | R28: 9 | S28: 9 | T28: 9 | U28: 9 | V28: 9 | W28: 9 | X28: 9 | Y28: 50 | Z28: 50 | AA28: 50 | AB28: 50 | AC28: 50 | AD28: 50 | AE28: 50 | AF28: 25 | AG28: 25 | AH28: 25 | AI28: 25 | AJ28: 9 | AK28: 9 | AL28: 9 | AM28: 9 | AN28: 9 | AO28: 9 | AP28: 9 | AQ28: 9 | AR28: 9 | AS28: 50 | AT28: 50 | AU28: 50 | AV28: 50 | AW28: 50 | AX28: 50 | AY28: 50 | AZ28: 25 | BA28: 25 | BB28: 25 | BC28: 25 | BD28: 9 | BE28: 9 | BF28: 9 | BG28: 9 | BH28: 9 | BI28: 9 | BJ28: 9 | BK28: 9 | BL28: 9
A29: 1311802 | B29: 海妖触手 | C29: 近战 | E29: 0 | F29: 0 | G29: 0 | H29: 10 | I29: 10 | J29: 10 | K29: 10 | L29: 50 | M29: 50 | N29: 50 | O29: 50 | P29: 25 | Q29: 25 | R29: 25 | S29: 25 | T29: 25 | U29: 25 | V29: 25 | W29: 25 | X29: 25 | Y29: 0 | Z29: 0 | AA29: 0 | AB29: 10 | AC29: 10 | AD29: 10 | AE29: 10 | AF29: 50 | AG29: 50 | AH29: 50 | AI29: 50 | AJ29: 25 | AK29: 25 | AL29: 25 | AM29: 25 | AN29: 25 | AO29: 25 | AP29: 25 | AQ29: 25 | AR29: 25 | AS29: 0 | AT29: 0 | AU29: 0 | AV29: 10 | AW29: 10 | AX29: 10 | AY29: 10 | AZ29: 50 | BA29: 50 | BB29: 50 | BC29: 50 | BD29: 25 | BE29: 25 | BF29: 25 | BG29: 25 | BH29: 25 | BI29: 25 | BJ29: 25 | BK29: 25 | BL29: 25
A30: 1319001 | B30: AMY棍棒 | C30: 近战
A31: 1319002 | B31: AMY大剑 | C31: 近战
A33: 1320101 | B33: 弓箭 | C33: 远程 | E33: 100 | F33: 100 | G33: 50 | H33: 50 | I33: 50 | J33: 10 | K33: 10 | L33: 10 | M33: 10 | N33: 10 | O33: 5 | P33: 5 | Q33: 5 | R33: 5 | S33: 5 | T33: 3 | U33: 3 | V33: 3 | W33: 3 | X33: 3 | Y33: 100 | Z33: 100 | AA33: 50 | AB33: 50 | AC33: 50 | AD33: 10 | AE33: 10 | AF33: 10 | AG33: 10 | AH33: 10 | AI33: 5 | AJ33: 5 | AK33: 5 | AL33: 5 | AM33: 5 | AN33: 3 | AO33: 3 | AP33: 3 | AQ33: 3 | AR33: 3 | AS33: 100 | AT33: 100 | AU33: 50 | AV33: 50 | AW33: 50 | AX33: 10 | AY33: 10 | AZ33: 10 | BA33: 10 | BB33: 10 | BC33: 5 | BD33: 5 | BE33: 5 | BF33: 5 | BG33: 5 | BH33: 3 | BI33: 3 | BJ33: 3 | BK33: 3 | BL33: 3
A34: 1320102 | B34: 防身手枪(模板) | C34: 远程 | D34: 模板
A35: 13201021 | B35: 防身手枪Lv.1 | C35: 远程 | D35: 1 | E35: 25 | F35: 25 | G35: 100 | H35: 100 | I35: 100 | J35: 50 | K35: 50 | L35: 50 | M35: 50 | N35: 50 | O35: 20 | P35: 20 | Q35: 20 | R35: 20 | S35: 20 | T35: 10 | U35: 10 | V35: 10 | W35: 10 | X35: 10 | Y35: 25 | Z35: 25 | AA35: 100 | AB35: 100 | AC35: 100 | AD35: 50 | AE35: 50 | AF35: 50 | AG35: 50 | AH35: 50 | AI35: 20 | AJ35: 20 | AK35: 20 | AL35: 20 | AM35: 20 | AN35: 10 | AO35: 10 | AP35: 10 | AQ35: 10 | AR35: 10 | AS35: 25 | AT35: 25 | AU35: 100 | AV35: 100 | AW35: 100 | AX35: 50 | AY35: 50 | AZ35: 50 | BA35: 50 | BB35: 50 | BC35: 20 | BD35: 20 | BE35: 20 | BF35: 20 | BG35: 20 | BH35: 10 | BI35: 10 | BJ35: 10 | BK35: 10 | BL35: 10 | BM35: {=INDEX(_xlfn.ANCHORARRAY(_xlfn.XLOOKUP($D35,'-ref_Distribution'!$B$117:$B$121,'-ref_Distribution'!$G$117:$G$121)),RIGHT(BM$1,2))} -> 78 | BN35: {=INDEX(_xlfn.ANCHORARRAY(_xlfn.XLOOKUP($D35,'-ref_Distribution'!$B$117:$B$121,'-ref_Distribution'!$G$117:$G$121)),RIGHT(BN$1,2))} -> 72 | BO35: {=INDEX(_xlfn.ANCHORARRAY(_xlfn.XLOOKUP($D35,'-ref_Distribution'!$B$117:$B$121,'-ref_Distribution'!$G$117:$G$121)),RIGHT(BO$1,2))} -> 66 | BP35: {=INDEX(_xlfn.ANCHORARRAY(_xlfn.XLOOKUP($D35,'-ref_Distribution'!$B$117:$B$121,'-ref_Distribution'!$G$117:$G$121)),RIGHT(BP$1,2))} -> 61 | BQ35: {=INDEX(_xlfn.ANCHORARRAY(_xlfn.XLOOKUP($D35,'-ref_Distribution'!$B$117:$B$121,'-ref_Distribution'!$G$117:$G$121)),RIGHT(BQ$1,2))} -> 58 | BR35: {=INDEX(_xlfn.ANCHORARRAY(_xlfn.XLOOKUP($D35,'-ref_Distribution'!$B$117:$B$121,'-ref_Distribution'!$G$117:$G$121)),RIGHT(BR$1,2))} -> 55 | BS35: {=INDEX(_xlfn.ANCHORARRAY(_xlfn.XLOOKUP($D35,'-ref_Distribution'!$B$117:$B$121,'-ref_Distribution'!$G$117:$G$121)),RIGHT(BS$1,2))} -> 52 | BT35: {=INDEX(_xlfn.ANCHORARRAY(_xlfn.XLOOKUP($D35,'-ref_Distribution'!$B$117:$B$121,'-ref_Distribution'!$G$117:$G$121)),RIGHT(BT$1,2))} -> 50 | ... CF35: {=INDEX(_xlfn.ANCHORARRAY(_xlfn.XLOOKUP($D35,'-ref_Distribution'!$B$117:$B$121,'-ref_Distribution'!$G$117:$G$121)),RIGHT(CF$1,2))} -> 38
A36: 13201022 | B36: 防身手枪Lv.2 | C36: 远程 | D36: 2 | E36: 0 | F36: 0 | G36: 25 | H36: 25 | I36: 25 | J36: 100 | K36: 100 | L36: 100 | M36: 100 | N36: 100 | O36: 50 | P36: 50 | Q36: 50 | R36: 50 | S36: 50 | T36: 20 | U36: 20 | V36: 20 | W36: 20 | X36: 20 | Y36: 0 | Z36: 0 | AA36: 25 | AB36: 25 | AC36: 25 | AD36: 100 | AE36: 100 | AF36: 100 | AG36: 100 | AH36: 100 | AI36: 50 | AJ36: 50 | AK36: 50 | AL36: 50 | AM36: 50 | AN36: 20 | AO36: 20 | AP36: 20 | AQ36: 20 | AR36: 20 | AS36: 0 | AT36: 0 | AU36: 25 | AV36: 25 | AW36: 25 | AX36: 100 | AY36: 100 | AZ36: 100 | BA36: 100 | BB36: 100 | BC36: 50 | BD36: 50 | BE36: 50 | BF36: 50 | BG36: 50 | BH36: 20 | BI36: 20 | BJ36: 20 | BK36: 20 | BL36: 20 | BM36: {=INDEX(_xlfn.ANCHORARRAY(_xlfn.XLOOKUP($D36,'-ref_Distribution'!$B$117:$B$121,'-ref_Distribution'!$G$117:$G$121)),RIGHT(BM$1,2))} -> 0 | BN36: {=INDEX(_xlfn.ANCHORARRAY(_xlfn.XLOOKUP($D36,'-ref_Distribution'!$B$117:$B$121,'-ref_Distribution'!$G$117:$G$121)),RIGHT(BN$1,2))} -> 5 | BO36: {=INDEX(_xlfn.ANCHORARRAY(_xlfn.XLOOKUP($D36,'-ref_Distribution'!$B$117:$B$121,'-ref_Distribution'!$G$117:$G$121)),RIGHT(BO$1,2))} -> 12 | BP36: {=INDEX(_xlfn.ANCHORARRAY(_xlfn.XLOOKUP($D36,'-ref_Distribution'!$B$117:$B$121,'-ref_Distribution'!$G$117:$G$121)),RIGHT(BP$1,2))} -> 16 | BQ36: {=INDEX(_xlfn.ANCHORARRAY(_xlfn.XLOOKUP($D36,'-ref_Distribution'!$B$117:$B$121,'-ref_Distribution'!$G$117:$G$121)),RIGHT(BQ$1,2))} -> 19 | BR36: {=INDEX(_xlfn.ANCHORARRAY(_xlfn.XLOOKUP($D36,'-ref_Distribution'!$B$117:$B$121,'-ref_Distribution'!$G$117:$G$121)),RIGHT(BR$1,2))} -> 22 | BS36: {=INDEX(_xlfn.ANCHORARRAY(_xlfn.XLOOKUP($D36,'-ref_Distribution'!$B$117:$B$121,'-ref_Distribution'!$G$117:$G$121)),RIGHT(BS$1,2))} -> 23 | BT36: {=INDEX(_xlfn.ANCHORARRAY(_xlfn.XLOOKUP($D36,'-ref_Distribution'!$B$117:$B$121,'-ref_Distribution'!$G$117:$G$121)),RIGHT(BT$1,2))} -> 25 | ... CF36: {=INDEX(_xlfn.ANCHORARRAY(_xlfn.XLOOKUP($D36,'-ref_Distribution'!$B$117:$B$121,'-ref_Distribution'!$G$117:$G$121)),RIGHT(CF$1,2))} -> 31
A37: 13201023 | B37: 防身手枪Lv.3 | C37: 远程 | D37: 3 | E37: 0 | F37: 0 | G37: 0 | H37: 0 | I37: 0 | J37: 25 | K37: 25 | L37: 25 | M37: 25 | N37: 25 | O37: 100 | P37: 100 | Q37: 100 | R37: 100 | S37: 100 | T37: 70 | U37: 70 | V37: 70 | W37: 70 | X37: 70 | Y37: 0 | Z37: 0 | AA37: 0 | AB37: 0 | AC37: 0 | AD37: 25 | AE37: 25 | AF37: 25 | AG37: 25 | AH37: 25 | AI37: 100 | AJ37: 100 | AK37: 100 | AL37: 100 | AM37: 100 | AN37: 70 | AO37: 70 | AP37: 70 | AQ37: 70 | AR37: 70 | AS37: 0 | AT37: 0 | AU37: 0 | AV37: 0 | AW37: 0 | AX37: 25 | AY37: 25 | AZ37: 25 | BA37: 25 | BB37: 25 | BC37: 100 | BD37: 100 | BE37: 100 | BF37: 100 | BG37: 100 | BH37: 70 | BI37: 70 | BJ37: 70 | BK37: 70 | BL37: 70 | BM37: {=INDEX(_xlfn.ANCHORARRAY(_xlfn.XLOOKUP($D37,'-ref_Distribution'!$B$117:$B$121,'-ref_Distribution'!$G$117:$G$121)),RIGHT(BM$1,2))} -> 0 | BN37: {=INDEX(_xlfn.ANCHORARRAY(_xlfn.XLOOKUP($D37,'-ref_Distribution'!$B$117:$B$121,'-ref_Distribution'!$G$117:$G$121)),RIGHT(BN$1,2))} -> 0 | BO37: {=INDEX(_xlfn.ANCHORARRAY(_xlfn.XLOOKUP($D37,'-ref_Distribution'!$B$117:$B$121,'-ref_Distribution'!$G$117:$G$121)),RIGHT(BO$1,2))} -> 1 | BP37: {=INDEX(_xlfn.ANCHORARRAY(_xlfn.XLOOKUP($D37,'-ref_Distribution'!$B$117:$B$121,'-ref_Distribution'!$G$117:$G$121)),RIGHT(BP$1,2))} -> 3 | BQ37: {=INDEX(_xlfn.ANCHORARRAY(_xlfn.XLOOKUP($D37,'-ref_Distribution'!$B$117:$B$121,'-ref_Distribution'!$G$117:$G$121)),RIGHT(BQ$1,2))} -> 6 | BR37: {=INDEX(_xlfn.ANCHORARRAY(_xlfn.XLOOKUP($D37,'-ref_Distribution'!$B$117:$B$121,'-ref_Distribution'!$G$117:$G$121)),RIGHT(BR$1,2))} -> 8 | BS37: {=INDEX(_xlfn.ANCHORARRAY(_xlfn.XLOOKUP($D37,'-ref_Distribution'!$B$117:$B$121,'-ref_Distribution'!$G$117:$G$121)),RIGHT(BS$1,2))} -> 9 | BT37: {=INDEX(_xlfn.ANCHORARRAY(_xlfn.XLOOKUP($D37,'-ref_Distribution'!$B$117:$B$121,'-ref_Distribution'!$G$117:$G$121)),RIGHT(BT$1,2))} -> 10 | ... CF37: {=INDEX(_xlfn.ANCHORARRAY(_xlfn.XLOOKUP($D37,'-ref_Distribution'!$B$117:$B$121,'-ref_Distribution'!$G$117:$G$121)),RIGHT(CF$1,2))} -> 17
A38: 1320103 | B38: 喇叭霰弹枪(模板) | C38: 远程 | D38: 模板
A39: 13201030 | B39: 喇叭霰弹枪Lv.0 | C39: 远程 | D39: 0 | E39: 100 | F39: 100 | G39: 50 | H39: 50 | I39: 50 | J39: 10 | K39: 10 | L39: 10 | M39: 10 | N39: 10 | O39: 5 | P39: 5 | Q39: 5 | R39: 5 | S39: 5 | T39: 3 | U39: 3 | V39: 3 | W39: 3 | X39: 3 | Y39: 100 | Z39: 100 | AA39: 50 | AB39: 50 | AC39: 50 | AD39: 10 | AE39: 10 | AF39: 10 | AG39: 10 | AH39: 10 | AI39: 5 | AJ39: 5 | AK39: 5 | AL39: 5 | AM39: 5 | AN39: 3 | AO39: 3 | AP39: 3 | AQ39: 3 | AR39: 3 | AS39: 100 | AT39: 100 | AU39: 50 | AV39: 50 | AW39: 50 | AX39: 10 | AY39: 10 | AZ39: 10 | BA39: 10 | BB39: 10 | BC39: 5 | BD39: 5 | BE39: 5 | BF39: 5 | BG39: 5 | BH39: 3 | BI39: 3 | BJ39: 3 | BK39: 3 | BL39: 3 | BM39: {=INDEX(_xlfn.ANCHORARRAY(_xlfn.XLOOKUP($D39,'-ref_Distribution'!$B$117:$B$121,'-ref_Distribution'!$G$117:$G$121)),RIGHT(BM$1,2))} -> 130 | BN39: {=INDEX(_xlfn.ANCHORARRAY(_xlfn.XLOOKUP($D39,'-ref_Distribution'!$B$117:$B$121,'-ref_Distribution'!$G$117:$G$121)),RIGHT(BN$1,2))} -> 84 | BO39: {=INDEX(_xlfn.ANCHORARRAY(_xlfn.XLOOKUP($D39,'-ref_Distribution'!$B$117:$B$121,'-ref_Distribution'!$G$117:$G$121)),RIGHT(BO$1,2))} -> 65 | BP39: {=INDEX(_xlfn.ANCHORARRAY(_xlfn.XLOOKUP($D39,'-ref_Distribution'!$B$117:$B$121,'-ref_Distribution'!$G$117:$G$121)),RIGHT(BP$1,2))} -> 54 | BQ39: {=INDEX(_xlfn.ANCHORARRAY(_xlfn.XLOOKUP($D39,'-ref_Distribution'!$B$117:$B$121,'-ref_Distribution'!$G$117:$G$121)),RIGHT(BQ$1,2))} -> 47 | BR39: {=INDEX(_xlfn.ANCHORARRAY(_xlfn.XLOOKUP($D39,'-ref_Distribution'!$B$117:$B$121,'-ref_Distribution'!$G$117:$G$121)),RIGHT(BR$1,2))} -> 41 | BS39: {=INDEX(_xlfn.ANCHORARRAY(_xlfn.XLOOKUP($D39,'-ref_Distribution'!$B$117:$B$121,'-ref_Distribution'!$G$117:$G$121)),RIGHT(BS$1,2))} -> 38 | BT39: {=INDEX(_xlfn.ANCHORARRAY(_xlfn.XLOOKUP($D39,'-ref_Distribution'!$B$117:$B$121,'-ref_Distribution'!$G$117:$G$121)),RIGHT(BT$1,2))} -> 34 | ... CF39: {=INDEX(_xlfn.ANCHORARRAY(_xlfn.XLOOKUP($D39,'-ref_Distribution'!$B$117:$B$121,'-ref_Distribution'!$G$117:$G$121)),RIGHT(CF$1,2))} -> 18
A40: 13201031 | B40: 喇叭霰弹枪Lv.1 | C40: 远程 | D40: 1 | E40: 25 | F40: 25 | G40: 100 | H40: 100 | I40: 100 | J40: 50 | K40: 50 | L40: 50 | M40: 50 | N40: 50 | O40: 20 | P40: 20 | Q40: 20 | R40: 20 | S40: 20 | T40: 10 | U40: 10 | V40: 10 | W40: 10 | X40: 10 | Y40: 25 | Z40: 25 | AA40: 100 | AB40: 100 | AC40: 100 | AD40: 50 | AE40: 50 | AF40: 50 | AG40: 50 | AH40: 50 | AI40: 20 | AJ40: 20 | AK40: 20 | AL40: 20 | AM40: 20 | AN40: 10 | AO40: 10 | AP40: 10 | AQ40: 10 | AR40: 10 | AS40: 25 | AT40: 25 | AU40: 100 | AV40: 100 | AW40: 100 | AX40: 50 | AY40: 50 | AZ40: 50 | BA40: 50 | BB40: 50 | BC40: 20 | BD40: 20 | BE40: 20 | BF40: 20 | BG40: 20 | BH40: 10 | BI40: 10 | BJ40: 10 | BK40: 10 | BL40: 10 | BM40: {=INDEX(_xlfn.ANCHORARRAY(_xlfn.XLOOKUP($D40,'-ref_Distribution'!$B$117:$B$121,'-ref_Distribution'!$G$117:$G$121)),RIGHT(BM$1,2))} -> 78 | BN40: {=INDEX(_xlfn.ANCHORARRAY(_xlfn.XLOOKUP($D40,'-ref_Distribution'!$B$117:$B$121,'-ref_Distribution'!$G$117:$G$121)),RIGHT(BN$1,2))} -> 72 | BO40: {=INDEX(_xlfn.ANCHORARRAY(_xlfn.XLOOKUP($D40,'-ref_Distribution'!$B$117:$B$121,'-ref_Distribution'!$G$117:$G$121)),RIGHT(BO$1,2))} -> 66 | BP40: {=INDEX(_xlfn.ANCHORARRAY(_xlfn.XLOOKUP($D40,'-ref_Distribution'!$B$117:$B$121,'-ref_Distribution'!$G$117:$G$121)),RIGHT(BP$1,2))} -> 61 | BQ40: {=INDEX(_xlfn.ANCHORARRAY(_xlfn.XLOOKUP($D40,'-ref_Distribution'!$B$117:$B$121,'-ref_Distribution'!$G$117:$G$121)),RIGHT(BQ$1,2))} -> 58 | BR40: {=INDEX(_xlfn.ANCHORARRAY(_xlfn.XLOOKUP($D40,'-ref_Distribution'!$B$117:$B$121,'-ref_Distribution'!$G$117:$G$121)),RIGHT(BR$1,2))} -> 55 | BS40: {=INDEX(_xlfn.ANCHORARRAY(_xlfn.XLOOKUP($D40,'-ref_Distribution'!$B$117:$B$121,'-ref_Distribution'!$G$117:$G$121)),RIGHT(BS$1,2))} -> 52 | BT40: {=INDEX(_xlfn.ANCHORARRAY(_xlfn.XLOOKUP($D40,'-ref_Distribution'!$B$117:$B$121,'-ref_Distribution'!$G$117:$G$121)),RIGHT(BT$1,2))} -> 50 | ... CF40: {=INDEX(_xlfn.ANCHORARRAY(_xlfn.XLOOKUP($D40,'-ref_Distribution'!$B$117:$B$121,'-ref_Distribution'!$G$117:$G$121)),RIGHT(CF$1,2))} -> 38
A41: 13201032 | B41: 喇叭霰弹枪Lv.2 | C41: 远程 | D41: 2 | E41: 0 | F41: 0 | G41: 25 | H41: 25 | I41: 25 | J41: 100 | K41: 100 | L41: 100 | M41: 100 | N41: 100 | O41: 50 | P41: 50 | Q41: 50 | R41: 50 | S41: 50 | T41: 20 | U41: 20 | V41: 20 | W41: 20 | X41: 20 | Y41: 0 | Z41: 0 | AA41: 25 | AB41: 25 | AC41: 25 | AD41: 100 | AE41: 100 | AF41: 100 | AG41: 100 | AH41: 100 | AI41: 50 | AJ41: 50 | AK41: 50 | AL41: 50 | AM41: 50 | AN41: 20 | AO41: 20 | AP41: 20 | AQ41: 20 | AR41: 20 | AS41: 0 | AT41: 0 | AU41: 25 | AV41: 25 | AW41: 25 | AX41: 100 | AY41: 100 | AZ41: 100 | BA41: 100 | BB41: 100 | BC41: 50 | BD41: 50 | BE41: 50 | BF41: 50 | BG41: 50 | BH41: 20 | BI41: 20 | BJ41: 20 | BK41: 20 | BL41: 20 | BM41: {=INDEX(_xlfn.ANCHORARRAY(_xlfn.XLOOKUP($D41,'-ref_Distribution'!$B$117:$B$121,'-ref_Distribution'!$G$117:$G$121)),RIGHT(BM$1,2))} -> 0 | BN41: {=INDEX(_xlfn.ANCHORARRAY(_xlfn.XLOOKUP($D41,'-ref_Distribution'!$B$117:$B$121,'-ref_Distribution'!$G$117:$G$121)),RIGHT(BN$1,2))} -> 5 | BO41: {=INDEX(_xlfn.ANCHORARRAY(_xlfn.XLOOKUP($D41,'-ref_Distribution'!$B$117:$B$121,'-ref_Distribution'!$G$117:$G$121)),RIGHT(BO$1,2))} -> 12 | BP41: {=INDEX(_xlfn.ANCHORARRAY(_xlfn.XLOOKUP($D41,'-ref_Distribution'!$B$117:$B$121,'-ref_Distribution'!$G$117:$G$121)),RIGHT(BP$1,2))} -> 16 | BQ41: {=INDEX(_xlfn.ANCHORARRAY(_xlfn.XLOOKUP($D41,'-ref_Distribution'!$B$117:$B$121,'-ref_Distribution'!$G$117:$G$121)),RIGHT(BQ$1,2))} -> 19 | BR41: {=INDEX(_xlfn.ANCHORARRAY(_xlfn.XLOOKUP($D41,'-ref_Distribution'!$B$117:$B$121,'-ref_Distribution'!$G$117:$G$121)),RIGHT(BR$1,2))} -> 22 | BS41: {=INDEX(_xlfn.ANCHORARRAY(_xlfn.XLOOKUP($D41,'-ref_Distribution'!$B$117:$B$121,'-ref_Distribution'!$G$117:$G$121)),RIGHT(BS$1,2))} -> 23 | BT41: {=INDEX(_xlfn.ANCHORARRAY(_xlfn.XLOOKUP($D41,'-ref_Distribution'!$B$117:$B$121,'-ref_Distribution'!$G$117:$G$121)),RIGHT(BT$1,2))} -> 25 | ... CF41: {=INDEX(_xlfn.ANCHORARRAY(_xlfn.XLOOKUP($D41,'-ref_Distribution'!$B$117:$B$121,'-ref_Distribution'!$G$117:$G$121)),RIGHT(CF$1,2))} -> 31
A42: 13201033 | B42: 喇叭霰弹枪Lv.3 | C42: 远程 | D42: 3 | E42: 0 | F42: 0 | G42: 0 | H42: 0 | I42: 0 | J42: 25 | K42: 25 | L42: 25 | M42: 25 | N42: 25 | O42: 100 | P42: 100 | Q42: 100 | R42: 100 | S42: 100 | T42: 70 | U42: 70 | V42: 70 | W42: 70 | X42: 70 | Y42: 0 | Z42: 0 | AA42: 0 | AB42: 0 | AC42: 0 | AD42: 25 | AE42: 25 | AF42: 25 | AG42: 25 | AH42: 25 | AI42: 100 | AJ42: 100 | AK42: 100 | AL42: 100 | AM42: 100 | AN42: 70 | AO42: 70 | AP42: 70 | AQ42: 70 | AR42: 70 | AS42: 0 | AT42: 0 | AU42: 0 | AV42: 0 | AW42: 0 | AX42: 25 | AY42: 25 | AZ42: 25 | BA42: 25 | BB42: 25 | BC42: 100 | BD42: 100 | BE42: 100 | BF42: 100 | BG42: 100 | BH42: 70 | BI42: 70 | BJ42: 70 | BK42: 70 | BL42: 70 | BM42: {=INDEX(_xlfn.ANCHORARRAY(_xlfn.XLOOKUP($D42,'-ref_Distribution'!$B$117:$B$121,'-ref_Distribution'!$G$117:$G$121)),RIGHT(BM$1,2))} -> 0 | BN42: {=INDEX(_xlfn.ANCHORARRAY(_xlfn.XLOOKUP($D42,'-ref_Distribution'!$B$117:$B$121,'-ref_Distribution'!$G$117:$G$121)),RIGHT(BN$1,2))} -> 0 | BO42: {=INDEX(_xlfn.ANCHORARRAY(_xlfn.XLOOKUP($D42,'-ref_Distribution'!$B$117:$B$121,'-ref_Distribution'!$G$117:$G$121)),RIGHT(BO$1,2))} -> 1 | BP42: {=INDEX(_xlfn.ANCHORARRAY(_xlfn.XLOOKUP($D42,'-ref_Distribution'!$B$117:$B$121,'-ref_Distribution'!$G$117:$G$121)),RIGHT(BP$1,2))} -> 3 | BQ42: {=INDEX(_xlfn.ANCHORARRAY(_xlfn.XLOOKUP($D42,'-ref_Distribution'!$B$117:$B$121,'-ref_Distribution'!$G$117:$G$121)),RIGHT(BQ$1,2))} -> 6 | BR42: {=INDEX(_xlfn.ANCHORARRAY(_xlfn.XLOOKUP($D42,'-ref_Distribution'!$B$117:$B$121,'-ref_Distribution'!$G$117:$G$121)),RIGHT(BR$1,2))} -> 8 | BS42: {=INDEX(_xlfn.ANCHORARRAY(_xlfn.XLOOKUP($D42,'-ref_Distribution'!$B$117:$B$121,'-ref_Distribution'!$G$117:$G$121)),RIGHT(BS$1,2))} -> 9 | BT42: {=INDEX(_xlfn.ANCHORARRAY(_xlfn.XLOOKUP($D42,'-ref_Distribution'!$B$117:$B$121,'-ref_Distribution'!$G$117:$G$121)),RIGHT(BT$1,2))} -> 10 | ... CF42: {=INDEX(_xlfn.ANCHORARRAY(_xlfn.XLOOKUP($D42,'-ref_Distribution'!$B$117:$B$121,'-ref_Distribution'!$G$117:$G$121)),RIGHT(CF$1,2))} -> 17
A43: 1320104 | B43: 转轮机枪(模板) | C43: 远程 | D43: 模板
A44: 13201043 | B44: 转轮机枪Lv.3 | C44: 远程 | D44: 3 | E44: 0 | F44: 0 | G44: 0 | H44: 0 | I44: 0 | J44: 25 | K44: 25 | L44: 25 | M44: 25 | N44: 25 | O44: 100 | P44: 100 | Q44: 100 | R44: 100 | S44: 100 | T44: 70 | U44: 70 | V44: 70 | W44: 70 | X44: 70 | Y44: 0 | Z44: 0 | AA44: 0 | AB44: 0 | AC44: 0 | AD44: 25 | AE44: 25 | AF44: 25 | AG44: 25 | AH44: 25 | AI44: 100 | AJ44: 100 | AK44: 100 | AL44: 100 | AM44: 100 | AN44: 70 | AO44: 70 | AP44: 70 | AQ44: 70 | AR44: 70 | AS44: 0 | AT44: 0 | AU44: 0 | AV44: 0 | AW44: 0 | AX44: 25 | AY44: 25 | AZ44: 25 | BA44: 25 | BB44: 25 | BC44: 100 | BD44: 100 | BE44: 100 | BF44: 100 | BG44: 100 | BH44: 70 | BI44: 70 | BJ44: 70 | BK44: 70 | BL44: 70 | BM44: {=INDEX(_xlfn.ANCHORARRAY(_xlfn.XLOOKUP($D44,'-ref_Distribution'!$B$117:$B$121,'-ref_Distribution'!$G$117:$G$121)),RIGHT(BM$1,2))} -> 0 | BN44: {=INDEX(_xlfn.ANCHORARRAY(_xlfn.XLOOKUP($D44,'-ref_Distribution'!$B$117:$B$121,'-ref_Distribution'!$G$117:$G$121)),RIGHT(BN$1,2))} -> 0 | BO44: {=INDEX(_xlfn.ANCHORARRAY(_xlfn.XLOOKUP($D44,'-ref_Distribution'!$B$117:$B$121,'-ref_Distribution'!$G$117:$G$121)),RIGHT(BO$1,2))} -> 1 | BP44: {=INDEX(_xlfn.ANCHORARRAY(_xlfn.XLOOKUP($D44,'-ref_Distribution'!$B$117:$B$121,'-ref_Distribution'!$G$117:$G$121)),RIGHT(BP$1,2))} -> 3 | BQ44: {=INDEX(_xlfn.ANCHORARRAY(_xlfn.XLOOKUP($D44,'-ref_Distribution'!$B$117:$B$121,'-ref_Distribution'!$G$117:$G$121)),RIGHT(BQ$1,2))} -> 6 | BR44: {=INDEX(_xlfn.ANCHORARRAY(_xlfn.XLOOKUP($D44,'-ref_Distribution'!$B$117:$B$121,'-ref_Distribution'!$G$117:$G$121)),RIGHT(BR$1,2))} -> 8 | BS44: {=INDEX(_xlfn.ANCHORARRAY(_xlfn.XLOOKUP($D44,'-ref_Distribution'!$B$117:$B$121,'-ref_Distribution'!$G$117:$G$121)),RIGHT(BS$1,2))} -> 9 | BT44: {=INDEX(_xlfn.ANCHORARRAY(_xlfn.XLOOKUP($D44,'-ref_Distribution'!$B$117:$B$121,'-ref_Distribution'!$G$117:$G$121)),RIGHT(BT$1,2))} -> 10 | ... CF44: {=INDEX(_xlfn.ANCHORARRAY(_xlfn.XLOOKUP($D44,'-ref_Distribution'!$B$117:$B$121,'-ref_Distribution'!$G$117:$G$121)),RIGHT(CF$1,2))} -> 17
A45: 13201044 | B45: 转轮机枪Lv.4 | C45: 远程 | D45: 4 | E45: 0 | F45: 0 | G45: 0 | H45: 0 | I45: 0 | J45: 0 | K45: 0 | L45: 0 | M45: 0 | N45: 0 | O45: 25 | P45: 25 | Q45: 25 | R45: 25 | S45: 25 | T45: 120 | U45: 120 | V45: 120 | W45: 120 | X45: 120 | Y45: 0 | Z45: 0 | AA45: 0 | AB45: 0 | AC45: 0 | AD45: 0 | AE45: 0 | AF45: 0 | AG45: 0 | AH45: 0 | AI45: 25 | AJ45: 25 | AK45: 25 | AL45: 25 | AM45: 25 | AN45: 120 | AO45: 120 | AP45: 120 | AQ45: 120 | AR45: 120 | AS45: 0 | AT45: 0 | AU45: 0 | AV45: 0 | AW45: 0 | AX45: 0 | AY45: 0 | AZ45: 0 | BA45: 0 | BB45: 0 | BC45: 25 | BD45: 25 | BE45: 25 | BF45: 25 | BG45: 25 | BH45: 120 | BI45: 120 | BJ45: 120 | BK45: 120 | BL45: 120 | BM45: {=INDEX(_xlfn.ANCHORARRAY(_xlfn.XLOOKUP($D45,'-ref_Distribution'!$B$117:$B$121,'-ref_Distribution'!$G$117:$G$121)),RIGHT(BM$1,2))} -> 0 | BN45: {=INDEX(_xlfn.ANCHORARRAY(_xlfn.XLOOKUP($D45,'-ref_Distribution'!$B$117:$B$121,'-ref_Distribution'!$G$117:$G$121)),RIGHT(BN$1,2))} -> 0 | BO45: {=INDEX(_xlfn.ANCHORARRAY(_xlfn.XLOOKUP($D45,'-ref_Distribution'!$B$117:$B$121,'-ref_Distribution'!$G$117:$G$121)),RIGHT(BO$1,2))} -> 0 | BP45: {=INDEX(_xlfn.ANCHORARRAY(_xlfn.XLOOKUP($D45,'-ref_Distribution'!$B$117:$B$121,'-ref_Distribution'!$G$117:$G$121)),RIGHT(BP$1,2))} -> 0 | BQ45: {=INDEX(_xlfn.ANCHORARRAY(_xlfn.XLOOKUP($D45,'-ref_Distribution'!$B$117:$B$121,'-ref_Distribution'!$G$117:$G$121)),RIGHT(BQ$1,2))} -> 1 | BR45: {=INDEX(_xlfn.ANCHORARRAY(_xlfn.XLOOKUP($D45,'-ref_Distribution'!$B$117:$B$121,'-ref_Distribution'!$G$117:$G$121)),RIGHT(BR$1,2))} -> 2 | BS45: {=INDEX(_xlfn.ANCHORARRAY(_xlfn.XLOOKUP($D45,'-ref_Distribution'!$B$117:$B$121,'-ref_Distribution'!$G$117:$G$121)),RIGHT(BS$1,2))} -> 3 | BT45: {=INDEX(_xlfn.ANCHORARRAY(_xlfn.XLOOKUP($D45,'-ref_Distribution'!$B$117:$B$121,'-ref_Distribution'!$G$117:$G$121)),RIGHT(BT$1,2))} -> 4 | ... CF45: {=INDEX(_xlfn.ANCHORARRAY(_xlfn.XLOOKUP($D45,'-ref_Distribution'!$B$117:$B$121,'-ref_Distribution'!$G$117:$G$121)),RIGHT(CF$1,2))} -> 10
A46: 1320105 | B46: 机关箭匣 | C46: 远程 | E46: 0 | F46: 0 | G46: 25 | H46: 25 | I46: 25 | J46: 100 | K46: 100 | L46: 100 | M46: 100 | N46: 100 | O46: 50 | P46: 50 | Q46: 50 | R46: 50 | S46: 50 | T46: 20 | U46: 20 | V46: 20 | W46: 20 | X46: 20 | Y46: 0 | Z46: 0 | AA46: 25 | AB46: 25 | AC46: 25 | AD46: 100 | AE46: 100 | AF46: 100 | AG46: 100 | AH46: 100 | AI46: 50 | AJ46: 50 | AK46: 50 | AL46: 50 | AM46: 50 | AN46: 20 | AO46: 20 | AP46: 20 | AQ46: 20 | AR46: 20 | AS46: 0 | AT46: 0 | AU46: 25 | AV46: 25 | AW46: 25 | AX46: 100 | AY46: 100 | AZ46: 100 | BA46: 100 | BB46: 100 | BC46: 50 | BD46: 50 | BE46: 50 | BF46: 50 | BG46: 50 | BH46: 20 | BI46: 20 | BJ46: 20 | BK46: 20 | BL46: 20
A47: 1320106 | B47: 火箭爆弹 | C47: 远程 | E47: 0 | F47: 0 | G47: 0 | H47: 0 | I47: 0 | J47: 0 | K47: 0 | L47: 0 | M47: 0 | N47: 0 | O47: 0 | P47: 0 | Q47: 0 | R47: 0 | S47: 0 | T47: 0 | U47: 0 | V47: 0 | W47: 0 | X47: 0 | Y47: 0 | Z47: 0 | AA47: 0 | AB47: 0 | AC47: 0 | AD47: 0 | AE47: 0 | AF47: 0 | AG47: 0 | AH47: 0 | AI47: 0 | AJ47: 0 | AK47: 0 | AL47: 0 | AM47: 0 | AN47: 0 | AO47: 0 | AP47: 0 | AQ47: 0 | AR47: 0 | AS47: 0 | AT47: 0 | AU47: 0 | AV47: 0 | AW47: 0 | AX47: 0 | AY47: 0 | AZ47: 0 | BA47: 0 | BB47: 0 | BC47: 0 | BD47: 0 | BE47: 0 | BF47: 0 | BG47: 0 | BH47: 0 | BI47: 0 | BJ47: 0 | BK47: 0 | BL47: 0
A48: 1320107 | B48: 土制火箭爆弹 | C48: 远程 | E48: 0 | F48: 0 | G48: 0 | H48: 0 | I48: 0 | J48: 0 | K48: 0 | L48: 0 | M48: 0 | N48: 0 | O48: 0 | P48: 0 | Q48: 0 | R48: 0 | S48: 0 | T48: 0 | U48: 0 | V48: 0 | W48: 0 | X48: 0 | Y48: 0 | Z48: 0 | AA48: 0 | AB48: 0 | AC48: 0 | AD48: 0 | AE48: 0 | AF48: 0 | AG48: 0 | AH48: 0 | AI48: 0 | AJ48: 0 | AK48: 0 | AL48: 0 | AM48: 0 | AN48: 0 | AO48: 0 | AP48: 0 | AQ48: 0 | AR48: 0 | AS48: 0 | AT48: 0 | AU48: 0 | AV48: 0 | AW48: 0 | AX48: 0 | AY48: 0 | AZ48: 0 | BA48: 0 | BB48: 0 | BC48: 0 | BD48: 0 | BE48: 0 | BF48: 0 | BG48: 0 | BH48: 0 | BI48: 0 | BJ48: 0 | BK48: 0 | BL48: 0
A49: 1320108 | B49: 单发火枪 | C49: 远程 | E49: 25 | F49: 25 | G49: 100 | H49: 100 | I49: 100 | J49: 50 | K49: 50 | L49: 50 | M49: 50 | N49: 50 | O49: 20 | P49: 20 | Q49: 20 | R49: 20 | S49: 20 | T49: 10 | U49: 10 | V49: 10 | W49: 10 | X49: 10 | Y49: 25 | Z49: 25 | AA49: 100 | AB49: 100 | AC49: 100 | AD49: 50 | AE49: 50 | AF49: 50 | AG49: 50 | AH49: 50 | AI49: 20 | AJ49: 20 | AK49: 20 | AL49: 20 | AM49: 20 | AN49: 10 | AO49: 10 | AP49: 10 | AQ49: 10 | AR49: 10 | AS49: 25 | AT49: 25 | AU49: 100 | AV49: 100 | AW49: 100 | AX49: 50 | AY49: 50 | AZ49: 50 | BA49: 50 | BB49: 50 | BC49: 20 | BD49: 20 | BE49: 20 | BF49: 20 | BG49: 20 | BH49: 10 | BI49: 10 | BJ49: 10 | BK49: 10 | BL49: 10
A50: 1320109 | B50: 命运手枪 | C50: 远程 | E50: 0 | F50: 0 | G50: 0 | H50: 0 | I50: 0 | J50: 0 | K50: 0 | L50: 0 | M50: 0 | N50: 0 | O50: 0 | P50: 0 | Q50: 0 | R50: 0 | S50: 0 | T50: 0 | U50: 0 | V50: 0 | W50: 0 | X50: 0 | Y50: 0 | Z50: 0 | AA50: 0 | AB50: 0 | AC50: 0 | AD50: 0 | AE50: 0 | AF50: 0 | AG50: 0 | AH50: 0 | AI50: 0 | AJ50: 0 | AK50: 0 | AL50: 0 | AM50: 0 | AN50: 0 | AO50: 0 | AP50: 0 | AQ50: 0 | AR50: 0 | AS50: 0 | AT50: 0 | AU50: 0 | AV50: 0 | AW50: 0 | AX50: 0 | AY50: 0 | AZ50: 0 | BA50: 0 | BB50: 0 | BC50: 0 | BD50: 0 | BE50: 0 | BF50: 0 | BG50: 0 | BH50: 0 | BI50: 0 | BJ50: 0 | BK50: 0 | BL50: 0
A51: 1320110 | B51: 静心猎人火枪 | C51: 远程 | E51: 0 | F51: 0 | G51: 0 | H51: 0 | I51: 0 | J51: 0 | K51: 0 | L51: 0 | M51: 0 | N51: 0 | O51: 0 | P51: 0 | Q51: 0 | R51: 0 | S51: 0 | T51: 0 | U51: 0 | V51: 0 | W51: 0 | X51: 0 | Y51: 0 | Z51: 0 | AA51: 0 | AB51: 0 | AC51: 0 | AD51: 0 | AE51: 0 | AF51: 0 | AG51: 0 | AH51: 0 | AI51: 0 | AJ51: 0 | AK51: 0 | AL51: 0 | AM51: 0 | AN51: 0 | AO51: 0 | AP51: 0 | AQ51: 0 | AR51: 0 | AS51: 0 | AT51: 0 | AU51: 0 | AV51: 0 | AW51: 0 | AX51: 0 | AY51: 0 | AZ51: 0 | BA51: 0 | BB51: 0 | BC51: 0 | BD51: 0 | BE51: 0 | BF51: 0 | BG51: 0 | BH51: 0 | BI51: 0 | BJ51: 0 | BK51: 0 | BL51: 0
A52: 1320111 | B52: 轻机枪 | C52: 远程 | E52: 0 | F52: 0 | G52: 25 | H52: 25 | I52: 25 | J52: 100 | K52: 100 | L52: 100 | M52: 100 | N52: 100 | O52: 50 | P52: 50 | Q52: 50 | R52: 50 | S52: 50 | T52: 20 | U52: 20 | V52: 20 | W52: 20 | X52: 20 | Y52: 0 | Z52: 0 | AA52: 25 | AB52: 25 | AC52: 25 | AD52: 100 | AE52: 100 | AF52: 100 | AG52: 100 | AH52: 100 | AI52: 50 | AJ52: 50 | AK52: 50 | AL52: 50 | AM52: 50 | AN52: 20 | AO52: 20 | AP52: 20 | AQ52: 20 | AR52: 20 | AS52: 0 | AT52: 0 | AU52: 25 | AV52: 25 | AW52: 25 | AX52: 100 | AY52: 100 | AZ52: 100 | BA52: 100 | BB52: 100 | BC52: 50 | BD52: 50 | BE52: 50 | BF52: 50 | BG52: 50 | BH52: 20 | BI52: 20 | BJ52: 20 | BK52: 20 | BL52: 20
A53: 1320112 | B53: 左轮手枪(模板) | C53: 远程 | D53: 模板
A54: 13201120 | B54: 左轮Lv.0 | C54: 远程 | D54: 0 | E54: 100 | F54: 100 | G54: 50 | H54: 50 | I54: 50 | J54: 10 | K54: 10 | L54: 10 | M54: 10 | N54: 10 | O54: 5 | P54: 5 | Q54: 5 | R54: 5 | S54: 5 | T54: 3 | U54: 3 | V54: 3 | W54: 3 | X54: 3 | Y54: 100 | Z54: 100 | AA54: 50 | AB54: 50 | AC54: 50 | AD54: 10 | AE54: 10 | AF54: 10 | AG54: 10 | AH54: 10 | AI54: 5 | AJ54: 5 | AK54: 5 | AL54: 5 | AM54: 5 | AN54: 3 | AO54: 3 | AP54: 3 | AQ54: 3 | AR54: 3 | AS54: 100 | AT54: 100 | AU54: 50 | AV54: 50 | AW54: 50 | AX54: 10 | AY54: 10 | AZ54: 10 | BA54: 10 | BB54: 10 | BC54: 5 | BD54: 5 | BE54: 5 | BF54: 5 | BG54: 5 | BH54: 3 | BI54: 3 | BJ54: 3 | BK54: 3 | BL54: 3 | BM54: {=INDEX(_xlfn.ANCHORARRAY(_xlfn.XLOOKUP($D54,'-ref_Distribution'!$B$117:$B$121,'-ref_Distribution'!$G$117:$G$121)),RIGHT(BM$1,2))} -> 130 | BN54: {=INDEX(_xlfn.ANCHORARRAY(_xlfn.XLOOKUP($D54,'-ref_Distribution'!$B$117:$B$121,'-ref_Distribution'!$G$117:$G$121)),RIGHT(BN$1,2))} -> 84 | BO54: {=INDEX(_xlfn.ANCHORARRAY(_xlfn.XLOOKUP($D54,'-ref_Distribution'!$B$117:$B$121,'-ref_Distribution'!$G$117:$G$121)),RIGHT(BO$1,2))} -> 65 | BP54: {=INDEX(_xlfn.ANCHORARRAY(_xlfn.XLOOKUP($D54,'-ref_Distribution'!$B$117:$B$121,'-ref_Distribution'!$G$117:$G$121)),RIGHT(BP$1,2))} -> 54 | BQ54: {=INDEX(_xlfn.ANCHORARRAY(_xlfn.XLOOKUP($D54,'-ref_Distribution'!$B$117:$B$121,'-ref_Distribution'!$G$117:$G$121)),RIGHT(BQ$1,2))} -> 47 | BR54: {=INDEX(_xlfn.ANCHORARRAY(_xlfn.XLOOKUP($D54,'-ref_Distribution'!$B$117:$B$121,'-ref_Distribution'!$G$117:$G$121)),RIGHT(BR$1,2))} -> 41 | BS54: {=INDEX(_xlfn.ANCHORARRAY(_xlfn.XLOOKUP($D54,'-ref_Distribution'!$B$117:$B$121,'-ref_Distribution'!$G$117:$G$121)),RIGHT(BS$1,2))} -> 38 | BT54: {=INDEX(_xlfn.ANCHORARRAY(_xlfn.XLOOKUP($D54,'-ref_Distribution'!$B$117:$B$121,'-ref_Distribution'!$G$117:$G$121)),RIGHT(BT$1,2))} -> 34 | ... CF54: {=INDEX(_xlfn.ANCHORARRAY(_xlfn.XLOOKUP($D54,'-ref_Distribution'!$B$117:$B$121,'-ref_Distribution'!$G$117:$G$121)),RIGHT(CF$1,2))} -> 18
A55: 13201121 | B55: 左轮Lv.1 | C55: 远程 | D55: 1 | E55: 25 | F55: 25 | G55: 100 | H55: 100 | I55: 100 | J55: 50 | K55: 50 | L55: 50 | M55: 50 | N55: 50 | O55: 20 | P55: 20 | Q55: 20 | R55: 20 | S55: 20 | T55: 10 | U55: 10 | V55: 10 | W55: 10 | X55: 10 | Y55: 25 | Z55: 25 | AA55: 100 | AB55: 100 | AC55: 100 | AD55: 50 | AE55: 50 | AF55: 50 | AG55: 50 | AH55: 50 | AI55: 20 | AJ55: 20 | AK55: 20 | AL55: 20 | AM55: 20 | AN55: 10 | AO55: 10 | AP55: 10 | AQ55: 10 | AR55: 10 | AS55: 25 | AT55: 25 | AU55: 100 | AV55: 100 | AW55: 100 | AX55: 50 | AY55: 50 | AZ55: 50 | BA55: 50 | BB55: 50 | BC55: 20 | BD55: 20 | BE55: 20 | BF55: 20 | BG55: 20 | BH55: 10 | BI55: 10 | BJ55: 10 | BK55: 10 | BL55: 10 | BM55: {=INDEX(_xlfn.ANCHORARRAY(_xlfn.XLOOKUP($D55,'-ref_Distribution'!$B$117:$B$121,'-ref_Distribution'!$G$117:$G$121)),RIGHT(BM$1,2))} -> 78 | BN55: {=INDEX(_xlfn.ANCHORARRAY(_xlfn.XLOOKUP($D55,'-ref_Distribution'!$B$117:$B$121,'-ref_Distribution'!$G$117:$G$121)),RIGHT(BN$1,2))} -> 72 | BO55: {=INDEX(_xlfn.ANCHORARRAY(_xlfn.XLOOKUP($D55,'-ref_Distribution'!$B$117:$B$121,'-ref_Distribution'!$G$117:$G$121)),RIGHT(BO$1,2))} -> 66 | BP55: {=INDEX(_xlfn.ANCHORARRAY(_xlfn.XLOOKUP($D55,'-ref_Distribution'!$B$117:$B$121,'-ref_Distribution'!$G$117:$G$121)),RIGHT(BP$1,2))} -> 61 | BQ55: {=INDEX(_xlfn.ANCHORARRAY(_xlfn.XLOOKUP($D55,'-ref_Distribution'!$B$117:$B$121,'-ref_Distribution'!$G$117:$G$121)),RIGHT(BQ$1,2))} -> 58 | BR55: {=INDEX(_xlfn.ANCHORARRAY(_xlfn.XLOOKUP($D55,'-ref_Distribution'!$B$117:$B$121,'-ref_Distribution'!$G$117:$G$121)),RIGHT(BR$1,2))} -> 55 | BS55: {=INDEX(_xlfn.ANCHORARRAY(_xlfn.XLOOKUP($D55,'-ref_Distribution'!$B$117:$B$121,'-ref_Distribution'!$G$117:$G$121)),RIGHT(BS$1,2))} -> 52 | BT55: {=INDEX(_xlfn.ANCHORARRAY(_xlfn.XLOOKUP($D55,'-ref_Distribution'!$B$117:$B$121,'-ref_Distribution'!$G$117:$G$121)),RIGHT(BT$1,2))} -> 50 | ... CF55: {=INDEX(_xlfn.ANCHORARRAY(_xlfn.XLOOKUP($D55,'-ref_Distribution'!$B$117:$B$121,'-ref_Distribution'!$G$117:$G$121)),RIGHT(CF$1,2))} -> 38
A56: 13201122 | B56: 左轮Lv.2 | C56: 远程 | D56: 2 | E56: 0 | F56: 0 | G56: 25 | H56: 25 | I56: 25 | J56: 100 | K56: 100 | L56: 100 | M56: 100 | N56: 100 | O56: 50 | P56: 50 | Q56: 50 | R56: 50 | S56: 50 | T56: 20 | U56: 20 | V56: 20 | W56: 20 | X56: 20 | Y56: 0 | Z56: 0 | AA56: 25 | AB56: 25 | AC56: 25 | AD56: 100 | AE56: 100 | AF56: 100 | AG56: 100 | AH56: 100 | AI56: 50 | AJ56: 50 | AK56: 50 | AL56: 50 | AM56: 50 | AN56: 20 | AO56: 20 | AP56: 20 | AQ56: 20 | AR56: 20 | AS56: 0 | AT56: 0 | AU56: 25 | AV56: 25 | AW56: 25 | AX56: 100 | AY56: 100 | AZ56: 100 | BA56: 100 | BB56: 100 | BC56: 50 | BD56: 50 | BE56: 50 | BF56: 50 | BG56: 50 | BH56: 20 | BI56: 20 | BJ56: 20 | BK56: 20 | BL56: 20 | BM56: {=INDEX(_xlfn.ANCHORARRAY(_xlfn.XLOOKUP($D56,'-ref_Distribution'!$B$117:$B$121,'-ref_Distribution'!$G$117:$G$121)),RIGHT(BM$1,2))} -> 0 | BN56: {=INDEX(_xlfn.ANCHORARRAY(_xlfn.XLOOKUP($D56,'-ref_Distribution'!$B$117:$B$121,'-ref_Distribution'!$G$117:$G$121)),RIGHT(BN$1,2))} -> 5 | BO56: {=INDEX(_xlfn.ANCHORARRAY(_xlfn.XLOOKUP($D56,'-ref_Distribution'!$B$117:$B$121,'-ref_Distribution'!$G$117:$G$121)),RIGHT(BO$1,2))} -> 12 | BP56: {=INDEX(_xlfn.ANCHORARRAY(_xlfn.XLOOKUP($D56,'-ref_Distribution'!$B$117:$B$121,'-ref_Distribution'!$G$117:$G$121)),RIGHT(BP$1,2))} -> 16 | BQ56: {=INDEX(_xlfn.ANCHORARRAY(_xlfn.XLOOKUP($D56,'-ref_Distribution'!$B$117:$B$121,'-ref_Distribution'!$G$117:$G$121)),RIGHT(BQ$1,2))} -> 19 | BR56: {=INDEX(_xlfn.ANCHORARRAY(_xlfn.XLOOKUP($D56,'-ref_Distribution'!$B$117:$B$121,'-ref_Distribution'!$G$117:$G$121)),RIGHT(BR$1,2))} -> 22 | BS56: {=INDEX(_xlfn.ANCHORARRAY(_xlfn.XLOOKUP($D56,'-ref_Distribution'!$B$117:$B$121,'-ref_Distribution'!$G$117:$G$121)),RIGHT(BS$1,2))} -> 23 | BT56: {=INDEX(_xlfn.ANCHORARRAY(_xlfn.XLOOKUP($D56,'-ref_Distribution'!$B$117:$B$121,'-ref_Distribution'!$G$117:$G$121)),RIGHT(BT$1,2))} -> 25 | ... CF56: {=INDEX(_xlfn.ANCHORARRAY(_xlfn.XLOOKUP($D56,'-ref_Distribution'!$B$117:$B$121,'-ref_Distribution'!$G$117:$G$121)),RIGHT(CF$1,2))} -> 31
A57: 1320113 | B57: 猎龙弩炮 | C57: 远程 | E57: 0 | F57: 0 | G57: 0 | H57: 0 | I57: 0 | J57: 25 | K57: 25 | L57: 25 | M57: 25 | N57: 25 | O57: 100 | P57: 100 | Q57: 100 | R57: 100 | S57: 100 | T57: 70 | U57: 70 | V57: 70 | W57: 70 | X57: 70 | Y57: 0 | Z57: 0 | AA57: 0 | AB57: 0 | AC57: 0 | AD57: 25 | AE57: 25 | AF57: 25 | AG57: 25 | AH57: 25 | AI57: 100 | AJ57: 100 | AK57: 100 | AL57: 100 | AM57: 100 | AN57: 70 | AO57: 70 | AP57: 70 | AQ57: 70 | AR57: 70 | AS57: 0 | AT57: 0 | AU57: 0 | AV57: 0 | AW57: 0 | AX57: 25 | AY57: 25 | AZ57: 25 | BA57: 25 | BB57: 25 | BC57: 100 | BD57: 100 | BE57: 100 | BF57: 100 | BG57: 100 | BH57: 70 | BI57: 70 | BJ57: 70 | BK57: 70 | BL57: 70
A58: 1320114 | B58: 车载投石器 | C58: 远程 | E58: 0 | F58: 0 | G58: 0 | H58: 0 | I58: 0 | J58: 25 | K58: 25 | L58: 25 | M58: 25 | N58: 25 | O58: 100 | P58: 100 | Q58: 100 | R58: 100 | S58: 100 | T58: 70 | U58: 70 | V58: 70 | W58: 70 | X58: 70 | Y58: 0 | Z58: 0 | AA58: 0 | AB58: 0 | AC58: 0 | AD58: 25 | AE58: 25 | AF58: 25 | AG58: 25 | AH58: 25 | AI58: 100 | AJ58: 100 | AK58: 100 | AL58: 100 | AM58: 100 | AN58: 70 | AO58: 70 | AP58: 70 | AQ58: 70 | AR58: 70 | AS58: 0 | AT58: 0 | AU58: 0 | AV58: 0 | AW58: 0 | AX58: 25 | AY58: 25 | AZ58: 25 | BA58: 25 | BB58: 25 | BC58: 100 | BD58: 100 | BE58: 100 | BF58: 100 | BG58: 100 | BH58: 70 | BI58: 70 | BJ58: 70 | BK58: 70 | BL58: 70
A59: 1320115 | B59: 滚木 | C59: 远程 | E59: 0 | F59: 0 | G59: 0 | H59: 0 | I59: 0 | J59: 25 | K59: 25 | L59: 25 | M59: 25 | N59: 25 | O59: 100 | P59: 100 | Q59: 100 | R59: 100 | S59: 100 | T59: 70 | U59: 70 | V59: 70 | W59: 70 | X59: 70 | Y59: 0 | Z59: 0 | AA59: 0 | AB59: 0 | AC59: 0 | AD59: 25 | AE59: 25 | AF59: 25 | AG59: 25 | AH59: 25 | AI59: 100 | AJ59: 100 | AK59: 100 | AL59: 100 | AM59: 100 | AN59: 70 | AO59: 70 | AP59: 70 | AQ59: 70 | AR59: 70 | AS59: 0 | AT59: 0 | AU59: 0 | AV59: 0 | AW59: 0 | AX59: 25 | AY59: 25 | AZ59: 25 | BA59: 25 | BB59: 25 | BC59: 100 | BD59: 100 | BE59: 100 | BF59: 100 | BG59: 100 | BH59: 70 | BI59: 70 | BJ59: 70 | BK59: 70 | BL59: 70
A60: 1321101 | B60: 镇暴左轮 | C60: 远程 | E60: 0 | F60: 0 | G60: 0 | H60: 0 | I60: 0 | J60: 0 | K60: 0 | L60: 0 | M60: 0 | N60: 0 | O60: 0 | P60: 0 | Q60: 0 | R60: 0 | S60: 0 | T60: 0 | U60: 0 | V60: 0 | W60: 0 | X60: 0 | Y60: 0 | Z60: 0 | AA60: 0 | AB60: 0 | AC60: 0 | AD60: 0 | AE60: 0 | AF60: 0 | AG60: 0 | AH60: 0 | AI60: 0 | AJ60: 0 | AK60: 0 | AL60: 0 | AM60: 0 | AN60: 0 | AO60: 0 | AP60: 0 | AQ60: 0 | AR60: 0 | AS60: 0 | AT60: 0 | AU60: 0 | AV60: 0 | AW60: 0 | AX60: 0 | AY60: 0 | AZ60: 0 | BA60: 0 | BB60: 0 | BC60: 0 | BD60: 0 | BE60: 0 | BF60: 0 | BG60: 0 | BH60: 0 | BI60: 0 | BJ60: 0 | BK60: 0 | BL60: 0
A61: 1321102 | B61: 镇暴霰弹枪 | C61: 远程 | E61: 0 | F61: 0 | G61: 0 | H61: 0 | I61: 0 | J61: 0 | K61: 0 | L61: 0 | M61: 0 | N61: 0 | O61: 0 | P61: 0 | Q61: 0 | R61: 0 | S61: 0 | T61: 0 | U61: 0 | V61: 0 | W61: 0 | X61: 0 | Y61: 0 | Z61: 0 | AA61: 0 | AB61: 0 | AC61: 0 | AD61: 0 | AE61: 0 | AF61: 0 | AG61: 0 | AH61: 0 | AI61: 0 | AJ61: 0 | AK61: 0 | AL61: 0 | AM61: 0 | AN61: 0 | AO61: 0 | AP61: 0 | AQ61: 0 | AR61: 0 | AS61: 0 | AT61: 0 | AU61: 0 | AV61: 0 | AW61: 0 | AX61: 0 | AY61: 0 | AZ61: 0 | BA61: 0 | BB61: 0 | BC61: 0 | BD61: 0 | BE61: 0 | BF61: 0 | BG61: 0 | BH61: 0 | BI61: 0 | BJ61: 0 | BK61: 0 | BL61: 0
A63: 1330101 | B63: 龙头喷火器 | C63: 特殊 | D63: 模板
A64: 13301012 | B64: 龙头喷火器 Lv.2 | C64: 特殊 | D64: 2 | E64: 0 | F64: 0 | G64: 0 | H64: 0 | I64: 12 | J64: 12 | K64: 12 | L64: 30 | M64: 30 | N64: 30 | O64: 60 | P64: 60 | Q64: 60 | R64: 60 | S64: 50 | T64: 50 | U64: 25 | V64: 25 | W64: 10 | X64: 10 | Y64: 0 | Z64: 0 | AA64: 0 | AB64: 0 | AC64: 12 | AD64: 12 | AE64: 12 | AF64: 30 | AG64: 30 | AH64: 30 | AI64: 60 | AJ64: 60 | AK64: 60 | AL64: 60 | AM64: 50 | AN64: 50 | AO64: 25 | AP64: 25 | AQ64: 10 | AR64: 10 | AS64: 0 | AT64: 0 | AU64: 0 | AV64: 0 | AW64: 12 | AX64: 12 | AY64: 12 | AZ64: 30 | BA64: 30 | BB64: 30 | BC64: 60 | BD64: 60 | BE64: 60 | BF64: 60 | BG64: 50 | BH64: 50 | BI64: 25 | BJ64: 25 | BK64: 10 | BL64: 10 | BM64: {=INDEX(_xlfn.ANCHORARRAY(_xlfn.XLOOKUP($D64,'-ref_Distribution'!$B$117:$B$121,'-ref_Distribution'!$G$117:$G$121)),RIGHT(BM$1,2))} -> 0 | BN64: {=INDEX(_xlfn.ANCHORARRAY(_xlfn.XLOOKUP($D64,'-ref_Distribution'!$B$117:$B$121,'-ref_Distribution'!$G$117:$G$121)),RIGHT(BN$1,2))} -> 5 | BO64: {=INDEX(_xlfn.ANCHORARRAY(_xlfn.XLOOKUP($D64,'-ref_Distribution'!$B$117:$B$121,'-ref_Distribution'!$G$117:$G$121)),RIGHT(BO$1,2))} -> 12 | BP64: {=INDEX(_xlfn.ANCHORARRAY(_xlfn.XLOOKUP($D64,'-ref_Distribution'!$B$117:$B$121,'-ref_Distribution'!$G$117:$G$121)),RIGHT(BP$1,2))} -> 16 | BQ64: {=INDEX(_xlfn.ANCHORARRAY(_xlfn.XLOOKUP($D64,'-ref_Distribution'!$B$117:$B$121,'-ref_Distribution'!$G$117:$G$121)),RIGHT(BQ$1,2))} -> 19 | BR64: {=INDEX(_xlfn.ANCHORARRAY(_xlfn.XLOOKUP($D64,'-ref_Distribution'!$B$117:$B$121,'-ref_Distribution'!$G$117:$G$121)),RIGHT(BR$1,2))} -> 22 | BS64: {=INDEX(_xlfn.ANCHORARRAY(_xlfn.XLOOKUP($D64,'-ref_Distribution'!$B$117:$B$121,'-ref_Distribution'!$G$117:$G$121)),RIGHT(BS$1,2))} -> 23 | BT64: {=INDEX(_xlfn.ANCHORARRAY(_xlfn.XLOOKUP($D64,'-ref_Distribution'!$B$117:$B$121,'-ref_Distribution'!$G$117:$G$121)),RIGHT(BT$1,2))} -> 25 | ... CF64: {=INDEX(_xlfn.ANCHORARRAY(_xlfn.XLOOKUP($D64,'-ref_Distribution'!$B$117:$B$121,'-ref_Distribution'!$G$117:$G$121)),RIGHT(CF$1,2))} -> 31
A65: 13301013 | B65: 龙头喷火器 Lv.3 | C65: 特殊 | D65: 3 | E65: 0 | F65: 0 | G65: 0 | H65: 0 | I65: 0 | J65: 0 | K65: 0 | L65: 12 | M65: 12 | N65: 12 | O65: 30 | P65: 30 | Q65: 30 | R65: 60 | S65: 60 | T65: 60 | U65: 60 | V65: 50 | W65: 50 | X65: 25 | Y65: 0 | Z65: 0 | AA65: 0 | AB65: 0 | AC65: 0 | AD65: 0 | AE65: 0 | AF65: 12 | AG65: 12 | AH65: 12 | AI65: 30 | AJ65: 30 | AK65: 30 | AL65: 60 | AM65: 60 | AN65: 60 | AO65: 60 | AP65: 50 | AQ65: 50 | AR65: 25 | AS65: 0 | AT65: 0 | AU65: 0 | AV65: 0 | AW65: 0 | AX65: 0 | AY65: 0 | AZ65: 12 | BA65: 12 | BB65: 12 | BC65: 30 | BD65: 30 | BE65: 30 | BF65: 60 | BG65: 60 | BH65: 60 | BI65: 60 | BJ65: 50 | BK65: 50 | BL65: 25 | BM65: {=INDEX(_xlfn.ANCHORARRAY(_xlfn.XLOOKUP($D65,'-ref_Distribution'!$B$117:$B$121,'-ref_Distribution'!$G$117:$G$121)),RIGHT(BM$1,2))} -> 0 | BN65: {=INDEX(_xlfn.ANCHORARRAY(_xlfn.XLOOKUP($D65,'-ref_Distribution'!$B$117:$B$121,'-ref_Distribution'!$G$117:$G$121)),RIGHT(BN$1,2))} -> 0 | BO65: {=INDEX(_xlfn.ANCHORARRAY(_xlfn.XLOOKUP($D65,'-ref_Distribution'!$B$117:$B$121,'-ref_Distribution'!$G$117:$G$121)),RIGHT(BO$1,2))} -> 1 | BP65: {=INDEX(_xlfn.ANCHORARRAY(_xlfn.XLOOKUP($D65,'-ref_Distribution'!$B$117:$B$121,'-ref_Distribution'!$G$117:$G$121)),RIGHT(BP$1,2))} -> 3 | BQ65: {=INDEX(_xlfn.ANCHORARRAY(_xlfn.XLOOKUP($D65,'-ref_Distribution'!$B$117:$B$121,'-ref_Distribution'!$G$117:$G$121)),RIGHT(BQ$1,2))} -> 6 | BR65: {=INDEX(_xlfn.ANCHORARRAY(_xlfn.XLOOKUP($D65,'-ref_Distribution'!$B$117:$B$121,'-ref_Distribution'!$G$117:$G$121)),RIGHT(BR$1,2))} -> 8 | BS65: {=INDEX(_xlfn.ANCHORARRAY(_xlfn.XLOOKUP($D65,'-ref_Distribution'!$B$117:$B$121,'-ref_Distribution'!$G$117:$G$121)),RIGHT(BS$1,2))} -> 9 | BT65: {=INDEX(_xlfn.ANCHORARRAY(_xlfn.XLOOKUP($D65,'-ref_Distribution'!$B$117:$B$121,'-ref_Distribution'!$G$117:$G$121)),RIGHT(BT$1,2))} -> 10 | ... CF65: {=INDEX(_xlfn.ANCHORARRAY(_xlfn.XLOOKUP($D65,'-ref_Distribution'!$B$117:$B$121,'-ref_Distribution'!$G$117:$G$121)),RIGHT(CF$1,2))} -> 17
A66: 13301014 | B66: 龙头喷火器 Lv.4 | C66: 特殊 | D66: 4 | E66: 0 | F66: 0 | G66: 0 | H66: 0 | I66: 0 | J66: 0 | K66: 0 | L66: 0 | M66: 0 | N66: 0 | O66: 12 | P66: 12 | Q66: 12 | R66: 30 | S66: 30 | T66: 30 | U66: 60 | V66: 60 | W66: 60 | X66: 60 | Y66: 0 | Z66: 0 | AA66: 0 | AB66: 0 | AC66: 0 | AD66: 0 | AE66: 0 | AF66: 0 | AG66: 0 | AH66: 0 | AI66: 12 | AJ66: 12 | AK66: 12 | AL66: 30 | AM66: 30 | AN66: 30 | AO66: 60 | AP66: 60 | AQ66: 60 | AR66: 60 | AS66: 0 | AT66: 0 | AU66: 0 | AV66: 0 | AW66: 0 | AX66: 0 | AY66: 0 | AZ66: 0 | BA66: 0 | BB66: 0 | BC66: 12 | BD66: 12 | BE66: 12 | BF66: 30 | BG66: 30 | BH66: 30 | BI66: 60 | BJ66: 60 | BK66: 60 | BL66: 60 | BM66: {=INDEX(_xlfn.ANCHORARRAY(_xlfn.XLOOKUP($D66,'-ref_Distribution'!$B$117:$B$121,'-ref_Distribution'!$G$117:$G$121)),RIGHT(BM$1,2))} -> 0 | BN66: {=INDEX(_xlfn.ANCHORARRAY(_xlfn.XLOOKUP($D66,'-ref_Distribution'!$B$117:$B$121,'-ref_Distribution'!$G$117:$G$121)),RIGHT(BN$1,2))} -> 0 | BO66: {=INDEX(_xlfn.ANCHORARRAY(_xlfn.XLOOKUP($D66,'-ref_Distribution'!$B$117:$B$121,'-ref_Distribution'!$G$117:$G$121)),RIGHT(BO$1,2))} -> 0 | BP66: {=INDEX(_xlfn.ANCHORARRAY(_xlfn.XLOOKUP($D66,'-ref_Distribution'!$B$117:$B$121,'-ref_Distribution'!$G$117:$G$121)),RIGHT(BP$1,2))} -> 0 | BQ66: {=INDEX(_xlfn.ANCHORARRAY(_xlfn.XLOOKUP($D66,'-ref_Distribution'!$B$117:$B$121,'-ref_Distribution'!$G$117:$G$121)),RIGHT(BQ$1,2))} -> 1 | BR66: {=INDEX(_xlfn.ANCHORARRAY(_xlfn.XLOOKUP($D66,'-ref_Distribution'!$B$117:$B$121,'-ref_Distribution'!$G$117:$G$121)),RIGHT(BR$1,2))} -> 2 | BS66: {=INDEX(_xlfn.ANCHORARRAY(_xlfn.XLOOKUP($D66,'-ref_Distribution'!$B$117:$B$121,'-ref_Distribution'!$G$117:$G$121)),RIGHT(BS$1,2))} -> 3 | BT66: {=INDEX(_xlfn.ANCHORARRAY(_xlfn.XLOOKUP($D66,'-ref_Distribution'!$B$117:$B$121,'-ref_Distribution'!$G$117:$G$121)),RIGHT(BT$1,2))} -> 4 | ... CF66: {=INDEX(_xlfn.ANCHORARRAY(_xlfn.XLOOKUP($D66,'-ref_Distribution'!$B$117:$B$121,'-ref_Distribution'!$G$117:$G$121)),RIGHT(CF$1,2))} -> 10
A67: 1330102 | B67: 慑敌战鼓 | C67: 特殊 | E67: 0 | F67: 0 | G67: 0 | H67: 0 | I67: 0 | J67: 0 | K67: 0 | L67: 0 | M67: 12 | N67: 12 | O67: 30 | P67: 30 | Q67: 30 | R67: 60 | S67: 60 | T67: 60 | U67: 60 | V67: 50 | W67: 50 | X67: 50 | Y67: 0 | Z67: 0 | AA67: 0 | AB67: 0 | AC67: 0 | AD67: 0 | AE67: 0 | AF67: 0 | AG67: 12 | AH67: 12 | AI67: 30 | AJ67: 30 | AK67: 30 | AL67: 60 | AM67: 60 | AN67: 60 | AO67: 60 | AP67: 50 | AQ67: 50 | AR67: 50 | AS67: 0 | AT67: 0 | AU67: 0 | AV67: 0 | AW67: 0 | AX67: 0 | AY67: 0 | AZ67: 0 | BA67: 12 | BB67: 12 | BC67: 30 | BD67: 30 | BE67: 30 | BF67: 60 | BG67: 60 | BH67: 60 | BI67: 60 | BJ67: 50 | BK67: 50 | BL67: 50
A68: 1330103 | B68: 捕兽草 | C68: 特殊 | E68: 0 | F68: 0 | G68: 0 | H68: 0 | I68: 0 | J68: 0 | K68: 0 | L68: 0 | M68: 0 | N68: 0 | O68: 0 | P68: 0 | Q68: 0 | R68: 0 | S68: 0 | T68: 0 | U68: 0 | V68: 0 | W68: 0 | X68: 0 | Y68: 0 | Z68: 0 | AA68: 0 | AB68: 0 | AC68: 0 | AD68: 0 | AE68: 0 | AF68: 0 | AG68: 0 | AH68: 0 | AI68: 0 | AJ68: 0 | AK68: 0 | AL68: 0 | AM68: 0 | AN68: 0 | AO68: 0 | AP68: 0 | AQ68: 0 | AR68: 0 | AS68: 0 | AT68: 0 | AU68: 0 | AV68: 0 | AW68: 0 | AX68: 0 | AY68: 0 | AZ68: 0 | BA68: 0 | BB68: 0 | BC68: 0 | BD68: 0 | BE68: 0 | BF68: 0 | BG68: 0 | BH68: 0 | BI68: 0 | BJ68: 0 | BK68: 0 | BL68: 0
A69: 1330104 | B69: 飞针陀螺 | C69: 特殊 | E69: 0 | F69: 0 | G69: 0 | H69: 0 | I69: 0 | J69: 0 | K69: 0 | L69: 0 | M69: 0 | N69: 0 | O69: 0 | P69: 0 | Q69: 0 | R69: 0 | S69: 0 | T69: 0 | U69: 0 | V69: 0 | W69: 0 | X69: 0 | Y69: 0 | Z69: 0 | AA69: 0 | AB69: 0 | AC69: 0 | AD69: 0 | AE69: 0 | AF69: 0 | AG69: 0 | AH69: 0 | AI69: 0 | AJ69: 0 | AK69: 0 | AL69: 0 | AM69: 0 | AN69: 0 | AO69: 0 | AP69: 0 | AQ69: 0 | AR69: 0 | AS69: 0 | AT69: 0 | AU69: 0 | AV69: 0 | AW69: 0 | AX69: 0 | AY69: 0 | AZ69: 0 | BA69: 0 | BB69: 0 | BC69: 0 | BD69: 0 | BE69: 0 | BF69: 0 | BG69: 0 | BH69: 0 | BI69: 0 | BJ69: 0 | BK69: 0 | BL69: 0
A70: 1330106 | B70: 采矿炸弹 | C70: 特殊 | D70: 模板
A71: 13301060 | B71: 采矿炸弹 Lv.0 | C71: 特殊 | D71: 0 | E71: 12 | F71: 30 | G71: 30 | H71: 30 | I71: 60 | J71: 60 | K71: 60 | L71: 60 | M71: 50 | N71: 50 | O71: 25 | P71: 25 | Q71: 10 | R71: 10 | S71: 0 | T71: 0 | U71: 0 | V71: 0 | W71: 0 | X71: 0 | Y71: 12 | Z71: 30 | AA71: 30 | AB71: 30 | AC71: 60 | AD71: 60 | AE71: 60 | AF71: 60 | AG71: 50 | AH71: 50 | AI71: 25 | AJ71: 25 | AK71: 10 | AL71: 10 | AM71: 0 | AN71: 0 | AO71: 0 | AP71: 0 | AQ71: 0 | AR71: 0 | AS71: 12 | AT71: 30 | AU71: 30 | AV71: 30 | AW71: 60 | AX71: 60 | AY71: 60 | AZ71: 60 | BA71: 50 | BB71: 50 | BC71: 25 | BD71: 25 | BE71: 10 | BF71: 10 | BG71: 0 | BH71: 0 | BI71: 0 | BJ71: 0 | BK71: 0 | BL71: 0 | BM71: {=INDEX(_xlfn.ANCHORARRAY(_xlfn.XLOOKUP($D71,'-ref_Distribution'!$B$117:$B$121,'-ref_Distribution'!$G$117:$G$121)),RIGHT(BM$1,2))} -> 130 | BN71: {=INDEX(_xlfn.ANCHORARRAY(_xlfn.XLOOKUP($D71,'-ref_Distribution'!$B$117:$B$121,'-ref_Distribution'!$G$117:$G$121)),RIGHT(BN$1,2))} -> 84 | BO71: {=INDEX(_xlfn.ANCHORARRAY(_xlfn.XLOOKUP($D71,'-ref_Distribution'!$B$117:$B$121,'-ref_Distribution'!$G$117:$G$121)),RIGHT(BO$1,2))} -> 65 | BP71: {=INDEX(_xlfn.ANCHORARRAY(_xlfn.XLOOKUP($D71,'-ref_Distribution'!$B$117:$B$121,'-ref_Distribution'!$G$117:$G$121)),RIGHT(BP$1,2))} -> 54 | BQ71: {=INDEX(_xlfn.ANCHORARRAY(_xlfn.XLOOKUP($D71,'-ref_Distribution'!$B$117:$B$121,'-ref_Distribution'!$G$117:$G$121)),RIGHT(BQ$1,2))} -> 47 | BR71: {=INDEX(_xlfn.ANCHORARRAY(_xlfn.XLOOKUP($D71,'-ref_Distribution'!$B$117:$B$121,'-ref_Distribution'!$G$117:$G$121)),RIGHT(BR$1,2))} -> 41 | BS71: {=INDEX(_xlfn.ANCHORARRAY(_xlfn.XLOOKUP($D71,'-ref_Distribution'!$B$117:$B$121,'-ref_Distribution'!$G$117:$G$121)),RIGHT(BS$1,2))} -> 38 | BT71: {=INDEX(_xlfn.ANCHORARRAY(_xlfn.XLOOKUP($D71,'-ref_Distribution'!$B$117:$B$121,'-ref_Distribution'!$G$117:$G$121)),RIGHT(BT$1,2))} -> 34 | ... CF71: {=INDEX(_xlfn.ANCHORARRAY(_xlfn.XLOOKUP($D71,'-ref_Distribution'!$B$117:$B$121,'-ref_Distribution'!$G$117:$G$121)),RIGHT(CF$1,2))} -> 18
A72: 13301061 | B72: 采矿炸弹 Lv.1 | C72: 特殊 | D72: 1 | E72: 0 | F72: 12 | G72: 12 | H72: 12 | I72: 30 | J72: 30 | K72: 30 | L72: 60 | M72: 60 | N72: 60 | O72: 60 | P72: 50 | Q72: 50 | R72: 25 | S72: 25 | T72: 10 | U72: 10 | V72: 0 | W72: 0 | X72: 0 | Y72: 0 | Z72: 12 | AA72: 12 | AB72: 12 | AC72: 30 | AD72: 30 | AE72: 30 | AF72: 60 | AG72: 60 | AH72: 60 | AI72: 60 | AJ72: 50 | AK72: 50 | AL72: 25 | AM72: 25 | AN72: 10 | AO72: 10 | AP72: 0 | AQ72: 0 | AR72: 0 | AS72: 0 | AT72: 12 | AU72: 12 | AV72: 12 | AW72: 30 | AX72: 30 | AY72: 30 | AZ72: 60 | BA72: 60 | BB72: 60 | BC72: 60 | BD72: 50 | BE72: 50 | BF72: 25 | BG72: 25 | BH72: 10 | BI72: 10 | BJ72: 0 | BK72: 0 | BL72: 0 | BM72: {=INDEX(_xlfn.ANCHORARRAY(_xlfn.XLOOKUP($D72,'-ref_Distribution'!$B$117:$B$121,'-ref_Distribution'!$G$117:$G$121)),RIGHT(BM$1,2))} -> 78 | BN72: {=INDEX(_xlfn.ANCHORARRAY(_xlfn.XLOOKUP($D72,'-ref_Distribution'!$B$117:$B$121,'-ref_Distribution'!$G$117:$G$121)),RIGHT(BN$1,2))} -> 72 | BO72: {=INDEX(_xlfn.ANCHORARRAY(_xlfn.XLOOKUP($D72,'-ref_Distribution'!$B$117:$B$121,'-ref_Distribution'!$G$117:$G$121)),RIGHT(BO$1,2))} -> 66 | BP72: {=INDEX(_xlfn.ANCHORARRAY(_xlfn.XLOOKUP($D72,'-ref_Distribution'!$B$117:$B$121,'-ref_Distribution'!$G$117:$G$121)),RIGHT(BP$1,2))} -> 61 | BQ72: {=INDEX(_xlfn.ANCHORARRAY(_xlfn.XLOOKUP($D72,'-ref_Distribution'!$B$117:$B$121,'-ref_Distribution'!$G$117:$G$121)),RIGHT(BQ$1,2))} -> 58 | BR72: {=INDEX(_xlfn.ANCHORARRAY(_xlfn.XLOOKUP($D72,'-ref_Distribution'!$B$117:$B$121,'-ref_Distribution'!$G$117:$G$121)),RIGHT(BR$1,2))} -> 55 | BS72: {=INDEX(_xlfn.ANCHORARRAY(_xlfn.XLOOKUP($D72,'-ref_Distribution'!$B$117:$B$121,'-ref_Distribution'!$G$117:$G$121)),RIGHT(BS$1,2))} -> 52 | BT72: {=INDEX(_xlfn.ANCHORARRAY(_xlfn.XLOOKUP($D72,'-ref_Distribution'!$B$117:$B$121,'-ref_Distribution'!$G$117:$G$121)),RIGHT(BT$1,2))} -> 50 | ... CF72: {=INDEX(_xlfn.ANCHORARRAY(_xlfn.XLOOKUP($D72,'-ref_Distribution'!$B$117:$B$121,'-ref_Distribution'!$G$117:$G$121)),RIGHT(CF$1,2))} -> 38
A73: 13301062 | B73: 采矿炸弹 Lv.2 | C73: 特殊 | D73: 2 | E73: 0 | F73: 0 | G73: 0 | H73: 0 | I73: 12 | J73: 12 | K73: 12 | L73: 30 | M73: 30 | N73: 30 | O73: 60 | P73: 60 | Q73: 60 | R73: 60 | S73: 50 | T73: 50 | U73: 25 | V73: 25 | W73: 10 | X73: 10 | Y73: 0 | Z73: 0 | AA73: 0 | AB73: 0 | AC73: 12 | AD73: 12 | AE73: 12 | AF73: 30 | AG73: 30 | AH73: 30 | AI73: 60 | AJ73: 60 | AK73: 60 | AL73: 60 | AM73: 50 | AN73: 50 | AO73: 25 | AP73: 25 | AQ73: 10 | AR73: 10 | AS73: 0 | AT73: 0 | AU73: 0 | AV73: 0 | AW73: 12 | AX73: 12 | AY73: 12 | AZ73: 30 | BA73: 30 | BB73: 30 | BC73: 60 | BD73: 60 | BE73: 60 | BF73: 60 | BG73: 50 | BH73: 50 | BI73: 25 | BJ73: 25 | BK73: 10 | BL73: 10 | BM73: {=INDEX(_xlfn.ANCHORARRAY(_xlfn.XLOOKUP($D73,'-ref_Distribution'!$B$117:$B$121,'-ref_Distribution'!$G$117:$G$121)),RIGHT(BM$1,2))} -> 0 | BN73: {=INDEX(_xlfn.ANCHORARRAY(_xlfn.XLOOKUP($D73,'-ref_Distribution'!$B$117:$B$121,'-ref_Distribution'!$G$117:$G$121)),RIGHT(BN$1,2))} -> 5 | BO73: {=INDEX(_xlfn.ANCHORARRAY(_xlfn.XLOOKUP($D73,'-ref_Distribution'!$B$117:$B$121,'-ref_Distribution'!$G$117:$G$121)),RIGHT(BO$1,2))} -> 12 | BP73: {=INDEX(_xlfn.ANCHORARRAY(_xlfn.XLOOKUP($D73,'-ref_Distribution'!$B$117:$B$121,'-ref_Distribution'!$G$117:$G$121)),RIGHT(BP$1,2))} -> 16 | BQ73: {=INDEX(_xlfn.ANCHORARRAY(_xlfn.XLOOKUP($D73,'-ref_Distribution'!$B$117:$B$121,'-ref_Distribution'!$G$117:$G$121)),RIGHT(BQ$1,2))} -> 19 | BR73: {=INDEX(_xlfn.ANCHORARRAY(_xlfn.XLOOKUP($D73,'-ref_Distribution'!$B$117:$B$121,'-ref_Distribution'!$G$117:$G$121)),RIGHT(BR$1,2))} -> 22 | BS73: {=INDEX(_xlfn.ANCHORARRAY(_xlfn.XLOOKUP($D73,'-ref_Distribution'!$B$117:$B$121,'-ref_Distribution'!$G$117:$G$121)),RIGHT(BS$1,2))} -> 23 | BT73: {=INDEX(_xlfn.ANCHORARRAY(_xlfn.XLOOKUP($D73,'-ref_Distribution'!$B$117:$B$121,'-ref_Distribution'!$G$117:$G$121)),RIGHT(BT$1,2))} -> 25 | ... CF73: {=INDEX(_xlfn.ANCHORARRAY(_xlfn.XLOOKUP($D73,'-ref_Distribution'!$B$117:$B$121,'-ref_Distribution'!$G$117:$G$121)),RIGHT(CF$1,2))} -> 31
A74: 13301063 | B74: 采矿炸弹 Lv.3 | C74: 特殊 | D74: 3 | E74: 0 | F74: 0 | G74: 0 | H74: 0 | I74: 0 | J74: 0 | K74: 0 | L74: 12 | M74: 12 | N74: 12 | O74: 30 | P74: 30 | Q74: 30 | R74: 60 | S74: 60 | T74: 60 | U74: 60 | V74: 50 | W74: 50 | X74: 25 | Y74: 0 | Z74: 0 | AA74: 0 | AB74: 0 | AC74: 0 | AD74: 0 | AE74: 0 | AF74: 12 | AG74: 12 | AH74: 12 | AI74: 30 | AJ74: 30 | AK74: 30 | AL74: 60 | AM74: 60 | AN74: 60 | AO74: 60 | AP74: 50 | AQ74: 50 | AR74: 25 | AS74: 0 | AT74: 0 | AU74: 0 | AV74: 0 | AW74: 0 | AX74: 0 | AY74: 0 | AZ74: 12 | BA74: 12 | BB74: 12 | BC74: 30 | BD74: 30 | BE74: 30 | BF74: 60 | BG74: 60 | BH74: 60 | BI74: 60 | BJ74: 50 | BK74: 50 | BL74: 25 | BM74: {=INDEX(_xlfn.ANCHORARRAY(_xlfn.XLOOKUP($D74,'-ref_Distribution'!$B$117:$B$121,'-ref_Distribution'!$G$117:$G$121)),RIGHT(BM$1,2))} -> 0 | BN74: {=INDEX(_xlfn.ANCHORARRAY(_xlfn.XLOOKUP($D74,'-ref_Distribution'!$B$117:$B$121,'-ref_Distribution'!$G$117:$G$121)),RIGHT(BN$1,2))} -> 0 | BO74: {=INDEX(_xlfn.ANCHORARRAY(_xlfn.XLOOKUP($D74,'-ref_Distribution'!$B$117:$B$121,'-ref_Distribution'!$G$117:$G$121)),RIGHT(BO$1,2))} -> 1 | BP74: {=INDEX(_xlfn.ANCHORARRAY(_xlfn.XLOOKUP($D74,'-ref_Distribution'!$B$117:$B$121,'-ref_Distribution'!$G$117:$G$121)),RIGHT(BP$1,2))} -> 3 | BQ74: {=INDEX(_xlfn.ANCHORARRAY(_xlfn.XLOOKUP($D74,'-ref_Distribution'!$B$117:$B$121,'-ref_Distribution'!$G$117:$G$121)),RIGHT(BQ$1,2))} -> 6 | BR74: {=INDEX(_xlfn.ANCHORARRAY(_xlfn.XLOOKUP($D74,'-ref_Distribution'!$B$117:$B$121,'-ref_Distribution'!$G$117:$G$121)),RIGHT(BR$1,2))} -> 8 | BS74: {=INDEX(_xlfn.ANCHORARRAY(_xlfn.XLOOKUP($D74,'-ref_Distribution'!$B$117:$B$121,'-ref_Distribution'!$G$117:$G$121)),RIGHT(BS$1,2))} -> 9 | BT74: {=INDEX(_xlfn.ANCHORARRAY(_xlfn.XLOOKUP($D74,'-ref_Distribution'!$B$117:$B$121,'-ref_Distribution'!$G$117:$G$121)),RIGHT(BT$1,2))} -> 10 | ... CF74: {=INDEX(_xlfn.ANCHORARRAY(_xlfn.XLOOKUP($D74,'-ref_Distribution'!$B$117:$B$121,'-ref_Distribution'!$G$117:$G$121)),RIGHT(CF$1,2))} -> 17
A75: 13301064 | B75: 采矿炸弹 Lv.4 | C75: 特殊 | D75: 4 | E75: 0 | F75: 0 | G75: 0 | H75: 0 | I75: 0 | J75: 0 | K75: 0 | L75: 0 | M75: 0 | N75: 0 | O75: 12 | P75: 12 | Q75: 12 | R75: 30 | S75: 30 | T75: 30 | U75: 60 | V75: 60 | W75: 60 | X75: 60 | Y75: 0 | Z75: 0 | AA75: 0 | AB75: 0 | AC75: 0 | AD75: 0 | AE75: 0 | AF75: 0 | AG75: 0 | AH75: 0 | AI75: 12 | AJ75: 12 | AK75: 12 | AL75: 30 | AM75: 30 | AN75: 30 | AO75: 60 | AP75: 60 | AQ75: 60 | AR75: 60 | AS75: 0 | AT75: 0 | AU75: 0 | AV75: 0 | AW75: 0 | AX75: 0 | AY75: 0 | AZ75: 0 | BA75: 0 | BB75: 0 | BC75: 12 | BD75: 12 | BE75: 12 | BF75: 30 | BG75: 30 | BH75: 30 | BI75: 60 | BJ75: 60 | BK75: 60 | BL75: 60 | BM75: {=INDEX(_xlfn.ANCHORARRAY(_xlfn.XLOOKUP($D75,'-ref_Distribution'!$B$117:$B$121,'-ref_Distribution'!$G$117:$G$121)),RIGHT(BM$1,2))} -> 0 | BN75: {=INDEX(_xlfn.ANCHORARRAY(_xlfn.XLOOKUP($D75,'-ref_Distribution'!$B$117:$B$121,'-ref_Distribution'!$G$117:$G$121)),RIGHT(BN$1,2))} -> 0 | BO75: {=INDEX(_xlfn.ANCHORARRAY(_xlfn.XLOOKUP($D75,'-ref_Distribution'!$B$117:$B$121,'-ref_Distribution'!$G$117:$G$121)),RIGHT(BO$1,2))} -> 0 | BP75: {=INDEX(_xlfn.ANCHORARRAY(_xlfn.XLOOKUP($D75,'-ref_Distribution'!$B$117:$B$121,'-ref_Distribution'!$G$117:$G$121)),RIGHT(BP$1,2))} -> 0 | BQ75: {=INDEX(_xlfn.ANCHORARRAY(_xlfn.XLOOKUP($D75,'-ref_Distribution'!$B$117:$B$121,'-ref_Distribution'!$G$117:$G$121)),RIGHT(BQ$1,2))} -> 1 | BR75: {=INDEX(_xlfn.ANCHORARRAY(_xlfn.XLOOKUP($D75,'-ref_Distribution'!$B$117:$B$121,'-ref_Distribution'!$G$117:$G$121)),RIGHT(BR$1,2))} -> 2 | BS75: {=INDEX(_xlfn.ANCHORARRAY(_xlfn.XLOOKUP($D75,'-ref_Distribution'!$B$117:$B$121,'-ref_Distribution'!$G$117:$G$121)),RIGHT(BS$1,2))} -> 3 | BT75: {=INDEX(_xlfn.ANCHORARRAY(_xlfn.XLOOKUP($D75,'-ref_Distribution'!$B$117:$B$121,'-ref_Distribution'!$G$117:$G$121)),RIGHT(BT$1,2))} -> 4 | ... CF75: {=INDEX(_xlfn.ANCHORARRAY(_xlfn.XLOOKUP($D75,'-ref_Distribution'!$B$117:$B$121,'-ref_Distribution'!$G$117:$G$121)),RIGHT(CF$1,2))} -> 10
A76: 1331801 | B76: 特斯拉电极(模板) | C76: 特殊 | D76: 模板
A77: 13318012 | B77: 特斯拉电极 Lv2 | C77: 特殊 | D77: 2 | BM77: {=INDEX(_xlfn.ANCHORARRAY(_xlfn.XLOOKUP($D77,'-ref_Distribution'!$B$117:$B$121,'-ref_Distribution'!$G$117:$G$121)),RIGHT(BM$1,2))} -> 0 | BN77: {=INDEX(_xlfn.ANCHORARRAY(_xlfn.XLOOKUP($D77,'-ref_Distribution'!$B$117:$B$121,'-ref_Distribution'!$G$117:$G$121)),RIGHT(BN$1,2))} -> 5 | BO77: {=INDEX(_xlfn.ANCHORARRAY(_xlfn.XLOOKUP($D77,'-ref_Distribution'!$B$117:$B$121,'-ref_Distribution'!$G$117:$G$121)),RIGHT(BO$1,2))} -> 12 | BP77: {=INDEX(_xlfn.ANCHORARRAY(_xlfn.XLOOKUP($D77,'-ref_Distribution'!$B$117:$B$121,'-ref_Distribution'!$G$117:$G$121)),RIGHT(BP$1,2))} -> 16 | BQ77: {=INDEX(_xlfn.ANCHORARRAY(_xlfn.XLOOKUP($D77,'-ref_Distribution'!$B$117:$B$121,'-ref_Distribution'!$G$117:$G$121)),RIGHT(BQ$1,2))} -> 19 | BR77: {=INDEX(_xlfn.ANCHORARRAY(_xlfn.XLOOKUP($D77,'-ref_Distribution'!$B$117:$B$121,'-ref_Distribution'!$G$117:$G$121)),RIGHT(BR$1,2))} -> 22 | BS77: {=INDEX(_xlfn.ANCHORARRAY(_xlfn.XLOOKUP($D77,'-ref_Distribution'!$B$117:$B$121,'-ref_Distribution'!$G$117:$G$121)),RIGHT(BS$1,2))} -> 23 | BT77: {=INDEX(_xlfn.ANCHORARRAY(_xlfn.XLOOKUP($D77,'-ref_Distribution'!$B$117:$B$121,'-ref_Distribution'!$G$117:$G$121)),RIGHT(BT$1,2))} -> 25 | ... CF77: {=INDEX(_xlfn.ANCHORARRAY(_xlfn.XLOOKUP($D77,'-ref_Distribution'!$B$117:$B$121,'-ref_Distribution'!$G$117:$G$121)),RIGHT(CF$1,2))} -> 31
A78: 13318013 | B78: 特斯拉电极 Lv3 | C78: 特殊 | D78: 3 | BM78: {=INDEX(_xlfn.ANCHORARRAY(_xlfn.XLOOKUP($D78,'-ref_Distribution'!$B$117:$B$121,'-ref_Distribution'!$G$117:$G$121)),RIGHT(BM$1,2))} -> 0 | BN78: {=INDEX(_xlfn.ANCHORARRAY(_xlfn.XLOOKUP($D78,'-ref_Distribution'!$B$117:$B$121,'-ref_Distribution'!$G$117:$G$121)),RIGHT(BN$1,2))} -> 0 | BO78: {=INDEX(_xlfn.ANCHORARRAY(_xlfn.XLOOKUP($D78,'-ref_Distribution'!$B$117:$B$121,'-ref_Distribution'!$G$117:$G$121)),RIGHT(BO$1,2))} -> 1 | BP78: {=INDEX(_xlfn.ANCHORARRAY(_xlfn.XLOOKUP($D78,'-ref_Distribution'!$B$117:$B$121,'-ref_Distribution'!$G$117:$G$121)),RIGHT(BP$1,2))} -> 3 | BQ78: {=INDEX(_xlfn.ANCHORARRAY(_xlfn.XLOOKUP($D78,'-ref_Distribution'!$B$117:$B$121,'-ref_Distribution'!$G$117:$G$121)),RIGHT(BQ$1,2))} -> 6 | BR78: {=INDEX(_xlfn.ANCHORARRAY(_xlfn.XLOOKUP($D78,'-ref_Distribution'!$B$117:$B$121,'-ref_Distribution'!$G$117:$G$121)),RIGHT(BR$1,2))} -> 8 | BS78: {=INDEX(_xlfn.ANCHORARRAY(_xlfn.XLOOKUP($D78,'-ref_Distribution'!$B$117:$B$121,'-ref_Distribution'!$G$117:$G$121)),RIGHT(BS$1,2))} -> 9 | BT78: {=INDEX(_xlfn.ANCHORARRAY(_xlfn.XLOOKUP($D78,'-ref_Distribution'!$B$117:$B$121,'-ref_Distribution'!$G$117:$G$121)),RIGHT(BT$1,2))} -> 10 | ... CF78: {=INDEX(_xlfn.ANCHORARRAY(_xlfn.XLOOKUP($D78,'-ref_Distribution'!$B$117:$B$121,'-ref_Distribution'!$G$117:$G$121)),RIGHT(CF$1,2))} -> 17
A79: 13318014 | B79: 特斯拉电极 Lv4 | C79: 特殊 | D79: 4 | BM79: {=INDEX(_xlfn.ANCHORARRAY(_xlfn.XLOOKUP($D79,'-ref_Distribution'!$B$117:$B$121,'-ref_Distribution'!$G$117:$G$121)),RIGHT(BM$1,2))} -> 0 | BN79: {=INDEX(_xlfn.ANCHORARRAY(_xlfn.XLOOKUP($D79,'-ref_Distribution'!$B$117:$B$121,'-ref_Distribution'!$G$117:$G$121)),RIGHT(BN$1,2))} -> 0 | BO79: {=INDEX(_xlfn.ANCHORARRAY(_xlfn.XLOOKUP($D79,'-ref_Distribution'!$B$117:$B$121,'-ref_Distribution'!$G$117:$G$121)),RIGHT(BO$1,2))} -> 0 | BP79: {=INDEX(_xlfn.ANCHORARRAY(_xlfn.XLOOKUP($D79,'-ref_Distribution'!$B$117:$B$121,'-ref_Distribution'!$G$117:$G$121)),RIGHT(BP$1,2))} -> 0 | BQ79: {=INDEX(_xlfn.ANCHORARRAY(_xlfn.XLOOKUP($D79,'-ref_Distribution'!$B$117:$B$121,'-ref_Distribution'!$G$117:$G$121)),RIGHT(BQ$1,2))} -> 1 | BR79: {=INDEX(_xlfn.ANCHORARRAY(_xlfn.XLOOKUP($D79,'-ref_Distribution'!$B$117:$B$121,'-ref_Distribution'!$G$117:$G$121)),RIGHT(BR$1,2))} -> 2 | BS79: {=INDEX(_xlfn.ANCHORARRAY(_xlfn.XLOOKUP($D79,'-ref_Distribution'!$B$117:$B$121,'-ref_Distribution'!$G$117:$G$121)),RIGHT(BS$1,2))} -> 3 | BT79: {=INDEX(_xlfn.ANCHORARRAY(_xlfn.XLOOKUP($D79,'-ref_Distribution'!$B$117:$B$121,'-ref_Distribution'!$G$117:$G$121)),RIGHT(BT$1,2))} -> 4 | ... CF79: {=INDEX(_xlfn.ANCHORARRAY(_xlfn.XLOOKUP($D79,'-ref_Distribution'!$B$117:$B$121,'-ref_Distribution'!$G$117:$G$121)),RIGHT(CF$1,2))} -> 10
A81: 1340101 | B81: 小圆盾 | C81: 盾牌 | E81: 0 | F81: 0 | G81: 0 | H81: 0 | I81: 0 | J81: 0 | K81: 0 | L81: 0 | M81: 0 | N81: 0 | O81: 0 | P81: 0 | Q81: 0 | R81: 0 | S81: 0 | T81: 0 | U81: 0 | V81: 0 | W81: 0 | X81: 0 | Y81: 0 | Z81: 0 | AA81: 0 | AB81: 0 | AC81: 0 | AD81: 0 | AE81: 0 | AF81: 0 | AG81: 0 | AH81: 0 | AI81: 0 | AJ81: 0 | AK81: 0 | AL81: 0 | AM81: 0 | AN81: 0 | AO81: 0 | AP81: 0 | AQ81: 0 | AR81: 0 | AS81: 0 | AT81: 0 | AU81: 0 | AV81: 0 | AW81: 0 | AX81: 0 | AY81: 0 | AZ81: 0 | BA81: 0 | BB81: 0 | BC81: 0 | BD81: 0 | BE81: 0 | BF81: 0 | BG81: 0 | BH81: 0 | BI81: 0 | BJ81: 0 | BK81: 0 | BL81: 0
A82: 1340102 | B82: 木盾 | C82: 盾牌 | E82: 0 | F82: 0 | G82: 0 | H82: 0 | I82: 0 | J82: 0 | K82: 0 | L82: 0 | M82: 0 | N82: 0 | O82: 0 | P82: 0 | Q82: 0 | R82: 0 | S82: 0 | T82: 0 | U82: 0 | V82: 0 | W82: 0 | X82: 0 | Y82: 0 | Z82: 0 | AA82: 0 | AB82: 0 | AC82: 0 | AD82: 0 | AE82: 0 | AF82: 0 | AG82: 0 | AH82: 0 | AI82: 0 | AJ82: 0 | AK82: 0 | AL82: 0 | AM82: 0 | AN82: 0 | AO82: 0 | AP82: 0 | AQ82: 0 | AR82: 0 | AS82: 0 | AT82: 0 | AU82: 0 | AV82: 0 | AW82: 0 | AX82: 0 | AY82: 0 | AZ82: 0 | BA82: 0 | BB82: 0 | BC82: 0 | BD82: 0 | BE82: 0 | BF82: 0 | BG82: 0 | BH82: 0 | BI82: 0 | BJ82: 0 | BK82: 0 | BL82: 0
A83: 1340103 | B83: 长阔盾 | C83: 盾牌 | E83: 0 | F83: 0 | G83: 0 | H83: 0 | I83: 0 | J83: 0 | K83: 0 | L83: 0 | M83: 0 | N83: 0 | O83: 0 | P83: 0 | Q83: 0 | R83: 0 | S83: 0 | T83: 0 | U83: 0 | V83: 0 | W83: 0 | X83: 0 | Y83: 0 | Z83: 0 | AA83: 0 | AB83: 0 | AC83: 0 | AD83: 0 | AE83: 0 | AF83: 0 | AG83: 0 | AH83: 0 | AI83: 0 | AJ83: 0 | AK83: 0 | AL83: 0 | AM83: 0 | AN83: 0 | AO83: 0 | AP83: 0 | AQ83: 0 | AR83: 0 | AS83: 0 | AT83: 0 | AU83: 0 | AV83: 0 | AW83: 0 | AX83: 0 | AY83: 0 | AZ83: 0 | BA83: 0 | BB83: 0 | BC83: 0 | BD83: 0 | BE83: 0 | BF83: 0 | BG83: 0 | BH83: 0 | BI83: 0 | BJ83: 0 | BK83: 0 | BL83: 0
A84: 1340104 | B84: 硬皮盾 | C84: 盾牌 | E84: 0 | F84: 0 | G84: 0 | H84: 0 | I84: 0 | J84: 0 | K84: 0 | L84: 0 | M84: 0 | N84: 0 | O84: 0 | P84: 0 | Q84: 0 | R84: 0 | S84: 0 | T84: 0 | U84: 0 | V84: 0 | W84: 0 | X84: 0 | Y84: 0 | Z84: 0 | AA84: 0 | AB84: 0 | AC84: 0 | AD84: 0 | AE84: 0 | AF84: 0 | AG84: 0 | AH84: 0 | AI84: 0 | AJ84: 0 | AK84: 0 | AL84: 0 | AM84: 0 | AN84: 0 | AO84: 0 | AP84: 0 | AQ84: 0 | AR84: 0 | AS84: 0 | AT84: 0 | AU84: 0 | AV84: 0 | AW84: 0 | AX84: 0 | AY84: 0 | AZ84: 0 | BA84: 0 | BB84: 0 | BC84: 0 | BD84: 0 | BE84: 0 | BF84: 0 | BG84: 0 | BH84: 0 | BI84: 0 | BJ84: 0 | BK84: 0 | BL84: 0
A85: 1340105 | B85: 金属板 | C85: 盾牌 | E85: 0 | F85: 0 | G85: 0 | H85: 0 | I85: 0 | J85: 0 | K85: 0 | L85: 0 | M85: 0 | N85: 0 | O85: 0 | P85: 0 | Q85: 0 | R85: 0 | S85: 0 | T85: 0 | U85: 0 | V85: 0 | W85: 0 | X85: 0 | Y85: 0 | Z85: 0 | AA85: 0 | AB85: 0 | AC85: 0 | AD85: 0 | AE85: 0 | AF85: 0 | AG85: 0 | AH85: 0 | AI85: 0 | AJ85: 0 | AK85: 0 | AL85: 0 | AM85: 0 | AN85: 0 | AO85: 0 | AP85: 0 | AQ85: 0 | AR85: 0 | AS85: 0 | AT85: 0 | AU85: 0 | AV85: 0 | AW85: 0 | AX85: 0 | AY85: 0 | AZ85: 0 | BA85: 0 | BB85: 0 | BC85: 0 | BD85: 0 | BE85: 0 | BF85: 0 | BG85: 0 | BH85: 0 | BI85: 0 | BJ85: 0 | BK85: 0 | BL85: 0
A86: 1340106 | B86: 尖刺格斗盾 | C86: 盾牌 | E86: 0 | F86: 0 | G86: 0 | H86: 0 | I86: 0 | J86: 0 | K86: 0 | L86: 0 | M86: 0 | N86: 0 | O86: 0 | P86: 0 | Q86: 0 | R86: 0 | S86: 0 | T86: 0 | U86: 0 | V86: 0 | W86: 0 | X86: 0 | Y86: 0 | Z86: 0 | AA86: 0 | AB86: 0 | AC86: 0 | AD86: 0 | AE86: 0 | AF86: 0 | AG86: 0 | AH86: 0 | AI86: 0 | AJ86: 0 | AK86: 0 | AL86: 0 | AM86: 0 | AN86: 0 | AO86: 0 | AP86: 0 | AQ86: 0 | AR86: 0 | AS86: 0 | AT86: 0 | AU86: 0 | AV86: 0 | AW86: 0 | AX86: 0 | AY86: 0 | AZ86: 0 | BA86: 0 | BB86: 0 | BC86: 0 | BD86: 0 | BE86: 0 | BF86: 0 | BG86: 0 | BH86: 0 | BI86: 0 | BJ86: 0 | BK86: 0 | BL86: 0
A87: 1340107 | B87: 藤牌 | C87: 盾牌 | E87: 0 | F87: 0 | G87: 0 | H87: 0 | I87: 0 | J87: 0 | K87: 0 | L87: 0 | M87: 0 | N87: 0 | O87: 0 | P87: 0 | Q87: 0 | R87: 0 | S87: 0 | T87: 0 | U87: 0 | V87: 0 | W87: 0 | X87: 0 | Y87: 0 | Z87: 0 | AA87: 0 | AB87: 0 | AC87: 0 | AD87: 0 | AE87: 0 | AF87: 0 | AG87: 0 | AH87: 0 | AI87: 0 | AJ87: 0 | AK87: 0 | AL87: 0 | AM87: 0 | AN87: 0 | AO87: 0 | AP87: 0 | AQ87: 0 | AR87: 0 | AS87: 0 | AT87: 0 | AU87: 0 | AV87: 0 | AW87: 0 | AX87: 0 | AY87: 0 | AZ87: 0 | BA87: 0 | BB87: 0 | BC87: 0 | BD87: 0 | BE87: 0 | BF87: 0 | BG87: 0 | BH87: 0 | BI87: 0 | BJ87: 0 | BK87: 0 | BL87: 0
A88: 1340108 | B88: 格斗短剑 | C88: 盾牌 | E88: 0 | F88: 0 | G88: 0 | H88: 0 | I88: 0 | J88: 0 | K88: 0 | L88: 0 | M88: 0 | N88: 0 | O88: 0 | P88: 0 | Q88: 0 | R88: 0 | S88: 0 | T88: 0 | U88: 0 | V88: 0 | W88: 0 | X88: 0 | Y88: 0 | Z88: 0 | AA88: 0 | AB88: 0 | AC88: 0 | AD88: 0 | AE88: 0 | AF88: 0 | AG88: 0 | AH88: 0 | AI88: 0 | AJ88: 0 | AK88: 0 | AL88: 0 | AM88: 0 | AN88: 0 | AO88: 0 | AP88: 0 | AQ88: 0 | AR88: 0 | AS88: 0 | AT88: 0 | AU88: 0 | AV88: 0 | AW88: 0 | AX88: 0 | AY88: 0 | AZ88: 0 | BA88: 0 | BB88: 0 | BC88: 0 | BD88: 0 | BE88: 0 | BF88: 0 | BG88: 0 | BH88: 0 | BI88: 0 | BJ88: 0 | BK88: 0 | BL88: 0
A89: 1350101 | B89: 拖曳钩索 | C89: 盾牌 | E89: 0 | F89: 0 | G89: 0 | H89: 0 | I89: 0 | J89: 0 | K89: 0 | L89: 0 | M89: 0 | N89: 0 | O89: 0 | P89: 0 | Q89: 0 | R89: 0 | S89: 0 | T89: 0 | U89: 0 | V89: 0 | W89: 0 | X89: 0 | Y89: 0 | Z89: 0 | AA89: 0 | AB89: 0 | AC89: 0 | AD89: 0 | AE89: 0 | AF89: 0 | AG89: 0 | AH89: 0 | AI89: 0 | AJ89: 0 | AK89: 0 | AL89: 0 | AM89: 0 | AN89: 0 | AO89: 0 | AP89: 0 | AQ89: 0 | AR89: 0 | AS89: 0 | AT89: 0 | AU89: 0 | AV89: 0 | AW89: 0 | AX89: 0 | AY89: 0 | AZ89: 0 | BA89: 0 | BB89: 0 | BC89: 0 | BD89: 0 | BE89: 0 | BF89: 0 | BG89: 0 | BH89: 0 | BI89: 0 | BJ89: 0 | BK89: 0 | BL89: 0
A90: 1350102 | B90: 货运吊臂 | C90: 盾牌 | E90: 0 | F90: 0 | G90: 0 | H90: 0 | I90: 0 | J90: 0 | K90: 0 | L90: 0 | M90: 0 | N90: 0 | O90: 0 | P90: 0 | Q90: 0 | R90: 0 | S90: 0 | T90: 0 | U90: 0 | V90: 0 | W90: 0 | X90: 0 | Y90: 0 | Z90: 0 | AA90: 0 | AB90: 0 | AC90: 0 | AD90: 0 | AE90: 0 | AF90: 0 | AG90: 0 | AH90: 0 | AI90: 0 | AJ90: 0 | AK90: 0 | AL90: 0 | AM90: 0 | AN90: 0 | AO90: 0 | AP90: 0 | AQ90: 0 | AR90: 0 | AS90: 0 | AT90: 0 | AU90: 0 | AV90: 0 | AW90: 0 | AX90: 0 | AY90: 0 | AZ90: 0 | BA90: 0 | BB90: 0 | BC90: 0 | BD90: 0 | BE90: 0 | BF90: 0 | BG90: 0 | BH90: 0 | BI90: 0 | BJ90: 0 | BK90: 0 | BL90: 0
A91: 1350103 | B91: 商队塔吊 | C91: 盾牌 | E91: 0 | F91: 0 | G91: 0 | H91: 0 | I91: 0 | J91: 0 | K91: 0 | L91: 0 | M91: 0 | N91: 0 | O91: 0 | P91: 0 | Q91: 0 | R91: 0 | S91: 0 | T91: 0 | U91: 0 | V91: 0 | W91: 0 | X91: 0 | Y91: 0 | Z91: 0 | AA91: 0 | AB91: 0 | AC91: 0 | AD91: 0 | AE91: 0 | AF91: 0 | AG91: 0 | AH91: 0 | AI91: 0 | AJ91: 0 | AK91: 0 | AL91: 0 | AM91: 0 | AN91: 0 | AO91: 0 | AP91: 0 | AQ91: 0 | AR91: 0 | AS91: 0 | AT91: 0 | AU91: 0 | AV91: 0 | AW91: 0 | AX91: 0 | AY91: 0 | AZ91: 0 | BA91: 0 | BB91: 0 | BC91: 0 | BD91: 0 | BE91: 0 | BF91: 0 | BG91: 0 | BH91: 0 | BI91: 0 | BJ91: 0 | BK91: 0 | BL91: 0
A92: 1351101 | B92: 捕奴肉钩 | C92: 盾牌 | E92: 0 | F92: 0 | G92: 0 | H92: 0 | I92: 0 | J92: 0 | K92: 0 | L92: 0 | M92: 0 | N92: 0 | O92: 0 | P92: 0 | Q92: 0 | R92: 0 | S92: 0 | T92: 0 | U92: 0 | V92: 0 | W92: 0 | X92: 0 | Y92: 0 | Z92: 0 | AA92: 0 | AB92: 0 | AC92: 0 | AD92: 0 | AE92: 0 | AF92: 0 | AG92: 0 | AH92: 0 | AI92: 0 | AJ92: 0 | AK92: 0 | AL92: 0 | AM92: 0 | AN92: 0 | AO92: 0 | AP92: 0 | AQ92: 0 | AR92: 0 | AS92: 0 | AT92: 0 | AU92: 0 | AV92: 0 | AW92: 0 | AX92: 0 | AY92: 0 | AZ92: 0 | BA92: 0 | BB92: 0 | BC92: 0 | BD92: 0 | BE92: 0 | BF92: 0 | BG92: 0 | BH92: 0 | BI92: 0 | BJ92: 0 | BK92: 0 | BL92: 0
A93: 1351102 | B93: 执刑人挂钩 | C93: 盾牌 | E93: 0 | F93: 0 | G93: 0 | H93: 0 | I93: 0 | J93: 0 | K93: 0 | L93: 0 | M93: 0 | N93: 0 | O93: 0 | P93: 0 | Q93: 0 | R93: 0 | S93: 0 | T93: 0 | U93: 0 | V93: 0 | W93: 0 | X93: 0 | Y93: 0 | Z93: 0 | AA93: 0 | AB93: 0 | AC93: 0 | AD93: 0 | AE93: 0 | AF93: 0 | AG93: 0 | AH93: 0 | AI93: 0 | AJ93: 0 | AK93: 0 | AL93: 0 | AM93: 0 | AN93: 0 | AO93: 0 | AP93: 0 | AQ93: 0 | AR93: 0 | AS93: 0 | AT93: 0 | AU93: 0 | AV93: 0 | AW93: 0 | AX93: 0 | AY93: 0 | AZ93: 0 | BA93: 0 | BB93: 0 | BC93: 0 | BD93: 0 | BE93: 0 | BF93: 0 | BG93: 0 | BH93: 0 | BI93: 0 | BJ93: 0 | BK93: 0 | BL93: 0
A95: 1360101 | B95: 刺矛撞角 | C95: 撞角 | D95: 模板
A96: 13601010 | B96: 刺矛撞角 Lv.0 | C96: 撞角 | D96: 0 | E96: 40 | F96: 40 | G96: 40 | H96: 40 | I96: 40 | J96: 40 | K96: 40 | L96: 40 | M96: 19 | N96: 19 | O96: 19 | P96: 19 | Q96: 7 | R96: 7 | S96: 7 | T96: 7 | U96: 0 | V96: 0 | W96: 0 | X96: 0 | Y96: 40 | Z96: 40 | AA96: 40 | AB96: 40 | AC96: 40 | AD96: 40 | AE96: 40 | AF96: 40 | AG96: 19 | AH96: 19 | AI96: 19 | AJ96: 19 | AK96: 7 | AL96: 7 | AM96: 7 | AN96: 7 | AO96: 0 | AP96: 0 | AQ96: 0 | AR96: 0 | AS96: 40 | AT96: 40 | AU96: 40 | AV96: 40 | AW96: 40 | AX96: 40 | AY96: 40 | AZ96: 40 | BA96: 19 | BB96: 19 | BC96: 19 | BD96: 19 | BE96: 7 | BF96: 7 | BG96: 7 | BH96: 7 | BI96: 0 | BJ96: 0 | BK96: 0 | BL96: 0 | BM96: {=INDEX(_xlfn.ANCHORARRAY(_xlfn.XLOOKUP($D96,'-ref_Distribution'!$B$117:$B$121,'-ref_Distribution'!$G$117:$G$121)),RIGHT(BM$1,2))} -> 130 | BN96: {=INDEX(_xlfn.ANCHORARRAY(_xlfn.XLOOKUP($D96,'-ref_Distribution'!$B$117:$B$121,'-ref_Distribution'!$G$117:$G$121)),RIGHT(BN$1,2))} -> 84 | BO96: {=INDEX(_xlfn.ANCHORARRAY(_xlfn.XLOOKUP($D96,'-ref_Distribution'!$B$117:$B$121,'-ref_Distribution'!$G$117:$G$121)),RIGHT(BO$1,2))} -> 65 | BP96: {=INDEX(_xlfn.ANCHORARRAY(_xlfn.XLOOKUP($D96,'-ref_Distribution'!$B$117:$B$121,'-ref_Distribution'!$G$117:$G$121)),RIGHT(BP$1,2))} -> 54 | BQ96: {=INDEX(_xlfn.ANCHORARRAY(_xlfn.XLOOKUP($D96,'-ref_Distribution'!$B$117:$B$121,'-ref_Distribution'!$G$117:$G$121)),RIGHT(BQ$1,2))} -> 47 | BR96: {=INDEX(_xlfn.ANCHORARRAY(_xlfn.XLOOKUP($D96,'-ref_Distribution'!$B$117:$B$121,'-ref_Distribution'!$G$117:$G$121)),RIGHT(BR$1,2))} -> 41 | BS96: {=INDEX(_xlfn.ANCHORARRAY(_xlfn.XLOOKUP($D96,'-ref_Distribution'!$B$117:$B$121,'-ref_Distribution'!$G$117:$G$121)),RIGHT(BS$1,2))} -> 38 | BT96: {=INDEX(_xlfn.ANCHORARRAY(_xlfn.XLOOKUP($D96,'-ref_Distribution'!$B$117:$B$121,'-ref_Distribution'!$G$117:$G$121)),RIGHT(BT$1,2))} -> 34 | ... CF96: {=INDEX(_xlfn.ANCHORARRAY(_xlfn.XLOOKUP($D96,'-ref_Distribution'!$B$117:$B$121,'-ref_Distribution'!$G$117:$G$121)),RIGHT(CF$1,2))} -> 18
