Workbook

Sheet device_all
A1: #enum slotType: int {车轮 = 0, 顶部 = 1,前 = 2,后 = 3 , 前上 = 4, 后上 = 5}
A2: #enum deviceType: int {Core = 1, Wheel = 2, Common = 3}
A3: id | B3: sub_id | F3: rank | H3: name | J3: alt_info | K3: icon_photo | M3: se_broken | N3: se_be_hit | O3: device_tag | Q3: device_type | Z3: prefeb | AA3: weight | AB3: size | AC3: base_value | AF3: target_counts | AG3: unlock_target_ticks | AH3: basic_range | AK3: init_angle_front | AL3: init_angle_front_top | AM3: init_angle_top | AN3: init_angle_back_top | AO3: init_angle_back | AP3: rotate_by_car | AQ3: behavior_script | AR3: basic_damage | AS3: melee_logic | AT3: fire_logic | AU3: shield_logic | AV3: hook_logic | AW3: ram_logic | AX3: other_logic | AY3: rotate_speed | BB3: device_upgrade | BC3: ui_prefab | BD3: cubicles
A4: uint key | B4: uint key | F4: int | H4: string | J4: string | K4: string | M4: string | N4: string | O4: uint[] | Q4: deviceType | Z4: string | AA4: int | AB4: int | AC4: int | AF4: int | AG4: int | AH4: (float,float) | AK4: float | AL4: float | AM4: float | AN4: float | AO4: float | AP4: bool | AQ4: string | AR4: int | AS4: int | AT4: int | AU4: int | AV4: int | AW4: int | AX4: int | AY4: (float,float) | BB4: uint | BC4: string | BD4: uint[]
A5: 设备种类 ID | B5: 设备变种 ID | C5: 备注 | D5: 版本 | E5: 名称 | F5: 设备等级 | G5: Spine 文件名称 | H5: 设备名称 | I5: 说明/备注 | J5: 设备alt信息 | K5: 设备形象图 会显示在商店信息面板中，与设备的spine形象保持一致 | L5: 配置辅助列 icon编号 | M5: 音效- 设备损坏 设备损坏时 播放的音效 | N5: 音效- 设备受击 设备受击时 播放的音效 | O5: 设备标签 | P5: 标签翻译 | Q5: 设备分类 | R5: 车轮 | S5: 顶部 | T5: 前 | U5: 后 | V5: 前上 | W5: 后上 | X5: prefix | Y5: suffix device main name | Z5: 预制体的 path （配置值是公式生成的，不要手填） dp_xxxxxxxxx_x | AA5: 重量 单位: kg | AB5: 设备 面板 宽度 | AC5: 设备原价 | AD5: 辅助列 价格 基准价格 | AE5: 辅助列 价格 等级梯度 | AF5: 最大 目标数 | AG5: 取消目标所需帧数 当目标超出攻击范围时开始计时 | AH5: 攻击范围 | AI5: 攻击范围 min | AJ5: 攻击范围 max | AK5: 初始 角度 前方 | AL5: 初始 角度 前上 | AM5: 初始 角度 正上 | AN5: 初始 角度 后上 | AO5: 初始 角度 后方 | AP5: 预制体会跟随车体进行旋转 | AQ5: 设备行为脚本 | AR5: 特殊设备伤害 其他设备伤害不放在这里是为了方便在配置表中计算dps | AS5: 近战逻辑 近战设备用。引用melee_logic表id | AT5: 开火逻辑 远程设备用。引用fire_logic表id | AU5: 护盾逻辑 盾牌设备用。引用shield_logic表id | AV5: 钩索逻辑 钩索设备用。引用hook_logic表id | AW5: 撞角逻辑 撞角设备用。引用ram_logic表id | AX5: 其他逻辑 其他设备用。引用other_logic表id | AY5: 旋转速度 单位 = deg/tick 近战: idle~atk 远程: idle~shoot 钩索: 索敌~Null | AZ5: 旋转 速度 1 | BA5: 旋转 速度 2 | BB5: 设备升级选项id | BC5: 设备UI面板的path | BD5: 设备工位 | BE5: 备注
A6: 1210101 | B6: 0 | C6: 硬木车轮 | D6: YH | F6: 99 | G6: wheel_wooden | H6: {=_xlfn.IFS($A6="","",OR($F6=99,$F6=""),_xlfn.TEXTJOIN("_",1,"device_name",$A6,$Y6),TRUE,OFFSET(H6,-1,0))} -> device_name_1210101_wheel_wooden | I6: 平平无奇的木质车轮。 | J6: =_xlfn.LET(_xlpm.get_device_type,VLOOKUP(VALUE(MID(A6,3,1)),tb_device_info_type[#All],3,0),_xlpm.check_if_wheel,IF(LEFT(A6,2)="12","wheel",_xlpm.get_device_type),_xlpm.raw_output,IF($A6<>"",_xlfn.TEXTJOIN("_",1,"device_alt",_xlpm.check_if_wheel),""),IFERROR(_xlpm.raw_output,"information missing")) -> device_alt_wheel | K6: {=_xlfn.IFS($A6="","",Q6="Wheel",_xlfn.CONCAT("dwt","[device_wheel_thumbnail_",IF($L6<>"",$L6,0),"]"),TRUE,_xlfn.CONCAT("dt","[device_thumbnail_",IF($L6<>"",$L6,0),"]"))} -> dwt[device_wheel_thumbnail_0] | L6: 0 | M6: se_ag_device_broken | N6: se_ag_device_be_hit | O6: 1410100 | P6: {=IFERROR(_xlfn.TEXTJOIN(";",1,_xlfn.MAP(_xlfn.TEXTSPLIT(O6,";"),_xlfn.LAMBDA(_xlpm.x,IFERROR(VLOOKUP(VALUE(_xlpm.x),device_tag!A:B,2,0),"error")))),"")} -> 车轮 | Q6: Wheel | R6: 0 | X6: device | Y6: wheel_wooden | Z6: {=_xlfn.IFS($A6="","",OR(F6=99,F6=""),_xlfn.TEXTJOIN("_",1,X6,$A6,Y6),TRUE,OFFSET($Z6,-1,0))} -> device_1210101_wheel_wooden | AA6: 25 | AC6: 9 | AP6: FALSE | AQ6: BasicWheel | BB6: =REPLACE($A6,1,1,6) -> 6210101 | BC6: 无需配置，车轮没有操作面板 | BE6: {=IF(BD6<>"",_xlfn.TEXTJOIN("; ",1,VLOOKUP(VALUE(_xlfn.TEXTSPLIT(BD6,";")),device_cubicles!A:B,2,0)),"")}
A7: 12101011 | B7: 0 | C7: 硬木车轮 Lv.1 | D7: YH | E7: ="Lv."&MOD(F7,100) -> Lv.1 | F7: 101 | G7: wheel_wooden | H7: {=_xlfn.IFS($A7="","",OR($F7=99,$F7=""),_xlfn.TEXTJOIN("_",1,"device_name",$A7,$Y7),TRUE,OFFSET(H7,-1,0))} -> device_name_1210101_wheel_wooden | I7: 平平无奇的木质车轮。 | J7: =_xlfn.LET(_xlpm.get_device_type,VLOOKUP(VALUE(MID(A7,3,1)),tb_device_info_type[#All],3,0),_xlpm.check_if_wheel,IF(LEFT(A7,2)="12","wheel",_xlpm.get_device_type),_xlpm.raw_output,IF($A7<>"",_xlfn.TEXTJOIN("_",1,"device_alt",_xlpm.check_if_wheel),""),IFERROR(_xlpm.raw_output,"information missing")) -> device_alt_wheel | K7: {=_xlfn.IFS($A7="","",Q7="Wheel",_xlfn.CONCAT("dwt","[device_wheel_thumbnail_",IF($L7<>"",$L7,0),"]"),TRUE,_xlfn.CONCAT("dt","[device_thumbnail_",IF($L7<>"",$L7,0),"]"))} -> dwt[device_wheel_thumbnail_0] | L7: 0 | M7: se_ag_device_broken | N7: se_ag_device_be_hit | O7: 1410100 | P7: {=IFERROR(_xlfn.TEXTJOIN(";",1,_xlfn.MAP(_xlfn.TEXTSPLIT(O7,";"),_xlfn.LAMBDA(_xlpm.x,IFERROR(VLOOKUP(VALUE(_xlpm.x),device_tag!A:B,2,0),"error")))),"")} -> 车轮 | Q7: Wheel | R7: 0 | X7: device | Y7: wheel_wooden | Z7: {=_xlfn.IFS($A7="","",OR(F7=99,F7=""),_xlfn.TEXTJOIN("_",1,X7,$A7,Y7),TRUE,OFFSET($Z7,-1,0))} -> device_1210101_wheel_wooden | AA7: 25 | AC7: =ROUND($AD7*$AE7^MOD($F7,100),0) -> 24 | AD7: =9*1.02^MOD(F7,100) -> 9.18 | AE7: =POWER(1.6,2) -> 2.56 | AP7: FALSE | AQ7: BasicWheel | BB7: 1 | BC7: 无需配置，车轮没有操作面板 | BE7: {=IF(BD7<>"",_xlfn.TEXTJOIN("; ",1,VLOOKUP(VALUE(_xlfn.TEXTSPLIT(BD7,";")),device_cubicles!A:B,2,0)),"")}
A8: 12101012 | B8: 0 | C8: 硬木车轮 Lv.2 | D8: YH | E8: ="Lv."&MOD(F8,100) -> Lv.2 | F8: 102 | G8: wheel_wooden | H8: {=_xlfn.IFS($A8="","",OR($F8=99,$F8=""),_xlfn.TEXTJOIN("_",1,"device_name",$A8,$Y8),TRUE,OFFSET(H8,-1,0))} -> device_name_1210101_wheel_wooden | I8: 平平无奇的木质车轮。 | J8: =_xlfn.LET(_xlpm.get_device_type,VLOOKUP(VALUE(MID(A8,3,1)),tb_device_info_type[#All],3,0),_xlpm.check_if_wheel,IF(LEFT(A8,2)="12","wheel",_xlpm.get_device_type),_xlpm.raw_output,IF($A8<>"",_xlfn.TEXTJOIN("_",1,"device_alt",_xlpm.check_if_wheel),""),IFERROR(_xlpm.raw_output,"information missing")) -> device_alt_wheel | K8: {=_xlfn.IFS($A8="","",Q8="Wheel",_xlfn.CONCAT("dwt","[device_wheel_thumbnail_",IF($L8<>"",$L8,0),"]"),TRUE,_xlfn.CONCAT("dt","[device_thumbnail_",IF($L8<>"",$L8,0),"]"))} -> dwt[device_wheel_thumbnail_0] | L8: 0 | M8: se_ag_device_broken | N8: se_ag_device_be_hit | O8: 1410100 | P8: {=IFERROR(_xlfn.TEXTJOIN(";",1,_xlfn.MAP(_xlfn.TEXTSPLIT(O8,";"),_xlfn.LAMBDA(_xlpm.x,IFERROR(VLOOKUP(VALUE(_xlpm.x),device_tag!A:B,2,0),"error")))),"")} -> 车轮 | Q8: Wheel | R8: 0 | X8: device | Y8: wheel_wooden | Z8: {=_xlfn.IFS($A8="","",OR(F8=99,F8=""),_xlfn.TEXTJOIN("_",1,X8,$A8,Y8),TRUE,OFFSET($Z8,-1,0))} -> device_1210101_wheel_wooden | AA8: 25 | AC8: =ROUND($AD8*$AE8^MOD($F8,100),0) -> 61 | AD8: =9*1.02^MOD(F8,100) -> 9.3636 | AE8: =POWER(1.6,2) -> 2.56 | AP8: FALSE | AQ8: BasicWheel | BB8: 1 | BC8: 无需配置，车轮没有操作面板 | BE8: {=IF(BD8<>"",_xlfn.TEXTJOIN("; ",1,VLOOKUP(VALUE(_xlfn.TEXTSPLIT(BD8,";")),device_cubicles!A:B,2,0)),"")}
A9: 12101013 | B9: 0 | C9: 硬木车轮 Lv.3 | D9: YH | E9: ="Lv."&MOD(F9,100) -> Lv.3 | F9: 103 | G9: wheel_wooden | H9: {=_xlfn.IFS($A9="","",OR($F9=99,$F9=""),_xlfn.TEXTJOIN("_",1,"device_name",$A9,$Y9),TRUE,OFFSET(H9,-1,0))} -> device_name_1210101_wheel_wooden | I9: 平平无奇的木质车轮。 | J9: =_xlfn.LET(_xlpm.get_device_type,VLOOKUP(VALUE(MID(A9,3,1)),tb_device_info_type[#All],3,0),_xlpm.check_if_wheel,IF(LEFT(A9,2)="12","wheel",_xlpm.get_device_type),_xlpm.raw_output,IF($A9<>"",_xlfn.TEXTJOIN("_",1,"device_alt",_xlpm.check_if_wheel),""),IFERROR(_xlpm.raw_output,"information missing")) -> device_alt_wheel | K9: {=_xlfn.IFS($A9="","",Q9="Wheel",_xlfn.CONCAT("dwt","[device_wheel_thumbnail_",IF($L9<>"",$L9,0),"]"),TRUE,_xlfn.CONCAT("dt","[device_thumbnail_",IF($L9<>"",$L9,0),"]"))} -> dwt[device_wheel_thumbnail_0] | L9: 0 | M9: se_ag_device_broken | N9: se_ag_device_be_hit | O9: 1410100 | P9: {=IFERROR(_xlfn.TEXTJOIN(";",1,_xlfn.MAP(_xlfn.TEXTSPLIT(O9,";"),_xlfn.LAMBDA(_xlpm.x,IFERROR(VLOOKUP(VALUE(_xlpm.x),device_tag!A:B,2,0),"error")))),"")} -> 车轮 | Q9: Wheel | R9: 0 | X9: device | Y9: wheel_wooden | Z9: {=_xlfn.IFS($A9="","",OR(F9=99,F9=""),_xlfn.TEXTJOIN("_",1,X9,$A9,Y9),TRUE,OFFSET($Z9,-1,0))} -> device_1210101_wheel_wooden | AA9: 25 | AC9: =ROUND($AD9*$AE9^MOD($F9,100),0) -> 160 | AD9: =9*1.02^MOD(F9,100) -> 9.550872 | AE9: =POWER(1.6,2) -> 2.56 | AP9: FALSE | AQ9: BasicWheel | BB9: 1 | BC9: 无需配置，车轮没有操作面板 | BE9: {=IF(BD9<>"",_xlfn.TEXTJOIN("; ",1,VLOOKUP(VALUE(_xlfn.TEXTSPLIT(BD9,";")),device_cubicles!A:B,2,0)),"")}
A10: 12101019 | B10: 0 | C10: 旧木轮 | D10: YH | E10: ="Lv."&MOD(F10,100) -> Lv.0 | F10: 100 | G10: wheel_wooden | H10: device_name_12101019_wheel_wooden | I10: 平平无奇的木质车轮。 | J10: =_xlfn.LET(_xlpm.get_device_type,VLOOKUP(VALUE(MID(A10,3,1)),tb_device_info_type[#All],3,0),_xlpm.check_if_wheel,IF(LEFT(A10,2)="12","wheel",_xlpm.get_device_type),_xlpm.raw_output,IF($A10<>"",_xlfn.TEXTJOIN("_",1,"device_alt",_xlpm.check_if_wheel),""),IFERROR(_xlpm.raw_output,"information missing")) -> device_alt_wheel | K10: {=_xlfn.IFS($A10="","",Q10="Wheel",_xlfn.CONCAT("dwt","[device_wheel_thumbnail_",IF($L10<>"",$L10,0),"]"),TRUE,_xlfn.CONCAT("dt","[device_thumbnail_",IF($L10<>"",$L10,0),"]"))} -> dwt[device_wheel_thumbnail_0] | L10: 0 | M10: se_ag_device_broken | N10: se_ag_device_be_hit | O10: 1410100 | P10: {=IFERROR(_xlfn.TEXTJOIN(";",1,_xlfn.MAP(_xlfn.TEXTSPLIT(O10,";"),_xlfn.LAMBDA(_xlpm.x,IFERROR(VLOOKUP(VALUE(_xlpm.x),device_tag!A:B,2,0),"error")))),"")} -> 车轮 | Q10: Wheel | R10: 0 | X10: device | Y10: wheel_wooden | Z10: {=_xlfn.IFS($A10="","",OR(F10=99,F10=""),_xlfn.TEXTJOIN("_",1,X10,$A10,Y10),TRUE,OFFSET($Z10,-1,0))} -> device_1210101_wheel_wooden | AA10: 25 | AC10: =ROUND($AD10*$AE10^MOD($F10,100),0) -> 5 | AD10: 5 | AE10: =POWER(1.6,2) -> 2.56 | AP10: FALSE | AQ10: BasicWheel | BB10: 1 | BC10: 无需配置，车轮没有操作面板 | BE10: {=IF(BD10<>"",_xlfn.TEXTJOIN("; ",1,VLOOKUP(VALUE(_xlfn.TEXTSPLIT(BD10,";")),device_cubicles!A:B,2,0)),"")}
A11: 1210102 | B11: 0 | C11: 履带 | D11: YH | F11: 99 | G11: wheel_track | H11: {=_xlfn.IFS($A11="","",OR($F11=99,$F11=""),_xlfn.TEXTJOIN("_",1,"device_name",$A11,$Y11),TRUE,OFFSET(H11,-1,0))} -> device_name_1210102_wheel_track | I11: 笨重，但通过性极佳。碾碎一切弱小的敌人。 | J11: =_xlfn.LET(_xlpm.get_device_type,VLOOKUP(VALUE(MID(A11,3,1)),tb_device_info_type[#All],3,0),_xlpm.check_if_wheel,IF(LEFT(A11,2)="12","wheel",_xlpm.get_device_type),_xlpm.raw_output,IF($A11<>"",_xlfn.TEXTJOIN("_",1,"device_alt",_xlpm.check_if_wheel),""),IFERROR(_xlpm.raw_output,"information missing")) -> device_alt_wheel | K11: {=_xlfn.IFS($A11="","",Q11="Wheel",_xlfn.CONCAT("dwt","[device_wheel_thumbnail_",IF($L11<>"",$L11,0),"]"),TRUE,_xlfn.CONCAT("dt","[device_thumbnail_",IF($L11<>"",$L11,0),"]"))} -> dwt[device_wheel_thumbnail_1] | L11: 1 | M11: se_ag_device_broken | N11: se_ag_device_be_hit | O11: 1410100 | P11: {=IFERROR(_xlfn.TEXTJOIN(";",1,_xlfn.MAP(_xlfn.TEXTSPLIT(O11,";"),_xlfn.LAMBDA(_xlpm.x,IFERROR(VLOOKUP(VALUE(_xlpm.x),device_tag!A:B,2,0),"error")))),"")} -> 车轮 | Q11: Wheel | R11: 0 | X11: device | Y11: wheel_track | Z11: {=_xlfn.IFS($A11="","",OR(F11=99,F11=""),_xlfn.TEXTJOIN("_",1,X11,$A11,Y11),TRUE,OFFSET($Z11,-1,0))} -> device_1210102_wheel_track | AA11: 735 | AC11: 14 | AP11: TRUE | AQ11: Wheel_Track | BB11: =REPLACE($A11,1,1,6) -> 6210102 | BC11: 无需配置，车轮没有操作面板 | BE11: {=IF(BD11<>"",_xlfn.TEXTJOIN("; ",1,VLOOKUP(VALUE(_xlfn.TEXTSPLIT(BD11,";")),device_cubicles!A:B,2,0)),"")}
A12: 12101022 | B12: 0 | C12: 履带 Lv.2 | D12: YH | E12: ="Lv."&MOD(F12,100) -> Lv.2 | F12: 102 | G12: wheel_track | H12: {=_xlfn.IFS($A12="","",OR($F12=99,$F12=""),_xlfn.TEXTJOIN("_",1,"device_name",$A12,$Y12),TRUE,OFFSET(H12,-1,0))} -> device_name_1210102_wheel_track | I12: 笨重，但通过性极佳。碾碎一切弱小的敌人。 | J12: =_xlfn.LET(_xlpm.get_device_type,VLOOKUP(VALUE(MID(A12,3,1)),tb_device_info_type[#All],3,0),_xlpm.check_if_wheel,IF(LEFT(A12,2)="12","wheel",_xlpm.get_device_type),_xlpm.raw_output,IF($A12<>"",_xlfn.TEXTJOIN("_",1,"device_alt",_xlpm.check_if_wheel),""),IFERROR(_xlpm.raw_output,"information missing")) -> device_alt_wheel | K12: {=_xlfn.IFS($A12="","",Q12="Wheel",_xlfn.CONCAT("dwt","[device_wheel_thumbnail_",IF($L12<>"",$L12,0),"]"),TRUE,_xlfn.CONCAT("dt","[device_thumbnail_",IF($L12<>"",$L12,0),"]"))} -> dwt[device_wheel_thumbnail_1] | L12: 1 | M12: se_ag_device_broken | N12: se_ag_device_be_hit | O12: 1410100 | P12: {=IFERROR(_xlfn.TEXTJOIN(";",1,_xlfn.MAP(_xlfn.TEXTSPLIT(O12,";"),_xlfn.LAMBDA(_xlpm.x,IFERROR(VLOOKUP(VALUE(_xlpm.x),device_tag!A:B,2,0),"error")))),"")} -> 车轮 | Q12: Wheel | R12: 0 | X12: device | Y12: wheel_track | Z12: {=_xlfn.IFS($A12="","",OR(F12=99,F12=""),_xlfn.TEXTJOIN("_",1,X12,$A12,Y12),TRUE,OFFSET($Z12,-1,0))} -> device_1210102_wheel_track | AA12: 735 | AC12: =ROUND($AD12*$AE12^MOD($F12,100),0) -> 75 | AD12: =12*0.975^MOD(F12,100) -> 11.4075 | AE12: =POWER(1.6,2) -> 2.56 | AP12: TRUE | AQ12: Wheel_Track | BB12: 1 | BC12: 无需配置，车轮没有操作面板 | BE12: {=IF(BD12<>"",_xlfn.TEXTJOIN("; ",1,VLOOKUP(VALUE(_xlfn.TEXTSPLIT(BD12,";")),device_cubicles!A:B,2,0)),"")}
A13: 12101023 | B13: 0 | C13: 履带 Lv.3 | D13: YH | E13: ="Lv."&MOD(F13,100) -> Lv.3 | F13: 103 | G13: wheel_track | H13: {=_xlfn.IFS($A13="","",OR($F13=99,$F13=""),_xlfn.TEXTJOIN("_",1,"device_name",$A13,$Y13),TRUE,OFFSET(H13,-1,0))} -> device_name_1210102_wheel_track | I13: 笨重，但通过性极佳。碾碎一切弱小的敌人。 | J13: =_xlfn.LET(_xlpm.get_device_type,VLOOKUP(VALUE(MID(A13,3,1)),tb_device_info_type[#All],3,0),_xlpm.check_if_wheel,IF(LEFT(A13,2)="12","wheel",_xlpm.get_device_type),_xlpm.raw_output,IF($A13<>"",_xlfn.TEXTJOIN("_",1,"device_alt",_xlpm.check_if_wheel),""),IFERROR(_xlpm.raw_output,"information missing")) -> device_alt_wheel | K13: {=_xlfn.IFS($A13="","",Q13="Wheel",_xlfn.CONCAT("dwt","[device_wheel_thumbnail_",IF($L13<>"",$L13,0),"]"),TRUE,_xlfn.CONCAT("dt","[device_thumbnail_",IF($L13<>"",$L13,0),"]"))} -> dwt[device_wheel_thumbnail_1] | L13: 1 | M13: se_ag_device_broken | N13: se_ag_device_be_hit | O13: 1410100 | P13: {=IFERROR(_xlfn.TEXTJOIN(";",1,_xlfn.MAP(_xlfn.TEXTSPLIT(O13,";"),_xlfn.LAMBDA(_xlpm.x,IFERROR(VLOOKUP(VALUE(_xlpm.x),device_tag!A:B,2,0),"error")))),"")} -> 车轮 | Q13: Wheel | R13: 0 | X13: device | Y13: wheel_track | Z13: {=_xlfn.IFS($A13="","",OR(F13=99,F13=""),_xlfn.TEXTJOIN("_",1,X13,$A13,Y13),TRUE,OFFSET($Z13,-1,0))} -> device_1210102_wheel_track | AA13: 735 | AC13: =ROUND($AD13*$AE13^MOD($F13,100),0) -> 187 | AD13: =12*0.975^MOD(F13,100) -> 11.122312 | AE13: =POWER(1.6,2) -> 2.56 | AP13: TRUE | AQ13: Wheel_Track | BB13: 1 | BC13: 无需配置，车轮没有操作面板 | BE13: {=IF(BD13<>"",_xlfn.TEXTJOIN("; ",1,VLOOKUP(VALUE(_xlfn.TEXTSPLIT(BD13,";")),device_cubicles!A:B,2,0)),"")}
A14: 12101024 | B14: 0 | C14: 履带 Lv.4 | D14: YH | E14: ="Lv."&MOD(F14,100) -> Lv.4 | F14: 104 | G14: wheel_track | H14: {=_xlfn.IFS($A14="","",OR($F14=99,$F14=""),_xlfn.TEXTJOIN("_",1,"device_name",$A14,$Y14),TRUE,OFFSET(H14,-1,0))} -> device_name_1210102_wheel_track | I14: 笨重，但通过性极佳。碾碎一切弱小的敌人。 | J14: =_xlfn.LET(_xlpm.get_device_type,VLOOKUP(VALUE(MID(A14,3,1)),tb_device_info_type[#All],3,0),_xlpm.check_if_wheel,IF(LEFT(A14,2)="12","wheel",_xlpm.get_device_type),_xlpm.raw_output,IF($A14<>"",_xlfn.TEXTJOIN("_",1,"device_alt",_xlpm.check_if_wheel),""),IFERROR(_xlpm.raw_output,"information missing")) -> device_alt_wheel | K14: {=_xlfn.IFS($A14="","",Q14="Wheel",_xlfn.CONCAT("dwt","[device_wheel_thumbnail_",IF($L14<>"",$L14,0),"]"),TRUE,_xlfn.CONCAT("dt","[device_thumbnail_",IF($L14<>"",$L14,0),"]"))} -> dwt[device_wheel_thumbnail_1] | L14: 1 | M14: se_ag_device_broken | N14: se_ag_device_be_hit | O14: 1410100 | P14: {=IFERROR(_xlfn.TEXTJOIN(";",1,_xlfn.MAP(_xlfn.TEXTSPLIT(O14,";"),_xlfn.LAMBDA(_xlpm.x,IFERROR(VLOOKUP(VALUE(_xlpm.x),device_tag!A:B,2,0),"error")))),"")} -> 车轮 | Q14: Wheel | R14: 0 | X14: device | Y14: wheel_track | Z14: {=_xlfn.IFS($A14="","",OR(F14=99,F14=""),_xlfn.TEXTJOIN("_",1,X14,$A14,Y14),TRUE,OFFSET($Z14,-1,0))} -> device_1210102_wheel_track | AA14: 735 | AC14: =ROUND($AD14*$AE14^MOD($F14,100),0) -> 466 | AD14: =12*0.975^MOD(F14,100) -> 10.844255 | AE14: =POWER(1.6,2) -> 2.56 | AP14: TRUE | AQ14: Wheel_Track | BB14: 1 | BC14: 无需配置，车轮没有操作面板 | BE14: {=IF(BD14<>"",_xlfn.TEXTJOIN("; ",1,VLOOKUP(VALUE(_xlfn.TEXTSPLIT(BD14,";")),device_cubicles!A:B,2,0)),"")}
A15: 1211801 | B15: 0 | C15: 救生圈 | D15: YH | F15: 99 | G15: wheel_lifebuoy | H15: {=_xlfn.IFS($A15="","",OR($F15=99,$F15=""),_xlfn.TEXTJOIN("_",1,"device_name",$A15,$Y15),TRUE,OFFSET(H15,-1,0))} -> device_name_1211801_wheel_lifebuoy | I15: 动力强劲又灵活，但总是会不受控地弹起… | J15: =_xlfn.LET(_xlpm.get_device_type,VLOOKUP(VALUE(MID(A15,3,1)),tb_device_info_type[#All],3,0),_xlpm.check_if_wheel,IF(LEFT(A15,2)="12","wheel",_xlpm.get_device_type),_xlpm.raw_output,IF($A15<>"",_xlfn.TEXTJOIN("_",1,"device_alt",_xlpm.check_if_wheel),""),IFERROR(_xlpm.raw_output,"information missing")) -> device_alt_wheel | K15: {=_xlfn.IFS($A15="","",Q15="Wheel",_xlfn.CONCAT("dwt","[device_wheel_thumbnail_",IF($L15<>"",$L15,0),"]"),TRUE,_xlfn.CONCAT("dt","[device_thumbnail_",IF($L15<>"",$L15,0),"]"))} -> dwt[device_wheel_thumbnail_3] | L15: 3 | M15: se_ag_device_broken | N15: se_ag_device_be_hit | O15: 1410100 | P15: {=IFERROR(_xlfn.TEXTJOIN(";",1,_xlfn.MAP(_xlfn.TEXTSPLIT(O15,";"),_xlfn.LAMBDA(_xlpm.x,IFERROR(VLOOKUP(VALUE(_xlpm.x),device_tag!A:B,2,0),"error")))),"")} -> 车轮 | Q15: Wheel | R15: 0 | X15: device | Y15: wheel_lifebuoy | Z15: {=_xlfn.IFS($A15="","",OR(F15=99,F15=""),_xlfn.TEXTJOIN("_",1,X15,$A15,Y15),TRUE,OFFSET($Z15,-1,0))} -> device_1211801_wheel_lifebuoy | AA15: 5 | AB15: 0 | AC15: 12 | AP15: FALSE | AQ15: BasicWheel | BB15: 1 | BC15: BasicWheel_Panel | BE15: {=IF(BD15<>"",_xlfn.TEXTJOIN("; ",1,VLOOKUP(VALUE(_xlfn.TEXTSPLIT(BD15,";")),device_cubicles!A:B,2,0)),"")}
A16: 120000002 | B16: 0 | C16: 笨重石轮 | H16: {=_xlfn.IFS($A16="","",OR($F16=99,$F16=""),_xlfn.TEXTJOIN("_",1,"device_name",$A16,$Y16),TRUE,OFFSET(H16,-1,0))} -> device_name_120000002_wheel_stone | J16: =_xlfn.LET(_xlpm.get_device_type,VLOOKUP(VALUE(MID(A16,3,1)),tb_device_info_type[#All],3,0),_xlpm.check_if_wheel,IF(LEFT(A16,2)="12","wheel",_xlpm.get_device_type),_xlpm.raw_output,IF($A16<>"",_xlfn.TEXTJOIN("_",1,"device_alt",_xlpm.check_if_wheel),""),IFERROR(_xlpm.raw_output,"information missing")) -> device_alt_wheel | K16: {=_xlfn.IFS($A16="","",Q16="Wheel",_xlfn.CONCAT("dwt","[device_wheel_thumbnail_",IF($L16<>"",$L16,0),"]"),TRUE,_xlfn.CONCAT("dt","[device_thumbnail_",IF($L16<>"",$L16,0),"]"))} -> dwt[device_wheel_thumbnail_3] | L16: 3 | M16: se_ag_device_broken | N16: se_ag_device_be_hit | P16: {=IFERROR(_xlfn.TEXTJOIN(";",1,_xlfn.MAP(_xlfn.TEXTSPLIT(O16,";"),_xlfn.LAMBDA(_xlpm.x,IFERROR(VLOOKUP(VALUE(_xlpm.x),device_tag!A:B,2,0),"error")))),"")} | Q16: Wheel | R16: 0 | X16: dp | Y16: wheel_stone | Z16: {=_xlfn.IFS($A16="","",OR(F16=99,F16=""),_xlfn.TEXTJOIN("_",1,X16,$A16,Y16),TRUE,OFFSET($Z16,-1,0))} -> dp_120000002_wheel_stone | AA16: 100 | AB16: 0 | BC16: Base_Device_Panel | BE16: {=IF(BD16<>"",_xlfn.TEXTJOIN("; ",1,VLOOKUP(VALUE(_xlfn.TEXTSPLIT(BD16,";")),device_cubicles!A:B,2,0)),"")}
A17: 120000003 | B17: 0 | C17: 坚固铁轮 | H17: {=_xlfn.IFS($A17="","",OR($F17=99,$F17=""),_xlfn.TEXTJOIN("_",1,"device_name",$A17,$Y17),TRUE,OFFSET(H17,-1,0))} -> device_name_120000003_wheel_iron | J17: =_xlfn.LET(_xlpm.get_device_type,VLOOKUP(VALUE(MID(A17,3,1)),tb_device_info_type[#All],3,0),_xlpm.check_if_wheel,IF(LEFT(A17,2)="12","wheel",_xlpm.get_device_type),_xlpm.raw_output,IF($A17<>"",_xlfn.TEXTJOIN("_",1,"device_alt",_xlpm.check_if_wheel),""),IFERROR(_xlpm.raw_output,"information missing")) -> device_alt_wheel | K17: {=_xlfn.IFS($A17="","",Q17="Wheel",_xlfn.CONCAT("dwt","[device_wheel_thumbnail_",IF($L17<>"",$L17,0),"]"),TRUE,_xlfn.CONCAT("dt","[device_thumbnail_",IF($L17<>"",$L17,0),"]"))} -> dwt[device_wheel_thumbnail_3] | L17: 3 | M17: se_ag_device_broken | N17: se_ag_device_be_hit | P17: {=IFERROR(_xlfn.TEXTJOIN(";",1,_xlfn.MAP(_xlfn.TEXTSPLIT(O17,";"),_xlfn.LAMBDA(_xlpm.x,IFERROR(VLOOKUP(VALUE(_xlpm.x),device_tag!A:B,2,0),"error")))),"")} | Q17: Wheel | R17: 0 | X17: dp | Y17: wheel_iron | Z17: {=_xlfn.IFS($A17="","",OR(F17=99,F17=""),_xlfn.TEXTJOIN("_",1,X17,$A17,Y17),TRUE,OFFSET($Z17,-1,0))} -> dp_120000003_wheel_iron | AA17: 250 | AB17: 0 | BC17: Base_Device_Panel | BE17: {=IF(BD17<>"",_xlfn.TEXTJOIN("; ",1,VLOOKUP(VALUE(_xlfn.TEXTSPLIT(BD17,";")),device_cubicles!A:B,2,0)),"")}
A18: 120000004 | B18: 0 | C18: 凝胶车轮 | H18: {=_xlfn.IFS($A18="","",OR($F18=99,$F18=""),_xlfn.TEXTJOIN("_",1,"device_name",$A18,$Y18),TRUE,OFFSET(H18,-1,0))} -> device_name_120000004_wheel_gem | J18: =_xlfn.LET(_xlpm.get_device_type,VLOOKUP(VALUE(MID(A18,3,1)),tb_device_info_type[#All],3,0),_xlpm.check_if_wheel,IF(LEFT(A18,2)="12","wheel",_xlpm.get_device_type),_xlpm.raw_output,IF($A18<>"",_xlfn.TEXTJOIN("_",1,"device_alt",_xlpm.check_if_wheel),""),IFERROR(_xlpm.raw_output,"information missing")) -> device_alt_wheel | K18: {=_xlfn.IFS($A18="","",Q18="Wheel",_xlfn.CONCAT("dwt","[device_wheel_thumbnail_",IF($L18<>"",$L18,0),"]"),TRUE,_xlfn.CONCAT("dt","[device_thumbnail_",IF($L18<>"",$L18,0),"]"))} -> dwt[device_wheel_thumbnail_3] | L18: 3 | M18: se_ag_device_broken | N18: se_ag_device_be_hit | P18: {=IFERROR(_xlfn.TEXTJOIN(";",1,_xlfn.MAP(_xlfn.TEXTSPLIT(O18,";"),_xlfn.LAMBDA(_xlpm.x,IFERROR(VLOOKUP(VALUE(_xlpm.x),device_tag!A:B,2,0),"error")))),"")} | Q18: Wheel | R18: 0 | X18: dp | Y18: wheel_gem | Z18: {=_xlfn.IFS($A18="","",OR(F18=99,F18=""),_xlfn.TEXTJOIN("_",1,X18,$A18,Y18),TRUE,OFFSET($Z18,-1,0))} -> dp_120000004_wheel_gem | AA18: 50 | AB18: 0 | BC18: Base_Device_Panel | BE18: {=IF(BD18<>"",_xlfn.TEXTJOIN("; ",1,VLOOKUP(VALUE(_xlfn.TEXTSPLIT(BD18,";")),device_cubicles!A:B,2,0)),"")}
A19: 120000006 | B19: 0 | C19: 废弃轮胎 | H19: {=_xlfn.IFS($A19="","",OR($F19=99,$F19=""),_xlfn.TEXTJOIN("_",1,"device_name",$A19,$Y19),TRUE,OFFSET(H19,-1,0))} -> device_name_120000006_wheel_tyre | J19: =_xlfn.LET(_xlpm.get_device_type,VLOOKUP(VALUE(MID(A19,3,1)),tb_device_info_type[#All],3,0),_xlpm.check_if_wheel,IF(LEFT(A19,2)="12","wheel",_xlpm.get_device_type),_xlpm.raw_output,IF($A19<>"",_xlfn.TEXTJOIN("_",1,"device_alt",_xlpm.check_if_wheel),""),IFERROR(_xlpm.raw_output,"information missing")) -> device_alt_wheel | K19: {=_xlfn.IFS($A19="","",Q19="Wheel",_xlfn.CONCAT("dwt","[device_wheel_thumbnail_",IF($L19<>"",$L19,0),"]"),TRUE,_xlfn.CONCAT("dt","[device_thumbnail_",IF($L19<>"",$L19,0),"]"))} -> dwt[device_wheel_thumbnail_3] | L19: 3 | M19: se_ag_device_broken | N19: se_ag_device_be_hit | P19: {=IFERROR(_xlfn.TEXTJOIN(";",1,_xlfn.MAP(_xlfn.TEXTSPLIT(O19,";"),_xlfn.LAMBDA(_xlpm.x,IFERROR(VLOOKUP(VALUE(_xlpm.x),device_tag!A:B,2,0),"error")))),"")} | Q19: Wheel | R19: 0 | X19: dp | Y19: wheel_tyre | Z19: {=_xlfn.IFS($A19="","",OR(F19=99,F19=""),_xlfn.TEXTJOIN("_",1,X19,$A19,Y19),TRUE,OFFSET($Z19,-1,0))} -> dp_120000006_wheel_tyre | AA19: 100 | AB19: 0 | BC19: Base_Device_Panel | BE19: {=IF(BD19<>"",_xlfn.TEXTJOIN("; ",1,VLOOKUP(VALUE(_xlfn.TEXTSPLIT(BD19,";")),device_cubicles!A:B,2,0)),"")}
A20: 120000007 | B20: 0 | C20: 推进车轮 | G20: wheel_wooden | H20: {=_xlfn.IFS($A20="","",OR($F20=99,$F20=""),_xlfn.TEXTJOIN("_",1,"device_name",$A20,$Y20),TRUE,OFFSET(H20,-1,0))} -> device_name_120000007_wheel_wooden | J20: =_xlfn.LET(_xlpm.get_device_type,VLOOKUP(VALUE(MID(A20,3,1)),tb_device_info_type[#All],3,0),_xlpm.check_if_wheel,IF(LEFT(A20,2)="12","wheel",_xlpm.get_device_type),_xlpm.raw_output,IF($A20<>"",_xlfn.TEXTJOIN("_",1,"device_alt",_xlpm.check_if_wheel),""),IFERROR(_xlpm.raw_output,"information missing")) -> device_alt_wheel | K20: {=_xlfn.IFS($A20="","",Q20="Wheel",_xlfn.CONCAT("dwt","[device_wheel_thumbnail_",IF($L20<>"",$L20,0),"]"),TRUE,_xlfn.CONCAT("dt","[device_thumbnail_",IF($L20<>"",$L20,0),"]"))} -> dwt[device_wheel_thumbnail_3] | L20: 3 | M20: se_ag_device_broken | N20: se_ag_device_be_hit | O20: 1410100 | P20: {=IFERROR(_xlfn.TEXTJOIN(";",1,_xlfn.MAP(_xlfn.TEXTSPLIT(O20,";"),_xlfn.LAMBDA(_xlpm.x,IFERROR(VLOOKUP(VALUE(_xlpm.x),device_tag!A:B,2,0),"error")))),"")} -> 车轮 | Q20: Wheel | R20: 0 | X20: device | Y20: wheel_wooden | Z20: {=_xlfn.IFS($A20="","",OR(F20=99,F20=""),_xlfn.TEXTJOIN("_",1,X20,$A20,Y20),TRUE,OFFSET($Z20,-1,0))} -> device_120000007_wheel_wooden | AA20: 25 | AB20: 0 | AP20: FALSE | AQ20: JetWheel | BB20: 1 | BC20: JetWheel_Panel | BE20: {=IF(BD20<>"",_xlfn.TEXTJOIN("; ",1,VLOOKUP(VALUE(_xlfn.TEXTSPLIT(BD20,";")),device_cubicles!A:B,2,0)),"")}
A21: 120000008 | B21: 0 | C21: 喷火车轮 | D21: YH | G21: fire_wheel | H21: {=_xlfn.IFS($A21="","",OR($F21=99,$F21=""),_xlfn.TEXTJOIN("_",1,"device_name",$A21,$Y21),TRUE,OFFSET(H21,-1,0))} -> device_name_120000008_fire_wheel | J21: =_xlfn.LET(_xlpm.get_device_type,VLOOKUP(VALUE(MID(A21,3,1)),tb_device_info_type[#All],3,0),_xlpm.check_if_wheel,IF(LEFT(A21,2)="12","wheel",_xlpm.get_device_type),_xlpm.raw_output,IF($A21<>"",_xlfn.TEXTJOIN("_",1,"device_alt",_xlpm.check_if_wheel),""),IFERROR(_xlpm.raw_output,"information missing")) -> device_alt_wheel | K21: {=_xlfn.IFS($A21="","",Q21="Wheel",_xlfn.CONCAT("dwt","[device_wheel_thumbnail_",IF($L21<>"",$L21,0),"]"),TRUE,_xlfn.CONCAT("dt","[device_thumbnail_",IF($L21<>"",$L21,0),"]"))} -> dwt[device_wheel_thumbnail_3] | L21: 3 | M21: se_ag_device_broken | N21: se_ag_device_be_hit | O21: 1410100 | P21: {=IFERROR(_xlfn.TEXTJOIN(";",1,_xlfn.MAP(_xlfn.TEXTSPLIT(O21,";"),_xlfn.LAMBDA(_xlpm.x,IFERROR(VLOOKUP(VALUE(_xlpm.x),device_tag!A:B,2,0),"error")))),"")} -> 车轮 | Q21: Wheel | R21: 0 | X21: device | Y21: fire_wheel | Z21: {=_xlfn.IFS($A21="","",OR(F21=99,F21=""),_xlfn.TEXTJOIN("_",1,X21,$A21,Y21),TRUE,OFFSET($Z21,-1,0))} -> device_120000008_fire_wheel | AA21: 25 | AB21: 0 | AP21: FALSE | AQ21: FireWheel | BB21: 1 | BC21: BasicWheel_Panel | BE21: {=IF(BD21<>"",_xlfn.TEXTJOIN("; ",1,VLOOKUP(VALUE(_xlfn.TEXTSPLIT(BD21,";")),device_cubicles!A:B,2,0)),"")}
J22: =_xlfn.LET(_xlpm.get_device_type,VLOOKUP(VALUE(MID(A22,3,1)),tb_device_info_type[#All],3,0),_xlpm.check_if_wheel,IF(LEFT(A22,2)="12","wheel",_xlpm.get_device_type),_xlpm.raw_output,IF($A22<>"",_xlfn.TEXTJOIN("_",1,"device_alt",_xlpm.check_if_wheel),""),IFERROR(_xlpm.raw_output,"information missing")) | K22: {=_xlfn.IFS($A22="","",ISTEXT($L22),_xlfn.CONCAT("dwt","[device_wheel_thumbnail_",RIGHT($A22,1)-1,"]"),TRUE,_xlfn.CONCAT("dt","[device_thumbnail_",IF($L22<>"",$L22,0),"]"))} | P22: {=IFERROR(_xlfn.TEXTJOIN(";",1,_xlfn.MAP(_xlfn.TEXTSPLIT(O22,";"),_xlfn.LAMBDA(_xlpm.x,IFERROR(VLOOKUP(VALUE(_xlpm.x),device_tag!A:B,2,0),"error")))),"")} | Z22: {=_xlfn.IFS($A22="","",OR(F22<0,F22=""),_xlfn.TEXTJOIN("_",1,X22,$A22,Y22),TRUE,OFFSET($Z22,-1,0))} | BE22: {=IF(BD22<>"",_xlfn.TEXTJOIN("; ",1,VLOOKUP(VALUE(_xlfn.TEXTSPLIT(BD22,";")),device_cubicles!A:B,2,0)),"")}
A23: 1310101 | B23: 0 | C23: 短匕 | D23: YH | G23: device_dagger | H23: {=_xlfn.IFS($A23="","",OR($F23=99,$F23=""),_xlfn.TEXTJOIN("_",1,"device_name",$A23,$Y23),TRUE,OFFSET(H23,-1,0))} -> device_name_1310101_dagger | J23: =_xlfn.LET(_xlpm.get_device_type,VLOOKUP(VALUE(MID(A23,3,1)),tb_device_info_type[#All],3,0),_xlpm.check_if_wheel,IF(LEFT(A23,2)="12","wheel",_xlpm.get_device_type),_xlpm.raw_output,IF($A23<>"",_xlfn.TEXTJOIN("_",1,"device_alt",_xlpm.check_if_wheel),""),IFERROR(_xlpm.raw_output,"information missing")) -> device_alt_melee | K23: {=_xlfn.IFS($A23="","",ISTEXT($L23),_xlfn.CONCAT("dwt","[device_wheel_thumbnail_",RIGHT($A23,1)-1,"]"),TRUE,_xlfn.CONCAT("dt","[device_thumbnail_",IF($L23<>"",$L23,0),"]"))} -> dt[device_thumbnail_8] | L23: 8 | M23: se_ag_device_broken | N23: se_ag_device_be_hit | O23: 1420100;1420101 | P23: {=IFERROR(_xlfn.TEXTJOIN(";",1,_xlfn.MAP(_xlfn.TEXTSPLIT(O23,";"),_xlfn.LAMBDA(_xlpm.x,IFERROR(VLOOKUP(VALUE(_xlpm.x),device_tag!A:B,2,0),"error")))),"")} -> 近战武器;刀剑 | Q23: Common | T23: 0 | U23: 1 | V23: 0 | W23: 1 | X23: device | Y23: dagger | Z23: {=_xlfn.IFS($A23="","",OR(F23=99,F23=""),_xlfn.TEXTJOIN("_",1,X23,$A23,Y23),TRUE,OFFSET($Z23,-1,0))} -> device_1310101_dagger | AA23: 2 | AB23: 1 | AC23: 9 | AF23: 1 | AG23: 0 | AH23: =_xlfn.TEXTJOIN("~",1,AI23:AJ23) -> 0~2.5 | AI23: 0 | AJ23: 2.5 | AK23: 0 | AL23: 0 | AM23: 0 | AN23: 0 | AO23: 0 | AP23: TRUE | AQ23: BasicMelee_Click | AS23: =$A23 -> 1310101 | AY23: =_xlfn.TEXTJOIN("~",1,AZ23:BA23) -> 10~2.5 | AZ23: 10 | BA23: 2.5 | BB23: =REPLACE($A23,1,1,6) -> 6310101 | BC23: DevicePanel_Click_Melee | BD23: 201;301 | BE23: {=IF(BD23<>"",_xlfn.TEXTJOIN("; ",1,VLOOKUP(VALUE(_xlfn.TEXTSPLIT(BD23,";")),device_cubicles!A:B,2,0)),"")} -> 近战攻击; 磨砺刀刃
A24: 1310102 | B24: 0 | C24: 砍刀 | D24: YH | G24: device_machete | H24: {=_xlfn.IFS($A24="","",OR($F24=99,$F24=""),_xlfn.TEXTJOIN("_",1,"device_name",$A24,$Y24),TRUE,OFFSET(H24,-1,0))} -> device_name_1310102_machete | J24: =_xlfn.LET(_xlpm.get_device_type,VLOOKUP(VALUE(MID(A24,3,1)),tb_device_info_type[#All],3,0),_xlpm.check_if_wheel,IF(LEFT(A24,2)="12","wheel",_xlpm.get_device_type),_xlpm.raw_output,IF($A24<>"",_xlfn.TEXTJOIN("_",1,"device_alt",_xlpm.check_if_wheel),""),IFERROR(_xlpm.raw_output,"information missing")) -> device_alt_melee | K24: {=_xlfn.IFS($A24="","",ISTEXT($L24),_xlfn.CONCAT("dwt","[device_wheel_thumbnail_",RIGHT($A24,1)-1,"]"),TRUE,_xlfn.CONCAT("dt","[device_thumbnail_",IF($L24<>"",$L24,0),"]"))} -> dt[device_thumbnail_15] | L24: 15 | M24: se_ag_device_broken | N24: se_ag_device_be_hit | O24: 1420100;1420101 | P24: {=IFERROR(_xlfn.TEXTJOIN(";",1,_xlfn.MAP(_xlfn.TEXTSPLIT(O24,";"),_xlfn.LAMBDA(_xlpm.x,IFERROR(VLOOKUP(VALUE(_xlpm.x),device_tag!A:B,2,0),"error")))),"")} -> 近战武器;刀剑 | Q24: Common | T24: 0 | U24: 1 | V24: 0 | W24: 1 | X24: device | Y24: machete | Z24: {=_xlfn.IFS($A24="","",OR(F24=99,F24=""),_xlfn.TEXTJOIN("_",1,X24,$A24,Y24),TRUE,OFFSET($Z24,-1,0))} -> device_1310102_machete | AA24: 5 | AB24: 1 | AC24: 11 | AF24: 1 | AG24: 0 | AH24: =_xlfn.TEXTJOIN("~",1,AI24:AJ24) -> 0~2.8 | AI24: 0 | AJ24: 2.8 | AK24: 0 | AL24: 0 | AM24: 0 | AN24: 0 | AO24: 0 | AP24: TRUE | AQ24: BasicMelee_Click | AS24: =$A24 -> 1310102 | AY24: =_xlfn.TEXTJOIN("~",1,AZ24:BA24) -> 7~0.2 | AZ24: 7 | BA24: 0.2 | BB24: =REPLACE($A24,1,1,6) -> 6310102 | BC24: DevicePanel_Click_Melee_Resharpenable_Machete | BD24: 201;301 | BE24: {=IF(BD24<>"",_xlfn.TEXTJOIN("; ",1,VLOOKUP(VALUE(_xlfn.TEXTSPLIT(BD24,";")),device_cubicles!A:B,2,0)),"")} -> 近战攻击; 磨砺刀刃
A25: 1310103 | B25: 0 | C25: 大剑 | D25: YH | G25: device_claymore | H25: {=_xlfn.IFS($A25="","",OR($F25=99,$F25=""),_xlfn.TEXTJOIN("_",1,"device_name",$A25,$Y25),TRUE,OFFSET(H25,-1,0))} -> device_name_1310103_claymore | J25: =_xlfn.LET(_xlpm.get_device_type,VLOOKUP(VALUE(MID(A25,3,1)),tb_device_info_type[#All],3,0),_xlpm.check_if_wheel,IF(LEFT(A25,2)="12","wheel",_xlpm.get_device_type),_xlpm.raw_output,IF($A25<>"",_xlfn.TEXTJOIN("_",1,"device_alt",_xlpm.check_if_wheel),""),IFERROR(_xlpm.raw_output,"information missing")) -> device_alt_melee | K25: {=_xlfn.IFS($A25="","",ISTEXT($L25),_xlfn.CONCAT("dwt","[device_wheel_thumbnail_",RIGHT($A25,1)-1,"]"),TRUE,_xlfn.CONCAT("dt","[device_thumbnail_",IF($L25<>"",$L25,0),"]"))} -> dt[device_thumbnail_7] | L25: 7 | M25: se_ag_device_broken | N25: se_ag_device_be_hit | O25: 1420100;1420101 | P25: {=IFERROR(_xlfn.TEXTJOIN(";",1,_xlfn.MAP(_xlfn.TEXTSPLIT(O25,";"),_xlfn.LAMBDA(_xlpm.x,IFERROR(VLOOKUP(VALUE(_xlpm.x),device_tag!A:B,2,0),"error")))),"")} -> 近战武器;刀剑 | Q25: Common | T25: 0 | U25: 1 | V25: 0 | W25: 1 | X25: device | Y25: claymore | Z25: {=_xlfn.IFS($A25="","",OR(F25=99,F25=""),_xlfn.TEXTJOIN("_",1,X25,$A25,Y25),TRUE,OFFSET($Z25,-1,0))} -> device_1310103_claymore | AA25: 7 | AB25: 1 | AC25: 13 | AF25: 1 | AG25: 0 | AH25: =_xlfn.TEXTJOIN("~",1,AI25:AJ25) -> 0~3 | AI25: 0 | AJ25: 3 | AK25: 0 | AL25: 0 | AM25: 0 | AN25: 0 | AO25: 0 | AP25: TRUE | AQ25: DScript_Melee_Blade | AS25: =$A25 -> 1310103 | AY25: =_xlfn.TEXTJOIN("~",1,AZ25:BA25) -> 2.5~0.1 | AZ25: 2.5 | BA25: 0.1 | BB25: =REPLACE($A25,1,1,6) -> 6310103 | BC25: DPanel_Melee_Blade | BD25: 201;301 | BE25: {=IF(BD25<>"",_xlfn.TEXTJOIN("; ",1,VLOOKUP(VALUE(_xlfn.TEXTSPLIT(BD25,";")),device_cubicles!A:B,2,0)),"")} -> 近战攻击; 磨砺刀刃
A26: 1310104 | B26: 0 | C26: 长矛 | D26: YH | G26: device_spear | H26: {=_xlfn.IFS($A26="","",OR($F26=99,$F26=""),_xlfn.TEXTJOIN("_",1,"device_name",$A26,$Y26),TRUE,OFFSET(H26,-1,0))} -> device_name_1310104_spear | J26: =_xlfn.LET(_xlpm.get_device_type,VLOOKUP(VALUE(MID(A26,3,1)),tb_device_info_type[#All],3,0),_xlpm.check_if_wheel,IF(LEFT(A26,2)="12","wheel",_xlpm.get_device_type),_xlpm.raw_output,IF($A26<>"",_xlfn.TEXTJOIN("_",1,"device_alt",_xlpm.check_if_wheel),""),IFERROR(_xlpm.raw_output,"information missing")) -> device_alt_melee | K26: {=_xlfn.IFS($A26="","",ISTEXT($L26),_xlfn.CONCAT("dwt","[device_wheel_thumbnail_",RIGHT($A26,1)-1,"]"),TRUE,_xlfn.CONCAT("dt","[device_thumbnail_",IF($L26<>"",$L26,0),"]"))} -> dt[device_thumbnail_28] | L26: 28 | M26: se_ag_device_broken | N26: se_ag_device_be_hit | O26: 1420100;1420102 | P26: {=IFERROR(_xlfn.TEXTJOIN(";",1,_xlfn.MAP(_xlfn.TEXTSPLIT(O26,";"),_xlfn.LAMBDA(_xlpm.x,IFERROR(VLOOKUP(VALUE(_xlpm.x),device_tag!A:B,2,0),"error")))),"")} -> 近战武器;长矛 | Q26: Common | T26: 0 | U26: 1 | V26: 0 | W26: 1 | X26: device | Y26: spear | Z26: {=_xlfn.IFS($A26="","",OR(F26=99,F26=""),_xlfn.TEXTJOIN("_",1,X26,$A26,Y26),TRUE,OFFSET($Z26,-1,0))} -> device_1310104_spear | AA26: 3 | AB26: 1 | AC26: 12 | AF26: 1 | AG26: 0 | AH26: =_xlfn.TEXTJOIN("~",1,AI26:AJ26) -> 0~4 | AI26: 0 | AJ26: 4 | AK26: 0 | AL26: 0 | AM26: 0 | AN26: 0 | AO26: 0 | AP26: TRUE | AQ26: BasicMelee_Click | AS26: =$A26 -> 1310104 | AY26: =_xlfn.TEXTJOIN("~",1,AZ26:BA26) -> 6~1.5 | AZ26: 6 | BA26: 1.5 | BB26: =REPLACE($A26,1,1,6) -> 6310104 | BC26: DevicePanel_Click_Melee_Resharpenable_Spear | BD26: 201;301 | BE26: {=IF(BD26<>"",_xlfn.TEXTJOIN("; ",1,VLOOKUP(VALUE(_xlfn.TEXTSPLIT(BD26,";")),device_cubicles!A:B,2,0)),"")} -> 近战攻击; 磨砺刀刃
A27: 1310105 | B27: 0 | C27: 充气球棍 | D27: XY | G27: Null | H27: {=_xlfn.IFS($A27="","",OR($F27=99,$F27=""),_xlfn.TEXTJOIN("_",1,"device_name",$A27,$Y27),TRUE,OFFSET(H27,-1,0))} -> device_name_1310105_inflatable_stick | J27: =_xlfn.LET(_xlpm.get_device_type,VLOOKUP(VALUE(MID(A27,3,1)),tb_device_info_type[#All],3,0),_xlpm.check_if_wheel,IF(LEFT(A27,2)="12","wheel",_xlpm.get_device_type),_xlpm.raw_output,IF($A27<>"",_xlfn.TEXTJOIN("_",1,"device_alt",_xlpm.check_if_wheel),""),IFERROR(_xlpm.raw_output,"information missing")) -> device_alt_melee | K27: {=_xlfn.IFS($A27="","",ISTEXT($L27),_xlfn.CONCAT("dwt","[device_wheel_thumbnail_",RIGHT($A27,1)-1,"]"),TRUE,_xlfn.CONCAT("dt","[device_thumbnail_",IF($L27<>"",$L27,0),"]"))} -> dt[device_thumbnail_39] | L27: 39 | M27: se_ag_device_broken | N27: se_ag_device_be_hit | O27: 1420100;1420103 | P27: {=IFERROR(_xlfn.TEXTJOIN(";",1,_xlfn.MAP(_xlfn.TEXTSPLIT(O27,";"),_xlfn.LAMBDA(_xlpm.x,IFERROR(VLOOKUP(VALUE(_xlpm.x),device_tag!A:B,2,0),"error")))),"")} -> 近战武器;棍棒 | Q27: Common | S27: 0 | T27: 0 | U27: 0 | V27: 0 | W27: 0 | X27: device | Y27: inflatable_stick | Z27: {=_xlfn.IFS($A27="","",OR(F27=99,F27=""),_xlfn.TEXTJOIN("_",1,X27,$A27,Y27),TRUE,OFFSET($Z27,-1,0))} -> device_1310105_inflatable_stick | AA27: 0.1 | AB27: =COLUMNS(_xlfn.TEXTSPLIT(BD27,";")) -> 1 | AC27: 10 | AF27: 1 | AG27: 0 | AH27: =_xlfn.TEXTJOIN("~",1,AI27:AJ27) -> 0~2.8 | AI27: 0 | AJ27: 2.8 | AK27: 0 | AL27: 0 | AM27: 0 | AN27: 0 | AO27: 0 | AP27: TRUE | AQ27: DScript_Melee | AS27: =$A27 -> 1310105 | AY27: =_xlfn.TEXTJOIN("~",1,AZ27:BA27) -> 5~0.8 | AZ27: 5 | BA27: 0.8 | BB27: 1 | BC27: (Base) | BD27: 201 | BE27: {=IF(BD27<>"",_xlfn.TEXTJOIN("; ",1,VLOOKUP(VALUE(_xlfn.TEXTSPLIT(BD27,";")),device_cubicles!A:B,2,0)),"")} -> 近战攻击
A28: 13101050 | B28: 0 | C28: 充气球棍 Lv.0 | D28: XY | F28: 0 | G28: Null | H28: {=_xlfn.IFS($A28="","",OR($F28=99,$F28=""),_xlfn.TEXTJOIN("_",1,"device_name",$A28,$Y28),TRUE,OFFSET(H28,-1,0))} -> device_name_1310105_inflatable_stick | J28: =_xlfn.LET(_xlpm.get_device_type,VLOOKUP(VALUE(MID(A28,3,1)),tb_device_info_type[#All],3,0),_xlpm.check_if_wheel,IF(LEFT(A28,2)="12","wheel",_xlpm.get_device_type),_xlpm.raw_output,IF($A28<>"",_xlfn.TEXTJOIN("_",1,"device_alt",_xlpm.check_if_wheel),""),IFERROR(_xlpm.raw_output,"information missing")) -> device_alt_melee | K28: {=_xlfn.IFS($A28="","",ISTEXT($L28),_xlfn.CONCAT("dwt","[device_wheel_thumbnail_",RIGHT($A28,1)-1,"]"),TRUE,_xlfn.CONCAT("dt","[device_thumbnail_",IF($L28<>"",$L28,0),"]"))} -> dt[device_thumbnail_39] | L28: 39 | M28: se_ag_device_broken | N28: se_ag_device_be_hit | O28: 1420100;1420103 | P28: {=IFERROR(_xlfn.TEXTJOIN(";",1,_xlfn.MAP(_xlfn.TEXTSPLIT(O28,";"),_xlfn.LAMBDA(_xlpm.x,IFERROR(VLOOKUP(VALUE(_xlpm.x),device_tag!A:B,2,0),"error")))),"")} -> 近战武器;棍棒 | Q28: Common | S28: 0 | T28: 0 | U28: 0 | V28: 0 | W28: 0 | X28: device | Y28: inflatable_stick | Z28: {=_xlfn.IFS($A28="","",OR(F28=99,F28=""),_xlfn.TEXTJOIN("_",1,X28,$A28,Y28),TRUE,OFFSET($Z28,-1,0))} -> device_1310105_inflatable_stick | AA28: 0.1 | AB28: =COLUMNS(_xlfn.TEXTSPLIT(BD28,";")) -> 1 | AC28: =ROUND($AD28*$AE28^$F28,0) -> 10 | AD28: 9.8 | AE28: =POWER(1.6,2) -> 2.56 | AF28: 1 | AG28: 0 | AH28: =_xlfn.TEXTJOIN("~",1,AI28:AJ28) -> 0~2.8 | AI28: 0 | AJ28: 2.8 | AK28: 0 | AL28: 0 | AM28: 0 | AN28: 0 | AO28: 0 | AP28: TRUE | AQ28: DScript_Melee | AS28: =$A28 -> 13101050 | AY28: =_xlfn.TEXTJOIN("~",1,AZ28:BA28) -> 5~0.8 | AZ28: 5 | BA28: 0.8 | BB28: 1 | BC28: DPanel_Melee_Inflatable_Stick_Lv0 | BD28: 201 | BE28: {=IF(BD28<>"",_xlfn.TEXTJOIN("; ",1,VLOOKUP(VALUE(_xlfn.TEXTSPLIT(BD28,";")),device_cubicles!A:B,2,0)),"")} -> 近战攻击
A29: 13101051 | B29: 0 | C29: 充气球棍 Lv.1 | D29: XY | F29: 1 | G29: Null | H29: {=_xlfn.IFS($A29="","",OR($F29=99,$F29=""),_xlfn.TEXTJOIN("_",1,"device_name",$A29,$Y29),TRUE,OFFSET(H29,-1,0))} -> device_name_1310105_inflatable_stick | J29: =_xlfn.LET(_xlpm.get_device_type,VLOOKUP(VALUE(MID(A29,3,1)),tb_device_info_type[#All],3,0),_xlpm.check_if_wheel,IF(LEFT(A29,2)="12","wheel",_xlpm.get_device_type),_xlpm.raw_output,IF($A29<>"",_xlfn.TEXTJOIN("_",1,"device_alt",_xlpm.check_if_wheel),""),IFERROR(_xlpm.raw_output,"information missing")) -> device_alt_melee | K29: {=_xlfn.IFS($A29="","",ISTEXT($L29),_xlfn.CONCAT("dwt","[device_wheel_thumbnail_",RIGHT($A29,1)-1,"]"),TRUE,_xlfn.CONCAT("dt","[device_thumbnail_",IF($L29<>"",$L29,0),"]"))} -> dt[device_thumbnail_39] | L29: 39 | M29: se_ag_device_broken | N29: se_ag_device_be_hit | O29: 1420100;1420103 | P29: {=IFERROR(_xlfn.TEXTJOIN(";",1,_xlfn.MAP(_xlfn.TEXTSPLIT(O29,";"),_xlfn.LAMBDA(_xlpm.x,IFERROR(VLOOKUP(VALUE(_xlpm.x),device_tag!A:B,2,0),"error")))),"")} -> 近战武器;棍棒 | Q29: Common | S29: 0 | T29: 0 | U29: 0 | V29: 0 | W29: 0 | X29: device | Y29: inflatable_stick | Z29: {=_xlfn.IFS($A29="","",OR(F29=99,F29=""),_xlfn.TEXTJOIN("_",1,X29,$A29,Y29),TRUE,OFFSET($Z29,-1,0))} -> device_1310105_inflatable_stick | AA29: 0.1 | AB29: =COLUMNS(_xlfn.TEXTSPLIT(BD29,";")) -> 1 | AC29: =ROUND($AD29*$AE29^$F29,0) -> 25 | AD29: 9.8 | AE29: =POWER(1.6,2) -> 2.56 | AF29: 1 | AG29: 0 | AH29: =_xlfn.TEXTJOIN("~",1,AI29:AJ29) -> 0~2.8 | AI29: 0 | AJ29: 2.8 | AK29: 0 | AL29: 0 | AM29: 0 | AN29: 0 | AO29: 0 | AP29: TRUE | AQ29: DScript_Melee | AS29: =$A29 -> 13101051 | AY29: =_xlfn.TEXTJOIN("~",1,AZ29:BA29) -> 5~0.8 | AZ29: 5 | BA29: 0.8 | BB29: 1 | BC29: DPanel_Melee_Inflatable_Stick_Lv1 | BD29: 201 | BE29: {=IF(BD29<>"",_xlfn.TEXTJOIN("; ",1,VLOOKUP(VALUE(_xlfn.TEXTSPLIT(BD29,";")),device_cubicles!A:B,2,0)),"")} -> 近战攻击
A30: 1310106 | B30: 0 | C30: 圆锯 | D30: XY | G30: Null | H30: {=_xlfn.IFS($A30="","",OR($F30=99,$F30=""),_xlfn.TEXTJOIN("_",1,"device_name",$A30,$Y30),TRUE,OFFSET(H30,-1,0))} -> device_name_1310106_circlesaw | J30: =_xlfn.LET(_xlpm.get_device_type,VLOOKUP(VALUE(MID(A30,3,1)),tb_device_info_type[#All],3,0),_xlpm.check_if_wheel,IF(LEFT(A30,2)="12","wheel",_xlpm.get_device_type),_xlpm.raw_output,IF($A30<>"",_xlfn.TEXTJOIN("_",1,"device_alt",_xlpm.check_if_wheel),""),IFERROR(_xlpm.raw_output,"information missing")) -> device_alt_melee | K30: {=_xlfn.IFS($A30="","",ISTEXT($L30),_xlfn.CONCAT("dwt","[device_wheel_thumbnail_",RIGHT($A30,1)-1,"]"),TRUE,_xlfn.CONCAT("dt","[device_thumbnail_",IF($L30<>"",$L30,0),"]"))} -> dt[device_thumbnail_36] | L30: 36 | M30: se_ag_device_broken | N30: se_ag_device_be_hit | O30: 1420100 | P30: {=IFERROR(_xlfn.TEXTJOIN(";",1,_xlfn.MAP(_xlfn.TEXTSPLIT(O30,";"),_xlfn.LAMBDA(_xlpm.x,IFERROR(VLOOKUP(VALUE(_xlpm.x),device_tag!A:B,2,0),"error")))),"")} -> 近战武器 | Q30: Common | X30: device | Y30: circlesaw | Z30: {=_xlfn.IFS($A30="","",OR(F30=99,F30=""),_xlfn.TEXTJOIN("_",1,X30,$A30,Y30),TRUE,OFFSET($Z30,-1,0))} -> device_1310106_circlesaw | AA30: 5 | AB30: =COLUMNS(_xlfn.TEXTSPLIT(BD30,";")) -> 1 | AC30: 11 | AF30: 1 | AG30: 0 | AH30: =_xlfn.TEXTJOIN("~",1,AI30:AJ30) -> 0~1.5 | AI30: 0 | AJ30: 1.5 | AK30: 0 | AL30: 0 | AM30: 0 | AN30: 0 | AO30: 0 | AP30: FALSE | AQ30: DScript_Melee_Charge_CircularSaw | AX30: =A30 -> 1310106 | AY30: =_xlfn.TEXTJOIN("~",1,AZ30:BA30) -> 6~3 | AZ30: 6 | BA30: 3 | BB30: 1 | BC30: (Base) | BD30: 201 | BE30: {=IF(BD30<>"",_xlfn.TEXTJOIN("; ",1,VLOOKUP(VALUE(_xlfn.TEXTSPLIT(BD30,";")),device_cubicles!A:B,2,0)),"")} -> 近战攻击
A31: 13101061 | B31: 0 | C31: 圆锯 Lv.1 | D31: XY | F31: 1 | G31: Null | H31: {=_xlfn.IFS($A31="","",OR($F31=99,$F31=""),_xlfn.TEXTJOIN("_",1,"device_name",$A31,$Y31),TRUE,OFFSET(H31,-1,0))} -> device_name_1310106_circlesaw | J31: =_xlfn.LET(_xlpm.get_device_type,VLOOKUP(VALUE(MID(A31,3,1)),tb_device_info_type[#All],3,0),_xlpm.check_if_wheel,IF(LEFT(A31,2)="12","wheel",_xlpm.get_device_type),_xlpm.raw_output,IF($A31<>"",_xlfn.TEXTJOIN("_",1,"device_alt",_xlpm.check_if_wheel),""),IFERROR(_xlpm.raw_output,"information missing")) -> device_alt_melee | K31: {=_xlfn.IFS($A31="","",ISTEXT($L31),_xlfn.CONCAT("dwt","[device_wheel_thumbnail_",RIGHT($A31,1)-1,"]"),TRUE,_xlfn.CONCAT("dt","[device_thumbnail_",IF($L31<>"",$L31,0),"]"))} -> dt[device_thumbnail_36] | L31: 36 | M31: se_ag_device_broken | N31: se_ag_device_be_hit | O31: 1420100 | P31: {=IFERROR(_xlfn.TEXTJOIN(";",1,_xlfn.MAP(_xlfn.TEXTSPLIT(O31,";"),_xlfn.LAMBDA(_xlpm.x,IFERROR(VLOOKUP(VALUE(_xlpm.x),device_tag!A:B,2,0),"error")))),"")} -> 近战武器 | Q31: Common | X31: device | Y31: circlesaw | Z31: {=_xlfn.IFS($A31="","",OR(F31=99,F31=""),_xlfn.TEXTJOIN("_",1,X31,$A31,Y31),TRUE,OFFSET($Z31,-1,0))} -> device_1310106_circlesaw | AA31: 5 | AB31: =COLUMNS(_xlfn.TEXTSPLIT(BD31,";")) -> 1 | AC31: =ROUND($AD31*$AE31^$F31,0) -> 28 | AD31: 10.75 | AE31: =POWER(1.6,2) -> 2.56 | AF31: 1 | AG31: 0 | AH31: =_xlfn.TEXTJOIN("~",1,AI31:AJ31) -> 0~1.5 | AI31: 0 | AJ31: 1.5 | AK31: 0 | AL31: 0 | AM31: 0 | AN31: 0 | AO31: 0 | AP31: FALSE | AQ31: DScript_Melee_Charge_CircularSaw | AX31: =A31 -> 13101061 | AY31: =_xlfn.TEXTJOIN("~",1,AZ31:BA31) -> 6~3 | AZ31: 6 | BA31: 3 | BB31: 1 | BC31: DPanel_Charge_CircularSaw | BD31: 201 | BE31: {=IF(BD31<>"",_xlfn.TEXTJOIN("; ",1,VLOOKUP(VALUE(_xlfn.TEXTSPLIT(BD31,";")),device_cubicles!A:B,2,0)),"")} -> 近战攻击
A32: 13101062 | B32: 0 | C32: 圆锯 Lv.2 | D32: XY | F32: 2 | G32: Null | H32: {=_xlfn.IFS($A32="","",OR($F32=99,$F32=""),_xlfn.TEXTJOIN("_",1,"device_name",$A32,$Y32),TRUE,OFFSET(H32,-1,0))} -> device_name_1310106_circlesaw | J32: =_xlfn.LET(_xlpm.get_device_type,VLOOKUP(VALUE(MID(A32,3,1)),tb_device_info_type[#All],3,0),_xlpm.check_if_wheel,IF(LEFT(A32,2)="12","wheel",_xlpm.get_device_type),_xlpm.raw_output,IF($A32<>"",_xlfn.TEXTJOIN("_",1,"device_alt",_xlpm.check_if_wheel),""),IFERROR(_xlpm.raw_output,"information missing")) -> device_alt_melee | K32: {=_xlfn.IFS($A32="","",ISTEXT($L32),_xlfn.CONCAT("dwt","[device_wheel_thumbnail_",RIGHT($A32,1)-1,"]"),TRUE,_xlfn.CONCAT("dt","[device_thumbnail_",IF($L32<>"",$L32,0),"]"))} -> dt[device_thumbnail_36] | L32: 36 | M32: se_ag_device_broken | N32: se_ag_device_be_hit | O32: 1420100 | P32: {=IFERROR(_xlfn.TEXTJOIN(";",1,_xlfn.MAP(_xlfn.TEXTSPLIT(O32,";"),_xlfn.LAMBDA(_xlpm.x,IFERROR(VLOOKUP(VALUE(_xlpm.x),device_tag!A:B,2,0),"error")))),"")} -> 近战武器 | Q32: Common | X32: device | Y32: circlesaw | Z32: {=_xlfn.IFS($A32="","",OR(F32=99,F32=""),_xlfn.TEXTJOIN("_",1,X32,$A32,Y32),TRUE,OFFSET($Z32,-1,0))} -> device_1310106_circlesaw | AA32: 5 | AB32: =COLUMNS(_xlfn.TEXTSPLIT(BD32,";")) -> 1 | AC32: =ROUND($AD32*$AE32^$F32,0) -> 70 | AD32: 10.75 | AE32: =POWER(1.6,2) -> 2.56 | AF32: 1 | AG32: 0 | AH32: =_xlfn.TEXTJOIN("~",1,AI32:AJ32) -> 0~1.5 | AI32: 0 | AJ32: 1.5 | AK32: 0 | AL32: 0 | AM32: 0 | AN32: 0 | AO32: 0 | AP32: FALSE | AQ32: DScript_Melee_Charge_CircularSaw | AX32: =A32 -> 13101062 | AY32: =_xlfn.TEXTJOIN("~",1,AZ32:BA32) -> 6~3 | AZ32: 6 | BA32: 3 | BB32: 1 | BC32: DPanel_Charge_CircularSaw | BD32: 201 | BE32: {=IF(BD32<>"",_xlfn.TEXTJOIN("; ",1,VLOOKUP(VALUE(_xlfn.TEXTSPLIT(BD32,";")),device_cubicles!A:B,2,0)),"")} -> 近战攻击
A33: 13101063 | B33: 0 | C33: 圆锯 Lv.3 | D33: XY | F33: 3 | G33: Null | H33: {=_xlfn.IFS($A33="","",OR($F33=99,$F33=""),_xlfn.TEXTJOIN("_",1,"device_name",$A33,$Y33),TRUE,OFFSET(H33,-1,0))} -> device_name_1310106_circlesaw | J33: =_xlfn.LET(_xlpm.get_device_type,VLOOKUP(VALUE(MID(A33,3,1)),tb_device_info_type[#All],3,0),_xlpm.check_if_wheel,IF(LEFT(A33,2)="12","wheel",_xlpm.get_device_type),_xlpm.raw_output,IF($A33<>"",_xlfn.TEXTJOIN("_",1,"device_alt",_xlpm.check_if_wheel),""),IFERROR(_xlpm.raw_output,"information missing")) -> device_alt_melee | K33: {=_xlfn.IFS($A33="","",ISTEXT($L33),_xlfn.CONCAT("dwt","[device_wheel_thumbnail_",RIGHT($A33,1)-1,"]"),TRUE,_xlfn.CONCAT("dt","[device_thumbnail_",IF($L33<>"",$L33,0),"]"))} -> dt[device_thumbnail_36] | L33: 36 | M33: se_ag_device_broken | N33: se_ag_device_be_hit | O33: 1420100 | P33: {=IFERROR(_xlfn.TEXTJOIN(";",1,_xlfn.MAP(_xlfn.TEXTSPLIT(O33,";"),_xlfn.LAMBDA(_xlpm.x,IFERROR(VLOOKUP(VALUE(_xlpm.x),device_tag!A:B,2,0),"error")))),"")} -> 近战武器 | Q33: Common | X33: device | Y33: circlesaw | Z33: {=_xlfn.IFS($A33="","",OR(F33=99,F33=""),_xlfn.TEXTJOIN("_",1,X33,$A33,Y33),TRUE,OFFSET($Z33,-1,0))} -> device_1310106_circlesaw | AA33: 5 | AB33: =COLUMNS(_xlfn.TEXTSPLIT(BD33,";")) -> 1 | AC33: =ROUND($AD33*$AE33^$F33,0) -> 180 | AD33: 10.75 | AE33: =POWER(1.6,2) -> 2.56 | AF33: 1 | AG33: 0 | AH33: =_xlfn.TEXTJOIN("~",1,AI33:AJ33) -> 0~1.5 | AI33: 0 | AJ33: 1.5 | AK33: 0 | AL33: 0 | AM33: 0 | AN33: 0 | AO33: 0 | AP33: FALSE | AQ33: DScript_Melee_Charge_CircularSaw | AX33: =A33 -> 13101063 | AY33: =_xlfn.TEXTJOIN("~",1,AZ33:BA33) -> 6~3 | AZ33: 6 | BA33: 3 | BB33: 1 | BC33: DPanel_Charge_CircularSaw | BD33: 201 | BE33: {=IF(BD33<>"",_xlfn.TEXTJOIN("; ",1,VLOOKUP(VALUE(_xlfn.TEXTSPLIT(BD33,";")),device_cubicles!A:B,2,0)),"")} -> 近战攻击
A34: 13101064 | B34: 0 | C34: 圆锯 Lv.4 | D34: XY | F34: 4 | G34: Null | H34: {=_xlfn.IFS($A34="","",OR($F34=99,$F34=""),_xlfn.TEXTJOIN("_",1,"device_name",$A34,$Y34),TRUE,OFFSET(H34,-1,0))} -> device_name_1310106_circlesaw | J34: =_xlfn.LET(_xlpm.get_device_type,VLOOKUP(VALUE(MID(A34,3,1)),tb_device_info_type[#All],3,0),_xlpm.check_if_wheel,IF(LEFT(A34,2)="12","wheel",_xlpm.get_device_type),_xlpm.raw_output,IF($A34<>"",_xlfn.TEXTJOIN("_",1,"device_alt",_xlpm.check_if_wheel),""),IFERROR(_xlpm.raw_output,"information missing")) -> device_alt_melee | K34: {=_xlfn.IFS($A34="","",ISTEXT($L34),_xlfn.CONCAT("dwt","[device_wheel_thumbnail_",RIGHT($A34,1)-1,"]"),TRUE,_xlfn.CONCAT("dt","[device_thumbnail_",IF($L34<>"",$L34,0),"]"))} -> dt[device_thumbnail_36] | L34: 36 | M34: se_ag_device_broken | N34: se_ag_device_be_hit | O34: 1420100 | P34: {=IFERROR(_xlfn.TEXTJOIN(";",1,_xlfn.MAP(_xlfn.TEXTSPLIT(O34,";"),_xlfn.LAMBDA(_xlpm.x,IFERROR(VLOOKUP(VALUE(_xlpm.x),device_tag!A:B,2,0),"error")))),"")} -> 近战武器 | Q34: Common | X34: device | Y34: circlesaw | Z34: {=_xlfn.IFS($A34="","",OR(F34=99,F34=""),_xlfn.TEXTJOIN("_",1,X34,$A34,Y34),TRUE,OFFSET($Z34,-1,0))} -> device_1310106_circlesaw | AA34: 5 | AB34: =COLUMNS(_xlfn.TEXTSPLIT(BD34,";")) -> 1 | AC34: =ROUND($AD34*$AE34^$F34,0) -> 462 | AD34: 10.75 | AE34: =POWER(1.6,2) -> 2.56 | AF34: 1 | AG34: 0 | AH34: =_xlfn.TEXTJOIN("~",1,AI34:AJ34) -> 0~1.5 | AI34: 0 | AJ34: 1.5 | AK34: 0 | AL34: 0 | AM34: 0 | AN34: 0 | AO34: 0 | AP34: FALSE | AQ34: DScript_Melee_Charge_CircularSaw | AX34: =A34 -> 13101064 | AY34: =_xlfn.TEXTJOIN("~",1,AZ34:BA34) -> 6~3 | AZ34: 6 | BA34: 3 | BB34: 1 | BC34: DPanel_Charge_CircularSaw | BD34: 201 | BE34: {=IF(BD34<>"",_xlfn.TEXTJOIN("; ",1,VLOOKUP(VALUE(_xlfn.TEXTSPLIT(BD34,";")),device_cubicles!A:B,2,0)),"")} -> 近战攻击
A35: 1310107 | B35: 0 | C35: 双刃铡刀 | D35: XY | G35: Null | H35: {=_xlfn.IFS($A35="","",OR($F35=99,$F35=""),_xlfn.TEXTJOIN("_",1,"device_name",$A35,$Y35),TRUE,OFFSET(H35,-1,0))} -> device_name_1310107_double_edged_cutter | J35: =_xlfn.LET(_xlpm.get_device_type,VLOOKUP(VALUE(MID(A35,3,1)),tb_device_info_type[#All],3,0),_xlpm.check_if_wheel,IF(LEFT(A35,2)="12","wheel",_xlpm.get_device_type),_xlpm.raw_output,IF($A35<>"",_xlfn.TEXTJOIN("_",1,"device_alt",_xlpm.check_if_wheel),""),IFERROR(_xlpm.raw_output,"information missing")) -> device_alt_melee | K35: {=_xlfn.IFS($A35="","",ISTEXT($L35),_xlfn.CONCAT("dwt","[device_wheel_thumbnail_",RIGHT($A35,1)-1,"]"),TRUE,_xlfn.CONCAT("dt","[device_thumbnail_",IF($L35<>"",$L35,0),"]"))} -> dt[device_thumbnail_38] | L35: 38 | M35: se_ag_device_broken | N35: se_ag_device_be_hit | O35: 1420100;1420101 | P35: {=IFERROR(_xlfn.TEXTJOIN(";",1,_xlfn.MAP(_xlfn.TEXTSPLIT(O35,";"),_xlfn.LAMBDA(_xlpm.x,IFERROR(VLOOKUP(VALUE(_xlpm.x),device_tag!A:B,2,0),"error")))),"")} -> 近战武器;刀剑 | Q35: Common | T35: 0 | U35: 1 | V35: 0 | W35: 1 | X35: device | Y35: double_edged_cutter | Z35: {=_xlfn.IFS($A35="","",OR(F35=99,F35=""),_xlfn.TEXTJOIN("_",1,X35,$A35,Y35),TRUE,OFFSET($Z35,-1,0))} -> device_1310107_double_edged_cutter | AA35: 7 | AB35: =COLUMNS(_xlfn.TEXTSPLIT(BD35,";")) -> 1 | AC35: 11.5 | AF35: 1 | AG35: 0 | AH35: =_xlfn.TEXTJOIN("~",1,AI35:AJ35) -> 0~3 | AI35: 0 | AJ35: 3 | AK35: 0 | AL35: 0 | AM35: 0 | AN35: 0 | AO35: 0 | AP35: TRUE | AQ35: DScript_Melee_Blade | AS35: =$A35 -> 1310107 | AY35: =_xlfn.TEXTJOIN("~",1,AZ35:BA35) -> 2.5~0.1 | AZ35: 2.5 | BA35: 0.1 | BB35: 1 | BC35: (Base) | BD35: 201 | BE35: {=IF(BD35<>"",_xlfn.TEXTJOIN("; ",1,VLOOKUP(VALUE(_xlfn.TEXTSPLIT(BD35,";")),device_cubicles!A:B,2,0)),"")} -> 近战攻击
A36: 13101070 | B36: 0 | C36: 双刃铡刀 Lv.0 | D36: XY | F36: 0 | G36: Null | H36: {=_xlfn.IFS($A36="","",OR($F36=99,$F36=""),_xlfn.TEXTJOIN("_",1,"device_name",$A36,$Y36),TRUE,OFFSET(H36,-1,0))} -> device_name_1310107_double_edged_cutter | J36: =_xlfn.LET(_xlpm.get_device_type,VLOOKUP(VALUE(MID(A36,3,1)),tb_device_info_type[#All],3,0),_xlpm.check_if_wheel,IF(LEFT(A36,2)="12","wheel",_xlpm.get_device_type),_xlpm.raw_output,IF($A36<>"",_xlfn.TEXTJOIN("_",1,"device_alt",_xlpm.check_if_wheel),""),IFERROR(_xlpm.raw_output,"information missing")) -> device_alt_melee | K36: {=_xlfn.IFS($A36="","",ISTEXT($L36),_xlfn.CONCAT("dwt","[device_wheel_thumbnail_",RIGHT($A36,1)-1,"]"),TRUE,_xlfn.CONCAT("dt","[device_thumbnail_",IF($L36<>"",$L36,0),"]"))} -> dt[device_thumbnail_38] | L36: 38 | M36: se_ag_device_broken | N36: se_ag_device_be_hit | O36: 1420100;1420101 | P36: {=IFERROR(_xlfn.TEXTJOIN(";",1,_xlfn.MAP(_xlfn.TEXTSPLIT(O36,";"),_xlfn.LAMBDA(_xlpm.x,IFERROR(VLOOKUP(VALUE(_xlpm.x),device_tag!A:B,2,0),"error")))),"")} -> 近战武器;刀剑 | Q36: Common | T36: 0 | U36: 1 | V36: 0 | W36: 1 | X36: device | Y36: double_edged_cutter | Z36: {=_xlfn.IFS($A36="","",OR(F36=99,F36=""),_xlfn.TEXTJOIN("_",1,X36,$A36,Y36),TRUE,OFFSET($Z36,-1,0))} -> device_1310107_double_edged_cutter | AA36: 7 | AB36: =COLUMNS(_xlfn.TEXTSPLIT(BD36,";")) -> 1 | AC36: =ROUND($AD36*$AE36^$F36,0) -> 10 | AD36: 10.11 | AE36: =POWER(1.6,2) -> 2.56 | AF36: 1 | AG36: 0 | AH36: =_xlfn.TEXTJOIN("~",1,AI36:AJ36) -> 0~3 | AI36: 0 | AJ36: 3 | AK36: 0 | AL36: 0 | AM36: 0 | AN36: 0 | AO36: 0 | AP36: TRUE | AQ36: DScript_Melee_Blade | AS36: =$A36 -> 13101070 | AY36: =_xlfn.TEXTJOIN("~",1,AZ36:BA36) -> 2.5~0.1 | AZ36: 2.5 | BA36: 0.1 | BB36: 1 | BC36: DPanel_Melee_Blade | BD36: 201 | BE36: {=IF(BD36<>"",_xlfn.TEXTJOIN("; ",1,VLOOKUP(VALUE(_xlfn.TEXTSPLIT(BD36,";")),device_cubicles!A:B,2,0)),"")} -> 近战攻击
A37: 13101071 | B37: 0 | C37: 双刃铡刀 Lv.1 | D37: XY | F37: 1 | G37: Null | H37: {=_xlfn.IFS($A37="","",OR($F37=99,$F37=""),_xlfn.TEXTJOIN("_",1,"device_name",$A37,$Y37),TRUE,OFFSET(H37,-1,0))} -> device_name_1310107_double_edged_cutter | J37: =_xlfn.LET(_xlpm.get_device_type,VLOOKUP(VALUE(MID(A37,3,1)),tb_device_info_type[#All],3,0),_xlpm.check_if_wheel,IF(LEFT(A37,2)="12","wheel",_xlpm.get_device_type),_xlpm.raw_output,IF($A37<>"",_xlfn.TEXTJOIN("_",1,"device_alt",_xlpm.check_if_wheel),""),IFERROR(_xlpm.raw_output,"information missing")) -> device_alt_melee | K37: {=_xlfn.IFS($A37="","",ISTEXT($L37),_xlfn.CONCAT("dwt","[device_wheel_thumbnail_",RIGHT($A37,1)-1,"]"),TRUE,_xlfn.CONCAT("dt","[device_thumbnail_",IF($L37<>"",$L37,0),"]"))} -> dt[device_thumbnail_38] | L37: 38 | M37: se_ag_device_broken | N37: se_ag_device_be_hit | O37: 1420100;1420101 | P37: {=IFERROR(_xlfn.TEXTJOIN(";",1,_xlfn.MAP(_xlfn.TEXTSPLIT(O37,";"),_xlfn.LAMBDA(_xlpm.x,IFERROR(VLOOKUP(VALUE(_xlpm.x),device_tag!A:B,2,0),"error")))),"")} -> 近战武器;刀剑 | Q37: Common | T37: 0 | U37: 1 | V37: 0 | W37: 1 | X37: device | Y37: double_edged_cutter | Z37: {=_xlfn.IFS($A37="","",OR(F37=99,F37=""),_xlfn.TEXTJOIN("_",1,X37,$A37,Y37),TRUE,OFFSET($Z37,-1,0))} -> device_1310107_double_edged_cutter | AA37: 7 | AB37: =COLUMNS(_xlfn.TEXTSPLIT(BD37,";")) -> 1 | AC37: =ROUND($AD37*$AE37^$F37,0) -> 26 | AD37: 10.11 | AE37: =POWER(1.6,2) -> 2.56 | AF37: 1 | AG37: 0 | AH37: =_xlfn.TEXTJOIN("~",1,AI37:AJ37) -> 0~3 | AI37: 0 | AJ37: 3 | AK37: 0 | AL37: 0 | AM37: 0 | AN37: 0 | AO37: 0 | AP37: TRUE | AQ37: DScript_Melee_Blade | AS37: =$A37 -> 13101071 | AY37: =_xlfn.TEXTJOIN("~",1,AZ37:BA37) -> 2.5~0.1 | AZ37: 2.5 | BA37: 0.1 | BB37: 1 | BC37: DPanel_Melee_Blade | BD37: 201 | BE37: {=IF(BD37<>"",_xlfn.TEXTJOIN("; ",1,VLOOKUP(VALUE(_xlfn.TEXTSPLIT(BD37,";")),device_cubicles!A:B,2,0)),"")} -> 近战攻击
A38: 13101072 | B38: 0 | C38: 双刃铡刀 Lv.2 | D38: XY | F38: 2 | G38: Null | H38: {=_xlfn.IFS($A38="","",OR($F38=99,$F38=""),_xlfn.TEXTJOIN("_",1,"device_name",$A38,$Y38),TRUE,OFFSET(H38,-1,0))} -> device_name_1310107_double_edged_cutter | J38: =_xlfn.LET(_xlpm.get_device_type,VLOOKUP(VALUE(MID(A38,3,1)),tb_device_info_type[#All],3,0),_xlpm.check_if_wheel,IF(LEFT(A38,2)="12","wheel",_xlpm.get_device_type),_xlpm.raw_output,IF($A38<>"",_xlfn.TEXTJOIN("_",1,"device_alt",_xlpm.check_if_wheel),""),IFERROR(_xlpm.raw_output,"information missing")) -> device_alt_melee | K38: {=_xlfn.IFS($A38="","",ISTEXT($L38),_xlfn.CONCAT("dwt","[device_wheel_thumbnail_",RIGHT($A38,1)-1,"]"),TRUE,_xlfn.CONCAT("dt","[device_thumbnail_",IF($L38<>"",$L38,0),"]"))} -> dt[device_thumbnail_38] | L38: 38 | M38: se_ag_device_broken | N38: se_ag_device_be_hit | O38: 1420100;1420101 | P38: {=IFERROR(_xlfn.TEXTJOIN(";",1,_xlfn.MAP(_xlfn.TEXTSPLIT(O38,";"),_xlfn.LAMBDA(_xlpm.x,IFERROR(VLOOKUP(VALUE(_xlpm.x),device_tag!A:B,2,0),"error")))),"")} -> 近战武器;刀剑 | Q38: Common | T38: 0 | U38: 1 | V38: 0 | W38: 1 | X38: device | Y38: double_edged_cutter | Z38: {=_xlfn.IFS($A38="","",OR(F38=99,F38=""),_xlfn.TEXTJOIN("_",1,X38,$A38,Y38),TRUE,OFFSET($Z38,-1,0))} -> device_1310107_double_edged_cutter | AA38: 7 | AB38: =COLUMNS(_xlfn.TEXTSPLIT(BD38,";")) -> 1 | AC38: =ROUND($AD38*$AE38^$F38,0) -> 66 | AD38: 10.11 | AE38: =POWER(1.6,2) -> 2.56 | AF38: 1 | AG38: 0 | AH38: =_xlfn.TEXTJOIN("~",1,AI38:AJ38) -> 0~3 | AI38: 0 | AJ38: 3 | AK38: 0 | AL38: 0 | AM38: 0 | AN38: 0 | AO38: 0 | AP38: TRUE | AQ38: DScript_Melee_Blade | AS38: =$A38 -> 13101072 | AY38: =_xlfn.TEXTJOIN("~",1,AZ38:BA38) -> 2.5~0.1 | AZ38: 2.5 | BA38: 0.1 | BB38: 1 | BC38: DPanel_Melee_Blade | BD38: 201 | BE38: {=IF(BD38<>"",_xlfn.TEXTJOIN("; ",1,VLOOKUP(VALUE(_xlfn.TEXTSPLIT(BD38,";")),device_cubicles!A:B,2,0)),"")} -> 近战攻击
A39: 13101073 | B39: 0 | C39: 双刃铡刀 Lv.3 | D39: XY | F39: 3 | G39: Null | H39: {=_xlfn.IFS($A39="","",OR($F39=99,$F39=""),_xlfn.TEXTJOIN("_",1,"device_name",$A39,$Y39),TRUE,OFFSET(H39,-1,0))} -> device_name_1310107_double_edged_cutter | J39: =_xlfn.LET(_xlpm.get_device_type,VLOOKUP(VALUE(MID(A39,3,1)),tb_device_info_type[#All],3,0),_xlpm.check_if_wheel,IF(LEFT(A39,2)="12","wheel",_xlpm.get_device_type),_xlpm.raw_output,IF($A39<>"",_xlfn.TEXTJOIN("_",1,"device_alt",_xlpm.check_if_wheel),""),IFERROR(_xlpm.raw_output,"information missing")) -> device_alt_melee | K39: {=_xlfn.IFS($A39="","",ISTEXT($L39),_xlfn.CONCAT("dwt","[device_wheel_thumbnail_",RIGHT($A39,1)-1,"]"),TRUE,_xlfn.CONCAT("dt","[device_thumbnail_",IF($L39<>"",$L39,0),"]"))} -> dt[device_thumbnail_38] | L39: 38 | M39: se_ag_device_broken | N39: se_ag_device_be_hit | O39: 1420100;1420101 | P39: {=IFERROR(_xlfn.TEXTJOIN(";",1,_xlfn.MAP(_xlfn.TEXTSPLIT(O39,";"),_xlfn.LAMBDA(_xlpm.x,IFERROR(VLOOKUP(VALUE(_xlpm.x),device_tag!A:B,2,0),"error")))),"")} -> 近战武器;刀剑 | Q39: Common | T39: 0 | U39: 1 | V39: 0 | W39: 1 | X39: device | Y39: double_edged_cutter | Z39: {=_xlfn.IFS($A39="","",OR(F39=99,F39=""),_xlfn.TEXTJOIN("_",1,X39,$A39,Y39),TRUE,OFFSET($Z39,-1,0))} -> device_1310107_double_edged_cutter | AA39: 7 | AB39: =COLUMNS(_xlfn.TEXTSPLIT(BD39,";")) -> 1 | AC39: =ROUND($AD39*$AE39^$F39,0) -> 170 | AD39: 10.11 | AE39: =POWER(1.6,2) -> 2.56 | AF39: 1 | AG39: 0 | AH39: =_xlfn.TEXTJOIN("~",1,AI39:AJ39) -> 0~3 | AI39: 0 | AJ39: 3 | AK39: 0 | AL39: 0 | AM39: 0 | AN39: 0 | AO39: 0 | AP39: TRUE | AQ39: DScript_Melee_Blade | AS39: =$A39 -> 13101073 | AY39: =_xlfn.TEXTJOIN("~",1,AZ39:BA39) -> 2.5~0.1 | AZ39: 2.5 | BA39: 0.1 | BB39: 1 | BC39: DPanel_Melee_Blade | BD39: 201 | BE39: {=IF(BD39<>"",_xlfn.TEXTJOIN("; ",1,VLOOKUP(VALUE(_xlfn.TEXTSPLIT(BD39,";")),device_cubicles!A:B,2,0)),"")} -> 近战攻击
A40: 1311101 | B40: 0 | C40: 执刑钉棍 | D40: DG | G40: device_executioner_baton | H40: {=_xlfn.IFS($A40="","",OR($F40=99,$F40=""),_xlfn.TEXTJOIN("_",1,"device_name",$A40,$Y40),TRUE,OFFSET(H40,-1,0))} -> device_name_1311101_executioner_baton | J40: =_xlfn.LET(_xlpm.get_device_type,VLOOKUP(VALUE(MID(A40,3,1)),tb_device_info_type[#All],3,0),_xlpm.check_if_wheel,IF(LEFT(A40,2)="12","wheel",_xlpm.get_device_type),_xlpm.raw_output,IF($A40<>"",_xlfn.TEXTJOIN("_",1,"device_alt",_xlpm.check_if_wheel),""),IFERROR(_xlpm.raw_output,"information missing")) -> device_alt_melee | K40: {=_xlfn.IFS($A40="","",ISTEXT($L40),_xlfn.CONCAT("dwt","[device_wheel_thumbnail_",RIGHT($A40,1)-1,"]"),TRUE,_xlfn.CONCAT("dt","[device_thumbnail_",IF($L40<>"",$L40,0),"]"))} -> dt[device_thumbnail_9] | L40: 9 | M40: se_ag_device_broken | N40: se_ag_device_be_hit | O40: 1420100;1420103 | P40: {=IFERROR(_xlfn.TEXTJOIN(";",1,_xlfn.MAP(_xlfn.TEXTSPLIT(O40,";"),_xlfn.LAMBDA(_xlpm.x,IFERROR(VLOOKUP(VALUE(_xlpm.x),device_tag!A:B,2,0),"error")))),"")} -> 近战武器;棍棒 | Q40: Common | S40: 0 | T40: 0 | U40: 0 | V40: 0 | W40: 0 | X40: device | Y40: executioner_baton | Z40: {=_xlfn.IFS($A40="","",OR(F40=99,F40=""),_xlfn.TEXTJOIN("_",1,X40,$A40,Y40),TRUE,OFFSET($Z40,-1,0))} -> device_1311101_executioner_baton | AA40: 3 | AB40: 1 | AC40: 14 | AF40: 1 | AG40: 0 | AH40: =_xlfn.TEXTJOIN("~",1,AI40:AJ40) -> 0~2.8 | AI40: 0 | AJ40: 2.8 | AK40: 0 | AL40: 0 | AM40: 0 | AN40: 0 | AO40: 0 | AP40: TRUE | AQ40: BasicMelee_Click | AS40: =$A40 -> 1311101 | AY40: =_xlfn.TEXTJOIN("~",1,AZ40:BA40) -> 5~0.8 | AZ40: 5 | BA40: 0.8 | BB40: =REPLACE($A40,1,1,6) -> 6311101 | BC40: DevicePanel_Click_Melee_Unresharpenable_Executioner_Baton | BD40: 201 | BE40: {=IF(BD40<>"",_xlfn.TEXTJOIN("; ",1,VLOOKUP(VALUE(_xlfn.TEXTSPLIT(BD40,";")),device_cubicles!A:B,2,0)),"")} -> 近战攻击
A41: 1311102 | B41: 0 | C41: 执刑斧钺 | D41: DG | G41: device_executioner_halberd | H41: {=_xlfn.IFS($A41="","",OR($F41=99,$F41=""),_xlfn.TEXTJOIN("_",1,"device_name",$A41,$Y41),TRUE,OFFSET(H41,-1,0))} -> device_name_1311102_executioner_halberd | J41: =_xlfn.LET(_xlpm.get_device_type,VLOOKUP(VALUE(MID(A41,3,1)),tb_device_info_type[#All],3,0),_xlpm.check_if_wheel,IF(LEFT(A41,2)="12","wheel",_xlpm.get_device_type),_xlpm.raw_output,IF($A41<>"",_xlfn.TEXTJOIN("_",1,"device_alt",_xlpm.check_if_wheel),""),IFERROR(_xlpm.raw_output,"information missing")) -> device_alt_melee | K41: {=_xlfn.IFS($A41="","",ISTEXT($L41),_xlfn.CONCAT("dwt","[device_wheel_thumbnail_",RIGHT($A41,1)-1,"]"),TRUE,_xlfn.CONCAT("dt","[device_thumbnail_",IF($L41<>"",$L41,0),"]"))} -> dt[device_thumbnail_10] | L41: 10 | M41: se_ag_device_broken | N41: se_ag_device_be_hit | O41: 1420100;1420104 | P41: {=IFERROR(_xlfn.TEXTJOIN(";",1,_xlfn.MAP(_xlfn.TEXTSPLIT(O41,";"),_xlfn.LAMBDA(_xlpm.x,IFERROR(VLOOKUP(VALUE(_xlpm.x),device_tag!A:B,2,0),"error")))),"")} -> 近战武器;斧钺 | Q41: Common | S41: 0 | T41: 0 | U41: 0 | V41: 0 | W41: 0 | X41: device | Y41: executioner_halberd | Z41: {=_xlfn.IFS($A41="","",OR(F41=99,F41=""),_xlfn.TEXTJOIN("_",1,X41,$A41,Y41),TRUE,OFFSET($Z41,-1,0))} -> device_1311102_executioner_halberd | AA41: 9 | AB41: 1 | AC41: 16 | AF41: 1 | AG41: 0 | AH41: =_xlfn.TEXTJOIN("~",1,AI41:AJ41) -> 0~3 | AI41: 0 | AJ41: 3 | AK41: 0 | AL41: 0 | AM41: 0 | AN41: 0 | AO41: 0 | AP41: TRUE | AQ41: BasicMelee_Click | AS41: =$A41 -> 1311102 | AY41: =_xlfn.TEXTJOIN("~",1,AZ41:BA41) -> 1.25~0.1 | AZ41: 1.25 | BA41: 0.1 | BB41: =REPLACE($A41,1,1,6) -> 6311102 | BC41: DevicePanel_Click_Melee | BD41: 201;301 | BE41: {=IF(BD41<>"",_xlfn.TEXTJOIN("; ",1,VLOOKUP(VALUE(_xlfn.TEXTSPLIT(BD41,";")),device_cubicles!A:B,2,0)),"")} -> 近战攻击; 磨砺刀刃
A42: 1311801 | B42: 0 | C42: 短柄渔叉 | D42: YH | G42: device_short_harpoon | H42: {=_xlfn.IFS($A42="","",OR($F42=99,$F42=""),_xlfn.TEXTJOIN("_",1,"device_name",$A42,$Y42),TRUE,OFFSET(H42,-1,0))} -> device_name_1311801_short_harpoon | J42: =_xlfn.LET(_xlpm.get_device_type,VLOOKUP(VALUE(MID(A42,3,1)),tb_device_info_type[#All],3,0),_xlpm.check_if_wheel,IF(LEFT(A42,2)="12","wheel",_xlpm.get_device_type),_xlpm.raw_output,IF($A42<>"",_xlfn.TEXTJOIN("_",1,"device_alt",_xlpm.check_if_wheel),""),IFERROR(_xlpm.raw_output,"information missing")) -> device_alt_melee | K42: {=_xlfn.IFS($A42="","",ISTEXT($L42),_xlfn.CONCAT("dwt","[device_wheel_thumbnail_",RIGHT($A42,1)-1,"]"),TRUE,_xlfn.CONCAT("dt","[device_thumbnail_",IF($L42<>"",$L42,0),"]"))} -> dt[device_thumbnail_28] | L42: 28 | M42: se_ag_device_broken | N42: se_ag_device_be_hit | O42: 1420100;1420102 | P42: {=IFERROR(_xlfn.TEXTJOIN(";",1,_xlfn.MAP(_xlfn.TEXTSPLIT(O42,";"),_xlfn.LAMBDA(_xlpm.x,IFERROR(VLOOKUP(VALUE(_xlpm.x),device_tag!A:B,2,0),"error")))),"")} -> 近战武器;长矛 | Q42: Common | T42: 0 | U42: 1 | V42: 0 | W42: 1 | X42: device | Y42: short_harpoon | Z42: {=_xlfn.IFS($A42="","",OR(F42=99,F42=""),_xlfn.TEXTJOIN("_",1,X42,$A42,Y42),TRUE,OFFSET($Z42,-1,0))} -> device_1311801_short_harpoon | AA42: 3 | AB42: 1 | AC42: 13 | AF42: 1 | AG42: 0 | AH42: =_xlfn.TEXTJOIN("~",1,AI42:AJ42) -> 0~3.3 | AI42: 0 | AJ42: 3.3 | AK42: 0 | AL42: 0 | AM42: 0 | AN42: 0 | AO42: 0 | AP42: TRUE | AQ42: BasicMelee_Click | AS42: =$A42 -> 1311801 | AY42: =_xlfn.TEXTJOIN("~",1,AZ42:BA42) -> 9~2 | AZ42: 9 | BA42: 2 | BB42: 1 | BC42: DevicePanel_Click_Melee_Resharpenable_Short_Harpoon | BD42: 201;301 | BE42: {=IF(BD42<>"",_xlfn.TEXTJOIN("; ",1,VLOOKUP(VALUE(_xlfn.TEXTSPLIT(BD42,";")),device_cubicles!A:B,2,0)),"")} -> 近战攻击; 磨砺刀刃
A43: 1311802 | B43: 0 | C43: 海妖触手 | D43: YH | G43: device_tentacle | H43: {=_xlfn.IFS($A43="","",OR($F43=99,$F43=""),_xlfn.TEXTJOIN("_",1,"device_name",$A43,$Y43),TRUE,OFFSET(H43,-1,0))} -> device_name_1311802_tentacle | J43: =_xlfn.LET(_xlpm.get_device_type,VLOOKUP(VALUE(MID(A43,3,1)),tb_device_info_type[#All],3,0),_xlpm.check_if_wheel,IF(LEFT(A43,2)="12","wheel",_xlpm.get_device_type),_xlpm.raw_output,IF($A43<>"",_xlfn.TEXTJOIN("_",1,"device_alt",_xlpm.check_if_wheel),""),IFERROR(_xlpm.raw_output,"information missing")) -> device_alt_melee | K43: {=_xlfn.IFS($A43="","",ISTEXT($L43),_xlfn.CONCAT("dwt","[device_wheel_thumbnail_",RIGHT($A43,1)-1,"]"),TRUE,_xlfn.CONCAT("dt","[device_thumbnail_",IF($L43<>"",$L43,0),"]"))} -> dt[device_thumbnail_119] | L43: 119 | M43: se_ag_device_broken | N43: se_ag_device_be_hit | O43: 1420100 | P43: {=IFERROR(_xlfn.TEXTJOIN(";",1,_xlfn.MAP(_xlfn.TEXTSPLIT(O43,";"),_xlfn.LAMBDA(_xlpm.x,IFERROR(VLOOKUP(VALUE(_xlpm.x),device_tag!A:B,2,0),"error")))),"")} -> 近战武器 | Q43: Common | T43: 0 | U43: 1 | V43: 0 | W43: 1 | X43: device | Y43: tentacle | Z43: {=_xlfn.IFS($A43="","",OR(F43=99,F43=""),_xlfn.TEXTJOIN("_",1,X43,$A43,Y43),TRUE,OFFSET($Z43,-1,0))} -> device_1311802_tentacle | AA43: 15 | AB43: 1 | AC43: 18 | AF43: 1 | AG43: 0 | AH43: =_xlfn.TEXTJOIN("~",1,AI43:AJ43) -> 0~3.3 | AI43: 0 | AJ43: 3.3 | AK43: 0 | AL43: 0 | AM43: 0 | AN43: 0 | AO43: 0 | AP43: TRUE | AQ43: Melee_Tentacle | AS43: =$A43 -> 1311802 | AY43: =_xlfn.TEXTJOIN("~",1,AZ43:BA43) -> 7~2.5 | AZ43: 7 | BA43: 2.5 | BB43: 1 | BC43: DevicePanel_Click_Melee_Unresharpenable_Executioner_Baton | BD43: 201 | BE43: {=IF(BD43<>"",_xlfn.TEXTJOIN("; ",1,VLOOKUP(VALUE(_xlfn.TEXTSPLIT(BD43,";")),device_cubicles!A:B,2,0)),"")} -> 近战攻击
A44: 1319000 | B44: 0 | C44: 【近战模板】 | D44: DG | G44: device_executioner_baton | H44: device_name_1311101_executioner_baton | J44: =_xlfn.LET(_xlpm.get_device_type,VLOOKUP(VALUE(MID(A44,3,1)),tb_device_info_type[#All],3,0),_xlpm.check_if_wheel,IF(LEFT(A44,2)="12","wheel",_xlpm.get_device_type),_xlpm.raw_output,IF($A44<>"",_xlfn.TEXTJOIN("_",1,"device_alt",_xlpm.check_if_wheel),""),IFERROR(_xlpm.raw_output,"information missing")) -> device_alt_melee | K44: {=_xlfn.IFS($A44="","",ISTEXT($L44),_xlfn.CONCAT("dwt","[device_wheel_thumbnail_",RIGHT($A44,1)-1,"]"),TRUE,_xlfn.CONCAT("dt","[device_thumbnail_",IF($L44<>"",$L44,0),"]"))} -> dt[device_thumbnail_9] | L44: 9 | M44: se_ag_device_broken | N44: se_ag_device_be_hit | O44: 1420100;1420103 | P44: {=IFERROR(_xlfn.TEXTJOIN(";",1,_xlfn.MAP(_xlfn.TEXTSPLIT(O44,";"),_xlfn.LAMBDA(_xlpm.x,IFERROR(VLOOKUP(VALUE(_xlpm.x),device_tag!A:B,2,0),"error")))),"")} -> 近战武器;棍棒 | Q44: Common | S44: 0 | T44: 0 | U44: 0 | V44: 0 | W44: 0 | X44: device | Y44: executioner_baton | Z44: {=_xlfn.IFS($A44="","",OR(F44=99,F44=""),_xlfn.TEXTJOIN("_",1,X44,$A44,Y44),TRUE,OFFSET($Z44,-1,0))} -> device_1319000_executioner_baton | AA44: 3 | AB44: 1 | AC44: 14 | AF44: 1 | AG44: 0 | AH44: =_xlfn.TEXTJOIN("~",1,AI44:AJ44) -> 0~2.8 | AI44: 0 | AJ44: 2.8 | AK44: 0 | AL44: 0 | AM44: 0 | AN44: 0 | AO44: 0 | AP44: TRUE | AQ44: DScript_Melee | AS44: 1311101 | AY44: =_xlfn.TEXTJOIN("~",1,AZ44:BA44) -> 5~0.8 | AZ44: 5 | BA44: 0.8 | BB44: =REPLACE($A44,1,1,6) -> 6319000 | BC44: DPanel_Melee | BD44: 201 | BE44: {=IF(BD44<>"",_xlfn.TEXTJOIN("; ",1,VLOOKUP(VALUE(_xlfn.TEXTSPLIT(BD44,";")),device_cubicles!A:B,2,0)),"")} -> 近战攻击
A45: 1319001 | B45: 0 | C45: AMY棍棒 | D45: DG | E45: 劣质钉棍 | G45: device_executioner_baton | H45: {=_xlfn.IFS($A45="","",OR($F45=99,$F45=""),_xlfn.TEXTJOIN("_",1,"device_name",$A45,$Y45),TRUE,OFFSET(H45,-1,0))} -> device_name_1319001_amy_baton | J45: =_xlfn.LET(_xlpm.get_device_type,VLOOKUP(VALUE(MID(A45,3,1)),tb_device_info_type[#All],3,0),_xlpm.check_if_wheel,IF(LEFT(A45,2)="12","wheel",_xlpm.get_device_type),_xlpm.raw_output,IF($A45<>"",_xlfn.TEXTJOIN("_",1,"device_alt",_xlpm.check_if_wheel),""),IFERROR(_xlpm.raw_output,"information missing")) -> device_alt_melee | K45: {=_xlfn.IFS($A45="","",ISTEXT($L45),_xlfn.CONCAT("dwt","[device_wheel_thumbnail_",RIGHT($A45,1)-1,"]"),TRUE,_xlfn.CONCAT("dt","[device_thumbnail_",IF($L45<>"",$L45,0),"]"))} -> dt[device_thumbnail_9] | L45: 9 | M45: se_ag_device_broken | N45: se_ag_device_be_hit | O45: 1420100;1420103 | P45: {=IFERROR(_xlfn.TEXTJOIN(";",1,_xlfn.MAP(_xlfn.TEXTSPLIT(O45,";"),_xlfn.LAMBDA(_xlpm.x,IFERROR(VLOOKUP(VALUE(_xlpm.x),device_tag!A:B,2,0),"error")))),"")} -> 近战武器;棍棒 | Q45: Common | S45: 0 | T45: 0 | U45: 0 | V45: 0 | W45: 0 | X45: device | Y45: amy_baton | Z45: device_1311101_executioner_baton | AA45: 3 | AB45: 1 | AC45: 14 | AF45: 1 | AG45: 0 | AH45: =_xlfn.TEXTJOIN("~",1,AI45:AJ45) -> 0~2.8 | AI45: 0 | AJ45: 2.8 | AK45: 0 | AL45: 0 | AM45: 0 | AN45: 0 | AO45: 0 | AP45: TRUE | AQ45: DScript_Melee_Baton | AS45: =$A45 -> 1319001 | AY45: =_xlfn.TEXTJOIN("~",1,AZ45:BA45) -> 5~0.8 | AZ45: 5 | BA45: 0.8 | BB45: =REPLACE($A45,1,1,6) -> 6319001 | BC45: DPanel_Melee_Baton | BD45: 201 | BE45: {=IF(BD45<>"",_xlfn.TEXTJOIN("; ",1,VLOOKUP(VALUE(_xlfn.TEXTSPLIT(BD45,";")),device_cubicles!A:B,2,0)),"")} -> 近战攻击
A46: 1319002 | B46: 0 | C46: AMY大剑 | D46: YH | G46: device_claymore | H46: device_name_1310103_claymore | J46: =_xlfn.LET(_xlpm.get_device_type,VLOOKUP(VALUE(MID(A46,3,1)),tb_device_info_type[#All],3,0),_xlpm.check_if_wheel,IF(LEFT(A46,2)="12","wheel",_xlpm.get_device_type),_xlpm.raw_output,IF($A46<>"",_xlfn.TEXTJOIN("_",1,"device_alt",_xlpm.check_if_wheel),""),IFERROR(_xlpm.raw_output,"information missing")) -> device_alt_melee | K46: {=_xlfn.IFS($A46="","",ISTEXT($L46),_xlfn.CONCAT("dwt","[device_wheel_thumbnail_",RIGHT($A46,1)-1,"]"),TRUE,_xlfn.CONCAT("dt","[device_thumbnail_",IF($L46<>"",$L46,0),"]"))} -> dt[device_thumbnail_7] | L46: 7 | M46: se_ag_device_broken | N46: se_ag_device_be_hit | O46: 1420100;1420101 | P46: {=IFERROR(_xlfn.TEXTJOIN(";",1,_xlfn.MAP(_xlfn.TEXTSPLIT(O46,";"),_xlfn.LAMBDA(_xlpm.x,IFERROR(VLOOKUP(VALUE(_xlpm.x),device_tag!A:B,2,0),"error")))),"")} -> 近战武器;刀剑 | Q46: Common | T46: 0 | U46: 1 | V46: 0 | W46: 1 | X46: device | Y46: claymore | Z46: device_1310103_claymore | AA46: 7 | AB46: 1 | AC46: 13 | AF46: 1 | AG46: 0 | AH46: =_xlfn.TEXTJOIN("~",1,AI46:AJ46) -> 0~3 | AI46: 0 | AJ46: 3 | AK46: 0 | AL46: 0 | AM46: 0 | AN46: 0 | AO46: 0 | AP46: TRUE | AQ46: DScript_Melee_Claymore | AS46: =$A46 -> 1319002 | AY46: =_xlfn.TEXTJOIN("~",1,AZ46:BA46) -> 2.5~0.1 | AZ46: 2.5 | BA46: 0.1 | BB46: =REPLACE($A46,1,1,6) -> 6319002 | BC46: DPanel_Melee_Claymore | BD46: 201;301 | BE46: {=IF(BD46<>"",_xlfn.TEXTJOIN("; ",1,VLOOKUP(VALUE(_xlfn.TEXTSPLIT(BD46,";")),device_cubicles!A:B,2,0)),"")} -> 近战攻击; 磨砺刀刃
A47: 130001005 | B47: 0 | C47: 巨斧 | H47: {=_xlfn.IFS($A47="","",OR($F47=99,$F47=""),_xlfn.TEXTJOIN("_",1,"device_name",$A47,$Y47),TRUE,OFFSET(H47,-1,0))} -> device_name_130001005_ax | J47: =_xlfn.LET(_xlpm.get_device_type,VLOOKUP(VALUE(MID(A47,3,1)),tb_device_info_type[#All],3,0),_xlpm.check_if_wheel,IF(LEFT(A47,2)="12","wheel",_xlpm.get_device_type),_xlpm.raw_output,IF($A47<>"",_xlfn.TEXTJOIN("_",1,"device_alt",_xlpm.check_if_wheel),""),IFERROR(_xlpm.raw_output,"information missing")) -> information missing | K47: {=_xlfn.IFS($A47="","",ISTEXT($L47),_xlfn.CONCAT("dwt","[device_wheel_thumbnail_",RIGHT($A47,1)-1,"]"),TRUE,_xlfn.CONCAT("dt","[device_thumbnail_",IF($L47<>"",$L47,0),"]"))} -> dt[device_thumbnail_0] | M47: se_ag_device_broken | N47: se_ag_device_be_hit | P47: {=IFERROR(_xlfn.TEXTJOIN(";",1,_xlfn.MAP(_xlfn.TEXTSPLIT(O47,";"),_xlfn.LAMBDA(_xlpm.x,IFERROR(VLOOKUP(VALUE(_xlpm.x),device_tag!A:B,2,0),"error")))),"")} | Q47: Common | S47: 0 | T47: 0 | U47: 0 | V47: 0 | W47: 0 | X47: dp | Y47: ax | Z47: {=_xlfn.IFS($A47="","",OR(F47=99,F47=""),_xlfn.TEXTJOIN("_",1,X47,$A47,Y47),TRUE,OFFSET($Z47,-1,0))} -> dp_130001005_ax | AA47: 100 | AB47: 1 | AK47: 0 | AL47: 0 | AM47: 0 | AN47: 0 | AO47: 0 | BE47: {=IF(BD47<>"",_xlfn.TEXTJOIN("; ",1,VLOOKUP(VALUE(_xlfn.TEXTSPLIT(BD47,";")),device_cubicles!A:B,2,0)),"")}
A48: 130001006 | B48: 0 | C48: 钉锤 | H48: {=_xlfn.IFS($A48="","",OR($F48=99,$F48=""),_xlfn.TEXTJOIN("_",1,"device_name",$A48,$Y48),TRUE,OFFSET(H48,-1,0))} -> device_name_130001006_mace | J48: =_xlfn.LET(_xlpm.get_device_type,VLOOKUP(VALUE(MID(A48,3,1)),tb_device_info_type[#All],3,0),_xlpm.check_if_wheel,IF(LEFT(A48,2)="12","wheel",_xlpm.get_device_type),_xlpm.raw_output,IF($A48<>"",_xlfn.TEXTJOIN("_",1,"device_alt",_xlpm.check_if_wheel),""),IFERROR(_xlpm.raw_output,"information missing")) -> information missing | K48: {=_xlfn.IFS($A48="","",ISTEXT($L48),_xlfn.CONCAT("dwt","[device_wheel_thumbnail_",RIGHT($A48,1)-1,"]"),TRUE,_xlfn.CONCAT("dt","[device_thumbnail_",IF($L48<>"",$L48,0),"]"))} -> dt[device_thumbnail_0] | M48: se_ag_device_broken | N48: se_ag_device_be_hit | P48: {=IFERROR(_xlfn.TEXTJOIN(";",1,_xlfn.MAP(_xlfn.TEXTSPLIT(O48,";"),_xlfn.LAMBDA(_xlpm.x,IFERROR(VLOOKUP(VALUE(_xlpm.x),device_tag!A:B,2,0),"error")))),"")} | Q48: Common | S48: 0 | T48: 0 | U48: 0 | V48: 0 | W48: 0 | X48: dp | Y48: mace | Z48: {=_xlfn.IFS($A48="","",OR(F48=99,F48=""),_xlfn.TEXTJOIN("_",1,X48,$A48,Y48),TRUE,OFFSET($Z48,-1,0))} -> dp_130001006_mace | AA48: 100 | AB48: 1 | BE48: {=IF(BD48<>"",_xlfn.TEXTJOIN("; ",1,VLOOKUP(VALUE(_xlfn.TEXTSPLIT(BD48,";")),device_cubicles!A:B,2,0)),"")}
J49: =_xlfn.LET(_xlpm.get_device_type,VLOOKUP(VALUE(MID(A49,3,1)),tb_device_info_type[#All],3,0),_xlpm.check_if_wheel,IF(LEFT(A49,2)="12","wheel",_xlpm.get_device_type),_xlpm.raw_output,IF($A49<>"",_xlfn.TEXTJOIN("_",1,"device_alt",_xlpm.check_if_wheel),""),IFERROR(_xlpm.raw_output,"information missing")) | K49: {=_xlfn.IFS($A49="","",ISTEXT($L49),_xlfn.CONCAT("dwt","[device_wheel_thumbnail_",RIGHT($A49,1)-1,"]"),TRUE,_xlfn.CONCAT("dt","[device_thumbnail_",IF($L49<>"",$L49,0),"]"))} | P49: {=IFERROR(_xlfn.TEXTJOIN(";",1,_xlfn.MAP(_xlfn.TEXTSPLIT(O49,";"),_xlfn.LAMBDA(_xlpm.x,IFERROR(VLOOKUP(VALUE(_xlpm.x),device_tag!A:B,2,0),"error")))),"")} | Z49: {=_xlfn.IFS($A49="","",OR(F49=99,F49=""),_xlfn.TEXTJOIN("_",1,X49,$A49,Y49),TRUE,OFFSET($Z49,-1,0))} | BE49: {=IF(BD49<>"",_xlfn.TEXTJOIN("; ",1,VLOOKUP(VALUE(_xlfn.TEXTSPLIT(BD49,";")),device_cubicles!A:B,2,0)),"")}
A50: 1320101 | B50: 0 | C50: 弓 | D50: 普通 | G50: device_crossbow | H50: {=_xlfn.IFS($A50="","",OR($F50=99,$F50=""),_xlfn.TEXTJOIN("_",1,"device_name",$A50,$Y50),TRUE,OFFSET(H50,-1,0))} -> device_name_1320101_bow | J50: =_xlfn.LET(_xlpm.get_device_type,VLOOKUP(VALUE(MID(A50,3,1)),tb_device_info_type[#All],3,0),_xlpm.check_if_wheel,IF(LEFT(A50,2)="12","wheel",_xlpm.get_device_type),_xlpm.raw_output,IF($A50<>"",_xlfn.TEXTJOIN("_",1,"device_alt",_xlpm.check_if_wheel),""),IFERROR(_xlpm.raw_output,"information missing")) -> device_alt_ranged | K50: {=_xlfn.IFS($A50="","",ISTEXT($L50),_xlfn.CONCAT("dwt","[device_wheel_thumbnail_",RIGHT($A50,1)-1,"]"),TRUE,_xlfn.CONCAT("dt","[device_thumbnail_",IF($L50<>"",$L50,0),"]"))} -> dt[device_thumbnail_3] | L50: 3 | M50: se_ag_device_broken | N50: se_ag_device_be_hit | O50: 1420200;1420221 | P50: {=IFERROR(_xlfn.TEXTJOIN(";",1,_xlfn.MAP(_xlfn.TEXTSPLIT(O50,";"),_xlfn.LAMBDA(_xlpm.x,IFERROR(VLOOKUP(VALUE(_xlpm.x),device_tag!A:B,2,0),"error")))),"")} -> 远程武器;弓箭 | Q50: Common | S50: 0 | V50: 0 | W50: 0 | X50: device | Y50: bow | Z50: {=_xlfn.IFS($A50="","",OR(F50=99,F50=""),_xlfn.TEXTJOIN("_",1,X50,$A50,Y50),TRUE,OFFSET($Z50,-1,0))} -> device_1320101_bow | AA50: 5 | AB50: 1 | AC50: 12 | AF50: 1 | AG50: 60 | AH50: =_xlfn.TEXTJOIN("~",1,AI50:AJ50) -> 2~13 | AI50: 2 | AJ50: 13 | AK50: 0 | AL50: 0 | AM50: 0 | AN50: 0 | AO50: 0 | AP50: FALSE | AQ50: Shooter_Bow | AT50: =$A50 -> 1320101 | AY50: =_xlfn.TEXTJOIN("~",1,AZ50:BA50) -> 5~2.5 | AZ50: 5 | BA50: 2.5 | BB50: =REPLACE($A50,1,1,6) -> 6320101 | BC50: DevicePanel_Click_Shooter_Bow | BD50: 101;202 | BE50: {=IF(BD50<>"",_xlfn.TEXTJOIN("; ",1,VLOOKUP(VALUE(_xlfn.TEXTSPLIT(BD50,";")),device_cubicles!A:B,2,0)),"")} -> 弹匣装填; 瞄准射击
A51: 1320102 | B51: 0 | C51: 防身手枪 | D51: XY | G51: device_pistol | H51: {=_xlfn.IFS($A51="","",OR($F51=99,$F51=""),_xlfn.TEXTJOIN("_",1,"device_name",$A51,$Y51),TRUE,OFFSET(H51,-1,0))} -> device_name_1320102_pistol | J51: =_xlfn.LET(_xlpm.get_device_type,VLOOKUP(VALUE(MID(A51,3,1)),tb_device_info_type[#All],3,0),_xlpm.check_if_wheel,IF(LEFT(A51,2)="12","wheel",_xlpm.get_device_type),_xlpm.raw_output,IF($A51<>"",_xlfn.TEXTJOIN("_",1,"device_alt",_xlpm.check_if_wheel),""),IFERROR(_xlpm.raw_output,"information missing")) -> device_alt_ranged | K51: {=_xlfn.IFS($A51="","",ISTEXT($L51),_xlfn.CONCAT("dwt","[device_wheel_thumbnail_",RIGHT($A51,1)-1,"]"),TRUE,_xlfn.CONCAT("dt","[device_thumbnail_",IF($L51<>"",$L51,0),"]"))} -> dt[device_thumbnail_21] | L51: 21 | M51: se_ag_device_broken | N51: se_ag_device_be_hit | O51: 1420200;1420210;1420211 | P51: {=IFERROR(_xlfn.TEXTJOIN(";",1,_xlfn.MAP(_xlfn.TEXTSPLIT(O51,";"),_xlfn.LAMBDA(_xlpm.x,IFERROR(VLOOKUP(VALUE(_xlpm.x),device_tag!A:B,2,0),"error")))),"")} -> 远程武器;枪械;手枪 | Q51: Common | S51: 0 | V51: 0 | W51: 0 | X51: device | Y51: pistol | Z51: {=_xlfn.IFS($A51="","",OR(F51=99,F51=""),_xlfn.TEXTJOIN("_",1,X51,$A51,Y51),TRUE,OFFSET($Z51,-1,0))} -> device_1320102_pistol | AA51: 3.5 | AB51: =COLUMNS(_xlfn.TEXTSPLIT(BD51,";")) -> 2 | AC51: 12 | AF51: 1 | AG51: 60 | AH51: =_xlfn.TEXTJOIN("~",1,AI51:AJ51) -> 1.4~12.5 | AI51: 1.4 | AJ51: 12.5 | AK51: 0 | AL51: 0 | AM51: 0 | AN51: 0 | AO51: 0 | AP51: FALSE | AQ51: DScript_Shooter | AT51: =$A51 -> 1320102 | AY51: =_xlfn.TEXTJOIN("~",1,AZ51:BA51) -> 6~3 | AZ51: 6 | BA51: 3 | BB51: =REPLACE($A51,1,1,6) -> 6320102 | BC51: (Base) | BD51: 101;202 | BE51: {=IF(BD51<>"",_xlfn.TEXTJOIN("; ",1,VLOOKUP(VALUE(_xlfn.TEXTSPLIT(BD51,";")),device_cubicles!A:B,2,0)),"")} -> 弹匣装填; 瞄准射击
A52: 13201021 | B52: 0 | C52: 防身手枪 | D52: XY | E52: 防身手枪 | F52: 1 | G52: device_pistol | H52: {=_xlfn.IFS($A52="","",OR($F52=99,$F52=""),_xlfn.TEXTJOIN("_",1,"device_name",$A52,$Y52),TRUE,OFFSET(H52,-1,0))} -> device_name_1320102_pistol | J52: =_xlfn.LET(_xlpm.get_device_type,VLOOKUP(VALUE(MID(A52,3,1)),tb_device_info_type[#All],3,0),_xlpm.check_if_wheel,IF(LEFT(A52,2)="12","wheel",_xlpm.get_device_type),_xlpm.raw_output,IF($A52<>"",_xlfn.TEXTJOIN("_",1,"device_alt",_xlpm.check_if_wheel),""),IFERROR(_xlpm.raw_output,"information missing")) -> device_alt_ranged | K52: {=_xlfn.IFS($A52="","",ISTEXT($L52),_xlfn.CONCAT("dwt","[device_wheel_thumbnail_",RIGHT($A52,1)-1,"]"),TRUE,_xlfn.CONCAT("dt","[device_thumbnail_",IF($L52<>"",$L52,0),"]"))} -> dt[device_thumbnail_21] | L52: 21 | M52: se_ag_device_broken | N52: se_ag_device_be_hit | O52: 1420200;1420210;1420211 | P52: {=IFERROR(_xlfn.TEXTJOIN(";",1,_xlfn.MAP(_xlfn.TEXTSPLIT(O52,";"),_xlfn.LAMBDA(_xlpm.x,IFERROR(VLOOKUP(VALUE(_xlpm.x),device_tag!A:B,2,0),"error")))),"")} -> 远程武器;枪械;手枪 | Q52: Common | S52: 0 | V52: 0 | W52: 0 | X52: device | Y52: pistol | Z52: {=_xlfn.IFS($A52="","",OR(F52=99,F52=""),_xlfn.TEXTJOIN("_",1,X52,$A52,Y52),TRUE,OFFSET($Z52,-1,0))} -> device_1320102_pistol | AA52: 3.5 | AB52: =COLUMNS(_xlfn.TEXTSPLIT(BD52,";")) -> 2 | AC52: =ROUND($AD52*$AE52^$F52,0) -> 32 | AD52: 12.5 | AE52: =POWER(1.6,2) -> 2.56 | AF52: 1 | AG52: 60 | AH52: =_xlfn.TEXTJOIN("~",1,AI52:AJ52) -> 1.4~12.5 | AI52: 1.4 | AJ52: 12.5 | AK52: 0 | AL52: 0 | AM52: 0 | AN52: 0 | AO52: 0 | AP52: FALSE | AQ52: DScript_Shooter | AT52: =$A52 -> 13201021 | AY52: =_xlfn.TEXTJOIN("~",1,AZ52:BA52) -> 6~3 | AZ52: 6 | BA52: 3 | BB52: 1 | BC52: DPanel_Shooter_Pistol | BD52: 101;202 | BE52: {=IF(BD52<>"",_xlfn.TEXTJOIN("; ",1,VLOOKUP(VALUE(_xlfn.TEXTSPLIT(BD52,";")),device_cubicles!A:B,2,0)),"")} -> 弹匣装填; 瞄准射击
A53: 13201022 | B53: 0 | C53: 前线手枪 | D53: XY | E53: 前线手枪 | F53: 2 | G53: device_pistol | H53: {=_xlfn.IFS($A53="","",OR($F53=99,$F53=""),_xlfn.TEXTJOIN("_",1,"device_name",$A53,$Y53),TRUE,OFFSET(H53,-1,0))} -> device_name_1320102_pistol | J53: =_xlfn.LET(_xlpm.get_device_type,VLOOKUP(VALUE(MID(A53,3,1)),tb_device_info_type[#All],3,0),_xlpm.check_if_wheel,IF(LEFT(A53,2)="12","wheel",_xlpm.get_device_type),_xlpm.raw_output,IF($A53<>"",_xlfn.TEXTJOIN("_",1,"device_alt",_xlpm.check_if_wheel),""),IFERROR(_xlpm.raw_output,"information missing")) -> device_alt_ranged | K53: {=_xlfn.IFS($A53="","",ISTEXT($L53),_xlfn.CONCAT("dwt","[device_wheel_thumbnail_",RIGHT($A53,1)-1,"]"),TRUE,_xlfn.CONCAT("dt","[device_thumbnail_",IF($L53<>"",$L53,0),"]"))} -> dt[device_thumbnail_21] | L53: 21 | M53: se_ag_device_broken | N53: se_ag_device_be_hit | O53: 1420200;1420210;1420211 | P53: {=IFERROR(_xlfn.TEXTJOIN(";",1,_xlfn.MAP(_xlfn.TEXTSPLIT(O53,";"),_xlfn.LAMBDA(_xlpm.x,IFERROR(VLOOKUP(VALUE(_xlpm.x),device_tag!A:B,2,0),"error")))),"")} -> 远程武器;枪械;手枪 | Q53: Common | S53: 0 | V53: 0 | W53: 0 | X53: device | Y53: pistol | Z53: {=_xlfn.IFS($A53="","",OR(F53=99,F53=""),_xlfn.TEXTJOIN("_",1,X53,$A53,Y53),TRUE,OFFSET($Z53,-1,0))} -> device_1320102_pistol | AA53: 3.5 | AB53: =COLUMNS(_xlfn.TEXTSPLIT(BD53,";")) -> 2 | AC53: =ROUND($AD53*$AE53^$F53,0) -> 82 | AD53: 12.5 | AE53: =POWER(1.6,2) -> 2.56 | AF53: 1 | AG53: 60 | AH53: =_xlfn.TEXTJOIN("~",1,AI53:AJ53) -> 1.4~12.5 | AI53: 1.4 | AJ53: 12.5 | AK53: 0 | AL53: 0 | AM53: 0 | AN53: 0 | AO53: 0 | AP53: FALSE | AQ53: DScript_Shooter | AT53: =$A53 -> 13201022 | AY53: =_xlfn.TEXTJOIN("~",1,AZ53:BA53) -> 6~3 | AZ53: 6 | BA53: 3 | BB53: 1 | BC53: DPanel_Shooter_Pistol | BD53: 101;202 | BE53: {=IF(BD53<>"",_xlfn.TEXTJOIN("; ",1,VLOOKUP(VALUE(_xlfn.TEXTSPLIT(BD53,";")),device_cubicles!A:B,2,0)),"")} -> 弹匣装填; 瞄准射击
A54: 13201023 | B54: 0 | C54: 军士长手枪 | D54: XY | E54: 军士长手枪 | F54: 3 | G54: device_pistol | H54: {=_xlfn.IFS($A54="","",OR($F54=99,$F54=""),_xlfn.TEXTJOIN("_",1,"device_name",$A54,$Y54),TRUE,OFFSET(H54,-1,0))} -> device_name_1320102_pistol | J54: =_xlfn.LET(_xlpm.get_device_type,VLOOKUP(VALUE(MID(A54,3,1)),tb_device_info_type[#All],3,0),_xlpm.check_if_wheel,IF(LEFT(A54,2)="12","wheel",_xlpm.get_device_type),_xlpm.raw_output,IF($A54<>"",_xlfn.TEXTJOIN("_",1,"device_alt",_xlpm.check_if_wheel),""),IFERROR(_xlpm.raw_output,"information missing")) -> device_alt_ranged | K54: {=_xlfn.IFS($A54="","",ISTEXT($L54),_xlfn.CONCAT("dwt","[device_wheel_thumbnail_",RIGHT($A54,1)-1,"]"),TRUE,_xlfn.CONCAT("dt","[device_thumbnail_",IF($L54<>"",$L54,0),"]"))} -> dt[device_thumbnail_21] | L54: 21 | M54: se_ag_device_broken | N54: se_ag_device_be_hit | O54: 1420200;1420210;1420211 | P54: {=IFERROR(_xlfn.TEXTJOIN(";",1,_xlfn.MAP(_xlfn.TEXTSPLIT(O54,";"),_xlfn.LAMBDA(_xlpm.x,IFERROR(VLOOKUP(VALUE(_xlpm.x),device_tag!A:B,2,0),"error")))),"")} -> 远程武器;枪械;手枪 | Q54: Common | S54: 0 | V54: 0 | W54: 0 | X54: device | Y54: pistol | Z54: {=_xlfn.IFS($A54="","",OR(F54=99,F54=""),_xlfn.TEXTJOIN("_",1,X54,$A54,Y54),TRUE,OFFSET($Z54,-1,0))} -> device_1320102_pistol | AA54: 3.5 | AB54: =COLUMNS(_xlfn.TEXTSPLIT(BD54,";")) -> 2 | AC54: =ROUND($AD54*$AE54^$F54,0) -> 210 | AD54: 12.5 | AE54: =POWER(1.6,2) -> 2.56 | AF54: 1 | AG54: 60 | AH54: =_xlfn.TEXTJOIN("~",1,AI54:AJ54) -> 1.4~12.5 | AI54: 1.4 | AJ54: 12.5 | AK54: 0 | AL54: 0 | AM54: 0 | AN54: 0 | AO54: 0 | AP54: FALSE | AQ54: DScript_Shooter | AT54: =$A54 -> 13201023 | AY54: =_xlfn.TEXTJOIN("~",1,AZ54:BA54) -> 6~3 | AZ54: 6 | BA54: 3 | BB54: 1 | BC54: DPanel_Shooter_Pistol | BD54: 101;202 | BE54: {=IF(BD54<>"",_xlfn.TEXTJOIN("; ",1,VLOOKUP(VALUE(_xlfn.TEXTSPLIT(BD54,";")),device_cubicles!A:B,2,0)),"")} -> 弹匣装填; 瞄准射击
A55: 13201029 | B55: 0 | C55: 新手初始手枪 | D55: XY | E55: 老舅的手枪 | F55: 0 | G55: device_pistol | H55: device_name_13201029_pistol | J55: =_xlfn.LET(_xlpm.get_device_type,VLOOKUP(VALUE(MID(A55,3,1)),tb_device_info_type[#All],3,0),_xlpm.check_if_wheel,IF(LEFT(A55,2)="12","wheel",_xlpm.get_device_type),_xlpm.raw_output,IF($A55<>"",_xlfn.TEXTJOIN("_",1,"device_alt",_xlpm.check_if_wheel),""),IFERROR(_xlpm.raw_output,"information missing")) -> device_alt_ranged | K55: {=_xlfn.IFS($A55="","",ISTEXT($L55),_xlfn.CONCAT("dwt","[device_wheel_thumbnail_",RIGHT($A55,1)-1,"]"),TRUE,_xlfn.CONCAT("dt","[device_thumbnail_",IF($L55<>"",$L55,0),"]"))} -> dt[device_thumbnail_21] | L55: 21 | M55: se_ag_device_broken | N55: se_ag_device_be_hit | O55: 1420200;1420210;1420211 | P55: {=IFERROR(_xlfn.TEXTJOIN(";",1,_xlfn.MAP(_xlfn.TEXTSPLIT(O55,";"),_xlfn.LAMBDA(_xlpm.x,IFERROR(VLOOKUP(VALUE(_xlpm.x),device_tag!A:B,2,0),"error")))),"")} -> 远程武器;枪械;手枪 | Q55: Common | S55: 0 | V55: 0 | W55: 0 | X55: device | Y55: pistol | Z55: {=_xlfn.IFS($A55="","",OR(F55=99,F55=""),_xlfn.TEXTJOIN("_",1,X55,$A55,Y55),TRUE,OFFSET($Z55,-1,0))} -> device_1320102_pistol | AA55: 3.5 | AB55: =COLUMNS(_xlfn.TEXTSPLIT(BD55,";")) -> 2 | AC55: =ROUND($AD55*$AE55^$F55,0) -> 7 | AD55: 6.6 | AE55: =POWER(1.6,2) -> 2.56 | AF55: 1 | AG55: 60 | AH55: =_xlfn.TEXTJOIN("~",1,AI55:AJ55) -> 1.4~12.5 | AI55: 1.4 | AJ55: 12.5 | AK55: 0 | AL55: 0 | AM55: 0 | AN55: 0 | AO55: 0 | AP55: FALSE | AQ55: DScript_Shooter | AT55: =$A55 -> 13201029 | AY55: =_xlfn.TEXTJOIN("~",1,AZ55:BA55) -> 6~3 | AZ55: 6 | BA55: 3 | BB55: 1 | BC55: DPanel_Shooter_Pistol_Init | BD55: 101;202 | BE55: {=IF(BD55<>"",_xlfn.TEXTJOIN("; ",1,VLOOKUP(VALUE(_xlfn.TEXTSPLIT(BD55,";")),device_cubicles!A:B,2,0)),"")} -> 弹匣装填; 瞄准射击
A56: 1320103 | B56: 0 | C56: 喇叭霰弹枪 | D56: XY | G56: device_shotgun | H56: {=_xlfn.IFS($A56="","",OR($F56=99,$F56=""),_xlfn.TEXTJOIN("_",1,"device_name",$A56,$Y56),TRUE,OFFSET(H56,-1,0))} -> device_name_1320103_shotgun | J56: =_xlfn.LET(_xlpm.get_device_type,VLOOKUP(VALUE(MID(A56,3,1)),tb_device_info_type[#All],3,0),_xlpm.check_if_wheel,IF(LEFT(A56,2)="12","wheel",_xlpm.get_device_type),_xlpm.raw_output,IF($A56<>"",_xlfn.TEXTJOIN("_",1,"device_alt",_xlpm.check_if_wheel),""),IFERROR(_xlpm.raw_output,"information missing")) -> device_alt_ranged | K56: {=_xlfn.IFS($A56="","",ISTEXT($L56),_xlfn.CONCAT("dwt","[device_wheel_thumbnail_",RIGHT($A56,1)-1,"]"),TRUE,_xlfn.CONCAT("dt","[device_thumbnail_",IF($L56<>"",$L56,0),"]"))} -> dt[device_thumbnail_26] | L56: 26 | M56: se_ag_device_broken | N56: se_ag_device_be_hit | O56: 1420200;1420210;1420212 | P56: {=IFERROR(_xlfn.TEXTJOIN(";",1,_xlfn.MAP(_xlfn.TEXTSPLIT(O56,";"),_xlfn.LAMBDA(_xlpm.x,IFERROR(VLOOKUP(VALUE(_xlpm.x),device_tag!A:B,2,0),"error")))),"")} -> 远程武器;枪械;霰弹枪 | Q56: Common | S56: 0 | V56: 0 | W56: 0 | X56: device | Y56: shotgun | Z56: {=_xlfn.IFS($A56="","",OR(F56=99,F56=""),_xlfn.TEXTJOIN("_",1,X56,$A56,Y56),TRUE,OFFSET($Z56,-1,0))} -> device_1320103_shotgun | AA56: 10 | AB56: =COLUMNS(_xlfn.TEXTSPLIT(BD56,";")) -> 1 | AC56: 11 | AF56: 1 | AG56: 60 | AH56: =_xlfn.TEXTJOIN("~",1,AI56:AJ56) -> 2~8 | AI56: 2 | AJ56: 8 | AK56: 0 | AL56: 0 | AM56: 0 | AN56: 0 | AO56: 0 | AP56: FALSE | AQ56: DScript_Shooter_Shotgun | AT56: =$A56 -> 1320103 | AY56: =_xlfn.TEXTJOIN("~",1,AZ56:BA56) -> 4~0.2 | AZ56: 4 | BA56: 0.2 | BB56: =REPLACE($A56,1,1,6) -> 6320103 | BC56: (Base) | BD56: 202 | BE56: {=IF(BD56<>"",_xlfn.TEXTJOIN("; ",1,VLOOKUP(VALUE(_xlfn.TEXTSPLIT(BD56,";")),device_cubicles!A:B,2,0)),"")} -> 瞄准射击
A57: 13201030 | B57: 0 | C57: 喇叭霰弹枪 | D57: XY | E57: 废旧喇叭枪 | F57: 0 | G57: device_shotgun | H57: {=_xlfn.IFS($A57="","",OR($F57=99,$F57=""),_xlfn.TEXTJOIN("_",1,"device_name",$A57,$Y57),TRUE,OFFSET(H57,-1,0))} -> device_name_1320103_shotgun | J57: =_xlfn.LET(_xlpm.get_device_type,VLOOKUP(VALUE(MID(A57,3,1)),tb_device_info_type[#All],3,0),_xlpm.check_if_wheel,IF(LEFT(A57,2)="12","wheel",_xlpm.get_device_type),_xlpm.raw_output,IF($A57<>"",_xlfn.TEXTJOIN("_",1,"device_alt",_xlpm.check_if_wheel),""),IFERROR(_xlpm.raw_output,"information missing")) -> device_alt_ranged | K57: {=_xlfn.IFS($A57="","",ISTEXT($L57),_xlfn.CONCAT("dwt","[device_wheel_thumbnail_",RIGHT($A57,1)-1,"]"),TRUE,_xlfn.CONCAT("dt","[device_thumbnail_",IF($L57<>"",$L57,0),"]"))} -> dt[device_thumbnail_26] | L57: 26 | M57: se_ag_device_broken | N57: se_ag_device_be_hit | O57: 1420200;1420210;1420212 | P57: {=IFERROR(_xlfn.TEXTJOIN(";",1,_xlfn.MAP(_xlfn.TEXTSPLIT(O57,";"),_xlfn.LAMBDA(_xlpm.x,IFERROR(VLOOKUP(VALUE(_xlpm.x),device_tag!A:B,2,0),"error")))),"")} -> 远程武器;枪械;霰弹枪 | Q57: Common | S57: 0 | V57: 0 | W57: 0 | X57: device | Y57: shotgun | Z57: {=_xlfn.IFS($A57="","",OR(F57=99,F57=""),_xlfn.TEXTJOIN("_",1,X57,$A57,Y57),TRUE,OFFSET($Z57,-1,0))} -> device_1320103_shotgun | AA57: 10 | AB57: =COLUMNS(_xlfn.TEXTSPLIT(BD57,";")) -> 1 | AC57: =ROUND($AD57*$AE57^$F57,0) -> 11 | AD57: 11 | AE57: =POWER(1.6,2) -> 2.56 | AF57: 1 | AG57: 60 | AH57: =_xlfn.TEXTJOIN("~",1,AI57:AJ57) -> 2~8 | AI57: 2 | AJ57: 8 | AK57: 0 | AL57: 0 | AM57: 0 | AN57: 0 | AO57: 0 | AP57: FALSE | AQ57: DScript_Shooter_Shotgun | AT57: =$A57 -> 13201030 | AY57: =_xlfn.TEXTJOIN("~",1,AZ57:BA57) -> 4~0.2 | AZ57: 4 | BA57: 0.2 | BB57: 1 | BC57: DPanel_Shooter_Shotgun_Lv0 | BD57: 202 | BE57: {=IF(BD57<>"",_xlfn.TEXTJOIN("; ",1,VLOOKUP(VALUE(_xlfn.TEXTSPLIT(BD57,";")),device_cubicles!A:B,2,0)),"")} -> 瞄准射击
A58: 13201031 | B58: 0 | C58: 喇叭霰弹枪 | D58: XY | E58: 黄铜喇叭枪 | F58: 1 | G58: device_shotgun | H58: {=_xlfn.IFS($A58="","",OR($F58=99,$F58=""),_xlfn.TEXTJOIN("_",1,"device_name",$A58,$Y58),TRUE,OFFSET(H58,-1,0))} -> device_name_1320103_shotgun | J58: =_xlfn.LET(_xlpm.get_device_type,VLOOKUP(VALUE(MID(A58,3,1)),tb_device_info_type[#All],3,0),_xlpm.check_if_wheel,IF(LEFT(A58,2)="12","wheel",_xlpm.get_device_type),_xlpm.raw_output,IF($A58<>"",_xlfn.TEXTJOIN("_",1,"device_alt",_xlpm.check_if_wheel),""),IFERROR(_xlpm.raw_output,"information missing")) -> device_alt_ranged | K58: {=_xlfn.IFS($A58="","",ISTEXT($L58),_xlfn.CONCAT("dwt","[device_wheel_thumbnail_",RIGHT($A58,1)-1,"]"),TRUE,_xlfn.CONCAT("dt","[device_thumbnail_",IF($L58<>"",$L58,0),"]"))} -> dt[device_thumbnail_26] | L58: 26 | M58: se_ag_device_broken | N58: se_ag_device_be_hit | O58: 1420200;1420210;1420212 | P58: {=IFERROR(_xlfn.TEXTJOIN(";",1,_xlfn.MAP(_xlfn.TEXTSPLIT(O58,";"),_xlfn.LAMBDA(_xlpm.x,IFERROR(VLOOKUP(VALUE(_xlpm.x),device_tag!A:B,2,0),"error")))),"")} -> 远程武器;枪械;霰弹枪 | Q58: Common | S58: 0 | V58: 0 | W58: 0 | X58: device | Y58: shotgun | Z58: {=_xlfn.IFS($A58="","",OR(F58=99,F58=""),_xlfn.TEXTJOIN("_",1,X58,$A58,Y58),TRUE,OFFSET($Z58,-1,0))} -> device_1320103_shotgun | AA58: 10 | AB58: =COLUMNS(_xlfn.TEXTSPLIT(BD58,";")) -> 1 | AC58: =ROUND($AD58*$AE58^$F58,0) -> 28 | AD58: 11 | AE58: =POWER(1.6,2) -> 2.56 | AF58: 1 | AG58: 60 | AH58: =_xlfn.TEXTJOIN("~",1,AI58:AJ58) -> 2~8 | AI58: 2 | AJ58: 8 | AK58: 0 | AL58: 0 | AM58: 0 | AN58: 0 | AO58: 0 | AP58: FALSE | AQ58: DScript_Shooter_Shotgun | AT58: =$A58 -> 13201031 | AY58: =_xlfn.TEXTJOIN("~",1,AZ58:BA58) -> 4~0.2 | AZ58: 4 | BA58: 0.2 | BB58: 1 | BC58: DPanel_Shooter_Shotgun_Lv1 | BD58: 202 | BE58: {=IF(BD58<>"",_xlfn.TEXTJOIN("; ",1,VLOOKUP(VALUE(_xlfn.TEXTSPLIT(BD58,";")),device_cubicles!A:B,2,0)),"")} -> 瞄准射击
A59: 13201032 | B59: 0 | C59: 喇叭霰弹枪 | D59: XY | E59: 精钢喇叭枪 | F59: 2 | G59: device_shotgun | H59: {=_xlfn.IFS($A59="","",OR($F59=99,$F59=""),_xlfn.TEXTJOIN("_",1,"device_name",$A59,$Y59),TRUE,OFFSET(H59,-1,0))} -> device_name_1320103_shotgun | J59: =_xlfn.LET(_xlpm.get_device_type,VLOOKUP(VALUE(MID(A59,3,1)),tb_device_info_type[#All],3,0),_xlpm.check_if_wheel,IF(LEFT(A59,2)="12","wheel",_xlpm.get_device_type),_xlpm.raw_output,IF($A59<>"",_xlfn.TEXTJOIN("_",1,"device_alt",_xlpm.check_if_wheel),""),IFERROR(_xlpm.raw_output,"information missing")) -> device_alt_ranged | K59: {=_xlfn.IFS($A59="","",ISTEXT($L59),_xlfn.CONCAT("dwt","[device_wheel_thumbnail_",RIGHT($A59,1)-1,"]"),TRUE,_xlfn.CONCAT("dt","[device_thumbnail_",IF($L59<>"",$L59,0),"]"))} -> dt[device_thumbnail_26] | L59: 26 | M59: se_ag_device_broken | N59: se_ag_device_be_hit | O59: 1420200;1420210;1420212 | P59: {=IFERROR(_xlfn.TEXTJOIN(";",1,_xlfn.MAP(_xlfn.TEXTSPLIT(O59,";"),_xlfn.LAMBDA(_xlpm.x,IFERROR(VLOOKUP(VALUE(_xlpm.x),device_tag!A:B,2,0),"error")))),"")} -> 远程武器;枪械;霰弹枪 | Q59: Common | S59: 0 | V59: 0 | W59: 0 | X59: device | Y59: shotgun | Z59: {=_xlfn.IFS($A59="","",OR(F59=99,F59=""),_xlfn.TEXTJOIN("_",1,X59,$A59,Y59),TRUE,OFFSET($Z59,-1,0))} -> device_1320103_shotgun | AA59: 10 | AB59: =COLUMNS(_xlfn.TEXTSPLIT(BD59,";")) -> 1 | AC59: =ROUND($AD59*$AE59^$F59,0) -> 72 | AD59: 11 | AE59: =POWER(1.6,2) -> 2.56 | AF59: 1 | AG59: 60 | AH59: =_xlfn.TEXTJOIN("~",1,AI59:AJ59) -> 2~8 | AI59: 2 | AJ59: 8 | AK59: 0 | AL59: 0 | AM59: 0 | AN59: 0 | AO59: 0 | AP59: FALSE | AQ59: DScript_Shooter_Shotgun | AT59: =$A59 -> 13201032 | AY59: =_xlfn.TEXTJOIN("~",1,AZ59:BA59) -> 4~0.2 | AZ59: 4 | BA59: 0.2 | BB59: 1 | BC59: DPanel_Shooter_Shotgun_Lv2 | BD59: 202 | BE59: {=IF(BD59<>"",_xlfn.TEXTJOIN("; ",1,VLOOKUP(VALUE(_xlfn.TEXTSPLIT(BD59,";")),device_cubicles!A:B,2,0)),"")} -> 瞄准射击
A60: 13201033 | B60: 0 | C60: 喇叭霰弹枪 | D60: XY | E60: 钨金喇叭枪 | F60: 3 | G60: device_shotgun | H60: {=_xlfn.IFS($A60="","",OR($F60=99,$F60=""),_xlfn.TEXTJOIN("_",1,"device_name",$A60,$Y60),TRUE,OFFSET(H60,-1,0))} -> device_name_1320103_shotgun | J60: =_xlfn.LET(_xlpm.get_device_type,VLOOKUP(VALUE(MID(A60,3,1)),tb_device_info_type[#All],3,0),_xlpm.check_if_wheel,IF(LEFT(A60,2)="12","wheel",_xlpm.get_device_type),_xlpm.raw_output,IF($A60<>"",_xlfn.TEXTJOIN("_",1,"device_alt",_xlpm.check_if_wheel),""),IFERROR(_xlpm.raw_output,"information missing")) -> device_alt_ranged | K60: {=_xlfn.IFS($A60="","",ISTEXT($L60),_xlfn.CONCAT("dwt","[device_wheel_thumbnail_",RIGHT($A60,1)-1,"]"),TRUE,_xlfn.CONCAT("dt","[device_thumbnail_",IF($L60<>"",$L60,0),"]"))} -> dt[device_thumbnail_26] | L60: 26 | M60: se_ag_device_broken | N60: se_ag_device_be_hit | O60: 1420200;1420210;1420212 | P60: {=IFERROR(_xlfn.TEXTJOIN(";",1,_xlfn.MAP(_xlfn.TEXTSPLIT(O60,";"),_xlfn.LAMBDA(_xlpm.x,IFERROR(VLOOKUP(VALUE(_xlpm.x),device_tag!A:B,2,0),"error")))),"")} -> 远程武器;枪械;霰弹枪 | Q60: Common | S60: 0 | V60: 0 | W60: 0 | X60: device | Y60: shotgun | Z60: {=_xlfn.IFS($A60="","",OR(F60=99,F60=""),_xlfn.TEXTJOIN("_",1,X60,$A60,Y60),TRUE,OFFSET($Z60,-1,0))} -> device_1320103_shotgun | AA60: 10 | AB60: =COLUMNS(_xlfn.TEXTSPLIT(BD60,";")) -> 1 | AC60: =ROUND($AD60*$AE60^$F60,0) -> 185 | AD60: 11 | AE60: =POWER(1.6,2) -> 2.56 | AF60: 1 | AG60: 60 | AH60: =_xlfn.TEXTJOIN("~",1,AI60:AJ60) -> 2~8 | AI60: 2 | AJ60: 8 | AK60: 0 | AL60: 0 | AM60: 0 | AN60: 0 | AO60: 0 | AP60: FALSE | AQ60: DScript_Shooter_Shotgun | AT60: =$A60 -> 13201033 | AY60: =_xlfn.TEXTJOIN("~",1,AZ60:BA60) -> 4~0.2 | AZ60: 4 | BA60: 0.2 | BB60: 1 | BC60: DPanel_Shooter_Shotgun_Lv3 | BD60: 202 | BE60: {=IF(BD60<>"",_xlfn.TEXTJOIN("; ",1,VLOOKUP(VALUE(_xlfn.TEXTSPLIT(BD60,";")),device_cubicles!A:B,2,0)),"")} -> 瞄准射击
A61: 1320104 | B61: 0 | C61: 转轮机枪 | D61: 普通 | G61: device_volley_gun | H61: {=_xlfn.IFS($A61="","",OR($F61=99,$F61=""),_xlfn.TEXTJOIN("_",1,"device_name",$A61,$Y61),TRUE,OFFSET(H61,-1,0))} -> device_name_1320104_volley_gun | I61: 极大弹匣，极长装填时间 | J61: =_xlfn.LET(_xlpm.get_device_type,VLOOKUP(VALUE(MID(A61,3,1)),tb_device_info_type[#All],3,0),_xlpm.check_if_wheel,IF(LEFT(A61,2)="12","wheel",_xlpm.get_device_type),_xlpm.raw_output,IF($A61<>"",_xlfn.TEXTJOIN("_",1,"device_alt",_xlpm.check_if_wheel),""),IFERROR(_xlpm.raw_output,"information missing")) -> device_alt_ranged | K61: {=_xlfn.IFS($A61="","",ISTEXT($L61),_xlfn.CONCAT("dwt","[device_wheel_thumbnail_",RIGHT($A61,1)-1,"]"),TRUE,_xlfn.CONCAT("dt","[device_thumbnail_",IF($L61<>"",$L61,0),"]"))} -> dt[device_thumbnail_33] | L61: 33 | M61: se_ag_device_broken | N61: se_ag_device_be_hit | O61: 1420200;1420210;1420213 | P61: {=IFERROR(_xlfn.TEXTJOIN(";",1,_xlfn.MAP(_xlfn.TEXTSPLIT(O61,";"),_xlfn.LAMBDA(_xlpm.x,IFERROR(VLOOKUP(VALUE(_xlpm.x),device_tag!A:B,2,0),"error")))),"")} -> 远程武器;枪械;大型枪械 | Q61: Common | S61: 0 | T61: 0 | U61: 0 | V61: 0 | W61: 0 | X61: device | Y61: volley_gun | Z61: {=_xlfn.IFS($A61="","",OR(F61=99,F61=""),_xlfn.TEXTJOIN("_",1,X61,$A61,Y61),TRUE,OFFSET($Z61,-1,0))} -> device_1320104_volley_gun | AA61: 45 | AB61: =COLUMNS(_xlfn.TEXTSPLIT(BD61,";")) -> 3 | AC61: 40 | AF61: 1 | AG61: 60 | AH61: =_xlfn.TEXTJOIN("~",1,AI61:AJ61) -> 2.6~14.5 | AI61: 2.6 | AJ61: 14.5 | AK61: 0 | AL61: 0 | AM61: 0 | AN61: 0 | AO61: 0 | AP61: FALSE | AQ61: DScript_Shooter_Gatlin | AT61: =$A61 -> 1320104 | AY61: =_xlfn.TEXTJOIN("~",1,AZ61:BA61) -> 1~0.2 | AZ61: 1 | BA61: 0.2 | BB61: =REPLACE($A61,1,1,6) -> 6320104 | BC61: (Base) | BD61: 102;203;302 | BE61: {=IF(BD61<>"",_xlfn.TEXTJOIN("; ",1,VLOOKUP(VALUE(_xlfn.TEXTSPLIT(BD61,";")),device_cubicles!A:B,2,0)),"")} -> 弹药箱子; 转轮射击; 搬运弹药
A62: 13201043 | B62: 0 | C62: 转轮机枪 Lv3 | D62: 普通 | E62: 转轮机枪 Lv3 | F62: 3 | G62: device_volley_gun | H62: {=_xlfn.IFS($A62="","",OR($F62=99,$F62=""),_xlfn.TEXTJOIN("_",1,"device_name",$A62,$Y62),TRUE,OFFSET(H62,-1,0))} -> device_name_1320104_volley_gun | I62: 极大弹匣，极长装填时间 | J62: =_xlfn.LET(_xlpm.get_device_type,VLOOKUP(VALUE(MID(A62,3,1)),tb_device_info_type[#All],3,0),_xlpm.check_if_wheel,IF(LEFT(A62,2)="12","wheel",_xlpm.get_device_type),_xlpm.raw_output,IF($A62<>"",_xlfn.TEXTJOIN("_",1,"device_alt",_xlpm.check_if_wheel),""),IFERROR(_xlpm.raw_output,"information missing")) -> device_alt_ranged | K62: {=_xlfn.IFS($A62="","",ISTEXT($L62),_xlfn.CONCAT("dwt","[device_wheel_thumbnail_",RIGHT($A62,1)-1,"]"),TRUE,_xlfn.CONCAT("dt","[device_thumbnail_",IF($L62<>"",$L62,0),"]"))} -> dt[device_thumbnail_33] | L62: 33 | M62: se_ag_device_broken | N62: se_ag_device_be_hit | O62: 1420200;1420210;1420213 | P62: {=IFERROR(_xlfn.TEXTJOIN(";",1,_xlfn.MAP(_xlfn.TEXTSPLIT(O62,";"),_xlfn.LAMBDA(_xlpm.x,IFERROR(VLOOKUP(VALUE(_xlpm.x),device_tag!A:B,2,0),"error")))),"")} -> 远程武器;枪械;大型枪械 | Q62: Common | S62: 0 | T62: 0 | U62: 0 | V62: 0 | W62: 0 | X62: device | Y62: volley_gun | Z62: {=_xlfn.IFS($A62="","",OR(F62=99,F62=""),_xlfn.TEXTJOIN("_",1,X62,$A62,Y62),TRUE,OFFSET($Z62,-1,0))} -> device_1320104_volley_gun | AA62: 45 | AB62: =COLUMNS(_xlfn.TEXTSPLIT(BD62,";")) -> 3 | AC62: =ROUND($AD62*$AE62^$F62,0) -> 235 | AD62: 13.98 | AE62: =POWER(1.6,2) -> 2.56 | AF62: 1 | AG62: 60 | AH62: =_xlfn.TEXTJOIN("~",1,AI62:AJ62) -> 2.6~14.5 | AI62: 2.6 | AJ62: 14.5 | AK62: 0 | AL62: 0 | AM62: 0 | AN62: 0 | AO62: 0 | AP62: FALSE | AQ62: DScript_Shooter_Gatlin | AT62: =$A62 -> 13201043 | AY62: =_xlfn.TEXTJOIN("~",1,AZ62:BA62) -> 1~0.2 | AZ62: 1 | BA62: 0.2 | BB62: 1 | BC62: DPanel_Shooter_Gatlin | BD62: 102;203;302 | BE62: {=IF(BD62<>"",_xlfn.TEXTJOIN("; ",1,VLOOKUP(VALUE(_xlfn.TEXTSPLIT(BD62,";")),device_cubicles!A:B,2,0)),"")} -> 弹药箱子; 转轮射击; 搬运弹药
A63: 13201044 | B63: 0 | C63: 转轮机枪 Lv4 | D63: 普通 | E63: 转轮机枪 Lv4 | F63: 4 | G63: device_volley_gun | H63: {=_xlfn.IFS($A63="","",OR($F63=99,$F63=""),_xlfn.TEXTJOIN("_",1,"device_name",$A63,$Y63),TRUE,OFFSET(H63,-1,0))} -> device_name_1320104_volley_gun | I63: 极大弹匣，极长装填时间 | J63: =_xlfn.LET(_xlpm.get_device_type,VLOOKUP(VALUE(MID(A63,3,1)),tb_device_info_type[#All],3,0),_xlpm.check_if_wheel,IF(LEFT(A63,2)="12","wheel",_xlpm.get_device_type),_xlpm.raw_output,IF($A63<>"",_xlfn.TEXTJOIN("_",1,"device_alt",_xlpm.check_if_wheel),""),IFERROR(_xlpm.raw_output,"information missing")) -> device_alt_ranged | K63: {=_xlfn.IFS($A63="","",ISTEXT($L63),_xlfn.CONCAT("dwt","[device_wheel_thumbnail_",RIGHT($A63,1)-1,"]"),TRUE,_xlfn.CONCAT("dt","[device_thumbnail_",IF($L63<>"",$L63,0),"]"))} -> dt[device_thumbnail_33] | L63: 33 | M63: se_ag_device_broken | N63: se_ag_device_be_hit | O63: 1420200;1420210;1420213 | P63: {=IFERROR(_xlfn.TEXTJOIN(";",1,_xlfn.MAP(_xlfn.TEXTSPLIT(O63,";"),_xlfn.LAMBDA(_xlpm.x,IFERROR(VLOOKUP(VALUE(_xlpm.x),device_tag!A:B,2,0),"error")))),"")} -> 远程武器;枪械;大型枪械 | Q63: Common | S63: 0 | T63: 0 | U63: 0 | V63: 0 | W63: 0 | X63: device | Y63: volley_gun | Z63: {=_xlfn.IFS($A63="","",OR(F63=99,F63=""),_xlfn.TEXTJOIN("_",1,X63,$A63,Y63),TRUE,OFFSET($Z63,-1,0))} -> device_1320104_volley_gun | AA63: 45 | AB63: =COLUMNS(_xlfn.TEXTSPLIT(BD63,";")) -> 3 | AC63: =ROUND($AD63*$AE63^$F63,0) -> 600 | AD63: 13.98 | AE63: =POWER(1.6,2) -> 2.56 | AF63: 1 | AG63: 60 | AH63: =_xlfn.TEXTJOIN("~",1,AI63:AJ63) -> 2.6~14.5 | AI63: 2.6 | AJ63: 14.5 | AK63: 0 | AL63: 0 | AM63: 0 | AN63: 0 | AO63: 0 | AP63: FALSE | AQ63: DScript_Shooter_Gatlin | AT63: =$A63 -> 13201044 | AY63: =_xlfn.TEXTJOIN("~",1,AZ63:BA63) -> 1~0.2 | AZ63: 1 | BA63: 0.2 | BB63: 1 | BC63: DPanel_Shooter_Gatlin | BD63: 102;203;302 | BE63: {=IF(BD63<>"",_xlfn.TEXTJOIN("; ",1,VLOOKUP(VALUE(_xlfn.TEXTSPLIT(BD63,";")),device_cubicles!A:B,2,0)),"")} -> 弹药箱子; 转轮射击; 搬运弹药
A64: 1320105 | B64: 0 | C64: 机关箭匣 | D64: 普通 | G64: device_rapid_fire_quiver | H64: {=_xlfn.IFS($A64="","",OR($F64=99,$F64=""),_xlfn.TEXTJOIN("_",1,"device_name",$A64,$Y64),TRUE,OFFSET(H64,-1,0))} -> device_name_1320105_rapid_fire_quiver | J64: =_xlfn.LET(_xlpm.get_device_type,VLOOKUP(VALUE(MID(A64,3,1)),tb_device_info_type[#All],3,0),_xlpm.check_if_wheel,IF(LEFT(A64,2)="12","wheel",_xlpm.get_device_type),_xlpm.raw_output,IF($A64<>"",_xlfn.TEXTJOIN("_",1,"device_alt",_xlpm.check_if_wheel),""),IFERROR(_xlpm.raw_output,"information missing")) -> device_alt_ranged | K64: {=_xlfn.IFS($A64="","",ISTEXT($L64),_xlfn.CONCAT("dwt","[device_wheel_thumbnail_",RIGHT($A64,1)-1,"]"),TRUE,_xlfn.CONCAT("dt","[device_thumbnail_",IF($L64<>"",$L64,0),"]"))} -> dt[device_thumbnail_23] | L64: 23 | M64: se_ag_device_broken | N64: se_ag_device_be_hit | O64: 1420200;1420222 | P64: {=IFERROR(_xlfn.TEXTJOIN(";",1,_xlfn.MAP(_xlfn.TEXTSPLIT(O64,";"),_xlfn.LAMBDA(_xlpm.x,IFERROR(VLOOKUP(VALUE(_xlpm.x),device_tag!A:B,2,0),"error")))),"")} -> 远程武器;弩 | Q64: Common | S64: 0 | T64: 0 | U64: 0 | V64: 0 | W64: 0 | X64: device | Y64: rapid_fire_quiver | Z64: {=_xlfn.IFS($A64="","",OR(F64=99,F64=""),_xlfn.TEXTJOIN("_",1,X64,$A64,Y64),TRUE,OFFSET($Z64,-1,0))} -> device_1320105_rapid_fire_quiver | AA64: 15 | AB64: 1 | AC64: 25 | AF64: 1 | AG64: 60 | AH64: =_xlfn.TEXTJOIN("~",1,AI64:AJ64) -> 2.2~11 | AI64: 2.2 | AJ64: 11 | AK64: 0 | AL64: 0 | AM64: 0 | AN64: 0 | AO64: 0 | AP64: FALSE | AQ64: Shooter_Quiver | AT64: =$A64 -> 1320105 | AY64: =_xlfn.TEXTJOIN("~",1,AZ64:BA64) -> 2~0.5 | AZ64: 2 | BA64: 0.5 | BB64: =REPLACE($A64,1,1,6) -> 6320105 | BC64: DevicePanel_Click_Shooter_Quiver | BD64: 101;202 | BE64: {=IF(BD64<>"",_xlfn.TEXTJOIN("; ",1,VLOOKUP(VALUE(_xlfn.TEXTSPLIT(BD64,";")),device_cubicles!A:B,2,0)),"")} -> 弹匣装填; 瞄准射击
A65: 1320106 | B65: 0 | C65: 火箭爆弹 | D65: 普通 | G65: device_rocket_bomb | H65: {=_xlfn.IFS($A65="","",OR($F65=99,$F65=""),_xlfn.TEXTJOIN("_",1,"device_name",$A65,$Y65),TRUE,OFFSET(H65,-1,0))} -> device_name_1320106_rocket_bomb | J65: =_xlfn.LET(_xlpm.get_device_type,VLOOKUP(VALUE(MID(A65,3,1)),tb_device_info_type[#All],3,0),_xlpm.check_if_wheel,IF(LEFT(A65,2)="12","wheel",_xlpm.get_device_type),_xlpm.raw_output,IF($A65<>"",_xlfn.TEXTJOIN("_",1,"device_alt",_xlpm.check_if_wheel),""),IFERROR(_xlpm.raw_output,"information missing")) -> device_alt_ranged | K65: {=_xlfn.IFS($A65="","",ISTEXT($L65),_xlfn.CONCAT("dwt","[device_wheel_thumbnail_",RIGHT($A65,1)-1,"]"),TRUE,_xlfn.CONCAT("dt","[device_thumbnail_",IF($L65<>"",$L65,0),"]"))} -> dt[device_thumbnail_24] | L65: 24 | M65: se_ag_device_broken | N65: se_ag_device_be_hit | O65: 1420200 | P65: {=IFERROR(_xlfn.TEXTJOIN(";",1,_xlfn.MAP(_xlfn.TEXTSPLIT(O65,";"),_xlfn.LAMBDA(_xlpm.x,IFERROR(VLOOKUP(VALUE(_xlpm.x),device_tag!A:B,2,0),"error")))),"")} -> 远程武器 | Q65: Common | S65: 0 | T65: 0 | U65: 0 | V65: 0 | W65: 0 | X65: device | Y65: rocket_bomb | Z65: {=_xlfn.IFS($A65="","",OR(F65=99,F65=""),_xlfn.TEXTJOIN("_",1,X65,$A65,Y65),TRUE,OFFSET($Z65,-1,0))} -> device_1320106_rocket_bomb | AA65: 5 | AB65: 1 | AC65: 27 | AF65: 1 | AG65: 60 | AH65: =_xlfn.TEXTJOIN("~",1,AI65:AJ65) -> 3~12 | AI65: 3 | AJ65: 12 | AK65: 0 | AL65: 0 | AM65: 0 | AN65: 0 | AO65: 0 | AP65: FALSE | AQ65: Shooter_Rocket | AT65: =$A65 -> 1320106 | AY65: =_xlfn.TEXTJOIN("~",1,AZ65:BA65) -> 5~1 | AZ65: 5 | BA65: 1 | BB65: =REPLACE($A65,1,1,6) -> 6320106 | BC65: DevicePanel_Click_Shooter_Rocket | BD65: 101;202 | BE65: {=IF(BD65<>"",_xlfn.TEXTJOIN("; ",1,VLOOKUP(VALUE(_xlfn.TEXTSPLIT(BD65,";")),device_cubicles!A:B,2,0)),"")} -> 弹匣装填; 瞄准射击
A66: 1320107 | B66: 0 | C66: 土制火箭爆弹 | D66: YH | G66: device_rocket_bomb | H66: {=_xlfn.IFS($A66="","",OR($F66=99,$F66=""),_xlfn.TEXTJOIN("_",1,"device_name",$A66,$Y66),TRUE,OFFSET(H66,-1,0))} -> device_name_1320107_homemade_rocket_bomb | J66: =_xlfn.LET(_xlpm.get_device_type,VLOOKUP(VALUE(MID(A66,3,1)),tb_device_info_type[#All],3,0),_xlpm.check_if_wheel,IF(LEFT(A66,2)="12","wheel",_xlpm.get_device_type),_xlpm.raw_output,IF($A66<>"",_xlfn.TEXTJOIN("_",1,"device_alt",_xlpm.check_if_wheel),""),IFERROR(_xlpm.raw_output,"information missing")) -> device_alt_ranged | K66: {=_xlfn.IFS($A66="","",ISTEXT($L66),_xlfn.CONCAT("dwt","[device_wheel_thumbnail_",RIGHT($A66,1)-1,"]"),TRUE,_xlfn.CONCAT("dt","[device_thumbnail_",IF($L66<>"",$L66,0),"]"))} -> dt[device_thumbnail_119] | L66: 119 | M66: se_ag_device_broken | N66: se_ag_device_be_hit | O66: 1420200 | P66: {=IFERROR(_xlfn.TEXTJOIN(";",1,_xlfn.MAP(_xlfn.TEXTSPLIT(O66,";"),_xlfn.LAMBDA(_xlpm.x,IFERROR(VLOOKUP(VALUE(_xlpm.x),device_tag!A:B,2,0),"error")))),"")} -> 远程武器 | Q66: Common | S66: 0 | T66: 0 | U66: 0 | V66: 0 | W66: 0 | X66: device | Y66: homemade_rocket_bomb | Z66: {=_xlfn.IFS($A66="","",OR(F66=99,F66=""),_xlfn.TEXTJOIN("_",1,X66,$A66,Y66),TRUE,OFFSET($Z66,-1,0))} -> device_1320107_homemade_rocket_bomb | AA66: 4 | AB66: 1 | AF66: 1 | AG66: 60 | AH66: =_xlfn.TEXTJOIN("~",1,AI66:AJ66) -> 3~10 | AI66: 3 | AJ66: 10 | AK66: 0 | AL66: 0 | AM66: 0 | AN66: 0 | AO66: 0 | AP66: FALSE | AQ66: Shooter_Rocket | AT66: =$A66 -> 1320107 | AY66: =_xlfn.TEXTJOIN("~",1,AZ66:BA66) -> 5~1 | AZ66: 5 | BA66: 1 | BB66: 1 | BC66: DevicePanel_Click_Shooter_Rocket | BD66: 102;202 | BE66: {=IF(BD66<>"",_xlfn.TEXTJOIN("; ",1,VLOOKUP(VALUE(_xlfn.TEXTSPLIT(BD66,";")),device_cubicles!A:B,2,0)),"")} -> 弹药箱子; 瞄准射击
A67: 1320108 | B67: 0 | C67: 单发火枪 | D67: 普通 | G67: device_musket | H67: {=_xlfn.IFS($A67="","",OR($F67=99,$F67=""),_xlfn.TEXTJOIN("_",1,"device_name",$A67,$Y67),TRUE,OFFSET(H67,-1,0))} -> device_name_1320108_musket | J67: =_xlfn.LET(_xlpm.get_device_type,VLOOKUP(VALUE(MID(A67,3,1)),tb_device_info_type[#All],3,0),_xlpm.check_if_wheel,IF(LEFT(A67,2)="12","wheel",_xlpm.get_device_type),_xlpm.raw_output,IF($A67<>"",_xlfn.TEXTJOIN("_",1,"device_alt",_xlpm.check_if_wheel),""),IFERROR(_xlpm.raw_output,"information missing")) -> device_alt_ranged | K67: {=_xlfn.IFS($A67="","",ISTEXT($L67),_xlfn.CONCAT("dwt","[device_wheel_thumbnail_",RIGHT($A67,1)-1,"]"),TRUE,_xlfn.CONCAT("dt","[device_thumbnail_",IF($L67<>"",$L67,0),"]"))} -> dt[device_thumbnail_20] | L67: 20 | M67: se_ag_device_broken | N67: se_ag_device_be_hit | O67: 1420200;1420210;1420213 | P67: {=IFERROR(_xlfn.TEXTJOIN(";",1,_xlfn.MAP(_xlfn.TEXTSPLIT(O67,";"),_xlfn.LAMBDA(_xlpm.x,IFERROR(VLOOKUP(VALUE(_xlpm.x),device_tag!A:B,2,0),"error")))),"")} -> 远程武器;枪械;大型枪械 | Q67: Common | S67: 0 | V67: 0 | W67: 0 | X67: device | Y67: musket | Z67: {=_xlfn.IFS($A67="","",OR(F67=99,F67=""),_xlfn.TEXTJOIN("_",1,X67,$A67,Y67),TRUE,OFFSET($Z67,-1,0))} -> device_1320108_musket | AA67: 5 | AB67: 1 | AC67: 22 | AF67: 1 | AG67: 60 | AH67: =_xlfn.TEXTJOIN("~",1,AI67:AJ67) -> 2.2~14.5 | AI67: 2.2 | AJ67: 14.5 | AK67: 0 | AL67: 0 | AM67: 0 | AN67: 0 | AO67: 0 | AP67: FALSE | AQ67: Shooter_AutoGun_Rifle | AT67: =$A67 -> 1320108 | AY67: =_xlfn.TEXTJOIN("~",1,AZ67:BA67) -> 4~0.5 | AZ67: 4 | BA67: 0.5 | BB67: =REPLACE($A67,1,1,6) -> 6320108 | BC67: DevicePanel_Click_Shooter_Musket | BD67: 101;202 | BE67: {=IF(BD67<>"",_xlfn.TEXTJOIN("; ",1,VLOOKUP(VALUE(_xlfn.TEXTSPLIT(BD67,";")),device_cubicles!A:B,2,0)),"")} -> 弹匣装填; 瞄准射击
A68: 1320109 | B68: 0 | C68: 命运手枪 | D68: YH | G68: device_pistol | H68: {=_xlfn.IFS($A68="","",OR($F68=99,$F68=""),_xlfn.TEXTJOIN("_",1,"device_name",$A68,$Y68),TRUE,OFFSET(H68,-1,0))} -> device_name_1320109_fortune_pistol | I68: 低伤害，高暴率，高暴伤 | J68: =_xlfn.LET(_xlpm.get_device_type,VLOOKUP(VALUE(MID(A68,3,1)),tb_device_info_type[#All],3,0),_xlpm.check_if_wheel,IF(LEFT(A68,2)="12","wheel",_xlpm.get_device_type),_xlpm.raw_output,IF($A68<>"",_xlfn.TEXTJOIN("_",1,"device_alt",_xlpm.check_if_wheel),""),IFERROR(_xlpm.raw_output,"information missing")) -> device_alt_ranged | K68: {=_xlfn.IFS($A68="","",ISTEXT($L68),_xlfn.CONCAT("dwt","[device_wheel_thumbnail_",RIGHT($A68,1)-1,"]"),TRUE,_xlfn.CONCAT("dt","[device_thumbnail_",IF($L68<>"",$L68,0),"]"))} -> dt[device_thumbnail_119] | L68: 119 | M68: se_ag_device_broken | N68: se_ag_device_be_hit | O68: 1420200;1420210;1420211 | P68: {=IFERROR(_xlfn.TEXTJOIN(";",1,_xlfn.MAP(_xlfn.TEXTSPLIT(O68,";"),_xlfn.LAMBDA(_xlpm.x,IFERROR(VLOOKUP(VALUE(_xlpm.x),device_tag!A:B,2,0),"error")))),"")} -> 远程武器;枪械;手枪 | Q68: Common | S68: 0 | V68: 0 | W68: 0 | X68: device | Y68: fortune_pistol | Z68: {=_xlfn.IFS($A68="","",OR(F68=99,F68=""),_xlfn.TEXTJOIN("_",1,X68,$A68,Y68),TRUE,OFFSET($Z68,-1,0))} -> device_1320109_fortune_pistol | AA68: 5 | AB68: 1 | AF68: 1 | AG68: 60 | AH68: =_xlfn.TEXTJOIN("~",1,AI68:AJ68) -> 1.4~12.5 | AI68: 1.4 | AJ68: 12.5 | AK68: 0 | AL68: 0 | AM68: 0 | AN68: 0 | AO68: 0 | AP68: FALSE | AQ68: NewBasicShooter | AT68: =$A68 -> 1320109 | AY68: =_xlfn.TEXTJOIN("~",1,AZ68:BA68) -> 6~3 | AZ68: 6 | BA68: 3 | BB68: =REPLACE($A68,1,1,6) -> 6320109 | BC68: BasicShooter_Panel | BE68: {=IF(BD68<>"",_xlfn.TEXTJOIN("; ",1,VLOOKUP(VALUE(_xlfn.TEXTSPLIT(BD68,";")),device_cubicles!A:B,2,0)),"")}
A69: 1320110 | B69: 0 | C69: 静心猎人火枪 | D69: YH | G69: device_musket | H69: {=_xlfn.IFS($A69="","",OR($F69=99,$F69=""),_xlfn.TEXTJOIN("_",1,"device_name",$A69,$Y69),TRUE,OFFSET(H69,-1,0))} -> device_name_1320110_patience_musket | I69: 暴击率随攻击间隔上升 | J69: =_xlfn.LET(_xlpm.get_device_type,VLOOKUP(VALUE(MID(A69,3,1)),tb_device_info_type[#All],3,0),_xlpm.check_if_wheel,IF(LEFT(A69,2)="12","wheel",_xlpm.get_device_type),_xlpm.raw_output,IF($A69<>"",_xlfn.TEXTJOIN("_",1,"device_alt",_xlpm.check_if_wheel),""),IFERROR(_xlpm.raw_output,"information missing")) -> device_alt_ranged | K69: {=_xlfn.IFS($A69="","",ISTEXT($L69),_xlfn.CONCAT("dwt","[device_wheel_thumbnail_",RIGHT($A69,1)-1,"]"),TRUE,_xlfn.CONCAT("dt","[device_thumbnail_",IF($L69<>"",$L69,0),"]"))} -> dt[device_thumbnail_119] | L69: 119 | M69: se_ag_device_broken | N69: se_ag_device_be_hit | O69: 1420200;1420210;1420213 | P69: {=IFERROR(_xlfn.TEXTJOIN(";",1,_xlfn.MAP(_xlfn.TEXTSPLIT(O69,";"),_xlfn.LAMBDA(_xlpm.x,IFERROR(VLOOKUP(VALUE(_xlpm.x),device_tag!A:B,2,0),"error")))),"")} -> 远程武器;枪械;大型枪械 | Q69: Common | S69: 0 | V69: 0 | W69: 0 | X69: device | Y69: patience_musket | Z69: {=_xlfn.IFS($A69="","",OR(F69=99,F69=""),_xlfn.TEXTJOIN("_",1,X69,$A69,Y69),TRUE,OFFSET($Z69,-1,0))} -> device_1320110_patience_musket | AA69: 5 | AB69: 1 | AF69: 1 | AG69: 60 | AH69: =_xlfn.TEXTJOIN("~",1,AI69:AJ69) -> 2.2~14.5 | AI69: 2.2 | AJ69: 14.5 | AK69: 0 | AL69: 0 | AM69: 0 | AN69: 0 | AO69: 0 | AP69: FALSE | AQ69: NewBasicShooter | AT69: =$A69 -> 1320110 | AY69: =_xlfn.TEXTJOIN("~",1,AZ69:BA69) -> 4~0.5 | AZ69: 4 | BA69: 0.5 | BB69: 1 | BC69: BasicShooter_Panel | BE69: {=IF(BD69<>"",_xlfn.TEXTJOIN("; ",1,VLOOKUP(VALUE(_xlfn.TEXTSPLIT(BD69,";")),device_cubicles!A:B,2,0)),"")}
A70: 1320111 | B70: 0 | C70: 轻机枪 | D70: 普通 | G70: device_machine_gun | H70: {=_xlfn.IFS($A70="","",OR($F70=99,$F70=""),_xlfn.TEXTJOIN("_",1,"device_name",$A70,$Y70),TRUE,OFFSET(H70,-1,0))} -> device_name_1320111_machine_gun | J70: =_xlfn.LET(_xlpm.get_device_type,VLOOKUP(VALUE(MID(A70,3,1)),tb_device_info_type[#All],3,0),_xlpm.check_if_wheel,IF(LEFT(A70,2)="12","wheel",_xlpm.get_device_type),_xlpm.raw_output,IF($A70<>"",_xlfn.TEXTJOIN("_",1,"device_alt",_xlpm.check_if_wheel),""),IFERROR(_xlpm.raw_output,"information missing")) -> device_alt_ranged | K70: {=_xlfn.IFS($A70="","",ISTEXT($L70),_xlfn.CONCAT("dwt","[device_wheel_thumbnail_",RIGHT($A70,1)-1,"]"),TRUE,_xlfn.CONCAT("dt","[device_thumbnail_",IF($L70<>"",$L70,0),"]"))} -> dt[device_thumbnail_20] | L70: 20 | M70: se_ag_device_broken | N70: se_ag_device_be_hit | O70: 1420200;1420210;1420213 | P70: {=IFERROR(_xlfn.TEXTJOIN(";",1,_xlfn.MAP(_xlfn.TEXTSPLIT(O70,";"),_xlfn.LAMBDA(_xlpm.x,IFERROR(VLOOKUP(VALUE(_xlpm.x),device_tag!A:B,2,0),"error")))),"")} -> 远程武器;枪械;大型枪械 | Q70: Common | S70: 0 | V70: 0 | W70: 0 | X70: device | Y70: machine_gun | Z70: {=_xlfn.IFS($A70="","",OR(F70=99,F70=""),_xlfn.TEXTJOIN("_",1,X70,$A70,Y70),TRUE,OFFSET($Z70,-1,0))} -> device_1320111_machine_gun | AA70: 5 | AB70: 1 | AC70: 23 | AF70: 1 | AG70: 60 | AH70: =_xlfn.TEXTJOIN("~",1,AI70:AJ70) -> 2~13 | AI70: 2 | AJ70: 13 | AK70: 0 | AL70: 0 | AM70: 0 | AN70: 0 | AO70: 0 | AP70: FALSE | AQ70: Shooter_AutoGun_Rifle | AT70: =$A70 -> 1320111 | AY70: =_xlfn.TEXTJOIN("~",1,AZ70:BA70) -> 4~0.1 | AZ70: 4 | BA70: 0.1 | BB70: 1 | BC70: DevicePanel_Click_Shooter_Machine_Gun | BD70: 101;202 | BE70: {=IF(BD70<>"",_xlfn.TEXTJOIN("; ",1,VLOOKUP(VALUE(_xlfn.TEXTSPLIT(BD70,";")),device_cubicles!A:B,2,0)),"")} -> 弹匣装填; 瞄准射击
A71: 1320112 | B71: 0 | C71: 左轮手枪 | D71: 普通 | G71: device_anti_riot_revolver | H71: {=_xlfn.IFS($A71="","",OR($F71=99,$F71=""),_xlfn.TEXTJOIN("_",1,"device_name",$A71,$Y71),TRUE,OFFSET(H71,-1,0))} -> device_name_1320112_anti_riot_revolver | J71: =_xlfn.LET(_xlpm.get_device_type,VLOOKUP(VALUE(MID(A71,3,1)),tb_device_info_type[#All],3,0),_xlpm.check_if_wheel,IF(LEFT(A71,2)="12","wheel",_xlpm.get_device_type),_xlpm.raw_output,IF($A71<>"",_xlfn.TEXTJOIN("_",1,"device_alt",_xlpm.check_if_wheel),""),IFERROR(_xlpm.raw_output,"information missing")) -> device_alt_ranged | K71: {=_xlfn.IFS($A71="","",ISTEXT($L71),_xlfn.CONCAT("dwt","[device_wheel_thumbnail_",RIGHT($A71,1)-1,"]"),TRUE,_xlfn.CONCAT("dt","[device_thumbnail_",IF($L71<>"",$L71,0),"]"))} -> dt[device_thumbnail_1] | L71: 1 | M71: se_ag_device_broken | N71: se_ag_device_be_hit | O71: 1420200;1420210;1420211 | P71: {=IFERROR(_xlfn.TEXTJOIN(";",1,_xlfn.MAP(_xlfn.TEXTSPLIT(O71,";"),_xlfn.LAMBDA(_xlpm.x,IFERROR(VLOOKUP(VALUE(_xlpm.x),device_tag!A:B,2,0),"error")))),"")} -> 远程武器;枪械;手枪 | Q71: Common | S71: 0 | V71: 0 | W71: 0 | X71: device | Y71: anti_riot_revolver | Z71: device_1321101_anti_riot_revolver | AA71: 2 | AB71: =COLUMNS(_xlfn.TEXTSPLIT(BD71,";")) -> 2 | AC71: 12 | AF71: 1 | AG71: 60 | AH71: =_xlfn.TEXTJOIN("~",1,AI71:AJ71) -> 1.4~9 | AI71: 1.4 | AJ71: 9 | AK71: 0 | AL71: 0 | AM71: 0 | AN71: 0 | AO71: 0 | AP71: FALSE | AQ71: DScript_Shooter_Revolver | AT71: =$A71 -> 1320112 | AY71: =_xlfn.TEXTJOIN("~",1,AZ71:BA71) -> 8~8 | AZ71: 8 | BA71: 8 | BB71: 1 | BC71: (Base) | BD71: 101;202 | BE71: {=IF(BD71<>"",_xlfn.TEXTJOIN("; ",1,VLOOKUP(VALUE(_xlfn.TEXTSPLIT(BD71,";")),device_cubicles!A:B,2,0)),"")} -> 弹匣装填; 瞄准射击
A72: 13201120 | B72: 0 | C72: 左轮手枪 | D72: 普通 | E72: 锈铁左轮 | F72: 0 | G72: device_anti_riot_revolver | H72: {=_xlfn.IFS($A72="","",OR($F72=99,$F72=""),_xlfn.TEXTJOIN("_",1,"device_name",$A72,$Y72),TRUE,OFFSET(H72,-1,0))} -> device_name_1320112_anti_riot_revolver | J72: =_xlfn.LET(_xlpm.get_device_type,VLOOKUP(VALUE(MID(A72,3,1)),tb_device_info_type[#All],3,0),_xlpm.check_if_wheel,IF(LEFT(A72,2)="12","wheel",_xlpm.get_device_type),_xlpm.raw_output,IF($A72<>"",_xlfn.TEXTJOIN("_",1,"device_alt",_xlpm.check_if_wheel),""),IFERROR(_xlpm.raw_output,"information missing")) -> device_alt_ranged | K72: {=_xlfn.IFS($A72="","",ISTEXT($L72),_xlfn.CONCAT("dwt","[device_wheel_thumbnail_",RIGHT($A72,1)-1,"]"),TRUE,_xlfn.CONCAT("dt","[device_thumbnail_",IF($L72<>"",$L72,0),"]"))} -> dt[device_thumbnail_1] | L72: 1 | M72: se_ag_device_broken | N72: se_ag_device_be_hit | O72: 1420200;1420210;1420211 | P72: {=IFERROR(_xlfn.TEXTJOIN(";",1,_xlfn.MAP(_xlfn.TEXTSPLIT(O72,";"),_xlfn.LAMBDA(_xlpm.x,IFERROR(VLOOKUP(VALUE(_xlpm.x),device_tag!A:B,2,0),"error")))),"")} -> 远程武器;枪械;手枪 | Q72: Common | S72: 0 | V72: 0 | W72: 0 | X72: device | Y72: anti_riot_revolver | Z72: {=_xlfn.IFS($A72="","",OR(F72=99,F72=""),_xlfn.TEXTJOIN("_",1,X72,$A72,Y72),TRUE,OFFSET($Z72,-1,0))} -> device_1321101_anti_riot_revolver | AA72: 2 | AB72: =COLUMNS(_xlfn.TEXTSPLIT(BD72,";")) -> 2 | AC72: =ROUND($AD72*$AE72^$F72,0) -> 12 | AD72: 12 | AE72: =POWER(1.6,2) -> 2.56 | AF72: 1 | AG72: 60 | AH72: =_xlfn.TEXTJOIN("~",1,AI72:AJ72) -> 1.4~9 | AI72: 1.4 | AJ72: 9 | AK72: 0 | AL72: 0 | AM72: 0 | AN72: 0 | AO72: 0 | AP72: FALSE | AQ72: DScript_Shooter_Revolver | AT72: =$A72 -> 13201120 | AY72: =_xlfn.TEXTJOIN("~",1,AZ72:BA72) -> 8~8 | AZ72: 8 | BA72: 8 | BB72: 1 | BC72: DPanel_Shooter_Revolver | BD72: 101;202 | BE72: {=IF(BD72<>"",_xlfn.TEXTJOIN("; ",1,VLOOKUP(VALUE(_xlfn.TEXTSPLIT(BD72,";")),device_cubicles!A:B,2,0)),"")} -> 弹匣装填; 瞄准射击
A73: 13201121 | B73: 0 | C73: 左轮手枪 | D73: 普通 | E73: 民用左轮 | F73: 1 | G73: device_anti_riot_revolver | H73: {=_xlfn.IFS($A73="","",OR($F73=99,$F73=""),_xlfn.TEXTJOIN("_",1,"device_name",$A73,$Y73),TRUE,OFFSET(H73,-1,0))} -> device_name_1320112_anti_riot_revolver | J73: =_xlfn.LET(_xlpm.get_device_type,VLOOKUP(VALUE(MID(A73,3,1)),tb_device_info_type[#All],3,0),_xlpm.check_if_wheel,IF(LEFT(A73,2)="12","wheel",_xlpm.get_device_type),_xlpm.raw_output,IF($A73<>"",_xlfn.TEXTJOIN("_",1,"device_alt",_xlpm.check_if_wheel),""),IFERROR(_xlpm.raw_output,"information missing")) -> device_alt_ranged | K73: {=_xlfn.IFS($A73="","",ISTEXT($L73),_xlfn.CONCAT("dwt","[device_wheel_thumbnail_",RIGHT($A73,1)-1,"]"),TRUE,_xlfn.CONCAT("dt","[device_thumbnail_",IF($L73<>"",$L73,0),"]"))} -> dt[device_thumbnail_1] | L73: 1 | M73: se_ag_device_broken | N73: se_ag_device_be_hit | O73: 1420200;1420210;1420211 | P73: {=IFERROR(_xlfn.TEXTJOIN(";",1,_xlfn.MAP(_xlfn.TEXTSPLIT(O73,";"),_xlfn.LAMBDA(_xlpm.x,IFERROR(VLOOKUP(VALUE(_xlpm.x),device_tag!A:B,2,0),"error")))),"")} -> 远程武器;枪械;手枪 | Q73: Common | S73: 0 | V73: 0 | W73: 0 | X73: device | Y73: anti_riot_revolver | Z73: {=_xlfn.IFS($A73="","",OR(F73=99,F73=""),_xlfn.TEXTJOIN("_",1,X73,$A73,Y73),TRUE,OFFSET($Z73,-1,0))} -> device_1321101_anti_riot_revolver | AA73: 2 | AB73: =COLUMNS(_xlfn.TEXTSPLIT(BD73,";")) -> 2 | AC73: =ROUND($AD73*$AE73^$F73,0) -> 31 | AD73: 12 | AE73: =POWER(1.6,2) -> 2.56 | AF73: 1 | AG73: 60 | AH73: =_xlfn.TEXTJOIN("~",1,AI73:AJ73) -> 1.4~11 | AI73: 1.4 | AJ73: 11 | AK73: 0 | AL73: 0 | AM73: 0 | AN73: 0 | AO73: 0 | AP73: FALSE | AQ73: DScript_Shooter_Revolver | AT73: =$A73 -> 13201121 | AY73: =_xlfn.TEXTJOIN("~",1,AZ73:BA73) -> 8~8 | AZ73: 8 | BA73: 8 | BB73: 1 | BC73: DPanel_Shooter_Revolver | BD73: 101;202 | BE73: {=IF(BD73<>"",_xlfn.TEXTJOIN("; ",1,VLOOKUP(VALUE(_xlfn.TEXTSPLIT(BD73,";")),device_cubicles!A:B,2,0)),"")} -> 弹匣装填; 瞄准射击
A74: 13201122 | B74: 0 | C74: 左轮手枪 | D74: 普通 | E74: 爆破者左轮 | F74: 2 | G74: device_anti_riot_revolver | H74: {=_xlfn.IFS($A74="","",OR($F74=99,$F74=""),_xlfn.TEXTJOIN("_",1,"device_name",$A74,$Y74),TRUE,OFFSET(H74,-1,0))} -> device_name_1320112_anti_riot_revolver | J74: =_xlfn.LET(_xlpm.get_device_type,VLOOKUP(VALUE(MID(A74,3,1)),tb_device_info_type[#All],3,0),_xlpm.check_if_wheel,IF(LEFT(A74,2)="12","wheel",_xlpm.get_device_type),_xlpm.raw_output,IF($A74<>"",_xlfn.TEXTJOIN("_",1,"device_alt",_xlpm.check_if_wheel),""),IFERROR(_xlpm.raw_output,"information missing")) -> device_alt_ranged | K74: {=_xlfn.IFS($A74="","",ISTEXT($L74),_xlfn.CONCAT("dwt","[device_wheel_thumbnail_",RIGHT($A74,1)-1,"]"),TRUE,_xlfn.CONCAT("dt","[device_thumbnail_",IF($L74<>"",$L74,0),"]"))} -> dt[device_thumbnail_1] | L74: 1 | M74: se_ag_device_broken | N74: se_ag_device_be_hit | O74: 1420200;1420210;1420211 | P74: {=IFERROR(_xlfn.TEXTJOIN(";",1,_xlfn.MAP(_xlfn.TEXTSPLIT(O74,";"),_xlfn.LAMBDA(_xlpm.x,IFERROR(VLOOKUP(VALUE(_xlpm.x),device_tag!A:B,2,0),"error")))),"")} -> 远程武器;枪械;手枪 | Q74: Common | S74: 0 | V74: 0 | W74: 0 | X74: device | Y74: anti_riot_revolver | Z74: {=_xlfn.IFS($A74="","",OR(F74=99,F74=""),_xlfn.TEXTJOIN("_",1,X74,$A74,Y74),TRUE,OFFSET($Z74,-1,0))} -> device_1321101_anti_riot_revolver | AA74: 2 | AB74: =COLUMNS(_xlfn.TEXTSPLIT(BD74,";")) -> 2 | AC74: =ROUND($AD74*$AE74^$F74,0) -> 79 | AD74: 12 | AE74: =POWER(1.6,2) -> 2.56 | AF74: 1 | AG74: 60 | AH74: =_xlfn.TEXTJOIN("~",1,AI74:AJ74) -> 1.4~13 | AI74: 1.4 | AJ74: 13 | AK74: 0 | AL74: 0 | AM74: 0 | AN74: 0 | AO74: 0 | AP74: FALSE | AQ74: DScript_Shooter_Revolver | AT74: =$A74 -> 13201122 | AY74: =_xlfn.TEXTJOIN("~",1,AZ74:BA74) -> 8~8 | AZ74: 8 | BA74: 8 | BB74: 1 | BC74: DPanel_Shooter_Revolver | BD74: 101;202 | BE74: {=IF(BD74<>"",_xlfn.TEXTJOIN("; ",1,VLOOKUP(VALUE(_xlfn.TEXTSPLIT(BD74,";")),device_cubicles!A:B,2,0)),"")} -> 弹匣装填; 瞄准射击
A75: 1320113 | B75: 0 | C75: 猎龙弩炮 | D75: 普通 | G75: device_huge_ballistic | H75: {=_xlfn.IFS($A75="","",OR($F75=99,$F75=""),_xlfn.TEXTJOIN("_",1,"device_name",$A75,$Y75),TRUE,OFFSET(H75,-1,0))} -> device_name_1320113_huge_ballista | J75: =_xlfn.LET(_xlpm.get_device_type,VLOOKUP(VALUE(MID(A75,3,1)),tb_device_info_type[#All],3,0),_xlpm.check_if_wheel,IF(LEFT(A75,2)="12","wheel",_xlpm.get_device_type),_xlpm.raw_output,IF($A75<>"",_xlfn.TEXTJOIN("_",1,"device_alt",_xlpm.check_if_wheel),""),IFERROR(_xlpm.raw_output,"information missing")) -> device_alt_ranged | K75: {=_xlfn.IFS($A75="","",ISTEXT($L75),_xlfn.CONCAT("dwt","[device_wheel_thumbnail_",RIGHT($A75,1)-1,"]"),TRUE,_xlfn.CONCAT("dt","[device_thumbnail_",IF($L75<>"",$L75,0),"]"))} -> dt[device_thumbnail_35] | L75: 35 | M75: se_ag_device_broken | N75: se_ag_device_be_hit | O75: 1420200 | P75: {=IFERROR(_xlfn.TEXTJOIN(";",1,_xlfn.MAP(_xlfn.TEXTSPLIT(O75,";"),_xlfn.LAMBDA(_xlpm.x,IFERROR(VLOOKUP(VALUE(_xlpm.x),device_tag!A:B,2,0),"error")))),"")} -> 远程武器 | Q75: Common | S75: 0 | X75: device | Y75: huge_ballista | Z75: {=_xlfn.IFS($A75="","",OR(F75=99,F75=""),_xlfn.TEXTJOIN("_",1,X75,$A75,Y75),TRUE,OFFSET($Z75,-1,0))} -> device_1320113_huge_ballista | AA75: 100 | AB75: 1 | AC75: 25 | AF75: 1 | AG75: 60 | AH75: =_xlfn.TEXTJOIN("~",1,AI75:AJ75) -> 1.4~12.5 | AI75: 1.4 | AJ75: 12.5 | AK75: 0 | AL75: 0 | AM75: 0 | AN75: 0 | AO75: 0 | AP75: FALSE | AQ75: Shooter_Huge_Ballista | AT75: =$A75 -> 1320113 | BB75: 1 | BC75: DevicePanel_Click_Shooter_Huge_Ballista | BD75: 103;202;401 | BE75: {=IF(BD75<>"",_xlfn.TEXTJOIN("; ",1,VLOOKUP(VALUE(_xlfn.TEXTSPLIT(BD75,";")),device_cubicles!A:B,2,0)),"")} -> 上紧绞盘; 瞄准射击; 调整朝向
A76: 1320114 | B76: 0 | C76: 车载投石器 | D76: 普通 | G76: device_catapult | H76: {=_xlfn.IFS($A76="","",OR($F76=99,$F76=""),_xlfn.TEXTJOIN("_",1,"device_name",$A76,$Y76),TRUE,OFFSET(H76,-1,0))} -> device_name_1320114_catapult | J76: =_xlfn.LET(_xlpm.get_device_type,VLOOKUP(VALUE(MID(A76,3,1)),tb_device_info_type[#All],3,0),_xlpm.check_if_wheel,IF(LEFT(A76,2)="12","wheel",_xlpm.get_device_type),_xlpm.raw_output,IF($A76<>"",_xlfn.TEXTJOIN("_",1,"device_alt",_xlpm.check_if_wheel),""),IFERROR(_xlpm.raw_output,"information missing")) -> device_alt_ranged | K76: {=_xlfn.IFS($A76="","",ISTEXT($L76),_xlfn.CONCAT("dwt","[device_wheel_thumbnail_",RIGHT($A76,1)-1,"]"),TRUE,_xlfn.CONCAT("dt","[device_thumbnail_",IF($L76<>"",$L76,0),"]"))} -> dt[device_thumbnail_5] | L76: 5 | M76: se_ag_device_broken | N76: se_ag_device_be_hit | O76: 1420200 | P76: {=IFERROR(_xlfn.TEXTJOIN(";",1,_xlfn.MAP(_xlfn.TEXTSPLIT(O76,";"),_xlfn.LAMBDA(_xlpm.x,IFERROR(VLOOKUP(VALUE(_xlpm.x),device_tag!A:B,2,0),"error")))),"")} -> 远程武器 | Q76: Common | S76: 0 | V76: 0 | W76: 0 | X76: device | Y76: catapult | Z76: {=_xlfn.IFS($A76="","",OR(F76=99,F76=""),_xlfn.TEXTJOIN("_",1,X76,$A76,Y76),TRUE,OFFSET($Z76,-1,0))} -> device_1320114_catapult | AA76: 100 | AB76: 1 | AC76: 27 | AF76: 1 | AG76: 60 | AH76: =_xlfn.TEXTJOIN("~",1,AI76:AJ76) -> 0~12 | AI76: 0 | AJ76: 12 | AK76: 0 | AL76: 0 | AM76: 0 | AN76: 0 | AO76: 0 | AP76: TRUE | AQ76: Shooter_Trebuchet | AT76: =$A76 -> 1320114 | AY76: =_xlfn.TEXTJOIN("~",1,AZ76:BA76) -> 2~2 | AZ76: 2 | BA76: 2 | BB76: =REPLACE($A76,1,1,6) -> 6320114 | BC76: DevicePanel_Click_Shooter_Trebuchet | BD76: 103;202 | BE76: {=IF(BD76<>"",_xlfn.TEXTJOIN("; ",1,VLOOKUP(VALUE(_xlfn.TEXTSPLIT(BD76,";")),device_cubicles!A:B,2,0)),"")} -> 上紧绞盘; 瞄准射击
A77: 1320115 | B77: 0 | C77: 滚木 | D77: 普通 | G77: device_musket | H77: {=_xlfn.IFS($A77="","",OR($F77=99,$F77=""),_xlfn.TEXTJOIN("_",1,"device_name",$A77,$Y77),TRUE,OFFSET(H77,-1,0))} -> device_name_1320115_roll_wood | J77: =_xlfn.LET(_xlpm.get_device_type,VLOOKUP(VALUE(MID(A77,3,1)),tb_device_info_type[#All],3,0),_xlpm.check_if_wheel,IF(LEFT(A77,2)="12","wheel",_xlpm.get_device_type),_xlpm.raw_output,IF($A77<>"",_xlfn.TEXTJOIN("_",1,"device_alt",_xlpm.check_if_wheel),""),IFERROR(_xlpm.raw_output,"information missing")) -> device_alt_ranged | K77: {=_xlfn.IFS($A77="","",ISTEXT($L77),_xlfn.CONCAT("dwt","[device_wheel_thumbnail_",RIGHT($A77,1)-1,"]"),TRUE,_xlfn.CONCAT("dt","[device_thumbnail_",IF($L77<>"",$L77,0),"]"))} -> dt[device_thumbnail_119] | L77: 119 | M77: se_ag_device_broken | N77: se_ag_device_be_hit | O77: 1420300 | P77: {=IFERROR(_xlfn.TEXTJOIN(";",1,_xlfn.MAP(_xlfn.TEXTSPLIT(O77,";"),_xlfn.LAMBDA(_xlpm.x,IFERROR(VLOOKUP(VALUE(_xlpm.x),device_tag!A:B,2,0),"error")))),"")} -> 独特设备 | Q77: Common | X77: device | Y77: roll_wood | Z77: {=_xlfn.IFS($A77="","",OR(F77=99,F77=""),_xlfn.TEXTJOIN("_",1,X77,$A77,Y77),TRUE,OFFSET($Z77,-1,0))} -> device_1320115_roll_wood | AA77: 5 | AB77: 1 | AC77: 16 | AF77: 1 | AG77: 60 | AH77: =_xlfn.TEXTJOIN("~",1,AI77:AJ77) -> 1.4~12.5 | AI77: 1.4 | AJ77: 12.5 | AK77: 0 | AL77: 0 | AM77: 0 | AN77: 0 | AO77: 0 | AP77: FALSE | AQ77: Shooter_Roll_Wood | AT77: =$A77 -> 1320115 | AY77: =_xlfn.TEXTJOIN("~",1,AZ77:BA77) -> 6~3 | AZ77: 6 | BA77: 3 | BB77: 1 | BC77: DevicePanel_Click_Shooter_Roll_Wood | BD77: 101;202 | BE77: {=IF(BD77<>"",_xlfn.TEXTJOIN("; ",1,VLOOKUP(VALUE(_xlfn.TEXTSPLIT(BD77,";")),device_cubicles!A:B,2,0)),"")} -> 弹匣装填; 瞄准射击
A78: 1321101 | B78: 0 | C78: 镇暴左轮 | D78: DG | G78: device_anti_riot_revolver | H78: {=_xlfn.IFS($A78="","",OR($F78=99,$F78=""),_xlfn.TEXTJOIN("_",1,"device_name",$A78,$Y78),TRUE,OFFSET(H78,-1,0))} -> device_name_1321101_anti_riot_revolver | J78: =_xlfn.LET(_xlpm.get_device_type,VLOOKUP(VALUE(MID(A78,3,1)),tb_device_info_type[#All],3,0),_xlpm.check_if_wheel,IF(LEFT(A78,2)="12","wheel",_xlpm.get_device_type),_xlpm.raw_output,IF($A78<>"",_xlfn.TEXTJOIN("_",1,"device_alt",_xlpm.check_if_wheel),""),IFERROR(_xlpm.raw_output,"information missing")) -> device_alt_ranged | K78: {=_xlfn.IFS($A78="","",ISTEXT($L78),_xlfn.CONCAT("dwt","[device_wheel_thumbnail_",RIGHT($A78,1)-1,"]"),TRUE,_xlfn.CONCAT("dt","[device_thumbnail_",IF($L78<>"",$L78,0),"]"))} -> dt[device_thumbnail_1] | L78: 1 | M78: se_ag_device_broken | N78: se_ag_device_be_hit | O78: 1420200;1420210;1420211 | P78: {=IFERROR(_xlfn.TEXTJOIN(";",1,_xlfn.MAP(_xlfn.TEXTSPLIT(O78,";"),_xlfn.LAMBDA(_xlpm.x,IFERROR(VLOOKUP(VALUE(_xlpm.x),device_tag!A:B,2,0),"error")))),"")} -> 远程武器;枪械;手枪 | Q78: Common | S78: 0 | V78: 0 | W78: 0 | X78: device | Y78: anti_riot_revolver | Z78: {=_xlfn.IFS($A78="","",OR(F78=99,F78=""),_xlfn.TEXTJOIN("_",1,X78,$A78,Y78),TRUE,OFFSET($Z78,-1,0))} -> device_1321101_anti_riot_revolver | AA78: 2 | AB78: 1 | AC78: 18 | AF78: 1 | AG78: 60 | AH78: =_xlfn.TEXTJOIN("~",1,AI78:AJ78) -> 1.4~10 | AI78: 1.4 | AJ78: 10 | AK78: 0 | AL78: 0 | AM78: 0 | AN78: 0 | AO78: 0 | AP78: FALSE | AQ78: Shooter_Revolver | AT78: =$A78 -> 1321101 | AY78: =_xlfn.TEXTJOIN("~",1,AZ78:BA78) -> 8~8 | AZ78: 8 | BA78: 8 | BB78: =REPLACE($A78,1,1,6) -> 6321101 | BC78: DevicePanel_Click_Shooter_Revolver | BD78: 101;202 | BE78: {=IF(BD78<>"",_xlfn.TEXTJOIN("; ",1,VLOOKUP(VALUE(_xlfn.TEXTSPLIT(BD78,";")),device_cubicles!A:B,2,0)),"")} -> 弹匣装填; 瞄准射击
A79: 1321102 | B79: 0 | C79: 镇暴霰弹枪 | D79: DG | G79: device_anti_riot_shotgun | H79: {=_xlfn.IFS($A79="","",OR($F79=99,$F79=""),_xlfn.TEXTJOIN("_",1,"device_name",$A79,$Y79),TRUE,OFFSET(H79,-1,0))} -> device_name_1321102_anti_riot_shotgun | J79: =_xlfn.LET(_xlpm.get_device_type,VLOOKUP(VALUE(MID(A79,3,1)),tb_device_info_type[#All],3,0),_xlpm.check_if_wheel,IF(LEFT(A79,2)="12","wheel",_xlpm.get_device_type),_xlpm.raw_output,IF($A79<>"",_xlfn.TEXTJOIN("_",1,"device_alt",_xlpm.check_if_wheel),""),IFERROR(_xlpm.raw_output,"information missing")) -> device_alt_ranged | K79: {=_xlfn.IFS($A79="","",ISTEXT($L79),_xlfn.CONCAT("dwt","[device_wheel_thumbnail_",RIGHT($A79,1)-1,"]"),TRUE,_xlfn.CONCAT("dt","[device_thumbnail_",IF($L79<>"",$L79,0),"]"))} -> dt[device_thumbnail_0] | L79: 0 | M79: se_ag_device_broken | N79: se_ag_device_be_hit | O79: 1420200;1420210;1420212 | P79: {=IFERROR(_xlfn.TEXTJOIN(";",1,_xlfn.MAP(_xlfn.TEXTSPLIT(O79,";"),_xlfn.LAMBDA(_xlpm.x,IFERROR(VLOOKUP(VALUE(_xlpm.x),device_tag!A:B,2,0),"error")))),"")} -> 远程武器;枪械;霰弹枪 | Q79: Common | S79: 0 | V79: 0 | W79: 0 | X79: device | Y79: anti_riot_shotgun | Z79: {=_xlfn.IFS($A79="","",OR(F79=99,F79=""),_xlfn.TEXTJOIN("_",1,X79,$A79,Y79),TRUE,OFFSET($Z79,-1,0))} -> device_1321102_anti_riot_shotgun | AA79: 5 | AB79: 1 | AC79: 21 | AF79: 1 | AG79: 60 | AH79: =_xlfn.TEXTJOIN("~",1,AI79:AJ79) -> 1.8~10 | AI79: 1.8 | AJ79: 10 | AK79: 0 | AL79: 0 | AM79: 0 | AN79: 0 | AO79: 0 | AP79: FALSE | AQ79: NewBasicShooter | AT79: =$A79 -> 1321102 | AY79: =_xlfn.TEXTJOIN("~",1,AZ79:BA79) -> 6~6 | AZ79: 6 | BA79: 6 | BB79: =REPLACE($A79,1,1,6) -> 6321102 | BC79: BasicShooter_Panel | BE79: {=IF(BD79<>"",_xlfn.TEXTJOIN("; ",1,VLOOKUP(VALUE(_xlfn.TEXTSPLIT(BD79,";")),device_cubicles!A:B,2,0)),"")}
A80: 1329000 | B80: 0 | C80: 【远程模板】 | D80: 普通 | G80: device_pistol | H80: device_name_1320102_pistol | J80: =_xlfn.LET(_xlpm.get_device_type,VLOOKUP(VALUE(MID(A80,3,1)),tb_device_info_type[#All],3,0),_xlpm.check_if_wheel,IF(LEFT(A80,2)="12","wheel",_xlpm.get_device_type),_xlpm.raw_output,IF($A80<>"",_xlfn.TEXTJOIN("_",1,"device_alt",_xlpm.check_if_wheel),""),IFERROR(_xlpm.raw_output,"information missing")) -> device_alt_ranged | K80: {=_xlfn.IFS($A80="","",ISTEXT($L80),_xlfn.CONCAT("dwt","[device_wheel_thumbnail_",RIGHT($A80,1)-1,"]"),TRUE,_xlfn.CONCAT("dt","[device_thumbnail_",IF($L80<>"",$L80,0),"]"))} -> dt[device_thumbnail_21] | L80: 21 | M80: se_ag_device_broken | N80: se_ag_device_be_hit | O80: 1420200;1420210;1420211 | P80: {=IFERROR(_xlfn.TEXTJOIN(";",1,_xlfn.MAP(_xlfn.TEXTSPLIT(O80,";"),_xlfn.LAMBDA(_xlpm.x,IFERROR(VLOOKUP(VALUE(_xlpm.x),device_tag!A:B,2,0),"error")))),"")} -> 远程武器;枪械;手枪 | Q80: Common | S80: 0 | V80: 0 | W80: 0 | X80: device | Y80: pistol | Z80: device_1320102_pistol | AA80: 5 | AB80: 1 | AC80: 12 | AF80: 1 | AG80: 60 | AH80: =_xlfn.TEXTJOIN("~",1,AI80:AJ80) -> 1.4~12.5 | AI80: 1.4 | AJ80: 12.5 | AK80: 0 | AL80: 0 | AM80: 0 | AN80: 0 | AO80: 0 | AP80: FALSE | AQ80: DScript_Shooter | AT80: 1320102 | AY80: =_xlfn.TEXTJOIN("~",1,AZ80:BA80) -> 6~3 | AZ80: 6 | BA80: 3 | BB80: 1 | BC80: DPanel_Shooter | BD80: 101;202 | BE80: {=IF(BD80<>"",_xlfn.TEXTJOIN("; ",1,VLOOKUP(VALUE(_xlfn.TEXTSPLIT(BD80,";")),device_cubicles!A:B,2,0)),"")} -> 弹匣装填; 瞄准射击
A81: 1329001 | B81: 0 | C81: AMY左轮 | D81: Amy | E81: AMY左轮 | G81: device_anti_riot_revolver | H81: device_name_1320112_anti_riot_revolver | J81: =_xlfn.LET(_xlpm.get_device_type,VLOOKUP(VALUE(MID(A81,3,1)),tb_device_info_type[#All],3,0),_xlpm.check_if_wheel,IF(LEFT(A81,2)="12","wheel",_xlpm.get_device_type),_xlpm.raw_output,IF($A81<>"",_xlfn.TEXTJOIN("_",1,"device_alt",_xlpm.check_if_wheel),""),IFERROR(_xlpm.raw_output,"information missing")) -> device_alt_ranged | K81: {=_xlfn.IFS($A81="","",ISTEXT($L81),_xlfn.CONCAT("dwt","[device_wheel_thumbnail_",RIGHT($A81,1)-1,"]"),TRUE,_xlfn.CONCAT("dt","[device_thumbnail_",IF($L81<>"",$L81,0),"]"))} -> dt[device_thumbnail_1] | L81: 1 | M81: se_ag_device_broken | N81: se_ag_device_be_hit | O81: 1420200;1420210;1420211 | P81: {=IFERROR(_xlfn.TEXTJOIN(";",1,_xlfn.MAP(_xlfn.TEXTSPLIT(O81,";"),_xlfn.LAMBDA(_xlpm.x,IFERROR(VLOOKUP(VALUE(_xlpm.x),device_tag!A:B,2,0),"error")))),"")} -> 远程武器;枪械;手枪 | Q81: Common | S81: 0 | V81: 0 | W81: 0 | X81: device | Y81: anti_riot_revolver | Z81: device_1321101_anti_riot_revolver | AA81: 2 | AB81: =COLUMNS(_xlfn.TEXTSPLIT(BD81,";")) -> 2 | AC81: 13 | AF81: 1 | AG81: 60 | AH81: =_xlfn.TEXTJOIN("~",1,AI81:AJ81) -> 1.4~9 | AI81: 1.4 | AJ81: 9 | AK81: 0 | AL81: 0 | AM81: 0 | AN81: 0 | AO81: 0 | AP81: FALSE | AQ81: DScript_Shooter_Revolver_AMY | AT81: =$A81 -> 1329001 | AY81: =_xlfn.TEXTJOIN("~",1,AZ81:BA81) -> 8~8 | AZ81: 8 | BA81: 8 | BB81: 1 | BC81: (Base) | BD81: 101;202 | BE81: {=IF(BD81<>"",_xlfn.TEXTJOIN("; ",1,VLOOKUP(VALUE(_xlfn.TEXTSPLIT(BD81,";")),device_cubicles!A:B,2,0)),"")} -> 弹匣装填; 瞄准射击
A82: 130002007 | B82: 0 | C82: 弩 | H82: {=_xlfn.IFS($A82="","",OR($F82=99,$F82=""),_xlfn.TEXTJOIN("_",1,"device_name",$A82,$Y82),TRUE,OFFSET(H82,-1,0))} -> device_name_130002007_heave_crossbow | J82: =_xlfn.LET(_xlpm.get_device_type,VLOOKUP(VALUE(MID(A82,3,1)),tb_device_info_type[#All],3,0),_xlpm.check_if_wheel,IF(LEFT(A82,2)="12","wheel",_xlpm.get_device_type),_xlpm.raw_output,IF($A82<>"",_xlfn.TEXTJOIN("_",1,"device_alt",_xlpm.check_if_wheel),""),IFERROR(_xlpm.raw_output,"information missing")) -> information missing | K82: {=_xlfn.IFS($A82="","",ISTEXT($L82),_xlfn.CONCAT("dwt","[device_wheel_thumbnail_",RIGHT($A82,1)-1,"]"),TRUE,_xlfn.CONCAT("dt","[device_thumbnail_",IF($L82<>"",$L82,0),"]"))} -> dt[device_thumbnail_0] | M82: se_ag_device_broken | N82: se_ag_device_be_hit | P82: {=IFERROR(_xlfn.TEXTJOIN(";",1,_xlfn.MAP(_xlfn.TEXTSPLIT(O82,";"),_xlfn.LAMBDA(_xlpm.x,IFERROR(VLOOKUP(VALUE(_xlpm.x),device_tag!A:B,2,0),"error")))),"")} | Q82: Common | S82: 0 | V82: 0 | W82: 0 | X82: dp | Y82: heave_crossbow | Z82: =IF($A82<>"",_xlfn.TEXTJOIN("_",1,X82,$A82,Y82),"") -> dp_130002007_heave_crossbow | AA82: 100 | AB82: 1 | AK82: 0 | AL82: 0 | AM82: 0 | AN82: 0 | AO82: 0 | BE82: {=IF(BD82<>"",_xlfn.TEXTJOIN("; ",1,VLOOKUP(VALUE(_xlfn.TEXTSPLIT(BD82,";")),device_cubicles!A:B,2,0)),"")}
H83: =IF($A83<>"",_xlfn.TEXTJOIN("_",1,"device_name",$A83,$Y83),"") | J83: =_xlfn.LET(_xlpm.get_device_type,VLOOKUP(VALUE(MID(A83,3,1)),tb_device_info_type[#All],3,0),_xlpm.check_if_wheel,IF(LEFT(A83,2)="12","wheel",_xlpm.get_device_type),_xlpm.raw_output,IF($A83<>"",_xlfn.TEXTJOIN("_",1,"device_alt",_xlpm.check_if_wheel),""),IFERROR(_xlpm.raw_output,"information missing")) | K83: {=_xlfn.IFS($A83="","",ISTEXT($L83),_xlfn.CONCAT("dwt","[device_wheel_thumbnail_",RIGHT($A83,1)-1,"]"),TRUE,_xlfn.CONCAT("dt","[device_thumbnail_",IF($L83<>"",$L83,0),"]"))} | P83: {=IFERROR(_xlfn.TEXTJOIN(";",1,_xlfn.MAP(_xlfn.TEXTSPLIT(O83,";"),_xlfn.LAMBDA(_xlpm.x,IFERROR(VLOOKUP(VALUE(_xlpm.x),device_tag!A:B,2,0),"error")))),"")} | Z83: =IF($A83<>"",_xlfn.TEXTJOIN("_",1,X83,$A83,Y83),"") | BE83: {=IF(BD83<>"",_xlfn.TEXTJOIN("; ",1,VLOOKUP(VALUE(_xlfn.TEXTSPLIT(BD83,";")),device_cubicles!A:B,2,0)),"")}
A84: 1330101 | B84: 0 | C84: 火焰喷射器 | D84: XY | G84: Null | H84: {=_xlfn.IFS($A84="","",OR($F84=99,$F84=""),_xlfn.TEXTJOIN("_",1,"device_name",$A84,$Y84),TRUE,OFFSET(H84,-1,0))} -> device_name_1330101_solid_rocket | J84: =_xlfn.LET(_xlpm.get_device_type,VLOOKUP(VALUE(MID(A84,3,1)),tb_device_info_type[#All],3,0),_xlpm.check_if_wheel,IF(LEFT(A84,2)="12","wheel",_xlpm.get_device_type),_xlpm.raw_output,IF($A84<>"",_xlfn.TEXTJOIN("_",1,"device_alt",_xlpm.check_if_wheel),""),IFERROR(_xlpm.raw_output,"information missing")) -> device_alt_unique | K84: {=_xlfn.IFS($A84="","",ISTEXT($L84),_xlfn.CONCAT("dwt","[device_wheel_thumbnail_",RIGHT($A84,1)-1,"]"),TRUE,_xlfn.CONCAT("dt","[device_thumbnail_",IF($L84<>"",$L84,0),"]"))} -> dt[device_thumbnail_40] | L84: 40 | M84: se_ag_device_broken | N84: se_ag_device_be_hit | O84: 1420300 | P84: {=IFERROR(_xlfn.TEXTJOIN(";",1,_xlfn.MAP(_xlfn.TEXTSPLIT(O84,";"),_xlfn.LAMBDA(_xlpm.x,IFERROR(VLOOKUP(VALUE(_xlpm.x),device_tag!A:B,2,0),"error")))),"")} -> 独特设备 | Q84: Common | S84: 0 | X84: device | Y84: solid_rocket | Z84: {=_xlfn.IFS($A84="","",OR(F84=99,F84=""),_xlfn.TEXTJOIN("_",1,X84,$A84,Y84),TRUE,OFFSET($Z84,-1,0))} -> device_1330101_solid_rocket | AA84: 80 | AB84: =COLUMNS(_xlfn.TEXTSPLIT(BD84,";")) -> 1 | AC84: 40 | AF84: 1 | AG84: 60 | AH84: =_xlfn.TEXTJOIN("~",1,AI84:AJ84) -> 0~4 | AI84: 0 | AJ84: 4 | AK84: 0 | AL84: 0 | AM84: 0 | AN84: 0 | AO84: 0 | AP84: FALSE | AQ84: DScript_Melee_Charge_Rocket | AX84: =$A84 -> 1330101 | AY84: =_xlfn.TEXTJOIN("~",1,AZ84:BA84) -> 4~0.2 | AZ84: 4 | BA84: 0.2 | BB84: 1 | BC84: DPanel_Charge_SolidRocket | BD84: 201 | BE84: {=IF(BD84<>"",_xlfn.TEXTJOIN("; ",1,VLOOKUP(VALUE(_xlfn.TEXTSPLIT(BD84,";")),device_cubicles!A:B,2,0)),"")} -> 近战攻击
A85: 13301012 | B85: 0 | C85: 火焰喷射器 Lv.2 | D85: XY | E85: ="Lv."&F85 -> Lv.2 | F85: 2 | G85: Null | H85: {=_xlfn.IFS($A85="","",OR($F85=99,$F85=""),_xlfn.TEXTJOIN("_",1,"device_name",$A85,$Y85),TRUE,OFFSET(H85,-1,0))} -> device_name_1330101_solid_rocket | J85: =_xlfn.LET(_xlpm.get_device_type,VLOOKUP(VALUE(MID(A85,3,1)),tb_device_info_type[#All],3,0),_xlpm.check_if_wheel,IF(LEFT(A85,2)="12","wheel",_xlpm.get_device_type),_xlpm.raw_output,IF($A85<>"",_xlfn.TEXTJOIN("_",1,"device_alt",_xlpm.check_if_wheel),""),IFERROR(_xlpm.raw_output,"information missing")) -> device_alt_unique | K85: {=_xlfn.IFS($A85="","",ISTEXT($L85),_xlfn.CONCAT("dwt","[device_wheel_thumbnail_",RIGHT($A85,1)-1,"]"),TRUE,_xlfn.CONCAT("dt","[device_thumbnail_",IF($L85<>"",$L85,0),"]"))} -> dt[device_thumbnail_40] | L85: 40 | M85: se_ag_device_broken | N85: se_ag_device_be_hit | O85: 1420300 | P85: {=IFERROR(_xlfn.TEXTJOIN(";",1,_xlfn.MAP(_xlfn.TEXTSPLIT(O85,";"),_xlfn.LAMBDA(_xlpm.x,IFERROR(VLOOKUP(VALUE(_xlpm.x),device_tag!A:B,2,0),"error")))),"")} -> 独特设备 | Q85: Common | S85: 0 | X85: device | Y85: solid_rocket | Z85: {=_xlfn.IFS($A85="","",OR(F85=99,F85=""),_xlfn.TEXTJOIN("_",1,X85,$A85,Y85),TRUE,OFFSET($Z85,-1,0))} -> device_1330101_solid_rocket | AA85: 80 | AB85: =COLUMNS(_xlfn.TEXTSPLIT(BD85,";")) -> 1 | AC85: =ROUND($AD85*$AE85^$F85,0) -> 87 | AD85: 13.3 | AE85: =POWER(1.6,2) -> 2.56 | AF85: 1 | AG85: 60 | AH85: =_xlfn.TEXTJOIN("~",1,AI85:AJ85) -> 0~4 | AI85: 0 | AJ85: 4 | AK85: 0 | AL85: 0 | AM85: 0 | AN85: 0 | AO85: 0 | AP85: FALSE | AQ85: DScript_Melee_Charge_Rocket | AX85: =$A85 -> 13301012 | AY85: =_xlfn.TEXTJOIN("~",1,AZ85:BA85) -> 4~0.2 | AZ85: 4 | BA85: 0.2 | BB85: 1 | BC85: DPanel_Charge_SolidRocket | BD85: 201 | BE85: {=IF(BD85<>"",_xlfn.TEXTJOIN("; ",1,VLOOKUP(VALUE(_xlfn.TEXTSPLIT(BD85,";")),device_cubicles!A:B,2,0)),"")} -> 近战攻击
A86: 13301013 | B86: 0 | C86: 火焰喷射器 Lv.3 | D86: XY | E86: ="Lv."&F86 -> Lv.3 | F86: 3 | G86: Null | H86: {=_xlfn.IFS($A86="","",OR($F86=99,$F86=""),_xlfn.TEXTJOIN("_",1,"device_name",$A86,$Y86),TRUE,OFFSET(H86,-1,0))} -> device_name_1330101_solid_rocket | J86: =_xlfn.LET(_xlpm.get_device_type,VLOOKUP(VALUE(MID(A86,3,1)),tb_device_info_type[#All],3,0),_xlpm.check_if_wheel,IF(LEFT(A86,2)="12","wheel",_xlpm.get_device_type),_xlpm.raw_output,IF($A86<>"",_xlfn.TEXTJOIN("_",1,"device_alt",_xlpm.check_if_wheel),""),IFERROR(_xlpm.raw_output,"information missing")) -> device_alt_unique | K86: {=_xlfn.IFS($A86="","",ISTEXT($L86),_xlfn.CONCAT("dwt","[device_wheel_thumbnail_",RIGHT($A86,1)-1,"]"),TRUE,_xlfn.CONCAT("dt","[device_thumbnail_",IF($L86<>"",$L86,0),"]"))} -> dt[device_thumbnail_40] | L86: 40 | M86: se_ag_device_broken | N86: se_ag_device_be_hit | O86: 1420300 | P86: {=IFERROR(_xlfn.TEXTJOIN(";",1,_xlfn.MAP(_xlfn.TEXTSPLIT(O86,";"),_xlfn.LAMBDA(_xlpm.x,IFERROR(VLOOKUP(VALUE(_xlpm.x),device_tag!A:B,2,0),"error")))),"")} -> 独特设备 | Q86: Common | S86: 0 | X86: device | Y86: solid_rocket | Z86: {=_xlfn.IFS($A86="","",OR(F86=99,F86=""),_xlfn.TEXTJOIN("_",1,X86,$A86,Y86),TRUE,OFFSET($Z86,-1,0))} -> device_1330101_solid_rocket | AA86: 80 | AB86: =COLUMNS(_xlfn.TEXTSPLIT(BD86,";")) -> 1 | AC86: =ROUND($AD86*$AE86^$F86,0) -> 223 | AD86: 13.3 | AE86: =POWER(1.6,2) -> 2.56 | AF86: 1 | AG86: 60 | AH86: =_xlfn.TEXTJOIN("~",1,AI86:AJ86) -> 0~4 | AI86: 0 | AJ86: 4 | AK86: 0 | AL86: 0 | AM86: 0 | AN86: 0 | AO86: 0 | AP86: FALSE | AQ86: DScript_Melee_Charge_Rocket | AX86: =$A86 -> 13301013 | AY86: =_xlfn.TEXTJOIN("~",1,AZ86:BA86) -> 4~0.2 | AZ86: 4 | BA86: 0.2 | BB86: 1 | BC86: DPanel_Charge_SolidRocket | BD86: 201 | BE86: {=IF(BD86<>"",_xlfn.TEXTJOIN("; ",1,VLOOKUP(VALUE(_xlfn.TEXTSPLIT(BD86,";")),device_cubicles!A:B,2,0)),"")} -> 近战攻击
A87: 13301014 | B87: 0 | C87: 火焰喷射器 Lv.4 | D87: XY | E87: ="Lv."&F87 -> Lv.4 | F87: 4 | G87: Null | H87: {=_xlfn.IFS($A87="","",OR($F87=99,$F87=""),_xlfn.TEXTJOIN("_",1,"device_name",$A87,$Y87),TRUE,OFFSET(H87,-1,0))} -> device_name_1330101_solid_rocket | J87: =_xlfn.LET(_xlpm.get_device_type,VLOOKUP(VALUE(MID(A87,3,1)),tb_device_info_type[#All],3,0),_xlpm.check_if_wheel,IF(LEFT(A87,2)="12","wheel",_xlpm.get_device_type),_xlpm.raw_output,IF($A87<>"",_xlfn.TEXTJOIN("_",1,"device_alt",_xlpm.check_if_wheel),""),IFERROR(_xlpm.raw_output,"information missing")) -> device_alt_unique | K87: {=_xlfn.IFS($A87="","",ISTEXT($L87),_xlfn.CONCAT("dwt","[device_wheel_thumbnail_",RIGHT($A87,1)-1,"]"),TRUE,_xlfn.CONCAT("dt","[device_thumbnail_",IF($L87<>"",$L87,0),"]"))} -> dt[device_thumbnail_40] | L87: 40 | M87: se_ag_device_broken | N87: se_ag_device_be_hit | O87: 1420300 | P87: {=IFERROR(_xlfn.TEXTJOIN(";",1,_xlfn.MAP(_xlfn.TEXTSPLIT(O87,";"),_xlfn.LAMBDA(_xlpm.x,IFERROR(VLOOKUP(VALUE(_xlpm.x),device_tag!A:B,2,0),"error")))),"")} -> 独特设备 | Q87: Common | S87: 0 | X87: device | Y87: solid_rocket | Z87: {=_xlfn.IFS($A87="","",OR(F87=99,F87=""),_xlfn.TEXTJOIN("_",1,X87,$A87,Y87),TRUE,OFFSET($Z87,-1,0))} -> device_1330101_solid_rocket | AA87: 80 | AB87: =COLUMNS(_xlfn.TEXTSPLIT(BD87,";")) -> 1 | AC87: =ROUND($AD87*$AE87^$F87,0) -> 571 | AD87: 13.3 | AE87: =POWER(1.6,2) -> 2.56 | AF87: 1 | AG87: 60 | AH87: =_xlfn.TEXTJOIN("~",1,AI87:AJ87) -> 0~4 | AI87: 0 | AJ87: 4 | AK87: 0 | AL87: 0 | AM87: 0 | AN87: 0 | AO87: 0 | AP87: FALSE | AQ87: DScript_Melee_Charge_Rocket | AX87: =$A87 -> 13301014 | AY87: =_xlfn.TEXTJOIN("~",1,AZ87:BA87) -> 4~0.2 | AZ87: 4 | BA87: 0.2 | BB87: 1 | BC87: DPanel_Charge_SolidRocket | BD87: 201 | BE87: {=IF(BD87<>"",_xlfn.TEXTJOIN("; ",1,VLOOKUP(VALUE(_xlfn.TEXTSPLIT(BD87,";")),device_cubicles!A:B,2,0)),"")} -> 近战攻击
A88: 1330102 | B88: 0 | C88: 慑敌战鼓 | D88: YH | G88: device_war_drum | H88: {=_xlfn.IFS($A88="","",OR($F88=99,$F88=""),_xlfn.TEXTJOIN("_",1,"device_name",$A88,$Y88),TRUE,OFFSET(H88,-1,0))} -> device_name_1330102_war_drum | J88: =_xlfn.LET(_xlpm.get_device_type,VLOOKUP(VALUE(MID(A88,3,1)),tb_device_info_type[#All],3,0),_xlpm.check_if_wheel,IF(LEFT(A88,2)="12","wheel",_xlpm.get_device_type),_xlpm.raw_output,IF($A88<>"",_xlfn.TEXTJOIN("_",1,"device_alt",_xlpm.check_if_wheel),""),IFERROR(_xlpm.raw_output,"information missing")) -> device_alt_unique | K88: {=_xlfn.IFS($A88="","",ISTEXT($L88),_xlfn.CONCAT("dwt","[device_wheel_thumbnail_",RIGHT($A88,1)-1,"]"),TRUE,_xlfn.CONCAT("dt","[device_thumbnail_",IF($L88<>"",$L88,0),"]"))} -> dt[device_thumbnail_34] | L88: 34 | M88: se_ag_device_broken | N88: se_ag_device_be_hit | O88: 1420300 | P88: {=IFERROR(_xlfn.TEXTJOIN(";",1,_xlfn.MAP(_xlfn.TEXTSPLIT(O88,";"),_xlfn.LAMBDA(_xlpm.x,IFERROR(VLOOKUP(VALUE(_xlpm.x),device_tag!A:B,2,0),"error")))),"")} -> 独特设备 | Q88: Common | S88: 0 | X88: device | Y88: war_drum | Z88: {=_xlfn.IFS($A88="","",OR(F88=99,F88=""),_xlfn.TEXTJOIN("_",1,X88,$A88,Y88),TRUE,OFFSET($Z88,-1,0))} -> device_1330102_war_drum | AA88: 80 | AB88: 1 | AC88: 22 | AF88: 1 | AG88: 60 | AH88: =_xlfn.TEXTJOIN("~",1,AI88:AJ88) -> 0~5 | AI88: 0 | AJ88: 5 | AK88: 0 | AL88: 0 | AM88: 0 | AN88: 0 | AO88: 0 | AP88: TRUE | AQ88: War_Drum | AX88: =$A88 -> 1330102 | BB88: =REPLACE($A88,1,1,6) -> 6330102 | BC88: Unique_Drum_Panel | BD88: 204 | BE88: {=IF(BD88<>"",_xlfn.TEXTJOIN("; ",1,VLOOKUP(VALUE(_xlfn.TEXTSPLIT(BD88,";")),device_cubicles!A:B,2,0)),"")} -> 鼓攻击
A89: 1330103 | B89: 0 | C89: 捕兽草 | D89: FT | G89: device_9999_hua | H89: {=_xlfn.IFS($A89="","",OR($F89=99,$F89=""),_xlfn.TEXTJOIN("_",1,"device_name",$A89,$Y89),TRUE,OFFSET(H89,-1,0))} -> device_name_1330103_catching_flower | J89: =_xlfn.LET(_xlpm.get_device_type,VLOOKUP(VALUE(MID(A89,3,1)),tb_device_info_type[#All],3,0),_xlpm.check_if_wheel,IF(LEFT(A89,2)="12","wheel",_xlpm.get_device_type),_xlpm.raw_output,IF($A89<>"",_xlfn.TEXTJOIN("_",1,"device_alt",_xlpm.check_if_wheel),""),IFERROR(_xlpm.raw_output,"information missing")) -> device_alt_unique | K89: {=_xlfn.IFS($A89="","",ISTEXT($L89),_xlfn.CONCAT("dwt","[device_wheel_thumbnail_",RIGHT($A89,1)-1,"]"),TRUE,_xlfn.CONCAT("dt","[device_thumbnail_",IF($L89<>"",$L89,0),"]"))} -> dt[device_thumbnail_6] | L89: 6 | M89: se_ag_device_broken | N89: se_ag_device_be_hit | O89: 1420300 | P89: {=IFERROR(_xlfn.TEXTJOIN(";",1,_xlfn.MAP(_xlfn.TEXTSPLIT(O89,";"),_xlfn.LAMBDA(_xlpm.x,IFERROR(VLOOKUP(VALUE(_xlpm.x),device_tag!A:B,2,0),"error")))),"")} -> 独特设备 | Q89: Common | S89: 0 | X89: device | Y89: catching_flower | Z89: {=_xlfn.IFS($A89="","",OR(F89=99,F89=""),_xlfn.TEXTJOIN("_",1,X89,$A89,Y89),TRUE,OFFSET($Z89,-1,0))} -> device_1330103_catching_flower | AA89: 10 | AB89: 1 | AF89: 1 | AG89: 60 | AH89: =_xlfn.TEXTJOIN("~",1,AI89:AJ89) -> 0~4 | AI89: 0 | AJ89: 4 | AK89: 0 | AL89: 0 | AM89: 0 | AN89: 0 | AO89: 0 | AP89: FALSE | AQ89: Catching_Flower | AR89: 9 | AY89: =_xlfn.TEXTJOIN("~",0,AZ89:BA89) -> 5~0 | AZ89: 5 | BA89: 0 | BB89: 1 | BC89: BasicMelee_Panel | BE89: {=IF(BD89<>"",_xlfn.TEXTJOIN("; ",1,VLOOKUP(VALUE(_xlfn.TEXTSPLIT(BD89,";")),device_cubicles!A:B,2,0)),"")}
A90: 1330104 | B90: 0 | C90: 飞针陀螺 | D90: YH | G90: device_gyroscope | H90: {=_xlfn.IFS($A90="","",OR($F90=99,$F90=""),_xlfn.TEXTJOIN("_",1,"device_name",$A90,$Y90),TRUE,OFFSET(H90,-1,0))} -> device_name_1330104_gyroscope | J90: =_xlfn.LET(_xlpm.get_device_type,VLOOKUP(VALUE(MID(A90,3,1)),tb_device_info_type[#All],3,0),_xlpm.check_if_wheel,IF(LEFT(A90,2)="12","wheel",_xlpm.get_device_type),_xlpm.raw_output,IF($A90<>"",_xlfn.TEXTJOIN("_",1,"device_alt",_xlpm.check_if_wheel),""),IFERROR(_xlpm.raw_output,"information missing")) -> device_alt_unique | K90: {=_xlfn.IFS($A90="","",ISTEXT($L90),_xlfn.CONCAT("dwt","[device_wheel_thumbnail_",RIGHT($A90,1)-1,"]"),TRUE,_xlfn.CONCAT("dt","[device_thumbnail_",IF($L90<>"",$L90,0),"]"))} -> dt[device_thumbnail_12] | L90: 12 | M90: se_ag_device_broken | N90: se_ag_device_be_hit | O90: 1420300 | P90: {=IFERROR(_xlfn.TEXTJOIN(";",1,_xlfn.MAP(_xlfn.TEXTSPLIT(O90,";"),_xlfn.LAMBDA(_xlpm.x,IFERROR(VLOOKUP(VALUE(_xlpm.x),device_tag!A:B,2,0),"error")))),"")} -> 独特设备 | Q90: Common | S90: 0 | V90: 0 | W90: 0 | X90: device | Y90: gyroscope | Z90: {=_xlfn.IFS($A90="","",OR(F90=99,F90=""),_xlfn.TEXTJOIN("_",1,X90,$A90,Y90),TRUE,OFFSET($Z90,-1,0))} -> device_1330104_gyroscope | AA90: 50 | AB90: 1 | AF90: 1 | AG90: 60 | AK90: 0 | AL90: 0 | AM90: 0 | AN90: 0 | AO90: 0 | AP90: FALSE | AQ90: Shooter_Gyroscope | AT90: =$A90 -> 1330104 | BB90: 1 | BC90: Shooter_Gyroscope_Panel | BE90: {=IF(BD90<>"",_xlfn.TEXTJOIN("; ",1,VLOOKUP(VALUE(_xlfn.TEXTSPLIT(BD90,";")),device_cubicles!A:B,2,0)),"")}
A91: 1330105 | B91: 0 | C91: 小鸟弹弓 | H91: {=_xlfn.IFS($A91="","",OR($F91=99,$F91=""),_xlfn.TEXTJOIN("_",1,"device_name",$A91,$Y91),TRUE,OFFSET(H91,-1,0))} -> device_name_1330105_bird_slingshot | J91: =_xlfn.LET(_xlpm.get_device_type,VLOOKUP(VALUE(MID(A91,3,1)),tb_device_info_type[#All],3,0),_xlpm.check_if_wheel,IF(LEFT(A91,2)="12","wheel",_xlpm.get_device_type),_xlpm.raw_output,IF($A91<>"",_xlfn.TEXTJOIN("_",1,"device_alt",_xlpm.check_if_wheel),""),IFERROR(_xlpm.raw_output,"information missing")) -> device_alt_unique | K91: {=_xlfn.IFS($A91="","",ISTEXT($L91),_xlfn.CONCAT("dwt","[device_wheel_thumbnail_",RIGHT($A91,1)-1,"]"),TRUE,_xlfn.CONCAT("dt","[device_thumbnail_",IF($L91<>"",$L91,0),"]"))} -> dt[device_thumbnail_0] | M91: se_ag_device_broken | N91: se_ag_device_be_hit | O91: 1420300 | P91: {=IFERROR(_xlfn.TEXTJOIN(";",1,_xlfn.MAP(_xlfn.TEXTSPLIT(O91,";"),_xlfn.LAMBDA(_xlpm.x,IFERROR(VLOOKUP(VALUE(_xlpm.x),device_tag!A:B,2,0),"error")))),"")} -> 独特设备 | Q91: Common | S91: 0 | X91: dp | Y91: bird_slingshot | Z91: {=_xlfn.IFS($A91="","",OR(F91=99,F91=""),_xlfn.TEXTJOIN("_",1,X91,$A91,Y91),TRUE,OFFSET($Z91,-1,0))} -> dp_1330105_bird_slingshot | AA91: 100 | AB91: 1 | AF91: 1 | AG91: 60 | AK91: 0 | AL91: 0 | AM91: 0 | AN91: 0 | AO91: 0 | BE91: {=IF(BD91<>"",_xlfn.TEXTJOIN("; ",1,VLOOKUP(VALUE(_xlfn.TEXTSPLIT(BD91,";")),device_cubicles!A:B,2,0)),"")}
A92: 1330106 | B92: 0 | C92: 采矿炸弹 | D92: XY | G92: none | H92: {=_xlfn.IFS($A92="","",OR($F92=99,$F92=""),_xlfn.TEXTJOIN("_",1,"device_name",$A92,$Y92),TRUE,OFFSET(H92,-1,0))} -> device_name_1330106_car_bomb | J92: =_xlfn.LET(_xlpm.get_device_type,VLOOKUP(VALUE(MID(#REF!,3,1)),tb_device_info_type[#All],3,0),_xlpm.check_if_wheel,IF(LEFT(#REF!,2)="12","wheel",_xlpm.get_device_type),_xlpm.raw_output,IF(#REF!<>"",_xlfn.TEXTJOIN("_",1,"device_alt",_xlpm.check_if_wheel),""),IFERROR(_xlpm.raw_output,"information missing")) -> information missing | K92: {=_xlfn.IFS($A92="","",ISTEXT($L92),_xlfn.CONCAT("dwt","[device_wheel_thumbnail_",RIGHT($A92,1)-1,"]"),TRUE,_xlfn.CONCAT("dt","[device_thumbnail_",IF($L92<>"",$L92,0),"]"))} -> dt[device_thumbnail_41] | L92: 41 | M92: se_ag_device_broken | N92: se_ag_device_be_hit | O92: 1420300 | P92: {=IFERROR(_xlfn.TEXTJOIN(";",1,_xlfn.MAP(_xlfn.TEXTSPLIT(O92,";"),_xlfn.LAMBDA(_xlpm.x,IFERROR(VLOOKUP(VALUE(_xlpm.x),device_tag!A:B,2,0),"error")))),"")} -> 独特设备 | Q92: Common | S92: 0 | V92: 0 | W92: 0 | X92: device | Y92: car_bomb | Z92: {=_xlfn.IFS($A92="","",OR(F92=99,F92=""),_xlfn.TEXTJOIN("_",1,X92,$A92,Y92),TRUE,OFFSET($Z92,-1,0))} -> device_1330106_car_bomb | AA92: 10 | AB92: =COLUMNS(_xlfn.TEXTSPLIT(BD92,";")) -> 1 | AC92: 11 | AF92: 1 | AG92: 60 | AH92: =_xlfn.TEXTJOIN("~",1,AI92:AJ92) -> 2~8 | AI92: 2 | AJ92: 8 | AK92: -90 | AL92: 0 | AM92: 0 | AN92: 0 | AO92: 90 | AP92: FALSE | AQ92: DScript_Special_CarBomb | AX92: =$A92 -> 1330106 | AY92: =_xlfn.TEXTJOIN("~",1,AZ92:BA92) -> 4~0.2 | AZ92: 4 | BA92: 0.2 | BB92: 1 | BC92: (Base) | BD92: 201 | BE92: {=IF(BD92<>"",_xlfn.TEXTJOIN("; ",1,VLOOKUP(VALUE(_xlfn.TEXTSPLIT(BD92,";")),device_cubicles!A:B,2,0)),"")} -> 近战攻击
A93: 13301060 | B93: 0 | C93: 采矿炸弹 Lv.0 | D93: XY | E93: ="Lv."&F93 -> Lv.0 | F93: 0 | G93: none | H93: {=_xlfn.IFS($A93="","",OR($F93=99,$F93=""),_xlfn.TEXTJOIN("_",1,"device_name",$A93,$Y93),TRUE,OFFSET(H93,-1,0))} -> device_name_1330106_car_bomb | J93: =_xlfn.LET(_xlpm.get_device_type,VLOOKUP(VALUE(MID(#REF!,3,1)),tb_device_info_type[#All],3,0),_xlpm.check_if_wheel,IF(LEFT(#REF!,2)="12","wheel",_xlpm.get_device_type),_xlpm.raw_output,IF(#REF!<>"",_xlfn.TEXTJOIN("_",1,"device_alt",_xlpm.check_if_wheel),""),IFERROR(_xlpm.raw_output,"information missing")) -> information missing | K93: {=_xlfn.IFS($A93="","",ISTEXT($L93),_xlfn.CONCAT("dwt","[device_wheel_thumbnail_",RIGHT($A93,1)-1,"]"),TRUE,_xlfn.CONCAT("dt","[device_thumbnail_",IF($L93<>"",$L93,0),"]"))} -> dt[device_thumbnail_41] | L93: 41 | M93: se_ag_device_broken | N93: se_ag_device_be_hit | O93: 1420300 | P93: {=IFERROR(_xlfn.TEXTJOIN(";",1,_xlfn.MAP(_xlfn.TEXTSPLIT(O93,";"),_xlfn.LAMBDA(_xlpm.x,IFERROR(VLOOKUP(VALUE(_xlpm.x),device_tag!A:B,2,0),"error")))),"")} -> 独特设备 | Q93: Common | S93: 0 | V93: 0 | W93: 0 | X93: device | Y93: car_bomb | Z93: {=_xlfn.IFS($A93="","",OR(F93=99,F93=""),_xlfn.TEXTJOIN("_",1,X93,$A93,Y93),TRUE,OFFSET($Z93,-1,0))} -> device_1330106_car_bomb | AA93: 10 | AB93: =COLUMNS(_xlfn.TEXTSPLIT(BD93,";")) -> 1 | AC93: =ROUND($AD93*$AE93^$F93,0) -> 6 | AD93: 6 | AE93: =POWER(1.6,2) -> 2.56 | AF93: 1 | AG93: 60 | AH93: =_xlfn.TEXTJOIN("~",1,AI93:AJ93) -> 2~8 | AI93: 2 | AJ93: 8 | AK93: -90 | AL93: 0 | AM93: 0 | AN93: 0 | AO93: 90 | AP93: FALSE | AQ93: DScript_Special_CarBomb | AX93: =$A93 -> 13301060 | AY93: =_xlfn.TEXTJOIN("~",1,AZ93:BA93) -> 4~0.2 | AZ93: 4 | BA93: 0.2 | BB93: 1 | BC93: DPanel_Special_CarBomb | BD93: 201 | BE93: {=IF(BD93<>"",_xlfn.TEXTJOIN("; ",1,VLOOKUP(VALUE(_xlfn.TEXTSPLIT(BD93,";")),device_cubicles!A:B,2,0)),"")} -> 近战攻击
A94: 13301061 | B94: 0 | C94: 采矿炸弹 Lv.1 | D94: XY | E94: ="Lv."&F94 -> Lv.1 | F94: 1 | G94: none | H94: {=_xlfn.IFS($A94="","",OR($F94=99,$F94=""),_xlfn.TEXTJOIN("_",1,"device_name",$A94,$Y94),TRUE,OFFSET(H94,-1,0))} -> device_name_1330106_car_bomb | J94: =_xlfn.LET(_xlpm.get_device_type,VLOOKUP(VALUE(MID(#REF!,3,1)),tb_device_info_type[#All],3,0),_xlpm.check_if_wheel,IF(LEFT(#REF!,2)="12","wheel",_xlpm.get_device_type),_xlpm.raw_output,IF(#REF!<>"",_xlfn.TEXTJOIN("_",1,"device_alt",_xlpm.check_if_wheel),""),IFERROR(_xlpm.raw_output,"information missing")) -> information missing | K94: {=_xlfn.IFS($A94="","",ISTEXT($L94),_xlfn.CONCAT("dwt","[device_wheel_thumbnail_",RIGHT($A94,1)-1,"]"),TRUE,_xlfn.CONCAT("dt","[device_thumbnail_",IF($L94<>"",$L94,0),"]"))} -> dt[device_thumbnail_41] | L94: 41 | M94: se_ag_device_broken | N94: se_ag_device_be_hit | O94: 1420300 | P94: {=IFERROR(_xlfn.TEXTJOIN(";",1,_xlfn.MAP(_xlfn.TEXTSPLIT(O94,";"),_xlfn.LAMBDA(_xlpm.x,IFERROR(VLOOKUP(VALUE(_xlpm.x),device_tag!A:B,2,0),"error")))),"")} -> 独特设备 | Q94: Common | S94: 0 | V94: 0 | W94: 0 | X94: device | Y94: car_bomb | Z94: {=_xlfn.IFS($A94="","",OR(F94=99,F94=""),_xlfn.TEXTJOIN("_",1,X94,$A94,Y94),TRUE,OFFSET($Z94,-1,0))} -> device_1330106_car_bomb | AA94: 10 | AB94: =COLUMNS(_xlfn.TEXTSPLIT(BD94,";")) -> 1 | AC94: =ROUND($AD94*$AE94^$F94,0) -> 16 | AD94: =ROUND($AD$93*1.05^F94,4) -> 6.3 | AE94: =POWER(1.6,2) -> 2.56 | AF94: 1 | AG94: 60 | AH94: =_xlfn.TEXTJOIN("~",1,AI94:AJ94) -> 2~8 | AI94: 2 | AJ94: 8 | AK94: -90 | AL94: 0 | AM94: 0 | AN94: 0 | AO94: 90 | AP94: FALSE | AQ94: DScript_Special_CarBomb | AX94: =$A94 -> 13301061 | AY94: =_xlfn.TEXTJOIN("~",1,AZ94:BA94) -> 4~0.2 | AZ94: 4 | BA94: 0.2 | BB94: 1 | BC94: DPanel_Special_CarBomb | BD94: 201 | BE94: {=IF(BD94<>"",_xlfn.TEXTJOIN("; ",1,VLOOKUP(VALUE(_xlfn.TEXTSPLIT(BD94,";")),device_cubicles!A:B,2,0)),"")} -> 近战攻击
A95: 13301062 | B95: 0 | C95: 采矿炸弹 Lv.2 | D95: XY | E95: ="Lv."&F95 -> Lv.2 | F95: 2 | G95: none | H95: {=_xlfn.IFS($A95="","",OR($F95=99,$F95=""),_xlfn.TEXTJOIN("_",1,"device_name",$A95,$Y95),TRUE,OFFSET(H95,-1,0))} -> device_name_1330106_car_bomb | J95: =_xlfn.LET(_xlpm.get_device_type,VLOOKUP(VALUE(MID(#REF!,3,1)),tb_device_info_type[#All],3,0),_xlpm.check_if_wheel,IF(LEFT(#REF!,2)="12","wheel",_xlpm.get_device_type),_xlpm.raw_output,IF(#REF!<>"",_xlfn.TEXTJOIN("_",1,"device_alt",_xlpm.check_if_wheel),""),IFERROR(_xlpm.raw_output,"information missing")) -> information missing | K95: {=_xlfn.IFS($A95="","",ISTEXT($L95),_xlfn.CONCAT("dwt","[device_wheel_thumbnail_",RIGHT($A95,1)-1,"]"),TRUE,_xlfn.CONCAT("dt","[device_thumbnail_",IF($L95<>"",$L95,0),"]"))} -> dt[device_thumbnail_41] | L95: 41 | M95: se_ag_device_broken | N95: se_ag_device_be_hit | O95: 1420300 | P95: {=IFERROR(_xlfn.TEXTJOIN(";",1,_xlfn.MAP(_xlfn.TEXTSPLIT(O95,";"),_xlfn.LAMBDA(_xlpm.x,IFERROR(VLOOKUP(VALUE(_xlpm.x),device_tag!A:B,2,0),"error")))),"")} -> 独特设备 | Q95: Common | S95: 0 | V95: 0 | W95: 0 | X95: device | Y95: car_bomb | Z95: {=_xlfn.IFS($A95="","",OR(F95=99,F95=""),_xlfn.TEXTJOIN("_",1,X95,$A95,Y95),TRUE,OFFSET($Z95,-1,0))} -> device_1330106_car_bomb | AA95: 10 | AB95: =COLUMNS(_xlfn.TEXTSPLIT(BD95,";")) -> 1 | AC95: =ROUND($AD95*$AE95^$F95,0) -> 43 | AD95: =ROUND($AD$93*1.05^F95,4) -> 6.615 | AE95: =POWER(1.6,2) -> 2.56 | AF95: 1 | AG95: 60 | AH95: =_xlfn.TEXTJOIN("~",1,AI95:AJ95) -> 2~8 | AI95: 2 | AJ95: 8 | AK95: -90 | AL95: 0 | AM95: 0 | AN95: 0 | AO95: 90 | AP95: FALSE | AQ95: DScript_Special_CarBomb | AX95: =$A95 -> 13301062 | AY95: =_xlfn.TEXTJOIN("~",1,AZ95:BA95) -> 4~0.2 | AZ95: 4 | BA95: 0.2 | BB95: 1 | BC95: DPanel_Special_CarBomb | BD95: 201 | BE95: {=IF(BD95<>"",_xlfn.TEXTJOIN("; ",1,VLOOKUP(VALUE(_xlfn.TEXTSPLIT(BD95,";")),device_cubicles!A:B,2,0)),"")} -> 近战攻击
A96: 13301063 | B96: 0 | C96: 采矿炸弹 Lv.3 | D96: XY | E96: ="Lv."&F96 -> Lv.3 | F96: 3 | G96: none | H96: {=_xlfn.IFS($A96="","",OR($F96=99,$F96=""),_xlfn.TEXTJOIN("_",1,"device_name",$A96,$Y96),TRUE,OFFSET(H96,-1,0))} -> device_name_1330106_car_bomb | J96: =_xlfn.LET(_xlpm.get_device_type,VLOOKUP(VALUE(MID(#REF!,3,1)),tb_device_info_type[#All],3,0),_xlpm.check_if_wheel,IF(LEFT(#REF!,2)="12","wheel",_xlpm.get_device_type),_xlpm.raw_output,IF(#REF!<>"",_xlfn.TEXTJOIN("_",1,"device_alt",_xlpm.check_if_wheel),""),IFERROR(_xlpm.raw_output,"information missing")) -> information missing | K96: {=_xlfn.IFS($A96="","",ISTEXT($L96),_xlfn.CONCAT("dwt","[device_wheel_thumbnail_",RIGHT($A96,1)-1,"]"),TRUE,_xlfn.CONCAT("dt","[device_thumbnail_",IF($L96<>"",$L96,0),"]"))} -> dt[device_thumbnail_41] | L96: 41 | M96: se_ag_device_broken | N96: se_ag_device_be_hit | O96: 1420300 | P96: {=IFERROR(_xlfn.TEXTJOIN(";",1,_xlfn.MAP(_xlfn.TEXTSPLIT(O96,";"),_xlfn.LAMBDA(_xlpm.x,IFERROR(VLOOKUP(VALUE(_xlpm.x),device_tag!A:B,2,0),"error")))),"")} -> 独特设备 | Q96: Common | S96: 0 | V96: 0 | W96: 0 | X96: device | Y96: car_bomb | Z96: {=_xlfn.IFS($A96="","",OR(F96=99,F96=""),_xlfn.TEXTJOIN("_",1,X96,$A96,Y96),TRUE,OFFSET($Z96,-1,0))} -> device_1330106_car_bomb | AA96: 10 | AB96: =COLUMNS(_xlfn.TEXTSPLIT(BD96,";")) -> 1 | AC96: =ROUND($AD96*$AE96^$F96,0) -> 117 | AD96: =ROUND($AD$93*1.05^F96,4) -> 6.9458 | AE96: =POWER(1.6,2) -> 2.56 | AF96: 1 | AG96: 60 | AH96: =_xlfn.TEXTJOIN("~",1,AI96:AJ96) -> 2~8 | AI96: 2 | AJ96: 8 | AK96: -90 | AL96: 0 | AM96: 0 | AN96: 0 | AO96: 90 | AP96: FALSE | AQ96: DScript_Special_CarBomb | AX96: =$A96 -> 13301063 | AY96: =_xlfn.TEXTJOIN("~",1,AZ96:BA96) -> 4~0.2 | AZ96: 4 | BA96: 0.2 | BB96: 1 | BC96: DPanel_Special_CarBomb | BD96: 201 | BE96: {=IF(BD96<>"",_xlfn.TEXTJOIN("; ",1,VLOOKUP(VALUE(_xlfn.TEXTSPLIT(BD96,";")),device_cubicles!A:B,2,0)),"")} -> 近战攻击
A97: 13301064 | B97: 0 | C97: 采矿炸弹 Lv.4 | D97: XY | E97: ="Lv."&F97 -> Lv.4 | F97: 4 | G97: none | H97: {=_xlfn.IFS($A97="","",OR($F97=99,$F97=""),_xlfn.TEXTJOIN("_",1,"device_name",$A97,$Y97),TRUE,OFFSET(H97,-1,0))} -> device_name_1330106_car_bomb | J97: =_xlfn.LET(_xlpm.get_device_type,VLOOKUP(VALUE(MID(#REF!,3,1)),tb_device_info_type[#All],3,0),_xlpm.check_if_wheel,IF(LEFT(#REF!,2)="12","wheel",_xlpm.get_device_type),_xlpm.raw_output,IF(#REF!<>"",_xlfn.TEXTJOIN("_",1,"device_alt",_xlpm.check_if_wheel),""),IFERROR(_xlpm.raw_output,"information missing")) -> information missing | K97: {=_xlfn.IFS($A97="","",ISTEXT($L97),_xlfn.CONCAT("dwt","[device_wheel_thumbnail_",RIGHT($A97,1)-1,"]"),TRUE,_xlfn.CONCAT("dt","[device_thumbnail_",IF($L97<>"",$L97,0),"]"))} -> dt[device_thumbnail_41] | L97: 41 | M97: se_ag_device_broken | N97: se_ag_device_be_hit | O97: 1420300 | P97: {=IFERROR(_xlfn.TEXTJOIN(";",1,_xlfn.MAP(_xlfn.TEXTSPLIT(O97,";"),_xlfn.LAMBDA(_xlpm.x,IFERROR(VLOOKUP(VALUE(_xlpm.x),device_tag!A:B,2,0),"error")))),"")} -> 独特设备 | Q97: Common | S97: 0 | V97: 0 | W97: 0 | X97: device | Y97: car_bomb | Z97: {=_xlfn.IFS($A97="","",OR(F97=99,F97=""),_xlfn.TEXTJOIN("_",1,X97,$A97,Y97),TRUE,OFFSET($Z97,-1,0))} -> device_1330106_car_bomb | AA97: 10 | AB97: =COLUMNS(_xlfn.TEXTSPLIT(BD97,";")) -> 1 | AC97: =ROUND($AD97*$AE97^$F97,0) -> 313 | AD97: =ROUND($AD$93*1.05^F97,4) -> 7.293 | AE97: =POWER(1.6,2) -> 2.56 | AF97: 1 | AG97: 60 | AH97: =_xlfn.TEXTJOIN("~",1,AI97:AJ97) -> 2~8 | AI97: 2 | AJ97: 8 | AK97: -90 | AL97: 0 | AM97: 0 | AN97: 0 | AO97: 90 | AP97: FALSE | AQ97: DScript_Special_CarBomb | AX97: =$A97 -> 13301064 | AY97: =_xlfn.TEXTJOIN("~",1,AZ97:BA97) -> 4~0.2 | AZ97: 4 | BA97: 0.2 | BB97: 1 | BC97: DPanel_Special_CarBomb | BD97: 201 | BE97: {=IF(BD97<>"",_xlfn.TEXTJOIN("; ",1,VLOOKUP(VALUE(_xlfn.TEXTSPLIT(BD97,";")),device_cubicles!A:B,2,0)),"")} -> 近战攻击
A98: 1330107 | B98: 0 | C98: 黑洞发射器 | D98: JC | G98: device_musket | H98: {=_xlfn.IFS($A98="","",OR($F98=99,$F98=""),_xlfn.TEXTJOIN("_",1,"device_name",$A98,$Y98),TRUE,OFFSET(H98,-1,0))} -> device_name_1330107 | J98: =_xlfn.LET(_xlpm.get_device_type,VLOOKUP(VALUE(MID(A98,3,1)),tb_device_info_type[#All],3,0),_xlpm.check_if_wheel,IF(LEFT(A98,2)="12","wheel",_xlpm.get_device_type),_xlpm.raw_output,IF($A98<>"",_xlfn.TEXTJOIN("_",1,"device_alt",_xlpm.check_if_wheel),""),IFERROR(_xlpm.raw_output,"information missing")) -> device_alt_unique | K98: {=_xlfn.IFS($A98="","",ISTEXT($L98),_xlfn.CONCAT("dwt","[device_wheel_thumbnail_",RIGHT($A98,1)-1,"]"),TRUE,_xlfn.CONCAT("dt","[device_thumbnail_",IF($L98<>"",$L98,0),"]"))} -> dt[device_thumbnail_0] | M98: se_ag_device_broken | N98: se_ag_device_be_hit | O98: 1420300 | P98: {=IFERROR(_xlfn.TEXTJOIN(";",1,_xlfn.MAP(_xlfn.TEXTSPLIT(O98,";"),_xlfn.LAMBDA(_xlpm.x,IFERROR(VLOOKUP(VALUE(_xlpm.x),device_tag!A:B,2,0),"error")))),"")} -> 独特设备 | Q98: Common | X98: device | Z98: =_xlfn.TEXTJOIN("_",TRUE,"device",A98,AQ98) -> device_1330107_BlackHole | AA98: 5 | AB98: 1 | AF98: 1 | AG98: 60 | AH98: =_xlfn.TEXTJOIN("~",1,AI98:AJ98) -> 1.4~12.5 | AI98: 1.4 | AJ98: 12.5 | AK98: 0 | AL98: 0 | AM98: 0 | AN98: 0 | AO98: 0 | AP98: FALSE | AQ98: BlackHole | AY98: =_xlfn.TEXTJOIN("~",1,AZ98:BA98) -> 6~3 | AZ98: 6 | BA98: 3 | BB98: 1 | BC98: Unique_BlackHole_Panel | BE98: {=IF(BD98<>"",_xlfn.TEXTJOIN("; ",1,VLOOKUP(VALUE(_xlfn.TEXTSPLIT(BD98,";")),device_cubicles!A:B,2,0)),"")}
A99: 1330108 | B99: 0 | C99: 磁铁 | D99: JC | G99: device_musket | H99: {=_xlfn.IFS($A99="","",OR($F99=99,$F99=""),_xlfn.TEXTJOIN("_",1,"device_name",$A99,$Y99),TRUE,OFFSET(H99,-1,0))} -> device_name_1330108 | J99: =_xlfn.LET(_xlpm.get_device_type,VLOOKUP(VALUE(MID(A99,3,1)),tb_device_info_type[#All],3,0),_xlpm.check_if_wheel,IF(LEFT(A99,2)="12","wheel",_xlpm.get_device_type),_xlpm.raw_output,IF($A99<>"",_xlfn.TEXTJOIN("_",1,"device_alt",_xlpm.check_if_wheel),""),IFERROR(_xlpm.raw_output,"information missing")) -> device_alt_unique | K99: {=_xlfn.IFS($A99="","",ISTEXT($L99),_xlfn.CONCAT("dwt","[device_wheel_thumbnail_",RIGHT($A99,1)-1,"]"),TRUE,_xlfn.CONCAT("dt","[device_thumbnail_",IF($L99<>"",$L99,0),"]"))} -> dt[device_thumbnail_0] | M99: se_ag_device_broken | N99: se_ag_device_be_hit | O99: 1420300 | P99: {=IFERROR(_xlfn.TEXTJOIN(";",1,_xlfn.MAP(_xlfn.TEXTSPLIT(O99,";"),_xlfn.LAMBDA(_xlpm.x,IFERROR(VLOOKUP(VALUE(_xlpm.x),device_tag!A:B,2,0),"error")))),"")} -> 独特设备 | Q99: Common | X99: device | Z99: =_xlfn.TEXTJOIN("_",TRUE,"device",A99,AQ99) -> device_1330108_Magnet | AA99: 5 | AB99: 1 | AF99: 1 | AG99: 60 | AH99: =_xlfn.TEXTJOIN("~",1,AI99:AJ99) -> 1.4~12.5 | AI99: 1.4 | AJ99: 12.5 | AK99: 0 | AL99: 0 | AM99: 0 | AN99: 0 | AO99: 0 | AP99: FALSE | AQ99: Magnet | AY99: =_xlfn.TEXTJOIN("~",1,AZ99:BA99) -> 6~3 | AZ99: 6 | BA99: 3 | BB99: 1 | BC99: Unique_Magnet_Panel | BE99: {=IF(BD99<>"",_xlfn.TEXTJOIN("; ",1,VLOOKUP(VALUE(_xlfn.TEXTSPLIT(BD99,";")),device_cubicles!A:B,2,0)),"")}
A100: 1330109 | B100: 0 | C100: 回收者 | D100: JC | G100: device_musket | H100: {=_xlfn.IFS($A100="","",OR($F100=99,$F100=""),_xlfn.TEXTJOIN("_",1,"device_name",$A100,$Y100),TRUE,OFFSET(H100,-1,0))} -> device_name_1330109 | J100: =_xlfn.LET(_xlpm.get_device_type,VLOOKUP(VALUE(MID(A100,3,1)),tb_device_info_type[#All],3,0),_xlpm.check_if_wheel,IF(LEFT(A100,2)="12","wheel",_xlpm.get_device_type),_xlpm.raw_output,IF($A100<>"",_xlfn.TEXTJOIN("_",1,"device_alt",_xlpm.check_if_wheel),""),IFERROR(_xlpm.raw_output,"information missing")) -> device_alt_unique | K100: {=_xlfn.IFS($A100="","",ISTEXT($L100),_xlfn.CONCAT("dwt","[device_wheel_thumbnail_",RIGHT($A100,1)-1,"]"),TRUE,_xlfn.CONCAT("dt","[device_thumbnail_",IF($L100<>"",$L100,0),"]"))} -> dt[device_thumbnail_0] | M100: se_ag_device_broken | N100: se_ag_device_be_hit | O100: 1420300 | P100: {=IFERROR(_xlfn.TEXTJOIN(";",1,_xlfn.MAP(_xlfn.TEXTSPLIT(O100,";"),_xlfn.LAMBDA(_xlpm.x,IFERROR(VLOOKUP(VALUE(_xlpm.x),device_tag!A:B,2,0),"error")))),"")} -> 独特设备 | Q100: Common | X100: device | Z100: =_xlfn.TEXTJOIN("_",TRUE,"device",A100,AQ100) -> device_1330109_Recycler | AA100: 5 | AB100: 1 | AF100: 1 | AG100: 60 | AH100: =_xlfn.TEXTJOIN("~",1,AI100:AJ100) -> 1.4~12.5 | AI100: 1.4 | AJ100: 12.5 | AK100: 0 | AL100: 0 | AM100: 0 | AN100: 0 | AO100: 0 | AP100: FALSE | AQ100: Recycler | AY100: =_xlfn.TEXTJOIN("~",1,AZ100:BA100) -> 6~3 | AZ100: 6 | BA100: 3 | BB100: 1 | BC100: Unique_Recycler_Panel | BE100: {=IF(BD100<>"",_xlfn.TEXTJOIN("; ",1,VLOOKUP(VALUE(_xlfn.TEXTSPLIT(BD100,";")),device_cubicles!A:B,2,0)),"")}
...

Sheet device_wheel
A1: id | B1: sub_id | F1: wheel_height | G1: wheel_radius_visual | H1: tractive_force_max | I1: feedback_0 | J1: feedback_1 | K1: blower_charge | M1: blower_decline | O1: bounce_loss | P1: bounce_coef | Q1: crush_radius | R1: crush_level | S1: crush_v_mod | T1: crush_jump_coef | U1: crush_atk | AA1: crush_ft | AB1: sprint_charge_speed | AD1: sprint_charge_speed_bonus | AE1: sprint_charge_point | AF1: sprint_lever_loss
A2: uint key | B2: uint key | F2: float? | G2: float | H2: int | I2: float | J2: float | K2: float | M2: float | O2: float | P2: float | Q2: float | R2: float | S2: float | T2: float | U2: dict<string,float> | AA2: float | AB2: float | AD2: float | AE2: int | AF2: float
A3: 设备种类 ID | B3: 设备变种 ID | C3: 备注 | D3: 等级 | E3: Spine 文件名称 | F3: 车轮高度 圆形车轮直接找Collider半径，非圆形车轮手动测量高度。 用于调整车体到地面的距离 | G3: 车轮视觉半径 (用于调整脚本控制的转动表现) 视觉转速=车速/视觉半径 | H3: 100%牵引力 （N） | I3: 阻力系数0 正相关于v^0 绝对值越低，承重性能越好 | J3: 阻力系数1 正相关于v^1 绝对值越低，高速性能越好 | K3: 油门加速效率 使用风箱鼓风时，油门的加速速率。 | L3: 配置 辅助 | M3: 油门减速率 风箱油门数值大于1后，会缓缓下降。 该配置值越大，油门下降速率越快。 | N3: 配置 辅助 | O3: 弹跳损失 小车着陆时的绝对能量损失。不超过这一数值时，小车无法弹跳。 | P3: 弹跳系数 扣除弹跳损失后，小车的法向碰撞系数。 在设计上，配置值范围为 [0,1) | Q3: 碾压 判定半径 | R3: 碾压 等级 | S3: 碾压 速度修正 | T3: 碾压 弹跳系数 | U3: 碾压 基础伤害 | V3: sharp | W3: blunt | X3: fire | Y3: acid | Z3: wrap | AA3: 碾压 基础击退 | AB3: 冲刺.充能速率 每帧速率 | AC3: 配置辅助列 充能完成时长 （秒） | AD3: 冲刺.额外充能速率 当角色位于工位时，提供的额外每帧速率加成 | AE3: 冲刺.最大充能次数 无法小于1 | AF3: 冲刺.动力消耗
A4: 1210101 | B4: 0 | C4: 硬木车轮 | D4: 模板 | E4: wheel_wooden | F4: 0.35 | G4: 0.34 | H4: 1800 | I4: -0.36 | J4: -350 | K4: =L4*0.00001 -> 2.1e-05 | L4: 2.1 | M4: =N4*0.00001 -> 0.00011 | N4: 11 | O4: 25 | P4: 0.5 | Q4: 1 | R4: 1 | S4: 0.1 | T4: 0.2 | U4: {=_xlfn.TEXTJOIN(";",1,_xlfn.LAMBDA(_xlpm.x,IF(_xlpm.x<>"",OFFSET(_xlpm.x,3-ROW(),0)&"="&_xlpm.x,""))(V4:Z4))} -> blunt=3 | W4: 3 | AA4: 1 | AB4: =IF(AC4=0,0,1/AC4/120) -> 0.00010416667 | AC4: 80 | AD4: =AB4*3 -> 0.0003125 | AE4: 5 | AF4: 0.8
A5: 12101011 | B5: 0 | C5: 硬木车轮 Lv.1 | D5: 1 | E5: wheel_wooden | F5: 0.35 | G5: 0.34 | H5: 2000 | I5: -0.36 | J5: -350 | K5: =L5*0.00001 -> 2.3e-05 | L5: 2.3 | M5: =N5*0.00001 -> 0.0001 | N5: 10 | O5: 25 | P5: 0.5 | Q5: 1 | R5: 1 | S5: 0.1 | T5: 0.2 | U5: {=_xlfn.TEXTJOIN(";",1,_xlfn.LAMBDA(_xlpm.x,IF(_xlpm.x<>"",OFFSET(_xlpm.x,3-ROW(),0)&"="&_xlpm.x,""))(V5:Z5))} -> blunt=5 | W5: =ROUND(3*(5/3)^D5,3) -> 5 | AA5: 1 | AB5: =IF(AC5=0,0,1/AC5/120) -> 0.00010416667 | AC5: 80 | AD5: =AB5*3 -> 0.0003125 | AE5: 5 | AF5: 0.8
A6: 12101012 | B6: 0 | C6: 硬木车轮 Lv.2 | D6: 2 | E6: wheel_wooden | F6: 0.35 | G6: 0.34 | H6: 2200 | I6: -0.36 | J6: -350 | K6: =L6*0.00001 -> 2.5e-05 | L6: 2.5 | M6: =N6*0.00001 -> 9e-05 | N6: 9 | O6: 25 | P6: 0.5 | Q6: 1 | R6: 1 | S6: 0.1 | T6: 0.2 | U6: {=_xlfn.TEXTJOIN(";",1,_xlfn.LAMBDA(_xlpm.x,IF(_xlpm.x<>"",OFFSET(_xlpm.x,3-ROW(),0)&"="&_xlpm.x,""))(V6:Z6))} -> blunt=8.333 | W6: =ROUND(3*(5/3)^D6,3) -> 8.333 | AA6: 1 | AB6: =IF(AC6=0,0,1/AC6/120) -> 0.00010416667 | AC6: 80 | AD6: =AB6*3 -> 0.0003125 | AE6: 5 | AF6: 0.8
A7: 12101013 | B7: 0 | C7: 硬木车轮 Lv.3 | D7: 3 | E7: wheel_wooden | F7: 0.35 | G7: 0.34 | H7: 2400 | I7: -0.36 | J7: -350 | K7: =L7*0.00001 -> 2.7e-05 | L7: 2.7 | M7: =N7*0.00001 -> 8e-05 | N7: 8 | O7: 25 | P7: 0.5 | Q7: 1 | R7: 1 | S7: 0.1 | T7: 0.2 | U7: {=_xlfn.TEXTJOIN(";",1,_xlfn.LAMBDA(_xlpm.x,IF(_xlpm.x<>"",OFFSET(_xlpm.x,3-ROW(),0)&"="&_xlpm.x,""))(V7:Z7))} -> blunt=13.889 | W7: =ROUND(3*(5/3)^D7,3) -> 13.889 | AA7: 1 | AB7: =IF(AC7=0,0,1/AC7/120) -> 0.00010416667 | AC7: 80 | AD7: =AB7*3 -> 0.0003125 | AE7: 5 | AF7: 0.8
A8: 12101019 | B8: 0 | C8: 旧木轮 | D8: 0 | E8: wheel_wooden | F8: 0.35 | G8: 0.34 | H8: 1800 | I8: -0.36 | J8: -350 | K8: =L8*0.00001 -> 2.1e-05 | L8: 2.1 | M8: =N8*0.00001 -> 0.00011 | N8: 11 | O8: 25 | P8: 0.5 | Q8: 1 | R8: 1 | S8: 0.1 | T8: 0.2 | U8: {=_xlfn.TEXTJOIN(";",1,_xlfn.LAMBDA(_xlpm.x,IF(_xlpm.x<>"",OFFSET(_xlpm.x,3-ROW(),0)&"="&_xlpm.x,""))(V8:Z8))} -> blunt=3 | W8: =ROUND(3*(5/3)^D8,3) -> 3 | AA8: 1 | AB8: =IF(AC8=0,0,1/AC8/120) -> 0.00010416667 | AC8: 80 | AD8: =AB8*3 -> 0.0003125 | AE8: 5 | AF8: 0.8
A10: 1210102 | B10: 0 | C10: 履带 | D10: 模板 | E10: wheel_track | F10: 0.2 | G10: 0.14 | H10: 5100 | I10: -0.12 | J10: -2500 | K10: =L10*0.00001 -> 2e-05 | L10: 2 | M10: =N10*0.00001 -> 8e-05 | N10: 8 | O10: 35 | P10: 0.4 | Q10: 1.4 | R10: 10 | S10: 0.05 | T10: 0.01 | U10: {=_xlfn.TEXTJOIN(";",1,_xlfn.LAMBDA(_xlpm.x,IF(_xlpm.x<>"",OFFSET(_xlpm.x,3-ROW(),0)&"="&_xlpm.x,""))(V10:Z10))} -> blunt=30 | W10: 30 | AA10: 0.5 | AB10: =IF(AC10=0,0,1/AC10/120) -> 6.9444444e-05 | AC10: 120 | AD10: =AB10*3 -> 0.00020833333 | AE10: 1 | AF10: 0.6
A11: 12101022 | B11: 0 | C11: 履带 Lv.2 | D11: 2 | E11: wheel_track | F11: 0.2 | G11: 0.14 | H11: 5100 | I11: -0.12 | J11: -2500 | K11: =L11*0.00001 -> 2e-05 | L11: 2 | M11: =N11*0.00001 -> 8e-05 | N11: 8 | O11: 35 | P11: 0.4 | Q11: 1.4 | R11: 10 | S11: 0.05 | T11: 0.01 | U11: {=_xlfn.TEXTJOIN(";",1,_xlfn.LAMBDA(_xlpm.x,IF(_xlpm.x<>"",OFFSET(_xlpm.x,3-ROW(),0)&"="&_xlpm.x,""))(V11:Z11))} -> blunt=30 | W11: 30 | AA11: 0.5 | AB11: =IF(AC11=0,0,1/AC11/120) -> 6.9444444e-05 | AC11: 120 | AD11: =AB11*3 -> 0.00020833333 | AE11: 1 | AF11: 0.6
A12: 12101023 | B12: 0 | C12: 履带 Lv.3 | D12: 3 | E12: wheel_track | F12: 0.2 | G12: 0.14 | H12: 5600 | I12: -0.12 | J12: -2500 | K12: =L12*0.00001 -> 2e-05 | L12: 2 | M12: =N12*0.00001 -> 8e-05 | N12: 8 | O12: 35 | P12: 0.4 | Q12: 1.4 | R12: 10 | S12: 0.05 | T12: 0.01 | U12: {=_xlfn.TEXTJOIN(";",1,_xlfn.LAMBDA(_xlpm.x,IF(_xlpm.x<>"",OFFSET(_xlpm.x,3-ROW(),0)&"="&_xlpm.x,""))(V12:Z12))} -> blunt=50 | W12: 50 | AA12: 0.5 | AB12: =IF(AC12=0,0,1/AC12/120) -> 6.9444444e-05 | AC12: 120 | AD12: =AB12*3 -> 0.00020833333 | AE12: 1 | AF12: 0.6
A13: 12101024 | B13: 0 | C13: 履带 Lv.4 | D13: 4 | E13: wheel_track | F13: 0.2 | G13: 0.14 | H13: 6100 | I13: -0.12 | J13: -2500 | K13: =L13*0.00001 -> 2e-05 | L13: 2 | M13: =N13*0.00001 -> 8e-05 | N13: 8 | O13: 35 | P13: 0.4 | Q13: 1.4 | R13: 10 | S13: 0.05 | T13: 0.01 | U13: {=_xlfn.TEXTJOIN(";",1,_xlfn.LAMBDA(_xlpm.x,IF(_xlpm.x<>"",OFFSET(_xlpm.x,3-ROW(),0)&"="&_xlpm.x,""))(V13:Z13))} -> blunt=85 | W13: 85 | AA13: 0.5 | AB13: =IF(AC13=0,0,1/AC13/120) -> 6.9444444e-05 | AC13: 120 | AD13: =AB13*3 -> 0.00020833333 | AE13: 1 | AF13: 0.6
A15: 1211801 | B15: 0 | C15: 救生圈 | E15: wheel_lifebuoy | F15: 0.55 | G15: 0.55 | H15: 2100 | I15: -0.5 | J15: -100 | K15: =L15*0.00001 -> 0.0001 | L15: 10 | M15: =N15*0.00001 -> 0.0002 | N15: 20 | O15: 1 | P15: 0.85 | Q15: 1.1 | R15: 1.5 | S15: 0.12 | T15: 0.45 | AA15: 2 | AB15: =IF(AC15=0,0,1/AC15/120) -> 0.00010416667 | AC15: 80 | AD15: =AB15*3 -> 0.0003125 | AE15: 5 | AF15: 0.8
A17: 120000002 | B17: 0 | C17: 笨重石轮 | F17: 0.999 | G17: 0.999 | H17: 999 | I17: -0.19 | J17: -199 | O17: 25 | P17: 0.5 | AB17: =IF(AC17=0,0,1/AC17/120) -> 0 | AD17: =AB17*3 -> 0
A18: 120000003 | B18: 0 | C18: 坚固铁轮 | F18: 0.999 | G18: 0.999 | H18: 999 | I18: -0.19 | J18: -199 | O18: 25 | P18: 0.5 | AB18: =IF(AC18=0,0,1/AC18/120) -> 0 | AD18: =AB18*3 -> 0
A19: 120000004 | B19: 0 | C19: 凝胶车轮 | F19: 0.999 | G19: 0.999 | H19: 999 | I19: -0.19 | J19: -199 | O19: 25 | P19: 0.5 | AB19: =IF(AC19=0,0,1/AC19/120) -> 0 | AD19: =AB19*3 -> 0
A20: 120000006 | B20: 0 | C20: 废弃轮胎 | F20: 0.999 | G20: 0.999 | H20: 999 | I20: -0.19 | J20: -199 | K20: =L20*0.00001 -> 5e-05 | L20: 5 | M20: =N20*0.00001 -> 0.0003 | N20: 30 | O20: 25 | P20: 0.5 | AB20: =IF(AC20=0,0,1/AC20/120) -> 0 | AD20: =AB20*3 -> 0
A21: 120000007 | B21: 0 | C21: 推进车轮 | E21: wheel_wooden | F21: 0.8 | G21: 0.34 | H21: 3600 | I21: -0.36 | J21: -270 | K21: =L21*0.00001 -> 5e-05 | L21: 5 | M21: =N21*0.00001 -> 0.0003 | N21: 30 | O21: 25 | P21: 0.5 | AB21: =IF(AC21=0,0,1/AC21/120) -> 0.00010416667 | AC21: 80 | AD21: =AB21*3 -> 0.0003125 | AE21: 5 | AF21: 0.8
A22: 120000008 | B22: 0 | C22: 喷火车轮 | E22: fire_wheel | F22: 0.8 | G22: 0.34 | H22: 3600 | I22: -0.36 | J22: -270 | K22: =L22*0.00001 -> 5e-05 | L22: 5 | M22: =N22*0.00001 -> 0.0003 | N22: 30 | O22: 25 | P22: 0.5 | AB22: =IF(AC22=0,0,1/AC22/120) -> 0.00010416667 | AC22: 80 | AD22: =AB22*3 -> 0.0003125 | AE22: 5 | AF22: 0.8

Sheet device_tag
A1: id | C1: tag_name
A2: uint key | C2: string
A3: 设备标签 ID | B3: 备注 | C3: 设备标签名称 翻译表key
A4: 1410100 | B4: 车轮 | C4: ="device_tag_"&A4 -> device_tag_1410100
A6: 1420100 | B6: 近战武器 | C6: ="device_tag_"&A6 -> device_tag_1420100
A7: 1420101 | B7: 刀剑 | C7: ="device_tag_"&A7 -> device_tag_1420101
A8: 1420102 | B8: 长矛 | C8: ="device_tag_"&A8 -> device_tag_1420102
A9: 1420103 | B9: 棍棒 | C9: ="device_tag_"&A9 -> device_tag_1420103
A10: 1420104 | B10: 斧钺 | C10: ="device_tag_"&A10 -> device_tag_1420104
A12: 1420200 | B12: 远程武器 | C12: ="device_tag_"&A12 -> device_tag_1420200
A13: 1420210 | B13: 枪械 | C13: ="device_tag_"&A13 -> device_tag_1420210
A14: 1420211 | B14: 手枪 | C14: ="device_tag_"&A14 -> device_tag_1420211
A15: 1420212 | B15: 霰弹枪 | C15: ="device_tag_"&A15 -> device_tag_1420212
A16: 1420213 | B16: 大型枪械 | C16: ="device_tag_"&A16 -> device_tag_1420213
A17: 1420221 | B17: 弓箭 | C17: ="device_tag_"&A17 -> device_tag_1420221
... A29: 1430002 | B29: 热兵器 | C29: ="device_tag_"&A29 -> device_tag_1430002

Sheet device_cubicles
A1: id | E1: cubicle_behaviour | G1: icon_idle | H1: icon_working
A2: uint key | E2: string | G2: string | H2: string
A3: 工位ID | B3: 备注1 | C3: 备注2 | D3: 备注3 | E3: 工位脚本 | F3: 辅助列 图集序号 | G3: 空闲时icon |ui_battle_work_icon| | H3: 工位占据时icon |ui_battle_work_icon_npc|
A4: 101 | B4: 弹匣装填 | C4: IReload | D4: 装填 | E4: DeviceLoadCubicle | F4: 0 | G4: =IF($A4<>"", _xlfn.LET(_xlpm._res_name,INDEX(_xlfn.TEXTSPLIT(G$3,"|"),2), _xlfn.CONCAT(_xlpm._res_name,"[",_xlpm._res_name,"_",$F4,"]")),"") -> ui_battle_work_icon[ui_battle_work_icon_0] | H4: =IF($A4<>"", _xlfn.LET(_xlpm._res_name,INDEX(_xlfn.TEXTSPLIT(H$3,"|"),2), _xlfn.CONCAT(_xlpm._res_name,"[",_xlpm._res_name,"_",$F4,"]")),"") -> ui_battle_work_icon_npc[ui_battle_work_icon_npc_0]
A5: 102 | B5: 弹药箱子 | C5: IReload | D5: 装填 | E5: DeviceLoadCubicle | F5: 1 | G5: =IF($A5<>"", _xlfn.LET(_xlpm._res_name,INDEX(_xlfn.TEXTSPLIT(G$3,"|"),2), _xlfn.CONCAT(_xlpm._res_name,"[",_xlpm._res_name,"_",$F5,"]")),"") -> ui_battle_work_icon[ui_battle_work_icon_1] | H5: =IF($A5<>"", _xlfn.LET(_xlpm._res_name,INDEX(_xlfn.TEXTSPLIT(H$3,"|"),2), _xlfn.CONCAT(_xlpm._res_name,"[",_xlpm._res_name,"_",$F5,"]")),"") -> ui_battle_work_icon_npc[ui_battle_work_icon_npc_1]
A6: 103 | B6: 上紧绞盘 | C6: IReload | D6: 装填 | E6: DeviceLoadCubicle | F6: 10 | G6: =IF($A6<>"", _xlfn.LET(_xlpm._res_name,INDEX(_xlfn.TEXTSPLIT(G$3,"|"),2), _xlfn.CONCAT(_xlpm._res_name,"[",_xlpm._res_name,"_",$F6,"]")),"") -> ui_battle_work_icon[ui_battle_work_icon_10] | H6: =IF($A6<>"", _xlfn.LET(_xlpm._res_name,INDEX(_xlfn.TEXTSPLIT(H$3,"|"),2), _xlfn.CONCAT(_xlpm._res_name,"[",_xlpm._res_name,"_",$F6,"]")),"") -> ui_battle_work_icon_npc[ui_battle_work_icon_npc_10]
G7: =IF($A7<>"", _xlfn.LET(_xlpm._res_name,INDEX(_xlfn.TEXTSPLIT(G$3,"|"),2), _xlfn.CONCAT(_xlpm._res_name,"[",_xlpm._res_name,"_",$F7,"]")),"") | H7: =IF($A7<>"", _xlfn.LET(_xlpm._res_name,INDEX(_xlfn.TEXTSPLIT(H$3,"|"),2), _xlfn.CONCAT(_xlpm._res_name,"[",_xlpm._res_name,"_",$F7,"]")),"")
A8: 201 | B8: 近战攻击 | C8: IAttack | D8: 攻击 | E8: DeviceAttackCubicle | F8: 3 | G8: =IF($A8<>"", _xlfn.LET(_xlpm._res_name,INDEX(_xlfn.TEXTSPLIT(G$3,"|"),2), _xlfn.CONCAT(_xlpm._res_name,"[",_xlpm._res_name,"_",$F8,"]")),"") -> ui_battle_work_icon[ui_battle_work_icon_3] | H8: =IF($A8<>"", _xlfn.LET(_xlpm._res_name,INDEX(_xlfn.TEXTSPLIT(H$3,"|"),2), _xlfn.CONCAT(_xlpm._res_name,"[",_xlpm._res_name,"_",$F8,"]")),"") -> ui_battle_work_icon_npc[ui_battle_work_icon_npc_3]
A9: 202 | B9: 瞄准射击 | C9: IAttack | D9: 攻击 | E9: DeviceAttackCubicle | F9: 2 | G9: =IF($A9<>"", _xlfn.LET(_xlpm._res_name,INDEX(_xlfn.TEXTSPLIT(G$3,"|"),2), _xlfn.CONCAT(_xlpm._res_name,"[",_xlpm._res_name,"_",$F9,"]")),"") -> ui_battle_work_icon[ui_battle_work_icon_2] | H9: =IF($A9<>"", _xlfn.LET(_xlpm._res_name,INDEX(_xlfn.TEXTSPLIT(H$3,"|"),2), _xlfn.CONCAT(_xlpm._res_name,"[",_xlpm._res_name,"_",$F9,"]")),"") -> ui_battle_work_icon_npc[ui_battle_work_icon_npc_2]
A10: 203 | B10: 转轮射击 | C10: IAttack | D10: 攻击 | E10: DeviceAttackCubicle | F10: 4 | G10: =IF($A10<>"", _xlfn.LET(_xlpm._res_name,INDEX(_xlfn.TEXTSPLIT(G$3,"|"),2), _xlfn.CONCAT(_xlpm._res_name,"[",_xlpm._res_name,"_",$F10,"]")),"") -> ui_battle_work_icon[ui_battle_work_icon_4] | H10: =IF($A10<>"", _xlfn.LET(_xlpm._res_name,INDEX(_xlfn.TEXTSPLIT(H$3,"|"),2), _xlfn.CONCAT(_xlpm._res_name,"[",_xlpm._res_name,"_",$F10,"]")),"") -> ui_battle_work_icon_npc[ui_battle_work_icon_npc_4]
A11: 204 | B11: 鼓攻击 | C11: IAttack | D11: 攻击 | E11: DeviceAttackCubicle | F11: 9 | G11: =IF($A11<>"", _xlfn.LET(_xlpm._res_name,INDEX(_xlfn.TEXTSPLIT(G$3,"|"),2), _xlfn.CONCAT(_xlpm._res_name,"[",_xlpm._res_name,"_",$F11,"]")),"") -> ui_battle_work_icon[ui_battle_work_icon_9] | H11: =IF($A11<>"", _xlfn.LET(_xlpm._res_name,INDEX(_xlfn.TEXTSPLIT(H$3,"|"),2), _xlfn.CONCAT(_xlpm._res_name,"[",_xlpm._res_name,"_",$F11,"]")),"") -> ui_battle_work_icon_npc[ui_battle_work_icon_npc_9]
A12: 205 | B12: 钩爪收放 | C12: IAttack | D12: 攻击 | E12: DeviceAttackCubicle | F12: 9 | G12: =IF($A12<>"", _xlfn.LET(_xlpm._res_name,INDEX(_xlfn.TEXTSPLIT(G$3,"|"),2), _xlfn.CONCAT(_xlpm._res_name,"[",_xlpm._res_name,"_",$F12,"]")),"") -> ui_battle_work_icon[ui_battle_work_icon_9] | H12: =IF($A12<>"", _xlfn.LET(_xlpm._res_name,INDEX(_xlfn.TEXTSPLIT(H$3,"|"),2), _xlfn.CONCAT(_xlpm._res_name,"[",_xlpm._res_name,"_",$F12,"]")),"") -> ui_battle_work_icon_npc[ui_battle_work_icon_npc_9]
G13: =IF($A13<>"", _xlfn.LET(_xlpm._res_name,INDEX(_xlfn.TEXTSPLIT(G$3,"|"),2), _xlfn.CONCAT(_xlpm._res_name,"[",_xlpm._res_name,"_",$F13,"]")),"") | H13: =IF($A13<>"", _xlfn.LET(_xlpm._res_name,INDEX(_xlfn.TEXTSPLIT(H$3,"|"),2), _xlfn.CONCAT(_xlpm._res_name,"[",_xlpm._res_name,"_",$F13,"]")),"")
A14: 301 | B14: 磨砺刀刃 | C14: ISharp | D14: 后勤 | E14: DeviceSharpCubicle | F14: 5 | G14: =IF($A14<>"", _xlfn.LET(_xlpm._res_name,INDEX(_xlfn.TEXTSPLIT(G$3,"|"),2), _xlfn.CONCAT(_xlpm._res_name,"[",_xlpm._res_name,"_",$F14,"]")),"") -> ui_battle_work_icon[ui_battle_work_icon_5] | H14: =IF($A14<>"", _xlfn.LET(_xlpm._res_name,INDEX(_xlfn.TEXTSPLIT(H$3,"|"),2), _xlfn.CONCAT(_xlpm._res_name,"[",_xlpm._res_name,"_",$F14,"]")),"") -> ui_battle_work_icon_npc[ui_battle_work_icon_npc_5]
A15: 302 | B15: 搬运弹药 | C15: ICarry | D15: 后勤 | E15: DeviceCarryCubicle | F15: 1 | G15: =IF($A15<>"", _xlfn.LET(_xlpm._res_name,INDEX(_xlfn.TEXTSPLIT(G$3,"|"),2), _xlfn.CONCAT(_xlpm._res_name,"[",_xlpm._res_name,"_",$F15,"]")),"") -> ui_battle_work_icon[ui_battle_work_icon_1] | H15: =IF($A15<>"", _xlfn.LET(_xlpm._res_name,INDEX(_xlfn.TEXTSPLIT(H$3,"|"),2), _xlfn.CONCAT(_xlpm._res_name,"[",_xlpm._res_name,"_",$F15,"]")),"") -> ui_battle_work_icon_npc[ui_battle_work_icon_npc_1]
A16: 303 | B16: 电磁充能 | C16: ICharge | D16: 后勤 | E16: DeviceChargeCubicle | F16: 12 | G16: =IF($A16<>"", _xlfn.LET(_xlpm._res_name,INDEX(_xlfn.TEXTSPLIT(G$3,"|"),2), _xlfn.CONCAT(_xlpm._res_name,"[",_xlpm._res_name,"_",$F16,"]")),"") -> ui_battle_work_icon[ui_battle_work_icon_12] | H16: =IF($A16<>"", _xlfn.LET(_xlpm._res_name,INDEX(_xlfn.TEXTSPLIT(H$3,"|"),2), _xlfn.CONCAT(_xlpm._res_name,"[",_xlpm._res_name,"_",$F16,"]")),"") -> ui_battle_work_icon_npc[ui_battle_work_icon_npc_12]
G17: =IF($A17<>"", _xlfn.LET(_xlpm._res_name,INDEX(_xlfn.TEXTSPLIT(G$3,"|"),2), _xlfn.CONCAT(_xlpm._res_name,"[",_xlpm._res_name,"_",$F17,"]")),"") | H17: =IF($A17<>"", _xlfn.LET(_xlpm._res_name,INDEX(_xlfn.TEXTSPLIT(H$3,"|"),2), _xlfn.CONCAT(_xlpm._res_name,"[",_xlpm._res_name,"_",$F17,"]")),"")
A18: 401 | B18: 调整朝向 | C18: IRotate | D18: 旋转 | E18: DeviceRotateCubicle | F18: 7 | G18: =IF($A18<>"", _xlfn.LET(_xlpm._res_name,INDEX(_xlfn.TEXTSPLIT(G$3,"|"),2), _xlfn.CONCAT(_xlpm._res_name,"[",_xlpm._res_name,"_",$F18,"]")),"") -> ui_battle_work_icon[ui_battle_work_icon_7] | H18: =IF($A18<>"", _xlfn.LET(_xlpm._res_name,INDEX(_xlfn.TEXTSPLIT(H$3,"|"),2), _xlfn.CONCAT(_xlpm._res_name,"[",_xlpm._res_name,"_",$F18,"]")),"") -> ui_battle_work_icon_npc[ui_battle_work_icon_npc_7]

Sheet device_rank
A1: id | D1: img_name_bar | E1: img_info_board | F1: img_panel_rank
A2: uint key | D2: string | E2: string | F2: string
A3: 等级 | B3: 备注1 | C3: 富文本字号 | D3: 名称条 图片路径 | E3: 商店资料图 背景板 | F3: 等级面板中的品质
A4: 0 | B4: 灰白 | C4: grey | D4: ui_device_nametag_1 | E4: ui_device_shop_shopboard_1 | F4: ui_battle_device_level_1
A5: 1 | B5: 绿 | C5: black | D5: ui_device_nametag_2 | E5: ui_device_shop_shopboard_2 | F5: ui_battle_device_level_2
A6: 2 | B6: 蓝 | C6: #007328 | D6: ui_device_nametag_3 | E6: ui_device_shop_shopboard_3 | F6: ui_battle_device_level_3
A7: 3 | B7: 紫 | C7: #999900 | D7: ui_device_nametag_4 | E7: ui_device_shop_shopboard_4 | F7: ui_battle_device_level_4
A8: 4 | B8: 橙 | C8: red | D8: ui_device_nametag_5 | E8: ui_device_shop_shopboard_5 | F8: ui_battle_device_level_5
A10: 99 | B10: 车轮模板 | D10: ui_device_nametag_wheel_bag | E10: ui_device_shop_shopboard_1 | F10: ui_battle_device_level_1
A11: 100 | B11: 车轮 | D11: ui_device_nametag_wheel_bag | E11: ui_device_shop_shopboard_1 | F11: ui_battle_device_level_1
A12: 101 | B12: 车轮 | D12: ui_device_nametag_wheel_bag | E12: ui_device_shop_shopboard_2 | F12: ui_battle_device_level_2
A13: 102 | B13: 车轮 | D13: ui_device_nametag_wheel_bag | E13: ui_device_shop_shopboard_3 | F13: ui_battle_device_level_3
A14: 103 | B14: 车轮 | D14: ui_device_nametag_wheel_bag | E14: ui_device_shop_shopboard_4 | F14: ui_battle_device_level_4
A15: 104 | B15: 车轮 | D15: ui_device_nametag_wheel_bag | E15: ui_device_shop_shopboard_5 | F15: ui_battle_device_level_5

Sheet -投放筛选及l10n配置辅助
A1: device_id | B1: name_key | C1: name | D1: picked | G1: picked_name
A2: {=_xlfn.LET(_xlpm._all_id,device_all!A:A, _xlfn._xlws.FILTER(_xlpm._all_id,ISNUMBER(_xlpm._all_id)))} -> 1210101 | B2: =_xlfn.XLOOKUP($A2,device_all!$A:$A,device_all!H:H) -> device_name_1210101_wheel_wooden | C2: =_xlfn.XLOOKUP($A2,device_all!$A:$A,device_all!E:E) -> 0 | G2: {=_xlfn._xlws.FILTER(表3[[name_key]:[name]],(表3[picked])=TRUE)} -> device_name_1310103_claymore | H2: 0
A3: 12101011 | B3: =_xlfn.XLOOKUP($A3,device_all!$A:$A,device_all!H:H) -> device_name_1210101_wheel_wooden | C3: =_xlfn.XLOOKUP($A3,device_all!$A:$A,device_all!E:E) -> Lv.1 | G3: device_name_1310104_spear | H3: 0
A4: 12101012 | B4: =_xlfn.XLOOKUP($A4,device_all!$A:$A,device_all!H:H) -> device_name_1210101_wheel_wooden | C4: =_xlfn.XLOOKUP($A4,device_all!$A:$A,device_all!E:E) -> Lv.2 | G4: device_name_1310105_inflatable_stick | H4: 0
A5: 12101013 | B5: =_xlfn.XLOOKUP($A5,device_all!$A:$A,device_all!H:H) -> device_name_1210101_wheel_wooden | C5: =_xlfn.XLOOKUP($A5,device_all!$A:$A,device_all!E:E) -> Lv.3 | G5: device_name_1310105_inflatable_stick | H5: 0
A6: 12101019 | B6: =_xlfn.XLOOKUP($A6,device_all!$A:$A,device_all!H:H) -> device_name_12101019_wheel_wooden | C6: =_xlfn.XLOOKUP($A6,device_all!$A:$A,device_all!E:E) -> Lv.0 | G6: device_name_1310106_circlesaw | H6: 0
A7: 1210102 | B7: =_xlfn.XLOOKUP($A7,device_all!$A:$A,device_all!H:H) -> device_name_1210102_wheel_track | C7: =_xlfn.XLOOKUP($A7,device_all!$A:$A,device_all!E:E) -> 0 | G7: device_name_1310106_circlesaw | H7: 0
A8: 12101022 | B8: =_xlfn.XLOOKUP($A8,device_all!$A:$A,device_all!H:H) -> device_name_1210102_wheel_track | C8: =_xlfn.XLOOKUP($A8,device_all!$A:$A,device_all!E:E) -> Lv.2 | G8: device_name_1310106_circlesaw | H8: 0
A9: 12101023 | B9: =_xlfn.XLOOKUP($A9,device_all!$A:$A,device_all!H:H) -> device_name_1210102_wheel_track | C9: =_xlfn.XLOOKUP($A9,device_all!$A:$A,device_all!E:E) -> Lv.3 | G9: device_name_1310106_circlesaw | H9: 0
A10: 12101024 | B10: =_xlfn.XLOOKUP($A10,device_all!$A:$A,device_all!H:H) -> device_name_1210102_wheel_track | C10: =_xlfn.XLOOKUP($A10,device_all!$A:$A,device_all!E:E) -> Lv.4 | G10: device_name_1310107_double_edged_cutter | H10: 0
A11: 1211801 | B11: =_xlfn.XLOOKUP($A11,device_all!$A:$A,device_all!H:H) -> device_name_1211801_wheel_lifebuoy | C11: =_xlfn.XLOOKUP($A11,device_all!$A:$A,device_all!E:E) -> 0 | G11: device_name_1310107_double_edged_cutter | H11: 0
A12: 120000002 | B12: =_xlfn.XLOOKUP($A12,device_all!$A:$A,device_all!H:H) -> device_name_120000002_wheel_stone | C12: =_xlfn.XLOOKUP($A12,device_all!$A:$A,device_all!E:E) -> 0 | G12: device_name_130001006_mace | H12: 0
A13: 120000003 | B13: =_xlfn.XLOOKUP($A13,device_all!$A:$A,device_all!H:H) -> device_name_120000003_wheel_iron | C13: =_xlfn.XLOOKUP($A13,device_all!$A:$A,device_all!E:E) -> 0 | G13: device_name_1320101_bow | H13: 0
A14: 120000004 | B14: =_xlfn.XLOOKUP($A14,device_all!$A:$A,device_all!H:H) -> device_name_120000004_wheel_gem | C14: =_xlfn.XLOOKUP($A14,device_all!$A:$A,device_all!E:E) -> 0 | G14: device_name_1320102_pistol | H14: 0
A15: 120000006 | B15: =_xlfn.XLOOKUP($A15,device_all!$A:$A,device_all!H:H) -> device_name_120000006_wheel_tyre | C15: =_xlfn.XLOOKUP($A15,device_all!$A:$A,device_all!E:E) -> 0 | G15: device_name_1320102_pistol | H15: 前线手枪
A16: 120000007 | B16: =_xlfn.XLOOKUP($A16,device_all!$A:$A,device_all!H:H) -> device_name_120000007_wheel_wooden | C16: =_xlfn.XLOOKUP($A16,device_all!$A:$A,device_all!E:E) -> 0 | G16: device_name_1320102_pistol | H16: 军士长手枪
A17: 120000008 | B17: =_xlfn.XLOOKUP($A17,device_all!$A:$A,device_all!H:H) -> device_name_120000008_fire_wheel | C17: =_xlfn.XLOOKUP($A17,device_all!$A:$A,device_all!E:E) -> 0 | G17: device_name_13201029_pistol | H17: 老舅的手枪
A18: 1310101 | B18: =_xlfn.XLOOKUP($A18,device_all!$A:$A,device_all!H:H) -> device_name_1310101_dagger | C18: =_xlfn.XLOOKUP($A18,device_all!$A:$A,device_all!E:E) -> 0 | G18: device_name_1320103_shotgun | H18: 0
A19: 1310102 | B19: =_xlfn.XLOOKUP($A19,device_all!$A:$A,device_all!H:H) -> device_name_1310102_machete | C19: =_xlfn.XLOOKUP($A19,device_all!$A:$A,device_all!E:E) -> 0 | D19: 模板 | G19: device_name_1320103_shotgun | H19: 黄铜喇叭枪
A20: 1310103 | B20: =_xlfn.XLOOKUP($A20,device_all!$A:$A,device_all!H:H) -> device_name_1310103_claymore | C20: =_xlfn.XLOOKUP($A20,device_all!$A:$A,device_all!E:E) -> 0 | D20: TRUE | G20: device_name_1320103_shotgun | H20: 精钢喇叭枪
A21: 1310104 | B21: =_xlfn.XLOOKUP($A21,device_all!$A:$A,device_all!H:H) -> device_name_1310104_spear | C21: =_xlfn.XLOOKUP($A21,device_all!$A:$A,device_all!E:E) -> 0 | D21: TRUE | G21: device_name_1320109_fortune_pistol | H21: 0
A22: 1310105 | B22: =_xlfn.XLOOKUP($A22,device_all!$A:$A,device_all!H:H) -> device_name_1310105_inflatable_stick | C22: =_xlfn.XLOOKUP($A22,device_all!$A:$A,device_all!E:E) -> 0 | D22: 模板 | G22: device_name_1320110_patience_musket | H22: 0
A23: 13101050 | B23: =_xlfn.XLOOKUP($A23,device_all!$A:$A,device_all!H:H) -> device_name_1310105_inflatable_stick | C23: =_xlfn.XLOOKUP($A23,device_all!$A:$A,device_all!E:E) -> 0 | D23: TRUE | G23: device_name_1320111_machine_gun | H23: 0
A24: 13101051 | B24: =_xlfn.XLOOKUP($A24,device_all!$A:$A,device_all!H:H) -> device_name_1310105_inflatable_stick | C24: =_xlfn.XLOOKUP($A24,device_all!$A:$A,device_all!E:E) -> 0 | D24: TRUE | G24: device_name_130002007_heave_crossbow | H24: 0
A25: 1310106 | B25: =_xlfn.XLOOKUP($A25,device_all!$A:$A,device_all!H:H) -> device_name_1310106_circlesaw | C25: =_xlfn.XLOOKUP($A25,device_all!$A:$A,device_all!E:E) -> 0 | D25: TRUE | G25: device_name_1330101_solid_rocket | H25: 0
A26: 13101061 | B26: =_xlfn.XLOOKUP($A26,device_all!$A:$A,device_all!H:H) -> device_name_1310106_circlesaw | C26: =_xlfn.XLOOKUP($A26,device_all!$A:$A,device_all!E:E) -> 0 | D26: TRUE | G26: device_name_1330101_solid_rocket | H26: Lv.2
A27: 13101062 | B27: =_xlfn.XLOOKUP($A27,device_all!$A:$A,device_all!H:H) -> device_name_1310106_circlesaw | C27: =_xlfn.XLOOKUP($A27,device_all!$A:$A,device_all!E:E) -> 0 | D27: 模板 | G27: device_name_1330105_bird_slingshot | H27: 0
A28: 13101063 | B28: =_xlfn.XLOOKUP($A28,device_all!$A:$A,device_all!H:H) -> device_name_1310106_circlesaw | C28: =_xlfn.XLOOKUP($A28,device_all!$A:$A,device_all!E:E) -> 0 | D28: TRUE | G28: device_name_1330106_car_bomb | H28: 0
A29: 13101064 | B29: =_xlfn.XLOOKUP($A29,device_all!$A:$A,device_all!H:H) -> device_name_1310106_circlesaw | C29: =_xlfn.XLOOKUP($A29,device_all!$A:$A,device_all!E:E) -> 0 | D29: TRUE | G29: device_name_1330106_car_bomb | H29: Lv.0
A30: 1310107 | B30: =_xlfn.XLOOKUP($A30,device_all!$A:$A,device_all!H:H) -> device_name_1310107_double_edged_cutter | C30: =_xlfn.XLOOKUP($A30,device_all!$A:$A,device_all!E:E) -> 0 | D30: TRUE | G30: device_name_1330106_car_bomb | H30: Lv.1
A31: 13101070 | B31: =_xlfn.XLOOKUP($A31,device_all!$A:$A,device_all!H:H) -> device_name_1310107_double_edged_cutter | C31: =_xlfn.XLOOKUP($A31,device_all!$A:$A,device_all!E:E) -> 0 | D31: TRUE | G31: device_name_1330106_car_bomb | H31: Lv.2
A32: 13101071 | B32: =_xlfn.XLOOKUP($A32,device_all!$A:$A,device_all!H:H) -> device_name_1310107_double_edged_cutter | C32: =_xlfn.XLOOKUP($A32,device_all!$A:$A,device_all!E:E) -> 0 | G32: device_name_1330129 | H32: 0
A33: 13101072 | B33: =_xlfn.XLOOKUP($A33,device_all!$A:$A,device_all!H:H) -> device_name_1310107_double_edged_cutter | C33: =_xlfn.XLOOKUP($A33,device_all!$A:$A,device_all!E:E) -> 0 | G33: device_name_1331801_tesla | H33: 0
A34: 13101073 | B34: =_xlfn.XLOOKUP($A34,device_all!$A:$A,device_all!H:H) -> device_name_1310107_double_edged_cutter | C34: =_xlfn.XLOOKUP($A34,device_all!$A:$A,device_all!E:E) -> 0 | G34: device_name_1331801_tesla | H34: 特斯拉电极 Lv2
A35: 1311101 | B35: =_xlfn.XLOOKUP($A35,device_all!$A:$A,device_all!H:H) -> device_name_1311101_executioner_baton | C35: =_xlfn.XLOOKUP($A35,device_all!$A:$A,device_all!E:E) -> 0 | G35: device_name_1351801_harpoon_gun | H35: 0
A36: 1311102 | B36: =_xlfn.XLOOKUP($A36,device_all!$A:$A,device_all!H:H) -> device_name_1311102_executioner_halberd | C36: =_xlfn.XLOOKUP($A36,device_all!$A:$A,device_all!E:E) -> 0 | G36: device_name_1360101_spear_ram | H36: 0
A37: 1311801 | B37: =_xlfn.XLOOKUP($A37,device_all!$A:$A,device_all!H:H) -> device_name_1311801_short_harpoon | C37: =_xlfn.XLOOKUP($A37,device_all!$A:$A,device_all!E:E) -> 0 | G37: device_name_1360101_spear_ram | H37: 刺矛撞角 Lv.0
A38: 1311802 | B38: =_xlfn.XLOOKUP($A38,device_all!$A:$A,device_all!H:H) -> device_name_1311802_tentacle | C38: =_xlfn.XLOOKUP($A38,device_all!$A:$A,device_all!E:E) -> 0 | G38: device_name_1360101_spear_ram | H38: 刺矛撞角 Lv.2
A39: 1319000 | B39: =_xlfn.XLOOKUP($A39,device_all!$A:$A,device_all!H:H) -> device_name_1311101_executioner_baton | C39: =_xlfn.XLOOKUP($A39,device_all!$A:$A,device_all!E:E) -> 0 | G39: device_name_1360102_metal_ram | H39: 0
A40: 1319001 | B40: =_xlfn.XLOOKUP($A40,device_all!$A:$A,device_all!H:H) -> device_name_1319001_amy_baton | C40: =_xlfn.XLOOKUP($A40,device_all!$A:$A,device_all!E:E) -> 劣质钉棍 | G40: device_name_1360102_metal_ram | H40: 金属铲斗 Lv.3
A41: 1319002 | B41: =_xlfn.XLOOKUP($A41,device_all!$A:$A,device_all!H:H) -> device_name_1310103_claymore | C41: =_xlfn.XLOOKUP($A41,device_all!$A:$A,device_all!E:E) -> 0 | G41: device_name_1360103_bouncing_mushroom | H41: 0
A42: 130001005 | B42: =_xlfn.XLOOKUP($A42,device_all!$A:$A,device_all!H:H) -> device_name_130001005_ax | C42: =_xlfn.XLOOKUP($A42,device_all!$A:$A,device_all!E:E) -> 0 | D42: 模板 | G42: device_name_1360103_bouncing_mushroom | H42: 蘑菇挡板 Lv.1
A43: 130001006 | B43: =_xlfn.XLOOKUP($A43,device_all!$A:$A,device_all!H:H) -> device_name_130001006_mace | C43: =_xlfn.XLOOKUP($A43,device_all!$A:$A,device_all!E:E) -> 0 | D43: TRUE | G43: device_name_1361801_long_harpoon | H43: 0
A44: 1320101 | B44: =_xlfn.XLOOKUP($A44,device_all!$A:$A,device_all!H:H) -> device_name_1320101_bow | C44: =_xlfn.XLOOKUP($A44,device_all!$A:$A,device_all!E:E) -> 0 | D44: TRUE | G44: device_name_1361801_long_harpoon | H44: 长柄鱼叉 Lv.1
A45: 1320102 | B45: =_xlfn.XLOOKUP($A45,device_all!$A:$A,device_all!H:H) -> device_name_1320102_pistol | C45: =_xlfn.XLOOKUP($A45,device_all!$A:$A,device_all!E:E) -> 0 | D45: TRUE
A46: 13201021 | B46: =_xlfn.XLOOKUP($A46,device_all!$A:$A,device_all!H:H) -> device_name_1320102_pistol | C46: =_xlfn.XLOOKUP($A46,device_all!$A:$A,device_all!E:E) -> 防身手枪 | D46: 模板
A47: 13201022 | B47: =_xlfn.XLOOKUP($A47,device_all!$A:$A,device_all!H:H) -> device_name_1320102_pistol | C47: =_xlfn.XLOOKUP($A47,device_all!$A:$A,device_all!E:E) -> 前线手枪 | D47: TRUE
A48: 13201023 | B48: =_xlfn.XLOOKUP($A48,device_all!$A:$A,device_all!H:H) -> device_name_1320102_pistol | C48: =_xlfn.XLOOKUP($A48,device_all!$A:$A,device_all!E:E) -> 军士长手枪 | D48: TRUE
A49: 13201029 | B49: =_xlfn.XLOOKUP($A49,device_all!$A:$A,device_all!H:H) -> device_name_13201029_pistol | C49: =_xlfn.XLOOKUP($A49,device_all!$A:$A,device_all!E:E) -> 老舅的手枪 | D49: TRUE
A50: 1320103 | B50: =_xlfn.XLOOKUP($A50,device_all!$A:$A,device_all!H:H) -> device_name_1320103_shotgun | C50: =_xlfn.XLOOKUP($A50,device_all!$A:$A,device_all!E:E) -> 0 | D50: TRUE
A51: 13201030 | B51: =_xlfn.XLOOKUP($A51,device_all!$A:$A,device_all!H:H) -> device_name_1320103_shotgun | C51: =_xlfn.XLOOKUP($A51,device_all!$A:$A,device_all!E:E) -> 废旧喇叭枪 | D51: 模板
A52: 13201031 | B52: =_xlfn.XLOOKUP($A52,device_all!$A:$A,device_all!H:H) -> device_name_1320103_shotgun | C52: =_xlfn.XLOOKUP($A52,device_all!$A:$A,device_all!E:E) -> 黄铜喇叭枪 | D52: TRUE
A53: 13201032 | B53: =_xlfn.XLOOKUP($A53,device_all!$A:$A,device_all!H:H) -> device_name_1320103_shotgun | C53: =_xlfn.XLOOKUP($A53,device_all!$A:$A,device_all!E:E) -> 精钢喇叭枪 | D53: TRUE
A54: 13201033 | B54: =_xlfn.XLOOKUP($A54,device_all!$A:$A,device_all!H:H) -> device_name_1320103_shotgun | C54: =_xlfn.XLOOKUP($A54,device_all!$A:$A,device_all!E:E) -> 钨金喇叭枪
A55: 1320104 | B55: =_xlfn.XLOOKUP($A55,device_all!$A:$A,device_all!H:H) -> device_name_1320104_volley_gun | C55: =_xlfn.XLOOKUP($A55,device_all!$A:$A,device_all!E:E) -> 0
A56: 13201043 | B56: =_xlfn.XLOOKUP($A56,device_all!$A:$A,device_all!H:H) -> device_name_1320104_volley_gun | C56: =_xlfn.XLOOKUP($A56,device_all!$A:$A,device_all!E:E) -> 转轮机枪 Lv3
A57: 13201044 | B57: =_xlfn.XLOOKUP($A57,device_all!$A:$A,device_all!H:H) -> device_name_1320104_volley_gun | C57: =_xlfn.XLOOKUP($A57,device_all!$A:$A,device_all!E:E) -> 转轮机枪 Lv4
A58: 1320105 | B58: =_xlfn.XLOOKUP($A58,device_all!$A:$A,device_all!H:H) -> device_name_1320105_rapid_fire_quiver | C58: =_xlfn.XLOOKUP($A58,device_all!$A:$A,device_all!E:E) -> 0
A59: 1320106 | B59: =_xlfn.XLOOKUP($A59,device_all!$A:$A,device_all!H:H) -> device_name_1320106_rocket_bomb | C59: =_xlfn.XLOOKUP($A59,device_all!$A:$A,device_all!E:E) -> 0
A60: 1320107 | B60: =_xlfn.XLOOKUP($A60,device_all!$A:$A,device_all!H:H) -> device_name_1320107_homemade_rocket_bomb | C60: =_xlfn.XLOOKUP($A60,device_all!$A:$A,device_all!E:E) -> 0
A61: 1320108 | B61: =_xlfn.XLOOKUP($A61,device_all!$A:$A,device_all!H:H) -> device_name_1320108_musket | C61: =_xlfn.XLOOKUP($A61,device_all!$A:$A,device_all!E:E) -> 0 | D61: 模板
A62: 1320109 | B62: =_xlfn.XLOOKUP($A62,device_all!$A:$A,device_all!H:H) -> device_name_1320109_fortune_pistol | C62: =_xlfn.XLOOKUP($A62,device_all!$A:$A,device_all!E:E) -> 0 | D62: TRUE
A63: 1320110 | B63: =_xlfn.XLOOKUP($A63,device_all!$A:$A,device_all!H:H) -> device_name_1320110_patience_musket | C63: =_xlfn.XLOOKUP($A63,device_all!$A:$A,device_all!E:E) -> 0 | D63: TRUE
A64: 1320111 | B64: =_xlfn.XLOOKUP($A64,device_all!$A:$A,device_all!H:H) -> device_name_1320111_machine_gun | C64: =_xlfn.XLOOKUP($A64,device_all!$A:$A,device_all!E:E) -> 0 | D64: TRUE
A65: 1320112 | B65: =_xlfn.XLOOKUP($A65,device_all!$A:$A,device_all!H:H) -> device_name_1320112_anti_riot_revolver | C65: =_xlfn.XLOOKUP($A65,device_all!$A:$A,device_all!E:E) -> 0
A66: 13201120 | B66: =_xlfn.XLOOKUP($A66,device_all!$A:$A,device_all!H:H) -> device_name_1320112_anti_riot_revolver | C66: =_xlfn.XLOOKUP($A66,device_all!$A:$A,device_all!E:E) -> 锈铁左轮
A67: 13201121 | B67: =_xlfn.XLOOKUP($A67,device_all!$A:$A,device_all!H:H) -> device_name_1320112_anti_riot_revolver | C67: =_xlfn.XLOOKUP($A67,device_all!$A:$A,device_all!E:E) -> 民用左轮
A68: 13201122 | B68: =_xlfn.XLOOKUP($A68,device_all!$A:$A,device_all!H:H) -> device_name_1320112_anti_riot_revolver | C68: =_xlfn.XLOOKUP($A68,device_all!$A:$A,device_all!E:E) -> 爆破者左轮
A69: 1320113 | B69: =_xlfn.XLOOKUP($A69,device_all!$A:$A,device_all!H:H) -> device_name_1320113_huge_ballista | C69: =_xlfn.XLOOKUP($A69,device_all!$A:$A,device_all!E:E) -> 0
A70: 1320114 | B70: =_xlfn.XLOOKUP($A70,device_all!$A:$A,device_all!H:H) -> device_name_1320114_catapult | C70: =_xlfn.XLOOKUP($A70,device_all!$A:$A,device_all!E:E) -> 0
A71: 1320115 | B71: =_xlfn.XLOOKUP($A71,device_all!$A:$A,device_all!H:H) -> device_name_1320115_roll_wood | C71: =_xlfn.XLOOKUP($A71,device_all!$A:$A,device_all!E:E) -> 0
A72: 1321101 | B72: =_xlfn.XLOOKUP($A72,device_all!$A:$A,device_all!H:H) -> device_name_1321101_anti_riot_revolver | C72: =_xlfn.XLOOKUP($A72,device_all!$A:$A,device_all!E:E) -> 0
A73: 1321102 | B73: =_xlfn.XLOOKUP($A73,device_all!$A:$A,device_all!H:H) -> device_name_1321102_anti_riot_shotgun | C73: =_xlfn.XLOOKUP($A73,device_all!$A:$A,device_all!E:E) -> 0
A74: 1329000 | B74: =_xlfn.XLOOKUP($A74,device_all!$A:$A,device_all!H:H) -> device_name_1320102_pistol | C74: =_xlfn.XLOOKUP($A74,device_all!$A:$A,device_all!E:E) -> 0
A75: 1329001 | B75: =_xlfn.XLOOKUP($A75,device_all!$A:$A,device_all!H:H) -> device_name_1320112_anti_riot_revolver | C75: =_xlfn.XLOOKUP($A75,device_all!$A:$A,device_all!E:E) -> AMY左轮 | D75: 模板
A76: 130002007 | B76: =_xlfn.XLOOKUP($A76,device_all!$A:$A,device_all!H:H) -> device_name_130002007_heave_crossbow | C76: =_xlfn.XLOOKUP($A76,device_all!$A:$A,device_all!E:E) -> 0 | D76: TRUE
A77: 1330101 | B77: =_xlfn.XLOOKUP($A77,device_all!$A:$A,device_all!H:H) -> device_name_1330101_solid_rocket | C77: =_xlfn.XLOOKUP($A77,device_all!$A:$A,device_all!E:E) -> 0 | D77: TRUE
A78: 13301012 | B78: =_xlfn.XLOOKUP($A78,device_all!$A:$A,device_all!H:H) -> device_name_1330101_solid_rocket | C78: =_xlfn.XLOOKUP($A78,device_all!$A:$A,device_all!E:E) -> Lv.2 | D78: TRUE
A79: 13301013 | B79: =_xlfn.XLOOKUP($A79,device_all!$A:$A,device_all!H:H) -> device_name_1330101_solid_rocket | C79: =_xlfn.XLOOKUP($A79,device_all!$A:$A,device_all!E:E) -> Lv.3
A80: 13301014 | B80: =_xlfn.XLOOKUP($A80,device_all!$A:$A,device_all!H:H) -> device_name_1330101_solid_rocket | C80: =_xlfn.XLOOKUP($A80,device_all!$A:$A,device_all!E:E) -> Lv.4
A81: 1330102 | B81: =_xlfn.XLOOKUP($A81,device_all!$A:$A,device_all!H:H) -> device_name_1330102_war_drum | C81: =_xlfn.XLOOKUP($A81,device_all!$A:$A,device_all!E:E) -> 0
A82: 1330103 | B82: =_xlfn.XLOOKUP($A82,device_all!$A:$A,device_all!H:H) -> device_name_1330103_catching_flower | C82: =_xlfn.XLOOKUP($A82,device_all!$A:$A,device_all!E:E) -> 0
A83: 1330104 | B83: =_xlfn.XLOOKUP($A83,device_all!$A:$A,device_all!H:H) -> device_name_1330104_gyroscope | C83: =_xlfn.XLOOKUP($A83,device_all!$A:$A,device_all!E:E) -> 0 | D83: 模板
A84: 1330105 | B84: =_xlfn.XLOOKUP($A84,device_all!$A:$A,device_all!H:H) -> device_name_1330105_bird_slingshot | C84: =_xlfn.XLOOKUP($A84,device_all!$A:$A,device_all!E:E) -> 0 | D84: TRUE
A85: 1330106 | B85: =_xlfn.XLOOKUP($A85,device_all!$A:$A,device_all!H:H) -> device_name_1330106_car_bomb | C85: =_xlfn.XLOOKUP($A85,device_all!$A:$A,device_all!E:E) -> 0 | D85: TRUE
A86: 13301060 | B86: =_xlfn.XLOOKUP($A86,device_all!$A:$A,device_all!H:H) -> device_name_1330106_car_bomb | C86: =_xlfn.XLOOKUP($A86,device_all!$A:$A,device_all!E:E) -> Lv.0 | D86: TRUE
A87: 13301061 | B87: =_xlfn.XLOOKUP($A87,device_all!$A:$A,device_all!H:H) -> device_name_1330106_car_bomb | C87: =_xlfn.XLOOKUP($A87,device_all!$A:$A,device_all!E:E) -> Lv.1 | D87: TRUE
A88: 13301062 | B88: =_xlfn.XLOOKUP($A88,device_all!$A:$A,device_all!H:H) -> device_name_1330106_car_bomb | C88: =_xlfn.XLOOKUP($A88,device_all!$A:$A,device_all!E:E) -> Lv.2 | D88: TRUE
A89: 13301063 | B89: =_xlfn.XLOOKUP($A89,device_all!$A:$A,device_all!H:H) -> device_name_1330106_car_bomb | C89: =_xlfn.XLOOKUP($A89,device_all!$A:$A,device_all!E:E) -> Lv.3
A90: 13301064 | B90: =_xlfn.XLOOKUP($A90,device_all!$A:$A,device_all!H:H) -> device_name_1330106_car_bomb | C90: =_xlfn.XLOOKUP($A90,device_all!$A:$A,device_all!E:E) -> Lv.4
A91: 1330107 | B91: =_xlfn.XLOOKUP($A91,device_all!$A:$A,device_all!H:H) -> device_name_1330107 | C91: =_xlfn.XLOOKUP($A91,device_all!$A:$A,device_all!E:E) -> 0
A92: 1330108 | B92: =_xlfn.XLOOKUP($A92,device_all!$A:$A,device_all!H:H) -> device_name_1330108 | C92: =_xlfn.XLOOKUP($A92,device_all!$A:$A,device_all!E:E) -> 0
A93: 1330109 | B93: =_xlfn.XLOOKUP($A93,device_all!$A:$A,device_all!H:H) -> device_name_1330109 | C93: =_xlfn.XLOOKUP($A93,device_all!$A:$A,device_all!E:E) -> 0
A94: 1330110 | B94: =_xlfn.XLOOKUP($A94,device_all!$A:$A,device_all!H:H) -> device_name_1330110 | C94: =_xlfn.XLOOKUP($A94,device_all!$A:$A,device_all!E:E) -> 0
A95: 1330111 | B95: =_xlfn.XLOOKUP($A95,device_all!$A:$A,device_all!H:H) -> device_name_1330111 | C95: =_xlfn.XLOOKUP($A95,device_all!$A:$A,device_all!E:E) -> 0
A96: 1330112 | B96: =_xlfn.XLOOKUP($A96,device_all!$A:$A,device_all!H:H) -> device_name_1330112 | C96: =_xlfn.XLOOKUP($A96,device_all!$A:$A,device_all!E:E) -> 0
A97: 1330113 | B97: =_xlfn.XLOOKUP($A97,device_all!$A:$A,device_all!H:H) -> device_name_1330113 | C97: =_xlfn.XLOOKUP($A97,device_all!$A:$A,device_all!E:E) -> 0
A98: 1330128 | B98: =_xlfn.XLOOKUP($A98,device_all!$A:$A,device_all!H:H) -> device_name_1330128 | C98: =_xlfn.XLOOKUP($A98,device_all!$A:$A,device_all!E:E) -> 0 | D98: 模板
A99: 1330129 | B99: =_xlfn.XLOOKUP($A99,device_all!$A:$A,device_all!H:H) -> device_name_1330129 | C99: =_xlfn.XLOOKUP($A99,device_all!$A:$A,device_all!E:E) -> 0 | D99: TRUE
A100: 1331801 | B100: =_xlfn.XLOOKUP($A100,device_all!$A:$A,device_all!H:H) -> device_name_1331801_tesla | C100: =_xlfn.XLOOKUP($A100,device_all!$A:$A,device_all!E:E) -> 0 | D100: TRUE
...

Sheet -id 配置说明
A1: 第1位 | B1: 第2位 | C1: 第3位 | D1: 第4位 | E1: 第5位 | F1: 第6位 | G1: 第7位
A2: 12 = wheel | C2: 1 = 车轮 | D2: 01 = 玩家基础/未分类 | F2: 编号
C3: 2 = 滑橇 | D3: 11 = 地宫设备
D4: 18 = 大湖设备
D5: 12 ~19 = 其他关卡设备
A9: 13 = other_device | C9: 1 = 近战 | D9: 01 = 玩家基础/未分类 | F9: 01~99 编号
C10: 2 = 远程 | D10: 02 = 进阶特化设备 | K10: id | L10: type | M10: alt_info
C11: 3 = 特殊 | D11: 11 = 地宫设备 | K11: 1 | L11: 近战 | M11: melee
C12: 4 = 盾牌 | D12: 12 = 云间设备 | K12: 2 | L12: 远程 | M12: ranged
C13: 5 = 钩索 | D13: 15 = 田间设备 | K13: 3 | L13: 特殊 | M13: unique
C14: 6 = 撞角 | D14: 18 = 大湖设备 | K14: 4 | L14: 盾牌 | M14: shield
C15: 7 = 手瞄远程 | K15: 5 | L15: 钩索 | M15: hook
C16: 8 = 傀儡 | K16: 6 | L16: 撞角 | M16: ram
A18: 14 = temp_device，用于测试
